run,apogee_m,impact_x_m,impact_y_m,wind_scale,thrust_scale,dry_mass_scale,aero_scale,sensor_bias_scale,thrust_misalignment_deg,cg_offset_m,mean_nees,mean_nis,mean_gps_nis,mean_baro_nis,impact_valid
0,48215.5,nan,nan,1.00784,0.963155,1.00857,1.02972,0.869377,0.0231251,-0.00127484,13.7368,0.902018,0.868831,0.910799,0
1,46536.3,nan,nan,0.991055,0.984615,0.987355,1.02993,1.19568,0.0358272,0.00217405,145.343,1.43517,3.1679,0.991605,0
2,48920.9,nan,nan,1.18924,1.01943,0.984023,1.04586,1.17688,-0.0125771,0.00260474,122.811,1.21825,2.75344,0.809685,0
3,53507.4,nan,nan,1.26922,1.02085,0.985225,0.987844,1.01185,-0.0625085,0.00137998,5.10595,0.881125,0.676594,0.939423,0
4,48904.3,nan,nan,1.34685,0.982983,0.991176,1.00718,1.02445,0.0940132,0.000519646,129.655,1.35787,2.93972,0.935952,0
5,57439.1,nan,nan,0.869562,1.02515,0.983293,0.957455,0.928402,0.0442191,0.000328607,6.90903,0.867245,0.710613,0.914266,0
6,52141.4,nan,nan,1.21222,0.993779,0.996063,0.96395,1.17079,0.112015,-0.00263593,15.3118,0.89393,0.847135,0.907042,0
7,51074.1,nan,nan,0.922522,0.973103,0.977696,1.04047,0.998221,-0.114754,0.0012078,16.014,0.960183,0.892328,0.978943,0
8,45433.2,nan,nan,1.00362,0.985465,0.989212,1.05559,0.544386,-0.07701,-3.93761e-05,58.0383,1.04681,1.60021,0.907239,0
9,48017,nan,nan,0.956662,1.00505,1.00935,0.983537,1.0266,0.134186,-0.00254495,37.0953,1.01835,1.27306,0.951105,0
10,35.6611,-58.6646,-6.17058,1.00271,0.994466,1.0149,1.04235,0.957092,0.0225207,-1.99322e-05,29.4354,1.01807,1.04824,1.01244,1
11,50567.8,nan,nan,1.0569,0.982938,0.985159,0.953507,1.13995,-0.0558631,-0.000432561,41.768,1.00517,1.31738,0.919483,0
12,51535.3,nan,nan,0.876646,1.0454,1.00259,1.01046,1.17462,-0.189445,0.000886537,65.1514,1.10268,1.71323,0.93286,0
13,50997.6,nan,nan,0.859312,1.02215,1.00702,1.02287,1.10976,0.0220433,-0.000395008,10.133,0.928584,0.74814,0.978356,0
14,44392.2,nan,nan,1.18399,1.02563,1.00738,0.974716,1.03947,-0.23384,0.00179043,70.5793,1.11285,1.87846,0.923581,0
15,49794.7,nan,nan,0.845668,1.02314,0.999398,0.960619,1.10682,0.0463182,0.00045531,48.4267,1.08487,1.44752,0.987097,0
16,47024,nan,nan,0.998042,1.00369,1.02124,1.00574,1.26693,0.0353967,0.000854569,135.561,1.41166,3.01183,0.998133,0
17,45477,nan,nan,0.831002,0.969061,1.00158,1.01586,0.921093,0.102682,0.000556038,203.528,1.57928,4.19077,0.920902,0
18,50166.1,nan,nan,1.14254,1.00018,0.999674,0.978337,0.967868,0.0882011,-0.000463231,42.9942,1.10519,1.34075,1.04125,0
19,46580.9,nan,nan,0.64108,1.00402,1.00743,1.00837,1.02771,0.0221206,-0.00178294,75.5418,1.194,1.96397,0.995957,0
20,56194.7,nan,nan,0.980497,1.03171,0.986085,1.01949,1.0398,0.137214,0.000864526,97.7737,1.11364,2.3354,0.752481,0
21,51800.5,nan,nan,1.23606,1.02652,1.00717,1.01691,0.757617,-0.191921,0.0011529,76.5695,1.20191,1.92902,0.99854,0
22,51622.1,nan,nan,0.961011,1.01711,0.991951,1.01333,0.616995,0.165567,0.00100435,187.649,1.49978,3.91242,0.829348,0
23,27866.6,nan,nan,1.21225,0.988191,1.00862,0.99384,1.32923,-0.239829,-0.00143751,667.18,2.90053,12.4816,0.990704,0
24,50903.9,nan,nan,0.988129,1.00257,0.988469,0.975492,1.20862,-0.0401697,-9.80567e-05,19.1457,0.908753,0.930404,0.902798,0
25,48524.8,nan,nan,1.34985,0.998943,1.00586,0.947693,0.617243,-0.121568,-6.8204e-05,76.8577,1.18323,1.90045,0.99219,0
26,48864.7,nan,nan,1.04899,1.02661,1.01031,0.941585,1.04207,-0.0432652,-0.000580722,64.5726,1.09694,1.75338,0.922002,0
27,24.4612,-34.8201,-0.878189,1.20991,1.01017,1.00563,1.00396,0.830333,-0.0143286,0.00293667,284.672,1.45207,5.59226,0.699309,1
28,48998.7,nan,nan,1.31414,0.999652,1.00188,0.986992,1.03651,0.0709955,0.00082325,130.18,1.32739,2.86433,0.917448,0
29,49593.7,nan,nan,1.14319,0.989298,0.994498,0.969417,1.12504,0.163265,-0.000923678,136.06,1.42208,2.99128,0.999381,0
30,51101,nan,nan,1.11634,1.00168,1.0006,0.992661,1.00854,0.205631,-0.00174818,103.547,1.24312,2.45628,0.908344,0
31,45582.2,nan,nan,0.922441,0.980401,1.00386,1.01861,0.880023,-0.210932,0.00191701,102.515,1.27389,2.41868,0.983439,0
32,16.3949,33.159,20.5387,0.878324,0.981462,0.986648,1.02331,1.01997,-0.0947877,-0.00235017,390.063,1.84599,8.0154,0.72428,1
33,45026.2,nan,nan,1.27716,0.957534,1.00166,0.965961,1.49704,0.226017,-0.000299346,338.813,2.04482,6.62665,0.898406,0
34,38.0132,47.5427,5.37623,0.851168,0.963296,0.998249,0.997612,1.08111,-0.0154346,-0.00114911,91.2191,1.18729,2.48283,0.944959,1
35,16.5922,-31.9448,-7.80643,0.892131,0.986872,1.00232,0.99456,1.07499,0.0769264,0.000304442,239.803,1.37589,5.77039,0.551921,1
36,41977,nan,nan,0.828375,1.01998,0.987083,1.00607,0.803605,0.256088,0.000955164,508.741,2.47483,9.6792,0.769955,0
37,44397.7,nan,nan,1.23444,0.987499,1.00037,0.9634,1.15428,-0.102419,-0.000274512,143.459,1.3075,3.14351,0.852495,0
38,43100.1,nan,nan,1.27961,0.969738,1.01371,1.01766,0.961735,-0.0718776,-0.000328318,112.241,1.30741,2.57534,1.00043,0
39,19.6328,35.4353,12.4344,0.860951,0.98278,0.986724,0.961592,1.53171,-0.0854068,-0.000164156,226.873,1.42569,5.26873,0.700593,1
40,47938.5,nan,nan,1.14605,0.986108,0.996317,1.00834,1.12131,0.121482,-0.000192259,140.903,1.30467,3.10749,0.831404,0
41,50333.9,nan,nan,0.697354,0.992334,1.00234,1.02766,0.866267,0.174103,0.00053319,180.336,1.46874,3.82931,0.824462,0
42,47839.2,nan,nan,1.0434,1.02314,1.00879,0.953431,0.975284,-0.235015,0.000333667,214.816,1.60201,4.38312,0.86807,0
43,50776.8,nan,nan,0.992797,0.979219,0.982096,1.04051,0.94428,0.121725,-0.00133919,19.6826,0.86286,0.926614,0.845308,0
44,49515.8,nan,nan,0.826336,1.01734,0.997498,1.00489,0.83522,0.0199842,0.000854476,6.17566,0.896985,0.64937,0.963356,0
45,32926.6,nan,nan,0.950283,0.986147,1.0111,1.02809,0.734515,0.344027,0.000508475,817.967,3.40398,15.2356,1.04554,0
46,50696.3,nan,nan,0.645649,1.0403,0.994698,0.979123,0.891503,0.000986383,-0.000551313,14.1033,0.842758,0.849245,0.840984,0
47,25.0436,36.5527,-1.28667,1.29748,1.02059,1.00684,1.07397,1.32278,-0.019684,-0.00353953,490.263,1.9754,9.51184,0.549591,1
48,27.7819,-38.6497,11.0417,0.99516,0.990993,0.982419,1.00207,0.90309,0.0126888,0.00134055,184.259,1.46905,4.49793,0.893315,1
49,50067.3,nan,nan,0.968661,1.01328,1.0054,1.01695,1.34802,0.047476,-0.000396635,21.3824,0.884309,0.950656,0.866332,0
50,44193,nan,nan,0.86455,0.989019,1.00335,1.00252,0.975765,0.257347,-0.000168085,452.023,2.52323,8.66423,1.00762,0
51,49225,nan,nan,0.529901,0.957778,0.985042,0.98525,0.653701,0.203445,-0.000196853,129.946,1.48233,2.93095,1.09335,0
52,52183.8,nan,nan,0.780841,1.01534,1.01081,0.983704,0.656934,-0.062239,0.000851,9.3902,0.894853,0.757858,0.933279,0
53,47529.2,nan,nan,1.04665,1.00055,1.00358,1.02461,1.24084,0.0868254,0.000181638,142.457,1.27187,3.11928,0.789658,0
54,48419.8,nan,nan,1.00715,0.993921,0.982728,1.04441,1.20045,-0.0856856,0.000455385,34.5929,1.0432,1.23065,0.993516,0
55,37815.8,nan,nan,1.01645,1.03728,0.996509,0.968387,1.05889,0.309239,0.00196149,894.137,3.6989,16.5443,0.937732,0
56,44752.2,nan,nan,0.828201,1.00071,1.00959,1.01729,0.926593,-0.104679,-0.00108482,153.825,1.42715,3.33132,0.951705,0
57,46085.2,nan,nan,0.940048,0.983497,1.00602,0.995058,1.06795,-0.231189,0.00118027,114.965,1.28967,2.6523,0.940549,0
58,35760.4,nan,nan,0.986207,1.0054,1.00002,0.932177,0.818661,-0.28092,6.9512e-05,413.327,2.22512,7.9579,1.06065,0
59,36818.4,nan,nan,0.905185,0.991555,1.01903,1.04478,1.03151,0.358269,-0.00044157,733.423,3.12803,13.711,0.912904,0
60,49423.5,nan,nan,0.848264,0.96077,0.990106,0.977291,1.38765,0.114206,-0.00195088,20.0541,0.964841,0.923456,0.975989,0
61,50856.5,nan,nan,1.36921,0.999073,0.988742,1.0014,1.28981,0.0698135,0.000224688,107.053,1.22136,2.47175,0.878202,0
62,50071.9,nan,nan,1.00912,1.00153,1.01225,1.01166,0.86041,0.124434,2.69109e-06,101.904,1.20513,2.38728,0.883947,0
63,52168.4,nan,nan,1.06913,1.00605,1.00979,0.990406,1.11995,-0.0675265,3.63487e-05,6.6608,0.859899,0.709271,0.902108,0
64,47758,nan,nan,0.975911,0.991185,1.00649,0.967469,1.0382,-0.084578,-0.00196545,132.635,1.36247,2.9164,0.952931,0
65,43569.3,nan,nan,1.5564,0.995035,0.982499,1.00064,0.904397,-0.218629,3.68706e-05,302.836,1.8268,6.00119,0.804569,0
66,53612.6,nan,nan,1.02778,1.01667,0.99926,0.957946,0.951669,0.0929584,-0.00123036,12.558,0.942193,0.800839,0.982561,0
67,47226.3,nan,nan,1.03101,0.998678,1.00082,0.996978,1.10654,0.029116,-3.13623e-05,20.9688,0.94902,0.964139,0.945077,0
68,42912.9,nan,nan,0.972255,1.00951,1.02751,1.00653,1.10109,0.303756,-0.000165441,486.591,2.54805,9.29962,0.923983,0
69,49863.8,nan,nan,0.834202,0.991951,0.998462,1.01549,0.942067,0.130965,-0.000443992,103.191,1.15098,2.4237,0.806285,0
70,44795.9,nan,nan,0.765518,1.02183,1.00446,0.977172,1.17995,-0.0830466,-0.00169198,100.431,1.191,2.36739,0.89813,0
71,46658,nan,nan,0.808798,0.987104,1.02191,0.98055,0.754659,-0.0175329,-3.04076e-05,5.71959,0.892212,0.706477,0.939922,0
72,42365.8,nan,nan,0.954587,0.984211,1.00434,0.952972,1.01305,-0.067726,-0.000798857,155.822,1.45627,3.40944,0.99038,0
73,18.6392,32.998,5.24997,0.974942,1.00791,0.996983,1.08632,0.904579,-0.0727968,-0.000359513,248.95,1.50562,5.46167,0.771512,1
74,51828.9,nan,nan,0.822189,1.0127,1.00334,0.959834,0.733104,-0.0588558,0.00331155,61.1697,1.14133,1.67315,0.993268,0
75,51170,nan,nan,1.03433,1.01702,0.985725,0.979674,0.937368,-0.020024,-7.51854e-05,6.33397,0.880717,0.687323,0.934012,0
76,50982.2,nan,nan,1.30497,1.00556,0.98982,0.984224,1.27068,-0.0579911,0.000131986,17.4061,0.970877,0.866982,0.999482,0
77,49972.3,nan,nan,1.13978,1.00699,0.997951,0.992289,0.719109,-0.038377,0.00150262,53.0386,1.02243,1.5494,0.879713,0
78,46124.5,nan,nan,0.832476,1.04147,0.999283,1.01001,0.730403,0.0151401,-0.00192963,82.522,1.15,2.04784,0.920849,0
79,14.0458,-28.5761,-3.35778,1.05449,0.980921,0.994196,0.984778,0.990807,0.0816356,0.000243735,285.302,1.85543,6.18656,1.09111,1
80,51755.8,nan,nan,1.15333,1.01153,1.00594,0.976147,1.01451,-0.0166243,0.000121788,11.4522,0.946402,0.785277,0.991301,0
81,53904.3,nan,nan,0.778358,1.02133,1.00305,0.941744,0.473276,0.0454708,0.000358417,5.69454,0.734093,0.714667,0.739654,0
82,48604.4,nan,nan,1.3009,0.999545,0.996923,1.02264,0.96119,0.103076,0.000584066,124.598,1.29984,2.83393,0.891753,0
83,50242.5,nan,nan,0.76502,1.02014,1.00721,0.991001,0.741993,-0.0367998,0.0020071,85.442,1.04542,2.12162,0.753413,0
84,51332.8,nan,nan,0.841797,1.0041,0.997112,0.979045,1.2037,0.0724607,-0.000726187,18.9108,0.96961,0.884031,0.993258,0
85,51586.1,nan,nan,1.16017,1.00599,0.985319,1.01564,1.1242,0.0809007,-0.000552028,21.2925,0.889583,0.977162,0.865167,0
86,47205.6,nan,nan,0.978838,0.978494,1.00608,0.969891,1.11877,-0.084839,-9.39157e-05,89.7609,1.045,2.16227,0.753621,0
87,50236.7,nan,nan,1.28911,1.016,0.996823,0.987956,0.639098,-0.162691,0.000362444,51.3686,0.980008,1.49596,0.839122,0
88,50936.3,nan,nan,0.981874,1.00724,0.997478,1.04693,1.01818,0.124515,-6.33272e-05,109.557,1.17226,2.55666,0.791451,0
89,46574.1,nan,nan,0.647919,1.01477,1.01254,1.00822,1.0976,0.301298,-0.000933931,382.045,2.32503,7.42954,1.011,0
90,52236.2,nan,nan,0.838962,1.01285,1.00301,0.970915,1.05654,0.146719,-0.000743978,75.1872,1.03169,1.92943,0.780115,0
91,52199,nan,nan,1.30941,1.02121,0.99221,1.00387,1.27895,0.0873042,-3.96077e-05,108.011,1.2664,2.52102,0.915808,0
92,51312,nan,nan,0.797573,1.01117,0.995373,0.997821,0.947624,0.0781654,0.00182787,140.698,1.33555,3.08665,0.851879,0
93,22253.5,nan,nan,0.859644,0.987158,1.00437,1.01693,0.719061,-0.351355,-0.000986734,820.493,3.29411,15.2492,0.911071,0
94,50419.3,nan,nan,1.09629,1.00843,0.999611,0.99585,0.833843,0.0655679,-0.000111029,52.5563,1.07264,1.51081,0.953319,0
95,51365.6,nan,nan,0.90898,1.01566,1.00617,0.973916,0.7979,0.212144,0.000117153,230.872,1.74678,4.7275,0.921948,0
96,46494.1,nan,nan,1.15751,1.00767,1.00089,0.957884,0.935729,-0.209973,0.000198403,192.814,1.69972,4.02316,1.10058,0
97,43395.8,nan,nan,0.985571,0.990547,1.00448,0.97439,0.919912,-0.151881,-0.000139096,164.924,1.2903,3.4995,0.752172,0
98,52036.2,nan,nan,1.00847,1.02407,1.01399,1.02932,1.2404,0.00254772,0.000787335,38.8423,0.977259,1.25743,0.899041,0
99,38838.7,nan,nan,1.22959,1.01643,1.00246,1.02243,0.992841,0.269019,0.000974084,708.803,3.28475,13.216,1.09652,0
100,54031.7,nan,nan,0.893973,1.02425,0.979135,1.02169,1.38977,-0.109101,0.000991096,28.018,0.939151,1.05757,0.905058,0
101,56096.7,nan,nan,1.01552,1.05371,1.00441,1.01804,0.873289,-0.102134,0.00155178,7.58672,0.89277,0.745126,0.936371,0
102,48906.8,nan,nan,0.769912,0.975526,0.978876,1.03124,1.05026,0.0547676,-0.00169912,10.8803,0.91729,0.783194,0.953168,0
103,49575,nan,nan,0.809304,0.993704,1.00664,0.959833,0.947037,0.0226898,0.000320256,33.0244,0.91166,1.16493,0.843498,0
104,39980.6,nan,nan,0.71367,0.979363,0.999998,0.987206,1.13241,-0.00923638,-0.000554242,6.77583,0.893116,0.692898,0.938832,0
105,38011,nan,nan,1.02809,1.00162,0.997019,0.974618,1.39611,-0.195716,-0.000855499,413.588,2.22495,7.93533,0.988599,0
106,26945.1,nan,nan,1.20929,1.00947,1.00093,1.0201,0.93984,-0.320245,-0.000439449,778.128,3.12987,14.5322,0.857009,0
107,53348.6,nan,nan,0.856329,0.995806,0.996042,1.02771,0.906489,0.121432,-0.00100867,7.40177,0.823247,0.698251,0.858841,0
108,46937.3,nan,nan,1.23282,1.0134,0.976812,0.963355,0.898798,0.0172424,-0.00010134,9.21031,0.83,0.720012,0.858325,0
109,31.8442,-66.4187,17.7876,0.999312,1.02817,0.992604,1.00156,0.914444,0.002048,0.000798211,88.0148,1.25625,2.67411,0.987713,1
110,18.7465,-34.5753,-11.4274,1.15563,0.986361,1.00356,0.978716,1.1866,0.060028,0.00138787,232.34,2.30419,5.83789,1.65234,1
111,52418.2,nan,nan,0.89357,1.03038,0.991155,0.980449,0.734472,0.0788784,0.000575009,120.387,1.18275,2.73374,0.747717,0
112,43462.7,nan,nan,0.788405,0.98529,0.99505,0.939041,0.965039,-0.229446,0.00029745,265.959,1.77005,5.33582,0.900062,0
113,50313.3,nan,nan,0.883055,1.00927,1.01604,0.984948,1.12689,0.17634,-0.000833594,128.147,1.32103,2.86662,0.899375,0
114,50549.7,nan,nan,0.881807,0.997272,0.98704,1.00808,0.880215,-0.0228828,-0.000102645,7.27569,0.863622,0.744828,0.89609,0
115,48471.1,nan,nan,0.940771,0.984406,0.983643,1.00214,0.969643,-0.0982143,0.000677543,51.3872,1.06993,1.49616,0.956794,0
116,47097.6,nan,nan,1.27472,1.00954,0.993042,1.03813,0.966446,-0.0672208,-0.000309595,121.993,1.22348,2.78182,0.818838,0
117,38624.1,nan,nan,0.811674,0.95689,0.993854,1.06941,0.554686,0.0985434,-0.000551,9.84133,0.746197,0.769765,0.741048,0
118,13.1728,-26.2391,-11.6314,0.58451,1.0198,1.00773,1.0338,1.00214,0.210279,0.00091974,516.789,3.3013,11.2059,1.84066,1
119,42776.8,nan,nan,0.921908,0.976215,1.00678,1.05233,0.806591,-0.229758,0.00152113,171.962,1.49267,3.62828,0.978337,0
120,52408.6,nan,nan,0.859049,1.01979,1.01641,0.960637,0.977244,-0.0684224,6.54497e-05,8.84584,0.897365,0.721798,0.946725,0
121,50143.5,nan,nan,0.732479,1.01788,0.992497,0.954332,1.00193,0.0570148,-0.00157749,34.4634,0.955538,1.17203,0.896718,0
122,52884.4,nan,nan,1.08637,1.02383,0.994421,0.99729,0.824967,0.194573,0.000148848,171.005,1.48849,3.64144,0.879473,0
123,47387.3,nan,nan,0.784754,1.00197,1.01549,0.984634,1.26767,0.11025,0.000544901,186.686,1.63797,3.88405,1.05373,0
124,52225.5,nan,nan,0.964047,1.01678,0.988699,0.977617,1.39558,0.00469925,0.00017557,8.00235,0.826687,0.727628,0.854407,0
125,41479.8,nan,nan,0.735918,0.977199,0.981725,1.03407,1.01334,0.299977,4.68675e-05,542.693,2.82839,10.2869,1.08477,0
126,37801.1,nan,nan,0.779293,0.993854,1.00033,0.993252,0.99412,-0.170338,-0.00127348,387.883,2.16168,7.53998,1.00351,0
127,47850,nan,nan,1.04454,0.982421,1.00437,0.950164,0.856364,0.119127,0.000597235,194.876,1.63165,4.04343,0.999921,0
128,44072.6,nan,nan,1.05616,0.994017,1.01182,0.9704,1.40533,-0.144025,0.000459841,137.564,1.39304,3.04535,0.985756,0
129,51316.1,nan,nan,1.183,0.991026,0.97729,1.06592,0.906574,0.25361,-0.00090465,154.198,1.36665,3.34102,0.819536,0
130,47318.7,nan,nan,0.756932,0.971844,1.00685,0.982408,0.546666,-0.0773691,9.15171e-05,4.95084,0.945876,0.666167,1.01866,0
131,50425,nan,nan,0.87674,1.01121,0.983527,0.971912,1.4081,-0.0389354,0.00134126,36.4478,0.922861,1.278,0.826109,0
132,49470.2,nan,nan,1.02953,1.01664,1.0083,1.0513,1.04656,-0.0711152,0.000386445,32.8244,0.940175,1.18595,0.873972,0
133,49708.3,nan,nan,1.22821,0.984152,1.01016,1.03014,0.920687,0.0531423,0.000407372,32.0941,0.889622,1.17992,0.811212,0
134,49433.3,nan,nan,0.764232,0.987093,1.00639,1.06741,1.14074,0.0337734,0.000351313,23.9181,0.914013,0.986736,0.89445,0
135,37996.5,nan,nan,1.02794,0.973327,0.997997,0.997278,0.83899,-0.146875,-0.00182858,315.389,1.81446,6.22145,0.860993,0
136,51019.2,nan,nan,1.20716,1.01434,1.00511,0.984795,0.921725,0.0719755,-0.000210371,39.3877,0.959366,1.27717,0.872069,0
137,47965.3,nan,nan,1.00453,0.98278,1.00348,0.988573,1.04497,0.0184818,-8.94565e-05,26.9341,0.942084,1.02457,0.92043,0
138,51315.3,nan,nan,1.04085,0.997588,1.00664,1.02827,0.892373,-0.124714,0.00216504,10.1432,0.791883,0.761824,0.800216,0
139,43294.3,nan,nan,0.820798,0.989111,1.01235,0.946632,0.837585,-0.079162,-0.00146667,154.542,1.35087,3.30946,0.875719,0
140,51205.3,nan,nan,0.914955,1.0033,0.989574,0.985856,0.635978,0.0878086,-5.83939e-05,115.169,1.22519,2.63565,0.836325,0
141,50421.7,nan,nan,0.95092,0.984951,1.01034,0.962678,0.9423,0.204399,-0.000133476,141.211,1.42173,3.16274,0.945672,0
142,54086.3,nan,nan,0.882304,1.0077,1.01548,0.98451,1.11394,-0.0803142,0.000243352,8.01162,0.857502,0.74934,0.888703,0
143,48154.5,nan,nan,1.25737,0.967586,0.995123,1.02103,1.02785,0.035797,-0.000782073,10.4782,0.85853,0.80717,0.872072,0
144,24.3483,43.8747,-6.49415,1.01587,1.01628,0.991327,1.04235,1.02793,-0.0107975,-0.000521126,96.7755,0.938345,2.71299,0.615682,1
145,47173.8,nan,nan,0.751839,0.993374,0.999627,1.02197,0.968681,-0.12879,-0.0011063,142.078,1.39231,3.11115,0.943466,0
146,51039.3,nan,nan,1.00273,1.00444,0.995135,0.983718,1.14608,0.0304066,-8.2159e-05,25.1353,0.894681,1.04871,0.85233,0
147,49790.3,nan,nan,0.848039,1.00385,0.993948,0.996595,1.1238,0.189362,-0.00060035,188.516,1.57432,3.95509,0.93156,0
148,27.646,-49.5328,2.80039,0.841846,1.01642,0.974465,0.991234,1.12845,0.0266712,8.02031e-05,66.9414,0.936025,2.13515,0.708606,1
149,38469.3,nan,nan,0.736352,0.971763,0.998987,1.04421,1.31669,0.402516,-0.00144758,623.072,2.8276,11.7217,0.88365,0
150,48904.3,nan,nan,1.09811,0.997962,0.991085,0.930147,1.30135,0.0258354,-0.001655,5.30277,0.897458,0.723656,0.943753,0
151,47695.9,nan,nan,1.12981,0.981762,0.998704,1.04183,0.652144,-0.0344286,-0.00011058,26.5194,0.859735,1.0456,0.811051,0
152,50774.7,nan,nan,1.08054,1.01095,0.992675,0.945532,0.966266,-0.0758145,0.000436684,35.9372,1.15845,1.25008,1.13331,0
153,50338.4,nan,nan,1.124,1.01343,0.993026,0.950266,0.91083,-0.0888013,-0.000192796,72.3445,1.09135,1.83459,0.887936,0
154,55656.7,nan,nan,0.845522,1.02178,0.985556,1.02772,0.809773,0.0693478,-1.12665e-05,21.3845,0.803683,0.968794,0.755187,0
155,49027.7,nan,nan,0.6439,0.988691,1.00517,0.997448,1.13147,0.100516,0.00114696,138.829,1.347,3.07451,0.884785,0
156,46743.6,nan,nan,0.81012,1.01476,0.996144,0.976839,1.0549,-0.0697427,-0.00244791,176.217,1.48511,3.73475,0.903747,0
157,49422.8,nan,nan,0.848143,1.00995,1.00788,1.04111,0.933966,-0.0040377,0.00213741,96.6051,1.18581,2.30623,0.884821,0
158,51845.2,nan,nan,1.02851,1.02425,0.993147,1.01088,1.2987,-0.0577581,0.0006601,15.7594,0.929858,0.892067,0.940374,0
159,53450,nan,nan,0.802836,1.00204,1.00044,1.02212,0.840346,0.0287504,-0.000198713,4.98638,0.798673,0.68323,0.831673,0
160,54575.8,nan,nan,0.743446,1.03713,0.999192,0.970811,0.882919,0.184889,-0.000479585,104.246,1.31486,2.43529,0.991337,0
161,50281.7,nan,nan,1.32389,0.9728,1.00268,0.985744,1.24575,-0.0370026,-0.000240346,11.2407,0.922782,0.791199,0.958712,0
162,13.8143,-25.654,-3.43334,0.600039,0.980808,0.982678,0.96038,0.60087,0.0574053,0.000644202,309.758,2.58083,6.47046,1.89443,1
163,46149.9,nan,nan,1.15306,1.0246,0.997119,0.967646,1.15734,0.213205,0.00064471,447.496,2.48196,8.55643,0.932901,0
164,50885.1,nan,nan,0.985433,1.00712,1.0022,1.04309,1.16509,0.134569,-0.00170542,17.3362,0.949791,0.883116,0.968131,0
165,51923.6,nan,nan,0.786608,0.998873,0.986302,0.984934,1.21079,0.158063,-0.00347011,32.9301,0.907383,1.19377,0.827318,0
166,42823.7,nan,nan,1.08469,0.969718,0.994689,0.978624,0.878075,-0.1551,-0.000203265,66.5394,1.06811,1.71086,0.913559,0
167,38140.5,nan,nan,0.871308,1.0038,0.991699,1.02241,1.22366,-0.297894,0.000432816,423.43,2.15504,8.15858,0.850015,0
168,48933.5,nan,nan,0.981406,0.978335,1.00071,0.967268,1.0212,0.00656023,-0.0009366,5.51559,0.838518,0.652424,0.888199,0
169,43534.4,nan,nan,0.824801,0.987485,0.999542,1.02251,0.866014,-0.103895,-0.000587402,141.981,1.28518,3.12025,0.836718,0
170,44981.4,nan,nan,0.969654,0.988687,1.00341,0.988234,1.16157,-0.071642,-0.00050744,106.63,1.30788,2.47376,1.01568,0
171,45180.7,nan,nan,1.2273,0.99867,0.995336,0.991695,1.26768,0.0753291,-0.00277745,122.424,1.25794,2.76394,0.879538,0
172,40729.4,nan,nan,1.23189,0.995969,1.01727,1.00982,1.1738,-0.261186,0.000372331,342.913,2.06065,6.67588,0.994227,0
173,51544.5,nan,nan,0.877307,1.01726,1.00395,1.04819,1.0183,-0.123567,0.00169929,20.9087,0.922077,0.969148,0.908997,0
174,49544.4,nan,nan,0.931347,0.995396,1.0036,0.973485,1.25385,-0.0278612,0.0014332,28.0475,0.918247,1.10504,0.868021,0
175,43625.7,nan,nan,1.03252,0.977827,0.989191,0.981573,0.929441,-0.0597171,-0.000946536,151.016,1.38938,3.2484,0.935252,0
176,4650.65,nan,nan,0.814822,1.00327,1.00101,0.99663,0.861581,-0.503518,-0.00106529,1515.59,5.46573,27.6956,1.03458,0
177,53161.3,nan,nan,1.11315,0.999829,0.986548,1.00204,1.06443,0.266896,-0.00115459,155.113,1.359,3.32719,0.799063,0
178,51855.9,nan,nan,0.807076,1.02327,0.994813,1.02564,0.842754,-0.0478374,-0.000423402,45.4677,0.934323,1.40824,0.802139,0
179,39251.5,nan,nan,1.15141,0.997613,0.991829,1.03646,0.938683,-0.265995,-0.000140943,368.501,2.02903,7.15424,0.883717,0
180,35997.3,nan,nan,0.887108,0.991545,1.00447,1.03129,1.06103,-0.282448,0.00023345,399.517,2.16961,7.71114,1.0359,0
181,14.0065,25.2016,8.20345,0.601206,0.982195,1.03011,0.997688,0.763983,-0.120256,-0.00192567,416.679,3.3534,9.35667,2.23192,1
182,51048.6,nan,nan,0.655298,1.00953,1.00801,0.983905,0.451192,-0.120957,0.0010839,21.3472,0.908918,0.99937,0.883981,0
183,13.6063,26.809,10.877,1.00524,0.954415,1.00299,1.02657,1.0851,-0.106788,-0.000569211,250.698,1.5199,5.63208,0.76004,1
184,48184.1,nan,nan,1.1195,0.980425,0.993676,0.997858,0.714755,0.112391,0.000170579,114.362,1.26832,2.60156,0.917096,0
185,42554.5,nan,nan,1.20777,1.00778,1.01424,1.05749,1.01348,0.231165,0.000920592,462.222,2.52731,8.91978,0.997002,0
186,15534.6,nan,nan,0.904901,1.01931,1.00228,0.994933,0.942402,-0.426905,-0.000622613,1015.11,3.75738,18.6311,0.792546,0
187,40487.5,nan,nan,1.02338,0.976075,0.998836,1.01428,0.981065,-0.153825,5.34406e-05,196.418,1.50536,4.04433,0.92274,0
188,24821.1,nan,nan,1.37169,1.00143,1.02021,0.999291,0.888609,-0.257986,-0.000951299,600.903,2.66257,11.361,0.928673,0
189,41647.4,nan,nan,1.24544,0.975976,1.02268,0.997158,1.10416,-0.206436,3.23127e-05,243.596,1.68649,4.85711,0.939725,0
190,49066.2,nan,nan,1.02309,1.02227,1.00674,1.00749,1.16572,-0.0141818,-0.000561717,43.0148,0.998635,1.35447,0.903556,0
191,45300.6,nan,nan,1.16841,1.00858,1.00412,0.984099,1.1507,-0.0777123,-0.00147532,160.925,1.38542,3.4195,0.872822,0
192,49734.5,nan,nan,1.24216,1.01341,1.00353,1.05133,0.937077,-0.0297392,0.00117411,39.5459,0.984081,1.30807,0.89673,0
193,49702.6,nan,nan,0.465728,1.00649,0.995022,1.0468,1.06741,-0.0486756,-0.000364881,6.75728,0.843214,0.711734,0.878711,0
194,46416.5,nan,nan,0.960437,1.01857,1.0181,1.01101,1.0425,-0.0924589,-0.000554912,99.871,1.26677,2.35113,0.987744,0
195,53147.9,nan,nan,0.92386,1.04774,0.980367,1.01351,1.32049,-0.165653,-0.000226851,120.21,1.18422,2.71179,0.749019,0
196,52337.5,nan,nan,1.02201,1.01553,1.00461,0.971454,0.961493,-0.0679446,0.00148364,6.99355,0.875123,0.728763,0.916253,0
197,47040.9,nan,nan,0.905075,1.01122,1.01424,0.984132,0.979697,-0.0236455,-0.00132095,81.5349,1.19228,2.06591,0.965331,0
198,48267.6,nan,nan,0.892271,0.969381,1.01286,0.980847,0.825575,-0.180617,0.00194737,12.747,0.936078,0.802688,0.971342,0
199,38592.7,nan,nan,1.19453,0.986256,1.00456,0.953843,1.15537,-0.169653,-0.000989969,409.587,2.13173,7.87352,0.871239,0
200,48528.9,nan,nan,1.09284,1.01099,1.02089,1.01713,1.34142,0.0233377,-1.30286e-05,14.9288,0.872211,0.849617,0.878194,0
201,40091.6,nan,nan,0.900417,0.992999,1.00706,0.988452,0.736234,-0.255805,-0.000267992,291.623,1.8076,5.798,0.897853,0
202,51357.6,nan,nan,0.710711,0.984735,0.992553,1.00041,0.898613,0.0377188,-0.00120832,5.75772,0.889936,0.719768,0.937311,0
203,50426.1,nan,nan,1.07789,0.959553,0.994271,0.998795,1.25797,-0.0870369,0.00185934,6.08386,0.826781,0.682856,0.866207,0
204,51146.3,nan,nan,0.891585,0.993667,0.995588,0.932572,0.819837,0.139461,-0.000547081,101.58,1.2538,2.35717,0.949594,0
205,52743.7,nan,nan,0.98559,0.994327,1.0185,0.973954,0.914092,-0.037202,0.000955049,7.01673,0.919711,0.715527,0.977525,0
206,50321.8,nan,nan,0.822627,0.986779,1.005,1.03628,0.914005,0.0518594,-0.000328882,11.0912,0.925302,0.774596,0.966434,0
207,52062.5,nan,nan,0.77679,0.989635,0.995324,0.932701,1.06779,0.203133,-0.000321745,142.101,1.49112,3.10924,1.03853,0
208,48955.6,nan,nan,1.0092,0.981301,1.0027,1.02235,0.692388,0.144764,-0.00189488,36.3544,1.08938,1.2279,1.0524,0
209,49714.3,nan,nan,1.34024,0.982988,0.985036,0.958613,0.785972,0.317982,-0.00179877,274.486,1.89342,5.51603,0.914953,0
210,47795.1,nan,nan,1.14911,1.01639,1.00666,1.0056,0.964568,-0.0391838,-0.000128415,43.3253,0.954051,1.34942,0.850081,0
211,46996.6,nan,nan,1.04951,0.986093,0.997209,0.994207,0.99675,-0.231695,0.00242335,141.462,1.38298,3.10786,0.934903,0
212,47009.2,nan,nan,0.895662,1.00425,0.999597,1.02713,0.858037,-0.134359,-0.00116046,163.287,1.43203,3.50063,0.89372,0
213,49556.1,nan,nan,1.04008,1.04214,0.988328,0.984121,0.820134,-0.155994,-0.000832488,200.607,1.59332,4.15562,0.90156,0
214,44096.2,nan,nan,1.13177,0.996588,0.983211,1.01813,0.976501,-0.19163,0.000784558,165.662,1.43585,3.5516,0.913038,0
215,50682.2,nan,nan,0.921642,0.995544,1.00207,0.962035,0.95544,-0.0979297,0.000339335,40.4532,1.01294,1.27908,0.939768,0
216,49849,nan,nan,1.06432,1.01703,0.993655,1.04377,0.999582,0.0661938,0.000281718,137.508,1.36983,3.00377,0.928307,0
217,46776,nan,nan,0.960384,1.00141,0.998241,1.03342,0.973739,0.285608,-0.000984794,421.805,2.37051,8.09574,0.892874,0
218,49564.4,nan,nan,0.578677,1.0094,1.01123,0.974597,0.744075,-0.047915,0.000274171,22.9754,0.986171,0.979416,0.98799,0
219,50156.2,nan,nan,0.780267,1.00728,1.00142,1.03492,0.893545,0.158438,0.000196539,157.545,1.37879,3.4414,0.817875,0
220,48251,nan,nan,0.437505,1.00359,0.996525,0.993142,0.943124,0.0365288,-0.000438882,20.4818,0.886672,0.987221,0.860218,0
221,50924.6,nan,nan,1.45171,1.01087,0.999517,1.02826,0.736552,0.0490221,0.000397155,43.5155,0.93787,1.33921,0.827677,0
222,42.2916,68.9314,8.04637,1.08754,1.02621,0.990364,1.05325,1.07443,-0.00370509,-0.000263943,23.6142,1.0764,1.37349,1.01991,1
223,48966.5,nan,nan,1.26426,1.01439,0.998978,0.986354,0.682081,-0.0102465,-0.000182269,13.1249,0.811693,0.814058,0.811062,0
224,38195,nan,nan,1.26712,1.0091,1.00419,1.02154,0.597149,0.329627,0.00020505,760.683,3.20556,14.1619,0.829088,0
225,45210.4,nan,nan,1.45433,0.992569,1.01441,0.999897,0.761234,-0.0418645,-0.00100666,85.5862,1.05289,2.11735,0.785204,0
226,49793.1,nan,nan,1.03246,0.97995,1.00877,0.962613,1.03624,-0.0841841,0.000800447,28.6842,0.980245,1.10695,0.945867,0
227,43872.6,nan,nan,1.16342,0.987451,0.982596,1.03537,0.893385,0.0163485,0.000281024,7.45934,0.891283,0.700724,0.937814,0
228,38079.3,nan,nan,1.27928,0.996877,0.992349,1.05755,1.10397,-0.167826,-0.00134167,368.404,2.08711,7.22245,0.973246,0
229,47836.5,nan,nan,0.62771,1.01797,0.994211,1.02275,0.773669,0.0245411,0.000261346,40.0513,1.03461,1.30386,0.963896,0
230,50895.2,nan,nan,0.877165,0.988761,1.00847,0.957549,0.834745,-0.102853,0.00107866,30.7759,0.882308,1.13105,0.813824,0
231,45776.3,nan,nan,0.902071,0.996638,0.985831,0.96029,0.483394,-0.223784,-4.97516e-05,215.328,1.63705,4.42217,0.927421,0
232,52084.6,nan,nan,0.955161,1.00413,0.997007,1.01201,1.28577,-0.203462,0.00244561,9.26855,0.956492,0.711414,1.0252,0
233,53202.1,nan,nan,0.885066,1.01542,1.0018,0.972516,1.13347,0.0731819,-7.24811e-05,5.72467,0.826943,0.739931,0.851604,0
234,49969.6,nan,nan,0.828415,1.00928,0.996867,1.0279,1.26263,-0.0374155,0.000617581,11.2013,0.891063,0.798098,0.916252,0
235,50139.3,nan,nan,0.719155,1.01849,1.00228,0.964274,1.39945,-0.0972342,0.00102216,54.1578,1.14506,1.54344,1.03683,0
236,49032.6,nan,nan,0.971455,0.990632,0.993166,1.01456,1.24303,0.109507,-0.000175393,105.313,1.36198,2.47634,1.06435,0
237,48203.6,nan,nan,1.29464,0.992088,1.00877,0.9727,0.993676,0.0167862,0.0009477,7.88801,0.849304,0.71117,0.88563,0
238,45029.8,nan,nan,0.588269,1.02349,1.01212,1.00106,0.864814,-0.210823,-0.000161216,232.837,1.65145,4.75346,0.871388,0
239,51866.3,nan,nan,1.26946,1.02836,0.997983,0.986291,0.973901,0.0926013,-0.000187281,136.919,1.43375,3.03611,0.988479,0
240,45996.3,nan,nan,1.22115,0.983938,1.00467,1.02972,1.22817,0.0885902,0.000920136,198.579,1.52212,4.17669,0.84748,0
241,50493,nan,nan,1.2286,0.983537,0.983019,0.96471,0.847439,-0.0103966,0.000322875,10.8757,0.89559,0.777898,0.927756,0
242,48.5319,98.2928,12.6027,0.885608,1.02261,0.980149,0.976717,0.792663,-0.017829,0.000162033,24.3498,1.31072,1.37468,1.29865,1
243,47560.4,nan,nan,0.474569,0.994659,1.00965,1.00517,1.09582,0.0612954,0.00107654,122.49,1.24903,2.72356,0.864813,0
244,48142.5,nan,nan,0.731144,0.979991,0.997199,0.958417,0.917719,0.0136532,0.000273584,6.64973,0.867308,0.72496,0.904825,0
245,45207.7,nan,nan,0.879059,0.984611,0.987306,0.970412,1.07942,0.302221,-0.000480303,417.48,2.34665,8.05775,0.912272,0
246,52681.8,nan,nan,1.20228,1.0147,0.997048,0.958847,0.991746,-0.057492,0.000988899,15.9777,0.800337,0.868683,0.781076,0
247,28915.9,nan,nan,0.964595,1.03256,1.02238,0.950005,0.988069,-0.201012,-0.00270091,733.598,3.19417,13.5908,1.12178,0
248,43260.2,nan,nan,0.639862,0.990537,1.02369,1.04398,0.835419,-0.171699,0.000131832,145.319,1.40889,3.16407,0.982225,0
249,49927.7,nan,nan,0.825815,0.993346,0.991433,0.99109,0.862165,-0.0833321,0.000798549,17.8364,0.750601,0.873655,0.717123,0
250,43325.5,nan,nan,0.929043,1.00049,1.02235,1.0225,0.914166,-0.190631,-8.6476e-05,203.558,1.51411,4.22153,0.854888,0
251,36161.4,nan,nan,1.17056,1.01717,1.01227,1.03505,1.06663,-0.20057,-0.000796102,430.497,2.22034,8.32168,0.965662,0
252,34516.8,nan,nan,1.11805,1.04036,0.999756,0.996283,0.925285,-0.268046,0.000187891,568.023,2.64184,10.6891,1.03775,0
253,47515.6,nan,nan,1.04572,1.04552,0.988607,0.991507,0.935419,-0.191693,0.00183333,225.564,1.66178,4.63279,0.883905,0
254,18.3759,-39.3444,-17.704,0.955124,1.02968,0.977819,1.04988,0.532836,0.100881,0.00115995,253.883,1.36672,5.86015,0.518906,1
255,51009.5,nan,nan,0.863138,1.01076,1.00369,0.971636,1.18631,0.109331,2.67189e-05,115.622,1.28379,2.6042,0.92058,0
256,51071.9,nan,nan,1.15195,1.04117,0.995049,0.963114,1.46741,-0.151337,-0.000204412,114.593,1.45101,2.57599,1.1397,0
257,50672.7,nan,nan,1.12532,1.02333,0.991067,0.993679,1.21287,0.023468,-4.60469e-05,6.03382,0.809191,0.70424,0.837888,0
258,48093.3,nan,nan,1.43009,0.978949,0.99252,0.973804,1.03846,0.155335,-0.000672508,160.526,1.48946,3.45057,0.97352,0
259,49015.7,nan,nan,0.81148,0.980147,1.01503,1.0682,0.899809,0.039961,0.000237318,13.1208,0.847314,0.838077,0.849785,0
260,46409.8,nan,nan,0.986186,1.01896,0.995454,0.955134,1.10143,0.219866,0.00133623,440.106,2.51652,8.44703,0.996397,0
261,55562.5,nan,nan,0.932697,1.02229,0.982818,0.997926,1.06627,0.058425,0.000988896,63.5144,1.10391,1.71596,0.924665,0
262,46701.8,nan,nan,0.966926,0.991916,0.999356,1.0268,1.15658,0.0343062,0.00125198,133.012,1.24029,2.93022,0.805822,0
263,44217.4,nan,nan,1.3046,0.993653,1.00277,0.994846,0.914966,-0.133754,-0.0012224,200.407,1.5175,4.10936,0.875438,0
264,46063.4,nan,nan,1.27252,0.99261,1.01415,1.0081,1.13805,0.154014,-0.000268763,190.185,1.57426,3.93098,0.97327,0
265,52710,nan,nan,0.985086,0.980676,0.981013,1.02267,0.961347,-0.0757315,0.00102979,6.93662,0.900381,0.716216,0.952625,0
266,49117.8,nan,nan,0.953551,0.977176,0.984276,1.03746,1.14283,0.111734,-0.00177837,50.1621,1.05172,1.43685,0.94868,0
267,50409.7,nan,nan,1.00529,1.01672,1.00427,1.00461,1.40654,0.0385619,-0.00109721,23.2629,0.892107,1.00742,0.860648,0
268,45378.9,nan,nan,1.21638,0.97546,1.00274,1.06945,1.15426,0.112654,0.000464787,222.853,1.71166,4.57525,0.990946,0
269,22458.3,nan,nan,1.42229,1.00761,1.00881,0.943879,0.985477,-0.322062,-0.000883161,894.11,3.52689,16.5144,0.938045,0
270,53244.6,nan,nan,0.861254,1.00446,0.971141,1.01276,1.23575,0.0274142,-0.00141774,17.9604,0.921103,0.919275,0.921623,0
271,49916.5,nan,nan,0.799676,0.994526,1.00197,0.952227,0.956228,0.11182,0.000109429,124.908,1.2436,2.80043,0.822525,0
272,51576.6,nan,nan,0.832683,1.03197,0.993452,1.04899,0.971139,0.0423045,-0.000262294,27.0568,0.925572,1.07493,0.88424,0
273,52363.1,nan,nan,0.855239,1.01836,1.00235,1.0205,1.02326,-0.0767021,0.00159434,12.4447,0.882656,0.842018,0.894055,0
274,36494.8,nan,nan,0.918265,0.993245,1.00983,1.02041,1.01046,0.357499,-0.000499749,737.982,3.0592,13.7817,0.835891,0
275,50387.5,nan,nan,0.6344,0.986296,0.984119,0.990009,0.851805,0.0687907,-0.000501721,35.7541,0.947841,1.23569,0.869385,0
276,52660.1,nan,nan,1.02161,1.00025,0.990601,0.93626,0.920384,0.0957308,-0.00120208,13.1133,0.878595,0.805756,0.899112,0
277,52523.6,nan,nan,0.673512,1.01489,0.994495,1.05211,0.953531,-0.110762,0.00164162,23.1712,1.02027,1.0094,1.02334,0
278,20.3932,-30.6926,9.74269,0.839396,1.00211,1.00274,0.954665,0.893336,-0.0354687,0.0022839,210.598,1.36392,5.18307,0.672834,1
279,44550.4,nan,nan,1.0895,0.991967,0.999817,0.976343,1.09856,0.246467,0.000681023,396.057,2.35459,7.6655,1.03568,0
280,46768.4,nan,nan,1.1489,0.948816,0.995275,1.00638,0.97594,-0.050017,0.000133476,22.409,0.885262,0.985247,0.859457,0
281,49809.6,nan,nan,0.91884,0.998254,1.01101,0.988255,0.743437,-0.0644756,0.000318964,31.6567,0.89192,1.13681,0.825626,0
282,52842.2,nan,nan,1.18329,1.02947,0.978849,1.01909,0.983381,0.192622,0.00053517,244.723,1.66555,4.95537,0.737571,0
283,44814.2,nan,nan,1.35367,0.971347,0.991945,1.00192,1.08847,0.239356,2.83385e-05,432.709,2.3967,8.26789,0.933789,0
284,44211.8,nan,nan,1.54092,0.99519,1.01061,1.08498,1.07168,-0.0440407,-0.000951664,113.951,1.25313,2.59269,0.922112,0
285,38041.8,nan,nan,1.00727,1.00778,1.01257,0.935907,1.06667,-0.182716,-0.0011713,391.734,2.15076,7.52906,0.985889,0
286,23233,nan,nan,1.26311,1.00778,0.992142,1.04027,0.55153,-0.371263,-0.000415833,753.139,3.08921,14.1245,0.88951,0
287,53784,nan,nan,1.07677,1.03374,0.979211,0.959721,0.959515,-0.0900374,-0.00105612,79.7103,1.25489,2.01029,1.03771,0
288,47622.2,nan,nan,1.27668,1.00052,0.997054,0.99001,0.963065,-0.107051,-0.000358698,101.698,1.33425,2.40749,1.053,0
289,47180.7,nan,nan,1.06217,0.98886,0.996409,0.990883,1.01943,-0.215828,0.00017812,197.272,1.55199,4.14283,0.876317,0
290,48260.1,nan,nan,1.09937,1.03203,0.987342,1.05067,0.965972,-0.149175,-0.000975258,158.014,1.4176,3.43457,0.882486,0
291,53688.5,nan,nan,0.959609,1.01136,0.992634,1.00801,0.753555,0.0139333,-0.00132825,4.55769,0.770232,0.671841,0.798411,0
292,50465.7,nan,nan,0.900876,1.01463,0.993156,0.971276,0.919193,0.0563631,-0.00137084,15.7435,0.840103,0.877286,0.82996,0
293,47751.7,nan,nan,1.2229,0.934514,0.987199,1.03359,0.697284,0.121203,-0.000842949,7.29571,0.866945,0.742789,0.899495,0
294,54795.5,nan,nan,0.782131,1.03359,1.00447,0.992089,0.835904,-0.0285841,-1.27619e-05,5.57188,0.866031,0.673269,0.921961,0
295,50042.7,nan,nan,1.06539,1.00235,1.00059,0.922319,0.836763,0.179592,-0.000516897,172.917,1.53678,3.64039,0.966533,0
296,45887.7,nan,nan,1.19759,0.989062,0.999429,0.977171,0.982475,-0.213533,0.000461793,148.71,1.36183,3.25168,0.878871,0
297,49931.9,nan,nan,0.997484,1.01597,0.989248,1.02309,1.13766,0.0265182,-0.000665193,14.696,0.909607,0.840351,0.928363,0
298,17.5054,30.6501,3.07803,1.16543,0.993529,0.99655,0.986249,0.946942,0.00883465,-0.00179839,268.49,1.42415,5.70862,0.649296,1
299,48800.8,nan,nan,0.917883,1.00799,0.988415,0.958592,0.694351,-0.0307861,-0.000494848,40.8306,0.877961,1.31096,0.762828,0
300,49629.7,nan,nan,0.986002,1.01992,1.01069,1.02889,1.02501,-0.160183,0.00144639,65.1031,1.1008,1.78205,0.916552,0
301,46062.8,nan,nan,1.13291,1.02396,1.00985,1.02089,0.921664,-0.0834876,-2.21866e-05,129.111,1.32582,2.90156,0.92348,0
302,50102.8,nan,nan,1.17533,0.990844,1.00164,0.967261,0.699377,-0.0413797,0.00123863,18.3597,0.874216,0.906403,0.865479,0
303,49637.7,nan,nan,0.764061,0.999405,1.00908,0.992003,0.697442,0.0432677,5.81936e-05,16.5615,0.874005,0.897377,0.867676,0
304,46535,nan,nan,0.744801,1.00799,1.0091,1.03329,1.14273,-0.147337,-0.00103913,179.951,1.56052,3.76776,0.990359,0
305,49185.8,nan,nan,1.00809,1.0005,1.00488,1.03099,0.992696,-0.0868314,0.00134211,16.012,0.84356,0.861958,0.838628,0
306,45959.5,nan,nan,1.09878,0.990835,1.0032,1.04016,1.09188,0.0356454,0.00223255,155.579,1.40877,3.36116,0.912796,0
307,50039.1,nan,nan,1.03971,1.00364,1.0067,1.03931,1.01366,-0.0782004,0.00176902,14.1816,0.805158,0.814419,0.802644,0
308,49916.7,nan,nan,1.08457,0.995757,1.00259,1.05379,0.869848,0.13871,0.00126658,207.987,1.62715,4.31089,0.899319,0
309,42724,nan,nan,0.880691,0.987109,0.992184,1.01594,0.984343,-0.146683,-0.00112672,276.561,1.79445,5.46228,0.911806,0
310,46320.7,nan,nan,0.853716,0.974611,1.02158,0.943744,0.982763,0.120399,0.000873378,181.893,1.57597,3.87474,0.988756,0
311,45330.5,nan,nan,0.948083,1.01664,1.01047,1.04997,1.13023,-0.189308,4.66702e-06,186.362,1.52898,3.93277,0.921172,0
312,52008.6,nan,nan,0.800994,1.00062,0.994311,0.990052,0.888207,-0.0419848,-5.25021e-06,17.7159,1.04089,0.935236,1.07043,0
313,42150,nan,nan,1.02819,1.0052,1.01161,1.00356,1.07211,-0.255744,0.00060045,308.511,2.0062,6.0943,1.03338,0
314,51497.2,nan,nan,0.941617,1.0304,0.994356,0.983132,0.664049,-0.039496,0.0010774,14.2348,0.877939,0.817244,0.894774,0
315,51798.1,nan,nan,0.883521,0.971715,0.994985,0.985671,1.18721,-0.037814,0.00130023,10.3565,0.853743,0.737169,0.886272,0
316,48353.4,nan,nan,1.37495,0.996629,1.0174,0.906574,0.87245,0.115696,0.000350123,115.323,1.24452,2.66169,0.869366,0
317,51144.2,nan,nan,0.691961,1.01073,0.989472,1.00154,1.3231,0.0826748,0.00153977,111.511,1.28384,2.56769,0.930209,0
318,47086.5,nan,nan,1.03428,1.0033,1.00223,0.989696,1.11905,-0.0198848,-3.00855e-05,12.7285,0.821958,0.804167,0.826559,0
319,32683.1,nan,nan,1.06167,0.985729,0.994465,0.967725,0.78974,-0.211631,-0.000717589,490.963,2.31822,9.3577,0.915012,0
320,53420.3,nan,nan,0.962829,1.04349,1.00044,0.9788,0.968928,0.158804,-0.00069133,110.988,1.24857,2.56066,0.875468,0
321,52595.8,nan,nan,0.66364,1.01491,0.992256,0.97349,0.939635,-0.0481459,0.00155819,38.1476,0.93601,1.24157,0.850102,0
322,45540.7,nan,nan,1.01737,0.975014,1.00509,1.03664,0.624641,0.272085,-0.000738524,364.931,2.10551,7.11427,0.841159,0
323,47991.3,nan,nan,0.932935,0.943834,0.992566,0.987262,1.22115,0.0925763,-0.000792187,26.0173,0.921201,1.07158,0.88162,0
324,26.997,-55.4365,5.61847,1.35764,1.01366,1.00745,0.970496,0.871109,-0.00623409,-0.00105302,29.4663,0.66826,1.24741,0.558421,1
325,24428.7,nan,nan,0.802901,0.986982,0.985019,1.03145,0.728241,-0.267485,-0.00125143,694.424,2.87038,13.0887,0.833537,0
326,38606.2,nan,nan,0.775078,0.978771,0.983821,0.95879,1.16869,-0.0372692,0.000400114,4.71304,0.809592,0.670578,0.839932,0
327,49220.4,nan,nan,0.621214,1.01207,0.998871,1.01076,0.395435,-0.0787586,0.000384634,57.394,0.952134,1.62912,0.77051,0
328,50183.8,nan,nan,1.15932,1.01435,1.00779,1.02085,0.963925,-0.0263781,0.000145667,13.4194,0.876721,0.850247,0.883914,0
329,54490.7,nan,nan,1.18392,1.05513,0.998513,1.05355,0.757446,-0.108906,0.00252639,37.3324,1.12871,1.27353,1.08696,0
330,49843.7,nan,nan,0.911919,1.01504,0.988937,1.01833,0.94796,0.000179694,0.000548495,15.5268,0.937379,0.859204,0.958484,0
331,17.4514,-33.1007,-8.93478,1.07805,1.00669,1.01799,1.06283,0.7268,0.057304,0.000618917,225.555,1.6604,5.17673,1.01455,1
332,46732.4,nan,nan,1.06196,1.01621,0.986464,1.02235,1.30331,-0.0658415,-0.000373687,129.379,1.40582,2.90365,1.01857,0
333,41504.9,nan,nan,0.785933,0.988612,0.992394,1.04395,1.14902,-0.34646,0.00231257,308.476,1.83746,6.06832,0.842554,0
334,53478.5,nan,nan,1.10081,1.00305,0.988861,1.02095,1.12359,-0.0999304,0.00189063,8.79324,0.905675,0.711463,0.961137,0
335,49352.7,nan,nan,0.606258,1.04307,0.985437,1.03141,1.06083,0.266098,-0.000370372,413.898,2.47057,8.028,0.979611,0
336,47970.5,nan,nan,1.04391,1.00917,0.985943,0.968668,0.88978,-0.18174,5.54866e-05,158.186,1.40493,3.38036,0.883616,0
337,45294.9,nan,nan,1.08308,0.990072,1.00405,0.960193,0.589018,0.285824,0.000211926,376.429,2.16973,7.31496,0.875844,0
338,44289,nan,nan,1.23008,1.00031,0.997997,0.979583,1.37093,-0.0850845,-0.000393944,112.932,1.21664,2.61103,0.871785,0
339,52013.3,nan,nan,0.672176,1.03053,1.0104,0.997952,1.0519,-0.0576788,0.00107054,14.9308,0.936801,0.855612,0.959478,0
340,44261.1,nan,nan,0.948087,0.982086,1.00535,0.978296,1.00409,-0.127668,7.32271e-05,130.143,1.25521,2.87387,0.854735,0
341,50400.4,nan,nan,1.13191,0.989219,1.03181,0.949557,1.45282,-0.0676126,0.00114478,5.67151,0.894964,0.723286,0.94195,0
342,26.9257,-50.1063,-14.1754,0.818232,0.99081,1.00212,0.987268,0.794748,0.0378245,0.000401866,78.6466,0.910235,2.35981,0.636953,1
343,37093,nan,nan,0.708075,0.993027,1.00181,0.98045,0.877448,-0.233002,-0.000615095,388.733,2.10738,7.54851,0.958037,0
344,51877.7,nan,nan,0.8213,1.01224,0.996679,0.998539,1.13624,0.108543,0.000627347,128.778,1.2774,2.88406,0.829693,0
345,15.1953,-26.4584,-3.04274,1.1595,0.950354,1.00008,0.99432,1.52283,0.0175604,0.00159591,259.194,1.57403,5.63649,0.85182,1
346,39535,nan,nan,0.878509,0.991516,1.00946,1.00254,1.0909,-0.181724,-0.000978583,338.211,1.96342,6.60314,0.920357,0
347,49163.2,nan,nan,1.13229,1.0209,0.975162,0.939048,0.959715,-0.0621725,-0.000348944,126.263,1.282,2.84444,0.863765,0
348,44923.2,nan,nan,1.02317,1.00013,1.01073,1.02255,0.95192,-0.113229,6.16907e-05,109.858,1.16756,2.55957,0.818824,0
349,40483.9,nan,nan,1.02134,0.974132,0.990478,1.01603,0.999488,0.252413,0.000598102,451.816,2.51005,8.6738,1.09944,0
350,34782.2,nan,nan,0.872017,0.993214,0.996143,1.02619,0.913532,0.286334,0.00235848,859.846,3.39928,15.9769,0.892154,0
351,52941.6,nan,nan,1.17484,1.03157,0.991569,0.982823,0.993989,0.18046,0.000690845,211.775,1.67661,4.3683,0.915909,0
352,37799,nan,nan,1.192,0.965873,0.997259,1.00377,1.17795,-0.0575763,0.00107104,9.0341,0.806084,0.751616,0.817741,0
353,52050.8,nan,nan,1.03108,0.986797,0.996616,1.02636,1.19338,0.0646036,-0.00189495,11.083,0.866696,0.78832,0.888659,0
354,44354.7,nan,nan,0.975347,0.988972,1.00768,0.969605,1.16529,-0.152965,0.000493274,157.838,1.40092,3.40958,0.902504,0
355,43465.9,nan,nan,0.867582,0.98246,1.01506,1.00843,0.972418,-0.158559,0.000865728,131.12,1.33527,2.88786,0.956467,0
356,49816.9,nan,nan,0.821521,0.988207,0.991984,1.03146,0.822874,0.155743,0.000161023,131.832,1.35132,2.92113,0.926542,0
357,48740.7,nan,nan,1.23724,1.02618,0.991088,1.02485,0.987107,-0.12963,-0.000218243,99.3762,1.25263,2.39541,0.947272,0
358,48068.5,nan,nan,1.06459,1.01295,0.996467,1.00151,0.867176,0.223735,0.000929686,341.378,2.11833,6.67278,0.917995,0
359,45041,nan,nan,1.34436,0.998517,1.00051,0.96501,0.535276,0.363983,-0.00130461,353.79,2.05775,6.92995,0.83868,0
360,44700.8,nan,nan,1.0274,0.982318,0.99802,1.04276,1.13791,-0.15261,-0.000862165,209.652,1.67282,4.3183,1.01145,0
361,44878.4,nan,nan,1.07674,1.00167,1.02373,0.995412,1.12165,-0.146331,-0.000880603,160.384,1.36299,3.54546,0.815315,0
362,19302.1,nan,nan,1.22761,0.985166,1.01476,1.02913,1.09465,-0.380967,-0.000133621,958.703,3.70195,17.801,0.891545,0
363,51582.8,nan,nan,0.689312,1.05731,1.00681,1.02543,0.817986,0.09705,0.000492153,180.307,1.45677,3.78696,0.811656,0
364,52159.8,nan,nan,1.13435,1.01014,1.00528,0.994345,0.914182,0.174241,8.14025e-05,104.57,1.21601,2.45018,0.870813,0
365,53865.1,nan,nan,1.05604,1.02498,1.00155,1.00937,1.10741,0.0660673,-0.000203223,4.8443,0.870921,0.658617,0.931666,0
366,45867.4,nan,nan,1.31468,1.00362,1.01224,1.0102,1.17762,0.227695,-0.00147838,152.355,1.43136,3.38302,0.935146,0
367,51196.2,nan,nan,0.819131,1.01919,1.00424,0.998523,0.770614,0.20249,-5.84472e-05,168.185,1.63467,3.55812,1.1034,0
368,53310.6,nan,nan,1.0124,1.02271,0.985407,1.03584,1.23913,0.0341761,-0.000165574,7.75828,0.88069,0.726608,0.924567,0
369,14.5271,-33.77,-14.3829,0.981898,1.00998,0.999298,1.02379,0.735756,0.133983,-0.000763092,207.87,1.39555,5.00138,0.719453,1
370,42985.1,nan,nan,0.679377,0.978934,1.01146,1.00311,1.29215,-0.0579261,-0.00224118,160.394,1.41652,3.47568,0.918589,0
371,50072.6,nan,nan,0.88057,0.983921,0.9951,1.0531,0.892569,0.0638902,-0.00117918,21.4121,0.983749,0.950612,0.992765,0
372,48439.2,nan,nan,0.950923,1.00382,0.973111,0.989281,1.25148,-0.023556,-5.98571e-05,13.3634,0.80748,0.824057,0.803096,0
373,16.9023,-33.1675,-11.9635,0.951936,0.962439,1.01566,0.958025,1.27969,0.0580796,0.000857518,197.464,1.26065,4.86041,0.583466,1
374,44223.1,nan,nan,0.93687,0.955554,1.00655,1.00029,0.609286,-0.0997451,-0.00131939,120.782,1.3377,2.69961,1.00103,0
375,50966.1,nan,nan,1.42002,1.0033,0.99901,1.04089,0.399207,0.178238,0.000837943,155.493,1.37861,3.36634,0.831349,0
376,48484.4,nan,nan,1.05866,1.02118,1.00042,1.00032,1.07372,0.0196411,-0.000459247,28.2486,0.983658,1.12582,0.946076,0
377,53970,nan,nan,1.28918,1.03183,1.01431,1.02352,1.34273,0.136502,-0.00128372,11.1435,0.934117,0.793879,0.974377,0
378,50313.9,nan,nan,1.10046,0.998864,1.00181,1.00142,0.965067,-0.0880411,0.00225371,37.2419,0.940905,1.25394,0.855622,0
379,51544,nan,nan,0.888045,1.0356,1.00337,0.997062,0.658326,0.228273,0.000248184,263.254,1.8831,5.31657,0.930328,0
380,43530.8,nan,nan,1.20494,1.00136,0.980949,0.912348,0.812702,-0.125689,-0.00168011,310.797,1.89742,6.02827,0.888743,0
381,45510.3,nan,nan,0.801591,0.979621,0.989063,0.945556,0.478771,-0.0534734,-0.00108056,80.1638,1.05972,2.00049,0.822049,0
382,46693.8,nan,nan,0.971985,0.979691,1.0063,1.02434,0.906953,-0.0488526,-0.000577711,62.1318,1.04805,1.69384,0.881451,0
383,29487.4,nan,nan,0.919698,0.974431,1.00206,0.999912,0.466109,-0.253674,-0.0011537,437.476,2.11987,8.39106,0.869812,0
384,47248.5,nan,nan,0.946695,1.00599,1.01017,1.03073,0.954271,0.034954,9.53143e-05,27.6225,0.971008,1.05427,0.949444,0
385,43485.1,nan,nan,0.460875,1.01203,0.984517,1.04332,1.00236,-0.274701,0.000888398,332.962,2.01695,6.5435,0.909839,0
386,47248.5,nan,nan,1.04381,0.987696,0.995218,1.03295,1.00054,0.0173138,0.000334057,7.53359,0.925009,0.704959,0.982074,0
387,47786.2,nan,nan,0.596264,1.00142,0.991454,1.03283,0.975923,0.0159118,0.00104162,46.7325,1.00167,1.46171,0.881535,0
388,41208.4,nan,nan,0.884449,1.03127,0.978419,0.956441,1.0295,-0.141163,-0.00168809,383.802,2.09951,7.37558,0.869452,0
389,50444.2,nan,nan,0.977874,1.02675,1.01983,0.979299,1.18533,0.144536,0.000226574,138.164,1.29836,3.05759,0.817985,0
390,48644.2,nan,nan,0.726403,0.981279,1.00481,1.00883,1.10865,-0.011372,0.000611625,4.46148,0.82446,0.653669,0.869832,0
391,45238.4,nan,nan,0.930198,1.008,0.987465,0.986703,1.291,0.275022,0.000261098,450.453,2.43483,8.61081,0.885001,0
392,48311.2,nan,nan,1.06032,0.99843,0.989445,1.00442,1.02683,0.0541477,0.00192031,170.87,1.47834,3.62591,0.912093,0
393,19.8832,-34.0906,-9.39297,1.09678,0.993217,0.992216,0.992566,0.944555,0.0439071,0.00177918,246.525,1.94406,6.11421,1.17481,1
394,39482.2,nan,nan,1.05903,1.03234,1.00325,0.938332,1.08673,0.287667,0.000920439,804.791,3.46634,14.9994,0.889069,0
395,46584.9,nan,nan,0.874088,0.969421,1.00399,0.975233,0.935382,0.0916491,0.000475497,155.657,1.44033,3.35071,0.95002,0
396,27.984,-65.2882,-20.6797,1.07952,1.00135,1.00793,1.00566,0.769598,0.0395366,-0.000215798,55.3441,1.3836,1.97429,1.27087,1
397,52751.7,nan,nan,1.07172,1.01287,0.988778,0.96766,0.877085,-0.00306793,3.66515e-06,6.18155,0.826007,0.698709,0.861931,0
398,51337.5,nan,nan,0.715235,1.02707,0.99715,1.04307,1.34553,0.0510676,0.000485623,101.504,1.21556,2.35296,0.90169,0
399,46337.5,nan,nan,0.895295,0.983988,0.995836,1.03807,1.2831,0.0448194,0.00107052,136.573,1.34188,3.04977,0.905795,0
400,53191.2,nan,nan,0.807686,1.01659,1.01039,0.998221,1.17645,0.144356,-0.000795681,72.8138,1.17613,1.90307,0.969712,0
401,48963,nan,nan,0.775144,0.999603,1.00853,0.973705,1.05525,0.0267362,0.000281341,32.228,0.864411,1.18796,0.778226,0
402,47820.2,nan,nan,1.06911,0.976864,0.997328,0.984706,1.0982,0.119996,8.55262e-05,151.883,1.3923,3.29763,0.893447,0
403,48023.9,nan,nan,0.944228,1.00284,1.00456,1.03627,1.1965,0.165831,0.000812257,277.241,1.84274,5.52123,0.873698,0
404,49830.4,nan,nan,1.6497,0.981711,0.984528,0.985789,0.886313,0.173993,-0.000845794,139.685,1.37825,3.14116,0.901444,0
405,53211.9,nan,nan,0.624606,1.00513,0.993744,1.00554,0.379878,0.131513,-0.000997578,42.2476,1.07309,1.37876,0.986302,0
406,44988.4,nan,nan,1.11822,0.981595,0.991776,0.994767,0.686507,0.209717,0.00135795,383.19,2.26924,7.38646,0.987262,0
407,45569.9,nan,nan,1.16214,0.972557,1.00364,1.00571,1.25338,-0.0797189,3.17926e-05,50.4269,1.05316,1.42367,0.959359,0
408,47836.7,nan,nan,0.701976,1.00385,0.995697,1.00122,1.16297,-0.0686216,-8.35018e-05,37.4335,1.05538,1.27129,0.998499,0
409,48751.4,nan,nan,0.996086,0.996277,0.985282,1.01308,1.15795,0.0637355,0.000942516,109.967,1.29729,2.56399,0.960184,0
410,42795.5,nan,nan,0.941231,1.01166,1.02481,0.969278,0.443842,-0.134167,-0.000523253,173.713,1.4816,3.67784,0.953301,0
411,48643.9,nan,nan,1.06313,0.982393,1.01519,0.972983,1.24082,0.169344,-0.000166093,138.604,1.30519,3.01812,0.849727,0
412,33.7652,-70.6415,-3.34336,1.08064,0.986973,0.998237,1.04786,1.10004,0.0335103,-0.00176597,27.0166,0.976779,1.4419,0.89091,1
413,50222.2,nan,nan,1.08721,1.03841,1.00747,0.971739,0.974319,-0.0835363,0.000372127,7.6186,0.77778,0.724315,0.792293,0
414,50692.6,nan,nan,1.0453,0.994237,1.0036,0.995519,1.15793,0.186938,-6.99716e-05,142.176,1.37705,3.15571,0.889136,0
415,50486,nan,nan,0.726257,0.974333,1.00024,0.986853,1.00421,-0.0681756,0.000636414,13.9632,0.968348,0.84301,1.00267,0
416,52991.1,nan,nan,1.19474,1.03868,0.995643,1.00167,0.824707,0.16861,-0.000520111,113.376,1.13238,2.56132,0.728172,0
417,52243.1,nan,nan,0.901574,0.980398,0.997784,1.01304,0.843946,0.0527869,-0.00124959,5.42834,0.924573,0.680837,0.993067,0
418,46888.3,nan,nan,0.834872,1.00829,1.01411,0.984174,1.14923,-0.0197426,0.00160561,31.0575,1.02992,1.15632,0.997356,0
419,53189.4,nan,nan,1.36801,0.992385,0.998496,0.958078,1.04866,0.0505421,1.404e-05,12.597,0.979183,0.81083,1.02715,0
420,48368.7,nan,nan,1.19948,1.00627,1.00153,0.956101,0.983185,0.066038,0.00166,184.638,1.45943,3.89061,0.817557,0
421,34900.9,nan,nan,1.15692,0.980563,1.02223,1.0046,1.11187,-0.319272,0.000950701,430.034,2.11222,8.29743,0.879302,0
422,46206.6,nan,nan,1.03575,0.961932,1.00078,0.954075,1.17102,0.0640335,0.00173897,122.41,1.27687,2.79074,0.890985,0
423,46739.2,nan,nan,0.851429,1.01214,1.01003,1.01738,1.20611,-0.0948125,0.000195879,143.408,1.42306,3.14112,0.979835,0
424,35.6125,-53.3092,28.8918,0.9935,1.0008,0.994166,1.02985,1.20455,-0.00510344,0.00145831,106.241,1.13294,3.09276,0.767105,1
425,53541.1,nan,nan,0.83293,1.00373,0.998393,0.967338,1.06205,0.0816043,-0.000583069,17.4876,0.862155,0.901147,0.85103,0
426,46585.1,nan,nan,1.45364,0.991284,0.997575,0.979884,1.11915,-0.21744,0.000376849,154.573,1.42392,3.3627,0.922891,0
427,48834.5,nan,nan,1.08649,0.973079,0.998761,1.00716,0.963481,-0.00872648,-0.000245905,4.28104,0.870131,0.682217,0.920208,0
428,48146.4,nan,nan,1.02411,0.990522,0.97961,0.999781,0.907556,0.0473228,0.000636395,105.376,1.24188,2.49836,0.911751,0
429,48234.3,nan,nan,0.919025,0.979268,0.998985,1.00159,1.33309,-0.00498363,0.000188463,12.7196,1.0322,0.845218,1.0815,0
430,23601.2,nan,nan,1.19387,0.971357,0.984555,1.03687,0.870992,-0.414013,9.43677e-05,888.404,3.54657,16.4541,0.973676,0
431,50619.3,nan,nan,1.07682,1.03209,1.00804,0.988658,1.19338,0.158355,0.00061136,204.057,1.65006,4.22066,0.94653,0
432,46415.4,nan,nan,0.958395,0.983365,0.994348,1.00185,1.25581,-0.118106,-0.00111528,131.488,1.31637,2.94742,0.895775,0
433,47747.9,nan,nan,0.934416,0.981926,1.01095,0.978302,1.10834,-0.0142348,-0.000412417,30.9933,0.881371,1.14566,0.812024,0
434,48409.7,nan,nan,0.815006,0.997053,0.989546,0.976574,1.05798,-0.0391432,-0.000650583,60.5417,0.993987,1.68293,0.811288,0
435,49228.9,nan,nan,0.84318,1.01662,0.981654,0.960694,1.04679,-0.212938,0.0013685,121.774,1.35872,2.76434,0.980093,0
436,42402.2,nan,nan,1.02414,1.04045,1.00941,0.984907,0.590398,-0.271176,0.000281891,325.552,1.9613,6.49473,0.8756,0
437,54178.6,nan,nan,1.13757,1.01605,0.981539,0.990641,0.862469,-0.00465261,0.000161129,5.17514,0.809119,0.683384,0.845285,0
438,49835.6,nan,nan,1.04198,0.979137,1.00341,1.0167,1.04319,0.0321304,0.000636356,9.5976,0.869467,0.7411,0.904186,0
439,48769.9,nan,nan,1.15283,0.996008,1.02312,1.01893,0.952653,0.111427,0.000399683,121.619,1.31213,2.81508,0.911784,0
440,48785.9,nan,nan,1.10295,0.998376,1.00706,1.0232,0.952343,0.0584195,0.0022104,153.669,1.41774,3.32676,0.909911,0
441,46732.4,nan,nan,1.23397,1.0258,1.00868,0.989824,0.90528,-0.0337676,-0.00187672,86.2635,1.16185,2.15359,0.905552,0
442,51194.1,nan,nan,1.03921,1.02085,0.995702,0.96294,1.00376,0.0551538,0.000479478,128.277,1.32669,2.86629,0.903,0
443,51138.2,nan,nan,1.50281,1.00903,1.00362,0.991874,0.934757,-0.0815549,0.00153249,40.5404,0.979675,1.3027,0.890534,0
444,51631.6,nan,nan,1.20012,1.00709,0.993592,1.00119,0.961086,0.225647,-0.000165211,246.412,1.79747,4.957,0.919903,0
445,51408.4,nan,nan,1.19676,0.997219,1.0129,1.01807,1.20147,0.116114,-0.000798558,6.47239,0.880331,0.718033,0.925305,0
446,34428.8,nan,nan,0.860366,1.03441,1.01522,1.02173,0.888243,-0.272116,-0.00061337,454.207,2.20859,8.62685,0.929216,0
447,53643.8,nan,nan,0.771658,1.00857,0.991793,0.932333,0.969549,-0.0882628,0.0010768,8.21278,0.860945,0.733675,0.89729,0
448,50322.1,nan,nan,1.13521,1.00776,1.00048,1.02213,0.862391,-0.0274738,0.000854844,17.1607,0.911892,0.909005,0.912678,0
449,21.7624,-39.527,8.79889,1.20828,0.99896,1.0093,1.01905,0.624995,-0.0408367,0.00172933,115.213,1.24689,3.17748,0.88603,1
450,24514.9,nan,nan,0.855314,0.998573,1.0082,0.991113,0.803465,-0.362452,0.000294556,855.041,3.42,15.8127,0.949722,0
451,27.1319,44.6072,21.8177,1.47641,0.982758,0.98566,1.02782,1.1146,-0.0578124,-0.000464323,140.831,1.54731,3.3741,1.21006,1
452,50939.5,nan,nan,1.27939,1.00034,0.99603,0.985601,0.941011,0.11287,-0.000519094,114.387,1.30096,2.62028,0.938383,0
453,49895.3,nan,nan,0.763947,0.973649,0.989052,1.02973,1.30489,-0.121393,0.000799331,25.4727,0.870077,1.06381,0.817417,0
454,50884.1,nan,nan,1.01379,1.02591,1.00586,1.01357,1.15543,-0.149759,0.000905126,73.3448,1.00565,1.84716,0.772885,0
455,53269.3,nan,nan,1.07288,1.01671,0.991548,0.990278,0.84247,-0.0106327,0.000460564,5.69978,0.858265,0.696053,0.904413,0
456,14.3059,27.9143,4.28991,0.876633,1.04176,1.01327,0.98658,0.617591,-0.0923303,6.63023e-05,330.76,1.98784,7.27979,1.05397,1
457,43442.4,nan,nan,0.966177,0.969373,0.994646,1.03592,1.0006,-0.204133,2.34458e-06,225.663,1.5872,4.58733,0.854628,0
458,52304,nan,nan,0.934261,1.03577,1.01181,1.00044,1.09956,0.127696,0.000551262,119.621,1.38399,2.76132,0.998209,0
459,49966.8,nan,nan,0.801476,1.0087,1.00064,0.958902,0.814476,0.155108,-3.25903e-05,143.547,1.49564,3.20084,1.03423,0
460,49617.6,nan,nan,0.73353,0.998757,0.99952,0.951777,0.970632,0.123403,-4.63706e-05,109.782,1.27837,2.58493,0.92595,0
461,49380.7,nan,nan,1.25463,0.994921,0.998379,0.996419,0.954366,0.159531,-0.000338298,154.965,1.35691,3.3741,0.815254,0
462,51900,nan,nan,0.919151,0.996518,0.991786,1.06505,0.716194,-0.0211806,0.0015129,8.64956,0.862975,0.749645,0.8946,0
463,50926.1,nan,nan,0.972749,1.00469,0.981595,1.02625,1.132,0.0822326,-0.00104306,14.2498,0.98247,0.859209,1.01639,0
464,47968.5,nan,nan,1.27032,0.981086,0.991365,0.945001,1.06284,0.122449,0.000615841,177.228,1.53673,3.77315,0.948865,0
465,43975.8,nan,nan,0.971766,0.979072,1.00382,0.961709,1.06337,0.000438617,-0.000669516,14.4969,0.959492,0.840513,0.98858,0
466,37.1836,-62.5987,-0.228259,1.16954,1.00429,0.997421,1.0278,0.929114,-0.0056018,0.000493952,38.9589,0.934978,1.35011,0.858102,1
467,50784.6,nan,nan,0.891422,1.01099,0.996311,0.973023,1.09532,0.0717361,0.000186769,118.465,1.2646,2.71455,0.867777,0
468,49922.6,nan,nan,1.19619,0.994739,1.00047,1.05664,1.14289,-0.0984782,0.00101791,42.8956,0.980013,1.34508,0.880917,0
469,47873.8,nan,nan,1.01051,0.996312,0.995309,1.06556,1.02676,0.110697,-0.000369052,168.326,1.46469,3.56696,0.9133,0
470,51908.7,nan,nan,0.937876,0.997206,0.986236,0.992134,1.18241,-0.0317081,0.000536263,6.98624,0.926539,0.730781,0.981191,0
471,49873.5,nan,nan,0.975642,0.990635,0.98779,0.974145,1.3025,-0.0758612,0.00115964,10.3185,0.887783,0.788095,0.914758,0
472,22.5625,-46.9146,16.5442,1.23097,1.00354,1.00036,1.04186,0.938342,-0.0574379,0.00200564,80.3891,1.03824,2.46111,0.778418,1
473,47614.9,nan,nan,0.723335,0.98918,1.00809,1.01734,0.946044,0.203646,-0.00117166,184.508,1.60885,3.93123,1.00133,0
474,51199.5,nan,nan,0.656595,1.0007,0.98531,1.01508,1.20094,-0.120509,0.00109683,15.9904,0.857745,0.873577,0.853357,0
475,48884.4,nan,nan,0.909713,0.992452,0.999291,1.03195,0.904885,-0.0786522,0.00351443,127.483,1.27622,2.87139,0.850746,0
476,44195.3,nan,nan,0.909596,1.01689,0.993627,0.960876,0.92537,-0.0182932,-0.00203426,110.215,1.24497,2.55121,0.922588,0
477,53619.7,nan,nan,0.956746,1.01387,1.00745,0.969348,0.922445,-0.0733245,0.000759164,11.5859,0.863051,0.818345,0.875848,0
478,30895.1,nan,nan,0.773311,0.98463,0.992939,0.972857,0.932855,-0.303868,-0.00081437,690.922,2.97646,12.8591,1.00652,0
479,46848.3,nan,nan,0.679556,0.978911,1.01607,0.97602,1.12044,-0.020216,-0.000767675,27.2061,0.964426,1.08005,0.934572,0
480,52267,nan,nan,0.924541,1.05143,1.01336,1.00785,1.20127,0.128581,0.00129645,196.228,1.63752,4.13105,0.939754,0
481,50230.7,nan,nan,1.00418,0.970011,0.998182,0.987553,1.09769,0.118965,-0.00062512,55.3936,1.0361,1.59423,0.883981,0
482,43821,nan,nan,1.07056,0.977172,0.994221,0.94701,0.753558,-0.0785875,-0.000897415,138.714,1.36503,3.02398,0.958282,0
483,46168.5,nan,nan,0.947171,0.976393,0.998486,1.00661,1.13951,-0.0656693,-0.000300779,78.5507,1.10635,1.99917,0.878089,0
484,52720.7,nan,nan,0.972191,0.995292,0.999033,0.991679,1.0899,-0.13553,0.00180562,8.6916,0.862787,0.713412,0.905042,0
485,46568.7,nan,nan,1.25075,0.995201,0.996163,1.04799,1.22113,-0.120944,0.000669427,102.818,1.2614,2.46347,0.951288,0
486,51092.4,nan,nan,0.935751,1.02269,0.994618,0.991153,1.16524,-0.0421422,-4.74118e-05,30.7086,1.03879,1.08874,1.02503,0
487,42849.3,nan,nan,0.949529,0.993364,1.02259,1.02678,0.978229,-0.0863282,-0.000858189,156.41,1.32123,3.38021,0.824946,0
488,38.3716,75.6674,-15.5796,1.22477,1.02621,0.998521,1.03648,0.774479,-0.0136165,-8.47569e-05,28.9662,0.658281,1.41227,0.514918,1
489,48809.8,nan,nan,1.01555,0.962437,1.00193,1.00442,0.747473,0.192988,-0.000103764,124.057,1.34469,2.78803,0.959542,0
490,49554.7,nan,nan,1.03675,1.03429,0.988436,1.02531,0.534085,-0.0326064,-0.000604434,5.87759,0.900045,0.664227,0.963482,0
491,37693,nan,nan,0.675352,0.987417,0.993787,1.01907,1.22844,-0.150454,-0.0017379,352.699,1.91846,6.82303,0.866103,0
492,53724.7,nan,nan,0.822161,1.01977,1.01051,0.996821,1.05377,0.183611,-0.000972548,77.9664,1.2132,1.98352,0.992369,0
493,49032.1,nan,nan,1.13591,0.981033,1.00692,0.994624,1.0172,0.153646,0.000610391,166.384,1.42376,3.55274,0.854129,0
494,52027.4,nan,nan,0.648217,0.988405,1.0032,1.02477,0.764083,0.015204,-0.000175389,4.59875,0.831864,0.701208,0.86846,0
495,51435.4,nan,nan,0.898968,0.983926,0.992818,1.07494,0.767308,-0.160755,0.00184596,22.0833,0.969309,0.961654,0.971438,0
496,50730.6,nan,nan,1.09,0.998634,1.00832,1.04283,0.944583,-0.0710372,0.00207843,19.9089,0.960619,0.920975,0.971508,0
497,45182.6,nan,nan,0.903218,0.986021,0.988738,0.927424,0.969856,-0.0561432,-0.0012001,151.033,1.41956,3.27892,0.952382,0
498,23.7856,39.1861,6.0784,0.967755,1.0033,0.999772,1.04132,0.718104,-0.0666972,-0.00160947,234.212,2.34336,5.72294,1.72889,1
499,46398.4,nan,nan,0.882182,1.0032,1.00516,1.03843,0.831812,-0.0829743,-0.000656737,95.3327,1.18109,2.2621,0.903283,0
500,43223,nan,nan,1.08251,0.991621,0.988407,1.02149,0.901762,-0.127406,-0.000376803,182.166,1.45928,3.83937,0.881175,0
501,51680.3,nan,nan,1.20712,1.01176,0.986326,0.997942,0.892823,0.0622638,-0.000935938,5.70956,0.824224,0.674147,0.865889,0
502,45929.5,nan,nan,1.16554,0.981417,1.00583,1.01042,0.920654,0.108945,0.000675534,213.147,1.62216,4.39095,0.918188,0
503,51860.3,nan,nan,0.908327,0.979822,0.983719,0.985119,1.19228,0.0795124,-0.000409344,20.4274,0.947163,0.954855,0.945018,0
504,52877.2,nan,nan,0.706045,1.00594,0.989339,0.946227,0.851763,-0.0377799,0.00245246,72.1678,1.17473,1.86286,0.980162,0
505,46095.8,nan,nan,1.0486,0.995084,0.997466,0.97845,1.42635,-0.195882,0.0005433,158.446,1.431,3.39764,0.927341,0
506,50700,nan,nan,0.441302,1.02631,1.01381,1.03016,1.19649,-0.086424,-0.000517361,64.0675,0.98773,1.70385,0.790475,0
507,40299.3,nan,nan,1.12862,1.00369,0.986152,0.970588,1.08158,0.229891,0.00146897,641.072,3.03728,11.9942,0.992908,0
508,39068.9,nan,nan,0.980173,0.993814,0.98166,0.996251,0.944756,-0.179966,-0.00103698,338.418,2.07675,6.5868,1.0734,0
509,48748.6,nan,nan,1.0973,1.01292,1.00738,1.01807,1.2936,-0.0720726,0.000420671,19.5014,1.04911,0.924588,1.08223,0
510,27.3613,35.2451,1.17799,0.881894,1.02572,1.00797,1.05552,1.42062,0.0049005,-0.00131478,114.091,0.792634,2.87882,0.411679,1
511,50586.9,nan,nan,1.43064,1.00908,1.00787,1.04887,1.08337,0.187366,-0.00137017,102.63,1.2693,2.42603,0.952577,0
512,51223.3,nan,nan,0.978453,1.01912,0.970232,1.03176,0.812607,0.0949395,0.000264267,80.7412,1.16949,2.02474,0.934123,0
513,54511.2,nan,nan,1.23366,1.04859,1.00284,0.979641,1.16843,0.108583,-0.000618052,74.5753,1.16172,1.88816,0.952056,0
514,53191.8,nan,nan,0.767057,1.00911,1.00991,0.983843,0.870566,0.00787857,0.000247008,6.6861,0.856813,0.739999,0.889998,0
515,47221.6,nan,nan,0.704621,1.00057,1.01217,0.996886,0.725417,-0.00353512,-1.33925e-05,12.1558,0.96829,0.810525,1.00922,0
516,44407.9,nan,nan,0.780218,0.9818,1.00115,1.01594,0.852739,-0.176538,-0.000153575,171.539,1.46287,3.63945,0.921894,0
517,47082.2,nan,nan,0.67586,1.00165,1.00432,1.04489,0.89224,-0.0997646,-9.1816e-05,94.6223,1.081,2.2746,0.77039,0
518,47710.5,nan,nan,1.30989,1.02281,1.00971,1.02444,0.973004,-0.250411,0.00129495,158.439,1.52642,3.41627,1.02922,0
519,22.7433,38.4318,1.48081,1.2038,1.00553,1.01677,1.01782,1.10119,0.0154475,-0.00175047,241.097,1.27042,5.31527,0.514375,1
520,49380.1,nan,nan,1.14073,0.983266,1.01653,1.01748,0.648754,0.122677,-0.00177378,17.0492,0.895116,0.915615,0.889602,0
521,46669,nan,nan,0.729371,1.01942,1.00372,1.00406,0.896903,-0.175853,2.48766e-05,144.679,1.38273,3.15893,0.923517,0
522,47160.7,nan,nan,1.14394,1.00862,1.01524,1.01837,1.05511,-0.184457,-0.000336903,156.873,1.39152,3.34888,0.880603,0
523,47391,nan,nan,1.27612,0.980966,0.984517,1.01258,1.13184,0.159276,0.00127009,325.759,2.1164,6.46861,0.981366,0
524,50870.4,nan,nan,1.17895,1.03277,1.00853,1.03056,0.948103,0.0473693,-0.000157556,43.53,1.11021,1.31434,1.05422,0
525,48575.7,nan,nan,0.914014,1.00239,0.996435,0.990752,0.870656,-0.10612,-0.000129834,91.0652,1.1778,2.21835,0.900257,0
526,48615.6,nan,nan,0.74636,0.98866,1.01394,1.03228,0.914476,0.137396,0.000463494,133.967,1.26626,3.00019,0.805619,0
527,49147.7,nan,nan,0.899966,1.00038,0.993966,0.986011,1.29384,-0.0921863,0.00056134,52.7472,0.952612,1.54544,0.793708,0
528,28.5353,54.5375,-8.66385,0.833317,1.01869,0.999011,0.962161,1.02071,0.00712836,-0.000793949,75.7613,1.45863,2.5111,1.26567,1
529,49424.3,nan,nan,0.775126,1.01383,1.00412,0.982477,1.1718,-0.0557906,0.000791375,25.819,1.00736,1.04375,0.997581,0
530,47033.5,nan,nan,1.03869,0.999539,1.00528,1.05909,0.838338,0.0127383,0.000554958,34.3671,0.920694,1.18108,0.853432,0
531,52359.4,nan,nan,0.768783,0.98773,1.00353,0.971919,0.865189,-0.0472242,0.00122034,4.85374,0.769452,0.668799,0.797803,0
532,46427,nan,nan,1.1474,0.988765,0.984314,0.976274,1.17386,-0.2103,0.00083291,139.889,1.31573,3.06691,0.865313,0
533,53479.5,nan,nan,0.834035,1.02111,0.982526,0.993394,0.76504,0.0866598,-0.00129186,7.7327,0.987438,0.751784,1.05458,0
534,50274.3,nan,nan,0.791316,1.00808,0.99822,0.991388,1.05427,-0.0541156,0.00236087,108.764,1.49134,2.51409,1.21308,0
535,49233.7,nan,nan,1.00778,1.01122,0.984062,0.959463,1.02362,-0.0366869,-0.00121025,80.8097,1.24178,2.01942,1.03259,0
536,54382.4,nan,nan,1.30049,1.01155,0.998795,0.988296,0.894666,0.100501,-0.000520107,7.39446,0.731054,0.729829,0.731407,0
537,46078.3,nan,nan,1.32166,0.956748,0.999572,1.01042,0.720436,0.1069,0.000211883,161.994,1.64299,3.45445,1.18144,0
538,33909.4,nan,nan,0.840303,1.03275,1.01259,1.0022,0.918031,-0.373887,0.00111324,457.385,2.2235,8.77855,0.916856,0
539,48638.9,nan,nan,1.005,1.00319,1.00885,1.0085,0.907944,-0.102208,0.000408713,66.0627,1.08213,1.74363,0.905929,0
540,46698.3,nan,nan,0.923944,0.99833,1.0041,0.971557,0.91704,0.0114224,-0.00105923,14.5925,0.82792,0.87989,0.814565,0
541,54489.8,nan,nan,0.266424,1.00049,0.993928,1.01596,0.834405,0.14095,-0.00153152,14.8636,0.842981,0.831528,0.846297,0
542,54233.1,nan,nan,0.94282,1.01842,0.985001,0.963921,0.655373,0.15539,0.000891703,160.47,1.34766,3.44525,0.743732,0
543,17.148,33.525,-0.544915,1.08635,1.02748,0.999022,1.02869,1.08943,-0.0332195,-0.000974963,314.59,1.53621,6.55459,0.598706,1
544,51062.8,nan,nan,1.26113,1.01143,0.990983,0.992401,0.87374,0.106802,-0.000159723,108.313,1.23578,2.51129,0.884923,0
545,52056.5,nan,nan,0.657571,0.989844,1.01345,0.992901,0.951048,-0.0861828,0.000983325,6.54754,0.876275,0.679804,0.931434,0
546,37333.4,nan,nan,0.510168,1.00463,1.00742,1.02797,0.835962,-0.23112,-0.0010011,430.413,2.20311,8.28386,0.909974,0
547,44651.1,nan,nan,0.792101,1.01378,1.01105,1.04958,1.15541,0.162623,0.00133944,494.693,2.60578,9.34171,0.931597,0
548,50347,nan,nan,0.954929,0.985005,0.98975,1.04066,1.04775,0.192033,-0.000409963,106.85,1.24373,2.53247,0.892144,0
549,48651.9,nan,nan,1.36454,0.984188,0.999578,0.966114,1.04529,0.0661033,-0.00176326,28.8853,1.01044,1.07012,0.994561,0
550,47835.3,nan,nan,0.941761,0.992385,0.990633,1.02224,1.07096,-0.00957283,0.00159615,74.6969,1.08352,1.88562,0.873518,0
551,49555.7,nan,nan,1.42706,0.965182,0.98901,1.04836,1.04329,0.0315598,-0.000196669,6.56557,0.892383,0.703462,0.943388,0
552,49392.9,nan,nan,0.920043,0.968939,0.998344,0.999857,1.19404,-0.00355391,1.06965e-05,5.50441,0.873997,0.69849,0.921295,0
553,49821.1,nan,nan,0.939586,1.01351,1.00152,1.00219,0.787592,0.0753294,-0.000746244,29.099,0.951341,1.10877,0.908741,0
554,53841.1,nan,nan,1.37068,1.01928,0.995544,1.00125,1.17516,-0.0151171,0.00134448,5.76415,0.900917,0.712904,0.954687,0
555,44503.1,nan,nan,0.657248,0.982912,1.00285,0.949037,1.26658,0.176959,0.00140623,373.189,2.18423,7.31573,0.911995,0
556,49044.4,nan,nan,0.921758,0.967982,1.00074,0.983209,0.8233,-0.153572,0.00142595,7.29951,0.994579,0.729213,1.06571,0
557,47358.6,nan,nan,1.06693,1.00639,0.993657,0.993301,1.24702,-0.0114505,0.000154935,5.69669,0.81006,0.652949,0.85082,0
558,51496.2,nan,nan,0.81833,1.00259,0.996781,1.00386,1.09607,0.211665,-0.000464576,147.551,1.46545,3.20393,0.983481,0
559,38307,nan,nan,1.12892,0.984566,1.00435,1.03235,1.37437,-0.151723,-0.00174346,325.986,1.88312,6.38651,0.90134,0
560,48080.9,nan,nan,1.20414,0.979273,0.979581,1.0004,1.16934,0.0941494,0.000351539,154.29,1.47453,3.36834,0.976726,0
561,52117.5,nan,nan,1.12884,1.01081,1.00621,0.980107,1.12827,0.190864,-0.00109807,111.51,1.32668,2.59522,0.971872,0
562,16.0017,34.6301,13.0278,1.04861,1.00308,1.00751,1.03676,1.08355,-0.0629765,-0.000520374,229.317,2.07144,5.47795,1.44576,1
563,49621.8,nan,nan,1.04131,1.00232,1.0099,1.00053,1.04395,0.148157,-0.000528864,143.717,1.48599,3.19879,1.02399,0
564,51238.9,nan,nan,0.81028,1.00853,0.999776,1.02879,0.777712,0.0956475,-0.000609843,15.0276,0.855785,0.849807,0.857441,0
565,51087,nan,nan,1.03082,1.00722,1.00474,1.00672,0.930746,0.137811,-0.000680987,91.5077,1.15595,2.23895,0.856954,0
566,54541.1,nan,nan,0.842399,1.00722,0.991161,1.04883,0.981386,0.108935,0.00114447,54.8754,1.14715,1.59808,1.01651,0
567,51673.9,nan,nan,1.0276,1.03116,1.01007,1.01266,0.93086,0.0842549,-0.000758185,49.4155,0.971264,1.50451,0.823361,0
568,48950.3,nan,nan,0.947918,0.96695,0.999834,1.07202,1.1105,0.0892521,-0.00101149,18.3577,0.990023,0.869827,1.02215,0
569,50637.7,nan,nan,1.06849,1.01678,0.996934,1.01799,1.17169,0.184587,0.000266401,197.661,1.48054,4.07848,0.769195,0
570,51318.5,nan,nan,1.09744,0.997966,1.01295,1.00412,1.40834,0.0101553,0.000217818,7.05687,0.874269,0.69594,0.923663,0
571,45230,nan,nan,0.863407,0.968487,1.01615,0.969475,1.05171,0.128872,-0.000225029,172.934,1.40953,3.68322,0.839434,0
572,50777.4,nan,nan,0.892725,1.01654,0.985434,1.04877,1.16584,-0.0536217,0.00153444,19.8613,0.88508,0.916019,0.876597,0
573,44739.5,nan,nan,0.912044,1.02355,0.991268,0.966106,1.09444,0.254268,0.000646144,517.066,2.71833,9.77879,0.960558,0
574,30454.2,nan,nan,0.9355,1.0251,0.993243,1.01193,0.98989,-0.25386,-0.00120697,591.535,2.68616,11.1367,1.00169,0
575,43729.7,nan,nan,1.30646,0.974287,1.00415,0.969184,0.924362,-0.206253,0.00160962,135.639,1.34096,2.98165,0.938862,0
576,47870.7,nan,nan,1.21825,1.0024,0.993387,0.944693,0.880686,0.0268515,-0.00148806,56.6394,0.992316,1.57384,0.839861,0
577,52670.5,nan,nan,0.982486,0.982683,0.999821,0.981534,0.979777,0.0785959,-0.000215868,17.0489,0.984469,0.895952,1.00949,0
578,45652.3,nan,nan,1.0829,1.00428,0.977819,1.01191,1.32219,-0.0708301,-0.000929858,137.7,1.32,3.01006,0.891212,0
579,29.6167,-35.2333,-1.04498,0.932346,1.03226,0.987788,0.992088,1.04506,0.0121711,0.00187816,217.699,1.38163,4.71938,0.759332,1
580,17.7819,30.132,8.07952,1.42644,0.935836,1.00335,1.03567,1.39072,-0.0674368,-0.00127704,229.893,1.79714,5.03994,1.18711,1
581,48566.6,nan,nan,1.25122,0.986626,1.0023,1.0344,1.30613,-0.0186691,0.00103438,11.1506,0.796568,0.770871,0.803383,0
582,52114.9,nan,nan,0.912861,1.03068,0.999371,1.0017,0.949933,-0.0150745,0.000691615,15.0071,0.875787,0.852122,0.882397,0
583,42954.4,nan,nan,0.720505,1.00197,0.997528,1.01884,0.980771,0.266785,0.000587858,473.927,2.48783,9.11608,0.888922,0
584,47377,nan,nan,0.855213,1.02786,0.993519,1.03091,0.969413,-0.112125,-0.00138588,180.826,1.4786,3.73526,0.888536,0
585,51805.1,nan,nan,0.846313,1.0177,0.997146,0.962875,0.802829,-0.021581,-0.000587765,6.46831,0.908245,0.683583,0.970791,0
586,46835.2,nan,nan,1.06845,1.00449,1.0167,1.03922,0.7507,0.0212733,-0.000478421,29.6477,0.919579,1.13283,0.864587,0
587,48316.1,nan,nan,0.982895,0.990099,1.00276,0.990086,0.891454,0.107677,2.2512e-05,111.128,1.3241,2.57549,0.993706,0
588,50825.5,nan,nan,0.976498,1.01417,0.999823,1.00202,1.28581,0.148072,0.000334781,157.12,1.56356,3.32588,1.07991,0
589,50545.9,nan,nan,0.408897,1.01424,0.989555,0.95366,1.00292,-0.129341,0.000186532,74.0234,1.10264,1.92243,0.877974,0
590,50765.8,nan,nan,0.816831,1.03189,1.00375,1.07053,0.933149,-0.0765772,-0.00138594,85.3973,1.33373,2.07508,1.12916,0
591,49027.3,nan,nan,1.278,1.02031,0.998201,1.05916,0.816839,-0.131697,0.000162488,87.1071,1.14544,2.12695,0.882362,0
592,43850,nan,nan,1.19301,1.00808,1.00973,1.03353,0.957066,-0.186885,0.000567992,159.47,1.35854,3.42659,0.849617,0
593,44023.6,nan,nan,0.975695,0.989771,1.00948,1.05167,1.1637,-0.0722891,-0.000564905,114.4,1.32051,2.66779,0.988133,0
594,51807.9,nan,nan,1.28148,0.97652,0.992579,0.952143,1.05724,-0.0331676,0.000869465,4.56884,0.82027,0.664623,0.863743,0
595,54092.6,nan,nan,0.970332,1.01921,0.999949,0.970226,1.14958,0.207096,-0.000509339,106.538,1.23774,2.46194,0.885788,0
596,44671.5,nan,nan,0.747017,1.01482,1.00433,0.961582,1.15117,0.287009,-0.000576728,505.141,2.63692,9.61944,0.902166,0
597,40887,nan,nan,0.995463,0.988201,0.985493,0.977797,1.12711,-0.323677,0.00147701,344.536,2.03763,6.71625,0.951943,0
598,54399.9,nan,nan,0.933511,1.00967,1.01381,0.972737,1.03903,-0.0769554,0.00103184,6.31002,0.882356,0.694448,0.936693,0
599,53475.5,nan,nan,1.29106,1.00729,1.00762,0.970944,1.21188,-0.0266799,0.000824954,4.73952,0.730569,0.667804,0.748502,0
600,42244.9,nan,nan,0.847362,1.00206,0.996921,1.00059,0.573184,-0.150844,-0.00143968,288.922,1.87945,5.77315,0.951045,0
601,43624,nan,nan,0.996926,0.991663,1.0065,0.979956,0.878635,0.232102,0.000339756,507.927,2.60157,9.62773,0.890107,0
602,13.7508,-27.4077,0.820187,0.757954,1.00675,1.01726,1.01294,1.10214,0.00019334,0.0015848,316.865,2.1086,6.40867,1.33147,1
603,51042.2,nan,nan,0.932227,0.977275,0.996508,0.996048,0.889727,-0.046404,0.000369727,7.69008,0.920766,0.737631,0.971326,0
604,41441,nan,nan,1.20021,0.969745,0.989655,1.03323,0.975167,-0.108131,-0.000676457,200.433,1.57046,4.15696,0.965088,0
605,48765.8,nan,nan,1.0094,0.985637,1.02007,1.00512,0.99378,-0.0257318,0.000989436,15.8324,1.01109,0.883363,1.0451,0
606,32944.5,nan,nan,0.98786,1.00318,0.993594,1.01061,0.786978,0.337549,0.00186513,975.791,3.74267,17.9319,0.914278,0
607,48746.8,nan,nan,0.748274,0.978193,1.00228,0.99854,1.10895,0.145084,-0.00139829,22.5819,1.03103,0.981755,1.04416,0
608,27226,nan,nan,0.496831,1.02093,0.993795,1.00455,0.962861,-0.407987,0.000336454,866.53,3.53233,15.9943,1.04824,0
609,53759.3,nan,nan,1.09248,0.99972,0.993386,0.979494,1.19525,-0.0946886,0.00209301,19.3792,0.834784,0.94767,0.802453,0
610,49368,nan,nan,0.783827,0.96183,0.987685,1.02567,0.963089,-0.0957503,0.000312458,30.5596,0.918223,1.12892,0.861391,0
611,50680.9,nan,nan,0.988021,0.99787,0.997916,0.988955,0.582292,-0.107861,0.00105265,34.082,0.981983,1.20893,0.919672,0
612,45548.4,nan,nan,0.81549,0.983282,0.988877,0.959162,1.25928,-0.172433,0.00101968,157.983,1.55634,3.3935,1.09063,0
613,45551.4,nan,nan,0.839515,1.0078,0.989342,1.0094,0.667662,0.273278,0.000298708,391.763,2.20037,7.64129,0.824604,0
614,50735.4,nan,nan,0.67108,1.01048,0.987217,0.992509,0.854363,0.0142872,9.5135e-05,10.0537,0.893231,0.791013,0.921271,0
615,48704.4,nan,nan,1.06895,0.985956,0.984239,0.997857,0.786983,0.161241,-7.68087e-05,181.66,1.45183,3.79847,0.828141,0
616,45261.4,nan,nan,0.979295,0.976852,1.00473,0.97728,0.92627,-0.0929544,-0.0015417,137.922,1.29661,3.0657,0.850803,0
617,47360.4,nan,nan,1.06064,1.00847,0.999357,0.999321,0.847828,0.216174,0.000304916,397.656,2.26487,7.6629,0.859549,0
618,46340.1,nan,nan,1.4421,1.01144,0.99719,1.00966,1.23389,-0.194893,4.10213e-05,175.273,1.47782,3.67889,0.911943,0
619,50048.9,nan,nan,0.868511,1.02131,0.996865,1.04578,1.24665,-0.0107902,-6.10259e-05,8.84441,0.952912,0.765647,1.00368,0
620,45755,nan,nan,0.973296,0.954863,0.997312,1.01522,0.777278,0.166244,0.000823803,304.66,1.98699,6.04504,0.958726,0
621,48234.5,nan,nan,0.908696,0.98933,1.01324,1.02254,1.10215,0.137138,-0.000814282,147.111,1.35395,3.22745,0.859309,0
622,46618.5,nan,nan,0.860471,0.990122,0.989486,0.984427,0.668329,-0.15475,0.00120261,133.257,1.28866,2.89171,0.875098,0
623,52051.6,nan,nan,0.808863,1.01243,0.987959,0.964869,1.08459,0.193754,-0.000918279,134.123,1.33509,3.02458,0.863196,0
624,50919.6,nan,nan,0.849929,1.00327,0.989524,1.01576,0.685706,-0.0197829,0.00126437,38.7848,1.00188,1.28312,0.924664,0
625,42196.1,nan,nan,1.11431,1.00721,0.999712,0.997673,0.945088,-0.204094,-0.000387603,311.698,2.03475,6.21965,1.03811,0
626,44064.9,nan,nan,0.858917,0.984265,1.02013,1.0301,1.30186,0.0708897,0.00149275,185.407,1.38332,3.9605,0.74962,0
627,49419.9,nan,nan,1.12451,1.02097,1.00494,1.03649,1.39193,-0.0468592,0.000328497,27.2093,0.927586,1.05545,0.893236,0
628,23272.6,nan,nan,1.17076,0.998292,0.996122,1.05856,0.817399,-0.39953,0.00036739,878.689,3.4546,16.2399,0.906069,0
629,46474.9,nan,nan,0.939783,0.97083,1.00263,0.972125,0.911338,-0.0169891,0.001054,11.1661,0.839668,0.810968,0.847024,0
630,50686.2,nan,nan,1.02669,1.00644,0.995633,1.00427,0.668383,-0.149243,0.000411419,74.9791,1.22731,1.92773,1.03447,0
631,48609.4,nan,nan,1.13015,0.99278,0.984722,1.02381,1.17495,-0.0607573,-3.72168e-05,34.7178,0.907736,1.16826,0.838556,0
632,51818.5,nan,nan,0.701414,1.02008,0.997228,0.987166,0.819465,-0.0492225,-0.000389807,35.8751,0.991217,1.22607,0.925681,0
633,43945.6,nan,nan,1.00313,0.985667,0.993941,1.00735,0.706134,-0.068502,-0.00116738,112.151,1.17443,2.57253,0.830226,0
634,26.7727,54.7159,12.8363,0.942925,1.0034,0.99947,1.00978,1.08608,-0.000845064,-0.000625577,91.8514,1.02777,2.44034,0.759268,1
635,54967.8,nan,nan,1.45263,1.04054,0.986741,1.01099,1.04807,0.180016,1.60979e-05,126.303,1.31453,2.84142,0.871289,0
636,52320.1,nan,nan,0.836157,0.983418,1.00676,0.93637,0.99576,-0.0588985,0.000620194,5.96937,0.840764,0.659508,0.891748,0
637,48187.4,nan,nan,0.627486,0.986536,0.996062,0.995706,1.04132,0.104609,0.000936086,187.422,1.5211,3.91638,0.889822,0
638,25.3018,39.0828,-22.2431,0.989104,1.00028,1.00452,0.990889,1.2855,0.0117051,-0.00210077,174.703,1.56538,4.22853,1.06211,1
639,35536.2,nan,nan,1.01853,0.994359,0.991027,1.00053,0.859597,0.226276,0.00230826,773.28,3.10543,14.4213,0.824698,0
640,43378.1,nan,nan,0.760912,0.973087,0.998935,0.977178,0.596036,-0.0696017,0.000274189,40.931,1.05772,1.30927,0.996194,0
641,48662.4,nan,nan,0.848751,0.99879,1.01005,1.03532,0.913978,0.200433,-0.000214101,185.994,1.53515,3.87261,0.913627,0
642,45925.6,nan,nan,0.853755,0.993578,1.0053,0.944004,0.705926,-0.077793,-0.000634858,89.0124,1.18461,2.13109,0.943458,0
643,21751.5,nan,nan,0.982083,0.964087,0.988831,1.00943,1.06399,-0.360183,-0.000840549,904.275,3.66822,16.7632,1.05796,0
644,48375.2,nan,nan,0.887676,0.978297,1.02439,1.02739,0.918189,0.0966453,-0.000305495,54.2458,1.0089,1.57753,0.858307,0
645,29601,nan,nan,1.04198,1.01578,1.00934,1.02273,0.921801,-0.249475,-0.00193032,653.964,2.87168,12.2749,0.997308,0
646,13.012,27.2839,9.65427,0.725436,1.0598,1.01677,0.952045,0.96815,-0.215488,-0.00129962,528.536,2.66346,12.2892,0.964793,1
647,51394.4,nan,nan,0.913981,1.01177,0.993928,0.96231,0.984131,0.000165352,-5.74771e-05,28.8476,1.08609,1.13111,1.07362,0
648,49104.5,nan,nan,1.13439,1.01424,0.99675,1.05962,0.908698,-0.00295458,-0.000393412,22.9002,1.0252,1.01123,1.02894,0
649,49238.6,nan,nan,1.02809,0.989163,0.994383,0.994473,0.923861,-0.0730196,0.00114621,8.60688,0.8739,0.724399,0.913991,0
650,45893.8,nan,nan,1.11799,1.00008,1.01028,0.960935,1.22187,-0.197301,0.00017788,161.925,1.39239,3.47746,0.860897,0
651,25273.5,nan,nan,1.30248,1.00772,0.993355,0.977383,1.1026,-0.255015,-0.00131416,844.709,3.37514,15.5988,0.938556,0
652,40792,nan,nan,0.770953,1.00622,1.00726,0.960875,1.1867,0.241179,0.00123694,581.643,2.73789,10.9889,0.837221,0
653,34970.2,nan,nan,0.314858,0.998724,0.997127,0.982991,0.875405,0.438734,-0.000609062,914.117,3.54199,16.9646,0.866404,0
654,38298.1,nan,nan,1.14084,0.992738,1.00788,1.02814,1.30761,-0.220667,-0.00059046,339.521,2.03018,6.64026,1.02404,0
655,22.0882,33.1773,2.69699,0.944443,0.974571,1.00371,1.01092,1.07274,-0.0687629,-0.000558425,226.452,1.21859,4.98887,0.507222,1
656,51024.1,nan,nan,0.579603,1.01707,1.00047,0.995645,1.00178,-0.0781099,0.00105896,6.33721,0.853077,0.673984,0.90243,0
657,55097.8,nan,nan,0.828091,1.03479,0.987107,1.05131,0.707701,0.285207,-0.0013118,140.564,1.37821,3.13818,0.865311,0
658,47305.1,nan,nan,1.02017,0.95788,0.988605,0.977905,0.775351,-0.10434,0.000414478,44.3837,1.06204,1.38404,0.978095,0
659,51361.5,nan,nan,0.878948,0.989541,0.980032,0.982373,0.988838,-0.0371007,0.000940479,4.93748,0.878814,0.679824,0.933879,0
660,50186.2,nan,nan,0.979769,0.996443,0.998248,0.95261,0.933816,0.100838,0.000484531,122.385,1.27736,2.73451,0.881286,0
661,34466,nan,nan,1.13467,0.98595,1.00848,0.98959,0.669329,0.415353,-0.000428582,918.246,3.52275,16.9488,0.846491,0
662,48583.3,nan,nan,1.2615,1.00617,0.994248,1.00541,1.01288,0.0800941,0.000247155,159.137,1.45695,3.42552,0.935606,0
663,47874.5,nan,nan,0.742186,0.977037,1.00009,1.04848,1.13343,0.163975,-4.61181e-05,130.963,1.38763,2.94891,0.977055,0
664,50701.2,nan,nan,1.01237,0.989577,0.991046,0.994023,1.21725,0.0552369,-0.000464985,18.5352,0.924895,0.947013,0.918836,0
665,44787.8,nan,nan,0.990334,0.989282,0.992372,0.991865,0.940919,-0.220424,0.00123974,187.677,1.52437,3.88587,0.934239,0
666,50750.5,nan,nan,0.854401,1.00298,1.00334,0.964197,1.00105,0.137439,-0.000257288,98.9459,1.12962,2.3389,0.798047,0
667,49690.6,nan,nan,0.971555,1.01496,1.01132,0.989189,0.998033,-0.020447,-0.000100418,21.9342,0.919698,0.943018,0.913405,0
668,49591.6,nan,nan,0.944919,0.989719,0.992215,1.00851,0.439133,0.1485,-0.000624611,91.2404,1.21536,2.21393,0.946128,0
669,49498.9,nan,nan,1.09845,0.963994,1.00484,0.971558,1.28851,-0.111397,0.000737716,7.08084,0.876473,0.690269,0.926743,0
670,49531.4,nan,nan,1.36968,0.95982,0.99054,0.96639,0.964904,0.243919,-0.000988254,160.93,1.60237,3.47315,1.09776,0
671,41536.2,nan,nan,0.948266,1.02059,0.993255,1.00794,0.748165,-0.235206,-2.72234e-05,368.289,2.1595,7.154,0.985945,0
672,45623.9,nan,nan,1.12973,0.98837,1.01344,1.01264,1.06798,-0.198637,0.000547749,112.818,1.20534,2.63139,0.842769,0
673,39583.3,nan,nan,0.826696,0.997301,1.00017,0.996885,0.784976,0.350198,0.0001045,657.647,2.94456,12.3175,0.841368,0
674,16.5223,36.4482,12.3532,1.14637,1.02886,0.997296,0.970591,1.07749,-0.110197,0.000371474,231.26,1.22555,5.50714,0.431027,1
675,49565.5,nan,nan,0.779907,1.02832,0.990857,1.0663,0.983027,-0.160923,0.000179759,99.2282,1.27487,2.37305,0.977041,0
676,45389.2,nan,nan,1.24712,1.00033,0.985386,0.991036,0.806641,0.393562,-0.00185435,490.688,2.56981,9.41993,0.842833,0
677,52391.2,nan,nan,1.36335,1.02557,1.0042,0.982165,0.980532,0.155441,-0.000880255,100.395,1.25667,2.36948,0.944396,0
678,47330.5,nan,nan,1.17507,1.02291,1.01053,0.992344,1.04767,-0.186389,-0.000195906,165.091,1.33333,3.51081,0.764966,0
679,46603.7,nan,nan,0.838174,0.997777,1.00591,0.96319,0.787794,-0.0839297,-0.000640443,92.4556,1.00111,2.2162,0.688039,0
680,49373.7,nan,nan,0.925126,0.970583,1.0043,0.992297,1.13476,-0.01795,0.000323061,15.1102,0.791671,0.856476,0.774222,0
681,47993.7,nan,nan,1.42738,0.98259,0.981704,1.00766,1.05195,-0.072527,0.000275451,40.2798,1.14695,1.2903,1.10926,0
682,49825.1,nan,nan,0.617736,1.03186,1.00756,1.05193,1.31777,-0.174391,0.00127812,103.986,1.16588,2.42425,0.823833,0
683,51465.6,nan,nan,1.15343,0.982891,0.983935,0.981773,0.611915,-0.0316457,0.000712597,5.14347,0.797329,0.662735,0.834643,0
684,45282.1,nan,nan,0.986204,1.0098,0.992369,1.00129,0.846064,-0.111753,-0.000522937,136.839,1.2846,3.03734,0.84272,0
685,45631,nan,nan,0.988869,1.00666,0.991491,1.0143,1.0548,-0.110509,-0.000541456,132.087,1.37846,2.91526,0.988226,0
686,52199.3,nan,nan,1.48668,1.00285,1.00051,1.06383,0.718452,0.124779,-0.00122279,21.9396,0.836569,0.992669,0.792785,0
687,44394.7,nan,nan,1.34473,1.00545,0.992443,1.02116,1.23094,-0.0202123,-0.00261878,154.746,1.42582,3.38102,0.940873,0
688,34273.9,nan,nan,1.01307,0.985488,0.99149,0.985782,0.88047,-0.314059,0.00113681,514.262,2.39797,9.70767,0.940897,0
689,50635.7,nan,nan,1.05009,0.99995,0.996179,1.02424,1.01493,-0.0627658,-7.66904e-05,7.94867,0.816739,0.723432,0.84231,0
690,46719.2,nan,nan,1.12689,0.982012,1.01294,1.06078,0.732738,0.116768,0.00104226,178.178,1.48802,3.81397,0.888226,0
691,51247.4,nan,nan,1.02888,0.998724,1.01484,1.02406,1.06325,0.0608084,-0.000105795,25.9624,0.890653,1.04169,0.848895,0
692,47002.7,nan,nan,1.02217,1.00184,0.991473,0.951858,1.10749,0.230065,6.83585e-05,488.041,2.63818,9.27415,0.922528,0
693,48063.8,nan,nan,0.929955,0.983876,0.992037,1.02369,0.896866,-0.138971,-0.000529628,85.3642,1.19492,2.05802,0.966438,0
694,48651.8,nan,nan,1.10947,0.981635,0.99797,0.986433,0.836602,-0.219249,0.000461113,139.467,1.38051,3.0984,0.920869,0
695,48272.1,nan,nan,0.836936,1.00807,1.03757,1.0575,0.989956,-0.0851277,0.000148224,50.4067,1.00356,1.47561,0.878373,0
696,50658.2,nan,nan,0.97822,1.0048,1.00421,0.978221,0.790338,0.104916,5.65666e-05,87.2863,1.1289,2.09999,0.86276,0
697,44448.6,nan,nan,1.00046,1.01937,1.01594,1.0204,1.0706,0.0257067,-0.00295383,90.3836,1.22958,2.17566,0.995026,0
698,52473.3,nan,nan,1.323,1.01396,0.998006,1.02322,1.38701,0.00148257,0.00110525,8.8477,0.952713,0.757399,1.00757,0
699,15.0801,-27.995,3.65076,1.28965,0.994992,1.01184,1.07085,1.19232,-0.0418999,0.00235379,270.22,1.3387,6.01905,0.497283,1
700,46543.6,nan,nan,0.895256,0.999528,1.01339,0.976611,0.991453,0.256359,-0.000454129,394.622,2.19842,7.67441,0.792997,0
701,45378.6,nan,nan,0.918884,0.993497,1.01638,0.982991,0.993661,-0.0407695,-0.000897864,116.327,1.23882,2.62643,0.888554,0
702,46477.5,nan,nan,0.970174,1.0027,0.998349,0.967969,1.22584,-0.136755,0.000170261,132.81,1.26575,2.96302,0.829012,0
703,44586,nan,nan,0.73508,0.981666,1.01056,0.978787,0.759091,-0.139382,0.000347569,120.8,1.24223,2.76465,0.862901,0
704,11.3608,26.5285,11.3985,1.0355,0.975997,1.00009,0.940445,1.02816,-0.288445,-0.00151401,705.231,3.3224,15.1404,1.17368,1
705,43239.7,nan,nan,1.30811,0.989517,1.00183,1.03697,1.28985,-0.0665376,-0.001566,186.592,1.47888,3.93027,0.883464,0
706,51601.6,nan,nan,1.15026,1.03491,1.01199,0.921557,0.723627,0.11664,-0.000516938,154.411,1.40997,3.32249,0.880727,0
707,44298.4,nan,nan,0.982493,1.00225,1.01527,1.03555,1.27971,0.152394,0.00142017,452.59,2.4228,8.66252,0.882824,0
708,41249.5,nan,nan,0.691326,0.993288,0.994414,1.03454,1.03268,-0.130402,-0.00150327,287.363,1.75067,5.749,0.817776,0
709,47927,nan,nan,0.829622,1.01528,0.97347,1.01433,1.0328,0.0389787,-0.000787297,21.3925,1.00721,0.974631,1.01573,0
710,47976.9,nan,nan,1.04687,0.993542,1.016,1.01948,1.16666,-0.0532701,-0.000158905,31.6601,0.961302,1.12231,0.918942,0
711,48923.1,nan,nan,0.696734,0.954092,0.999114,0.970279,1.02706,-0.130931,0.0013988,19.0986,0.832934,0.922288,0.809047,0
712,47475.9,nan,nan,0.982804,0.987455,0.996687,0.979193,1.23862,-0.0418426,0.00352711,153.003,1.37367,3.36599,0.855673,0
713,48909.9,nan,nan,0.96536,1.01044,0.987811,0.980701,0.994188,0.0422165,0.000358765,5.76703,0.792649,0.67899,0.822844,0
714,49616.5,nan,nan,1.01266,0.998566,0.989688,1.01617,1.10051,-0.0366512,0.000764132,18.3929,0.802188,0.915166,0.771756,0
715,53291.5,nan,nan,1.12315,1.02817,1.00094,0.993689,0.916088,0.131276,-0.00180735,32.0434,0.900072,1.1451,0.830528,0
716,48571.6,nan,nan,1.07398,0.996301,1.01368,0.968207,0.849423,0.125291,-0.000489398,142.158,1.3985,3.11257,0.943548,0
717,46778.9,nan,nan,1.24916,1.00845,1.00716,1.03292,1.02458,0.106583,0.000736937,168.569,1.48977,3.60146,0.946634,0
718,50245.5,nan,nan,0.807913,0.995094,0.989254,0.989439,0.819443,0.0627266,-0.0002163,24.8144,1.0399,1.02356,1.04434,0
719,49290.4,nan,nan,0.917318,1.01191,1.00586,1.00032,0.993073,-0.00898566,-0.000222393,10.4897,0.95286,0.744238,1.00883,0
720,51480.8,nan,nan,1.13504,1.02845,1.01473,0.943638,1.11048,0.0697147,0.00152364,125.715,1.30421,2.85331,0.87594,0
721,50039.6,nan,nan,0.938509,0.972651,0.996833,1.0596,0.789387,0.0769136,-0.000422769,15.8065,0.810372,0.855345,0.798148,0
722,52306.5,nan,nan,0.912281,1.03312,0.97659,0.987384,0.665053,-0.10145,0.000510238,60.2039,1.10002,1.59003,0.962578,0
723,51777.2,nan,nan,0.963594,1.01419,0.989668,1.01513,0.732299,0.231716,-0.000260901,217.393,1.72035,4.46455,0.955298,0
724,56275.4,nan,nan,1.56896,1.02912,0.989616,1.02753,1.27124,0.155859,-0.000637537,39.2298,1.0481,1.32918,0.964974,0
725,47254.1,nan,nan,1.24903,1.01706,1.0072,1.00797,1.20787,0.192177,0.000750404,408.517,2.37342,7.88469,0.942361,0
726,42789.7,nan,nan,1.10757,1.00444,1.00391,0.968641,1.06113,0.114825,0.00285914,471.751,2.50352,9.00809,0.944509,0
727,47635.4,nan,nan,1.28051,1.01091,1.00602,0.974802,1.14894,-0.121072,-4.02403e-05,98.7101,1.26912,2.35912,0.981849,0
728,48154.6,nan,nan,1.04206,0.965322,0.999657,0.997828,1.23392,0.106865,-0.000212238,98.2593,1.13138,2.34357,0.811626,0
729,41032.9,nan,nan,1.15966,0.990476,1.01449,1.02689,1.45972,-0.0458709,-0.00130442,161.533,1.33055,3.46533,0.834789,0
730,15.3888,-29.1692,-4.0458,0.694069,0.962383,0.989342,1.00203,1.0072,0.0347267,0.00113162,241.961,1.31809,5.58903,0.558809,1
731,45534.8,nan,nan,0.917179,0.963958,0.990281,1.00099,0.811093,0.0677792,-0.00128504,7.91412,0.895978,0.7298,0.937855,0
732,42167.7,nan,nan,0.865491,0.977663,0.99947,1.04602,1.14202,-0.084883,-0.000519858,162.094,1.36615,3.44118,0.873544,0
733,51962.6,nan,nan,1.32472,1.00342,1.00185,0.987957,1.22467,0.042235,-0.000411708,5.13172,0.834997,0.705012,0.87132,0
734,35729.7,nan,nan,0.857054,1.01269,1.0005,0.982769,0.728093,-0.237829,-0.00088717,443.349,2.12761,8.52864,0.828722,0
735,50661.5,nan,nan,0.840862,1.01181,1.01075,0.96873,0.961896,0.0804298,0.000855592,95.9397,1.22195,2.30534,0.924896,0
736,50038,nan,nan,0.969375,0.984427,1.01476,1.00249,0.993038,0.0027614,-0.000282627,12.8001,0.896839,0.808633,0.920814,0
737,46575.5,nan,nan,0.967389,0.988062,1.00937,0.966049,1.17974,0.124574,0.000542485,216.721,1.68007,4.44507,0.969813,0
738,49541.4,nan,nan,0.804177,1.00152,0.996792,1.0086,0.927895,-0.0131964,0.000144352,6.34687,0.881946,0.687006,0.934434,0
739,49544.7,nan,nan,1.02635,0.990325,1.01428,1.00014,1.27686,0.215103,-0.000603964,151.7,1.45451,3.30843,0.954215,0
740,47929.8,nan,nan,1.3306,0.992925,0.988683,0.993987,1.33236,0.281454,-0.000435752,278.752,1.90889,5.59039,0.940761,0
741,13.949,28.6804,2.63284,0.907787,1.00326,0.997106,1.01455,0.688603,-0.0237261,-0.00117336,290.518,1.60453,6.31618,0.763165,1
742,48608.6,nan,nan,1.0778,1.00491,0.986529,1.00649,1.31745,0.0443612,0.000968842,85.1544,1.22715,2.13453,0.987061,0
743,53827.6,nan,nan,1.10305,1.0361,0.99217,0.988973,0.867634,0.00174971,-0.000654353,11.6734,0.900904,0.764606,0.939958,0
744,52388.8,nan,nan,0.99651,1.01706,0.989998,1.00722,0.975312,0.073265,-0.00077294,24.6514,0.871659,1.02377,0.829012,0
745,45052.3,nan,nan,1.05764,1.0515,1.00738,1.03733,0.97396,0.178606,0.00191451,492.813,2.56196,9.41128,0.846761,0
746,45282,nan,nan,1.22223,0.987081,0.99181,1.03017,0.902377,-0.0974417,-0.000479804,120.867,1.26574,2.75755,0.889799,0
747,45643.5,nan,nan,0.713939,1.00824,1.00173,0.999574,1.2546,0.0299632,-0.000570599,4.97486,0.798441,0.679056,0.828526,0
748,43962.4,nan,nan,1.07767,0.988761,1.00077,1.00706,0.906398,-0.127468,-0.000597143,147.185,1.37334,3.20826,0.921603,0
749,16.7704,33.5439,6.54907,1.03635,1.02339,0.995355,1.02405,0.834843,-0.0827792,-7.84848e-05,276.594,1.31703,5.86323,0.486003,1
750,33807.6,nan,nan,0.890684,0.997675,1.00568,1.0046,0.791478,-0.231616,-0.000743483,409.264,2.16288,7.86919,1.02542,0
751,48310.1,nan,nan,1.48066,1.00868,0.997029,0.993466,1.00408,0.0885083,5.56679e-06,166.959,1.48544,3.55958,0.936859,0
752,35474.6,nan,nan,0.948059,1.00664,1.00456,0.980307,0.979538,0.358285,0.000288494,965.949,3.79416,17.9073,0.954446,0
753,50233,nan,nan,1.16101,0.986047,1.00271,0.920374,0.495772,-0.144752,1.61229e-05,61.1791,1.0024,1.66248,0.821826,0
754,49700.8,nan,nan,0.515098,1.04333,1.00226,0.975885,0.791379,-0.0683596,-0.000983211,93.503,1.26121,2.25179,0.993173,0
755,49657.7,nan,nan,1.33673,0.999005,0.986729,0.987399,1.42346,0.0603098,-0.00124039,6.92856,0.807965,0.728607,0.829351,0
756,46411.9,nan,nan,0.928377,0.993276,1.02695,0.995696,1.04355,0.134317,0.000484047,178.182,1.41773,3.7606,0.816684,0
757,45963.5,nan,nan,0.910661,0.991763,1.0047,0.989235,1.29405,-0.0521632,-0.000156996,62.9034,1.03806,1.70444,0.868633,0
758,54411.8,nan,nan,1.09836,1.02168,1.00144,0.99609,0.883874,-0.0472208,-0.000392399,13.8381,0.814726,0.809628,0.816203,0
759,50491,nan,nan,1.11979,0.992698,1.00717,0.988222,0.703621,0.149111,0.00044129,124.57,1.38029,2.83612,0.9824,0
760,47636.6,nan,nan,1.16862,1.02743,1.02119,1.01567,0.874075,0.0211716,-0.00138853,37.8674,1.00364,1.27183,0.933574,0
761,53439.1,nan,nan,0.835834,0.979543,0.981495,1.01098,1.46043,0.107924,-0.000706422,9.9243,0.956074,0.799235,1.00086,0
762,52716.5,nan,nan,0.893139,1.00294,0.995993,0.97869,0.651924,0.0510606,-0.000582254,4.88655,0.882826,0.687932,0.937827,0
763,55553.7,nan,nan,1.10725,1.03612,0.984855,1.03548,0.885738,0.114145,-0.00118904,38.6208,1.06922,1.28854,1.00503,0
764,40305.8,nan,nan,1.11008,0.997758,0.997582,1.0582,1.06852,-0.280292,0.000752937,347.745,1.94001,6.80612,0.825941,0
765,47791.9,nan,nan,0.714171,1.01226,0.986067,0.988663,1.44404,-0.125967,0.00016266,115.536,1.18242,2.63218,0.801341,0
766,52280.2,nan,nan,0.808751,1.01079,1.00198,0.946138,1.18672,-0.0478665,8.97336e-05,22.7079,0.936908,0.982105,0.92423,0
767,16.4989,-37.8758,-17.7425,0.968782,0.995902,1.01458,1.00669,0.948692,0.036239,0.000968983,211.805,1.20329,4.52768,0.576044,1
768,46978,nan,nan,1.05573,0.988181,1.01912,0.987768,1.00966,0.0700709,0.00102246,140.358,1.29112,3.0771,0.82937,0
769,51005.9,nan,nan,1.14322,1.01846,1.01624,0.987522,0.873721,0.107541,0.000685103,121.786,1.2364,2.72908,0.825048,0
770,50340.6,nan,nan,1.37273,0.976617,1.00762,0.944439,1.13977,-0.0373841,0.000169188,7.2696,0.873774,0.719676,0.915833,0
771,38986.6,nan,nan,1.10319,0.962912,0.990003,0.966885,0.978504,-0.277918,0.000785353,380.393,2.16182,7.32707,1.01612,0
772,36068.7,nan,nan,1.14192,0.981619,0.99561,0.941974,0.410607,-0.147925,0.000598453,76.5235,1.12397,1.97972,0.948118,0
773,49465.6,nan,nan,1.04907,0.995174,0.992654,1.01472,1.25338,-0.0302557,0.000747483,14.3605,0.973891,0.848967,1.00744,0
774,21389.9,nan,nan,0.935365,0.99368,1.00957,0.963596,0.931821,-0.320738,-0.000888631,888.627,3.57176,16.5803,0.978722,0
775,49504.8,nan,nan,1.13903,0.990188,0.99214,1.00783,0.996821,0.0044271,0.00114892,4.71644,0.882879,0.710808,0.929084,0
776,52073.7,nan,nan,0.773871,1.01469,1.00038,0.958249,0.829524,0.197937,-0.000767211,154.828,1.506,3.37913,0.982581,0
777,49725.7,nan,nan,1.39425,1.0065,1.00936,1.03476,1.08427,0.119278,-0.00265196,26.1738,0.907961,1.08892,0.859039,0
778,44175.8,nan,nan,1.07557,0.996305,1.01403,0.978047,0.784645,-0.0120234,-0.00132992,80.9597,1.18783,2.0666,0.971218,0
779,42743.3,nan,nan,1.40207,0.997965,1.01974,1.03218,1.08675,-0.23917,0.000865879,219.702,1.67016,4.5086,0.986282,0
780,47062.3,nan,nan,0.854817,0.979499,1.00128,0.954204,0.988668,0.0037861,-0.000233619,19.3844,0.941042,0.932671,0.94321,0
781,16.8671,31.7422,11.9,1.06187,0.970945,0.993966,0.98228,0.797857,-0.0870047,-0.000809437,221.836,1.41115,5.39458,0.694129,1
782,49594.8,nan,nan,1.04809,1.00439,0.999306,0.972578,0.821773,0.025912,-0.000329979,29.9557,0.935711,1.10578,0.889983,0
783,51960.1,nan,nan,1.11998,0.987949,0.993085,0.976121,1.22184,0.00321571,0.00114459,6.94224,0.863245,0.683246,0.913497,0
784,39988.9,nan,nan,1.13044,1.01326,1.00809,1.00497,0.705593,0.303513,0.000491174,684.889,3.10032,12.7498,0.912904,0
785,45851.4,nan,nan,1.18943,1.00601,1.00487,1.04481,1.18732,-0.121129,-0.000111597,115.715,1.19498,2.60547,0.835744,0
786,49558.4,nan,nan,1.00693,0.990212,1.00131,1.03917,1.14972,0.189978,-0.00141751,128.592,1.23388,2.87766,0.790493,0
787,40491.7,nan,nan,0.815414,1.0051,0.984187,1.02959,1.09177,-0.171652,-0.00165423,339.232,2.02879,6.65351,0.965105,0
788,20.3333,-32.8381,1.58729,0.893155,1.03265,0.988244,1.00927,0.91882,0.0346376,0.000997389,276.006,1.2762,5.93545,0.429065,1
789,47682.2,nan,nan,1.02647,0.990013,1.01394,0.944812,1.06977,-0.00500175,0.00101832,19.2861,0.862045,0.922689,0.846208,0
790,55277.8,nan,nan,0.973516,1.03946,0.996038,1.00205,1.05327,0.164261,-0.0016459,49.8671,0.992371,1.495,0.845821,0
791,44319.5,nan,nan,0.697561,0.988371,1.0041,0.980996,0.791851,-0.109575,-0.000343822,127.834,1.35535,2.84642,0.985831,0
792,46034.4,nan,nan,1.24348,0.99486,1.01483,1.03103,1.01976,0.0277954,-0.000217767,8.7162,0.980142,0.726569,1.0445,0
793,40737.2,nan,nan,1.46709,0.976388,1.00277,1.01354,1.1258,0.229047,0.00108977,472.898,2.50738,9.01669,1.00677,0
794,42408,nan,nan,1.01333,0.954892,0.985655,1.02656,1.09166,0.106273,-0.00152751,8.46019,0.811234,0.75094,0.825547,0
795,40984,nan,nan,0.945868,1.0235,1.00861,1.05491,0.969945,0.268887,0.000839387,550.32,2.70062,10.5417,0.884594,0
796,51385.9,nan,nan,1.16861,0.982337,0.987131,0.956528,1.14919,0.101749,-0.000790079,38.0858,1.02361,1.23339,0.965556,0
797,49121.2,nan,nan,0.987995,0.992746,1.00086,1.05416,1.13102,-0.0278019,-0.000717256,6.58124,0.837577,0.675677,0.880935,0
798,49709.9,nan,nan,0.908088,1.02484,0.992128,1.02487,1.17028,-0.100565,0.000866778,47.661,1.08208,1.47525,0.975929,0
799,46273.8,nan,nan,1.30907,0.99933,0.983596,0.982481,0.664264,-0.0135633,-0.00185452,82.4519,1.22918,2.08105,1.0113,0
800,44730.4,nan,nan,1.05727,0.972261,1.00585,1.02266,1.28112,-0.00682122,-0.0012962,44.0768,1.01866,1.3761,0.929599,0
801,51771.1,nan,nan,1.2919,1.01779,1.00114,0.962986,0.91983,0.129818,0.00086752,126.169,1.37477,2.82968,0.969914,0
802,48133.2,nan,nan,1.06552,0.980183,1.00489,1.07211,1.01951,0.038383,-0.000810955,14.1011,0.879739,0.860076,0.884937,0
803,45222.7,nan,nan,0.607737,0.997135,0.99905,0.988403,0.647387,-0.0815617,-0.000563984,101.482,1.25761,2.39762,0.970447,0
804,28550.8,nan,nan,1.08969,1.07207,1.00134,1.01828,1.13007,-0.292982,-0.000491835,660.506,2.89598,12.3749,1.00652,0
805,53214.1,nan,nan,0.963647,0.997753,0.994113,0.979946,1.00922,0.0875102,-0.000172877,46.2117,1.10216,1.38239,1.02251,0
806,46041.1,nan,nan,1.04285,0.975557,0.999792,0.997775,0.851955,0.117218,0.000430615,210.592,1.62137,4.33761,0.929585,0
807,47672.7,nan,nan,0.998176,0.990212,0.997841,1.04458,1.07723,0.0754489,0.000895319,147.815,1.427,3.22236,0.957554,0
808,48288.4,nan,nan,1.24077,0.998639,1.02363,0.984439,1.1594,0.145253,0.000818423,188.045,1.63523,3.93636,1.02796,0
809,44845.6,nan,nan,0.848774,0.99792,1.01634,1.04035,1.09324,0.272215,0.000204671,364.447,2.15446,7.09355,0.920202,0
810,49298.3,nan,nan,0.824873,0.99761,1.00642,0.963986,0.460797,0.0620498,-0.000870095,33.3464,1.02384,1.18059,0.981859,0
811,17.9357,-31.2145,-0.780489,0.653632,1.02052,1.00386,0.938902,0.831222,0.0323429,0.0010532,318.993,1.37409,6.20271,0.500826,1
812,50897.6,nan,nan,1.39259,1.01973,0.992581,1.00146,1.28983,0.141435,0.000295883,152.454,1.41392,3.34105,0.885041,0
813,50381.6,nan,nan,0.670404,0.99543,0.997578,0.967757,0.88864,0.0958437,-0.000586753,37.8427,0.956585,1.27382,0.87016,0
814,51725.9,nan,nan,1.0011,1.02058,1.00231,0.992642,0.822482,0.159919,0.000733781,160.241,1.59645,3.46628,1.07686,0
815,49001.1,nan,nan,0.956123,1.02025,0.996282,1.03998,0.843325,-0.0107527,0.000890856,39.8874,1.01711,1.31296,0.938374,0
816,50261.4,nan,nan,0.896708,1.00717,0.999961,0.972926,1.02538,0.0714603,0.00100333,118.679,1.25557,2.73328,0.853539,0
817,51092.6,nan,nan,1.16248,1.00822,0.998917,1.03583,1.15249,0.0143295,0.000861462,13.811,0.899779,0.79637,0.928276,0
818,50639.2,nan,nan,0.764485,1.03317,0.997347,1.01443,0.98308,-0.110081,0.00292304,48.9027,1.17693,1.45554,1.10068,0
819,51357.8,nan,nan,1.06652,0.975488,0.985107,0.983792,1.05176,0.15323,0.000161136,84.7679,1.17262,2.12419,0.908936,0
820,49891.7,nan,nan,1.29375,1.02678,0.996929,1.05406,0.694989,0.0920409,0.00120488,165.565,1.56127,3.57065,1.01829,0
821,48973.8,nan,nan,0.707341,0.995065,1.0029,0.928718,1.11302,-0.236943,0.00101191,134.493,1.28415,2.97089,0.831636,0
822,36507.4,nan,nan,1.03581,1.01442,0.990605,0.931584,1.36148,-0.279902,-0.000105199,499.384,2.41112,9.46789,0.944836,0
823,49210.7,nan,nan,0.553944,1.02261,1.02261,0.975135,1.15266,0.030009,-0.00162607,9.56249,0.815743,0.739257,0.836208,0
824,47056.1,nan,nan,1.04125,0.992603,1.00877,1.02291,1.01465,0.0397769,-0.00180418,31.715,1.05563,1.11905,1.0392,0
825,47463.2,nan,nan,1.35251,0.987053,0.993185,0.968355,0.825533,0.0227002,7.91195e-05,11.1967,1.08717,0.821955,1.15615,0
826,49180.3,nan,nan,0.802644,1.02649,0.980781,0.98772,0.710356,0.0603088,-0.0013594,8.85565,0.82917,0.752293,0.849675,0
827,38775.3,nan,nan,0.856358,0.998789,1.00058,0.966554,0.970458,-0.195332,-0.000766297,425.642,2.23134,8.1507,0.92611,0
828,17.931,-36.4889,-7.18582,1.03141,0.968017,0.982491,1.03083,1.12813,0.0348888,0.00190124,274.881,1.96956,6.12114,1.20702,1
829,50316,nan,nan,0.93204,1.00934,1.00671,0.945067,0.634606,0.0474736,-0.000361508,19.8722,0.8935,0.931166,0.883234,0
830,51463.9,nan,nan,0.967392,1.01769,0.97929,0.994935,1.04288,0.0961349,-0.000688864,35.1951,1.04583,1.21243,0.999707,0
831,25355.8,nan,nan,0.935589,1.04912,0.980487,0.947802,1.19904,-0.221111,-0.0024737,906.073,3.47771,16.6698,0.848093,0
832,46007.5,nan,nan,0.902682,0.997437,1.00614,0.996024,1.15638,-0.0291151,-0.000636258,12.0398,0.940163,0.810757,0.973079,0
833,42438.7,nan,nan,1.05965,0.981542,1.00519,0.977533,1.02444,-0.0775266,-0.000638658,132.701,1.26773,2.94273,0.868188,0
834,46657,nan,nan,0.884948,0.961601,0.99373,1.04087,1.19662,0.0323079,0.00112066,108.118,1.30286,2.46835,1.00322,0
835,50967.6,nan,nan,0.995972,1.01327,1.01861,1.01869,0.797866,-0.120743,0.00150794,21.2938,0.994932,0.966335,1.00281,0
836,49712.4,nan,nan,1.09871,1.03763,0.977521,1.06187,1.0175,-0.0963369,-8.26858e-05,105.922,1.26927,2.4397,0.951852,0
837,45221.7,nan,nan,1.00132,1.00054,1.02088,1.01706,1.6301,0.339063,-0.00191474,455.612,2.46719,8.72088,0.897201,0
838,50401.1,nan,nan,1.03686,0.980979,1.00004,1.00631,0.913825,-0.0441505,5.33065e-05,10.155,0.885706,0.774006,0.916249,0
839,47135.3,nan,nan,1.10757,0.981464,0.999429,0.973469,1.10352,-0.0414616,-0.000343666,38.3341,0.995276,1.25929,0.92684,0
840,48766.9,nan,nan,1.04976,0.979012,1.005,1.00756,0.927321,-0.00928561,0.000258474,22.673,0.888336,0.997682,0.859223,0
841,54417.3,nan,nan,1.0572,0.99136,0.981083,0.968561,0.975238,-0.147118,0.00207595,8.80466,0.826326,0.730299,0.854081,0
842,47651.4,nan,nan,0.751403,0.979848,0.999022,0.981919,0.851147,0.00363352,0.000546077,36.3373,1.08486,1.26243,1.03847,0
843,43687.6,nan,nan,1.06734,0.990384,0.987917,0.912195,0.961945,-0.140813,2.3435e-05,168.509,1.43669,3.56693,0.915248,0
844,43856,nan,nan,0.720771,0.971352,1.01487,1.02627,0.734692,-0.195135,0.000258105,128.529,1.37745,2.90983,1.00051,0
845,15.9234,-29.8109,-8.74324,0.94026,0.969466,1.00562,1.00865,1.07302,0.0953875,0.00225959,443.601,1.99442,9.82352,0.541592,1
846,37761.3,nan,nan,0.649996,0.990253,1.00103,1.01396,0.846097,0.268922,0.000803391,660.966,2.87867,12.3699,0.842151,0
847,49868.9,nan,nan,1.21965,0.975123,1.00538,0.988179,1.22155,0.0787266,0.00153141,102.573,1.20311,2.4414,0.867434,0
848,12.2994,-22.7992,-3.15829,0.952648,0.99469,1.00205,1.02313,1.59313,0.0955903,0.00257454,576.189,2.14207,10.3732,0.701625,1
849,48672.9,nan,nan,1.00891,1.00026,1.00138,0.98637,0.784912,0.124079,0.00169742,275.748,1.73558,5.35555,0.77433,0
850,50383.8,nan,nan,1.2774,0.991765,1.00847,0.940667,0.977198,0.110335,-0.00150007,22.4863,0.900662,1.01286,0.870067,0
851,22.5504,35.7319,10.9579,0.927018,0.979828,1.00686,0.961753,0.759635,-0.00377068,-0.00187011,173.347,1.18665,4.20457,0.615697,1
852,48987.7,nan,nan,0.788631,1.00875,1.00093,0.946888,0.98673,-0.0396642,0.00129779,15.2744,0.941777,0.852424,0.965557,0
853,26.276,57.8773,9.4142,0.957179,1.01636,0.992342,1.00807,0.702812,0.0150722,-0.000376931,90.6233,1.05078,2.61775,0.75614,1
854,49280.5,nan,nan,1.10842,1.01312,1.0086,0.981492,1.23918,-0.0248797,-0.000881705,50.4278,1.03593,1.49329,0.913002,0
855,47793.6,nan,nan,1.09332,0.966218,1.01363,1.03739,0.875428,0.0624401,-0.000785445,10.5353,0.820776,0.776491,0.832396,0
856,49910,nan,nan,1.1331,0.997783,0.987971,1.02155,1.21879,0.0778105,0.000334831,139.599,1.32323,3.04719,0.856746,0
857,52402.7,nan,nan,0.794181,1.01688,0.9971,1.03421,1.04319,0.0100853,-0.000675714,13.1097,0.866529,0.814217,0.881229,0
858,51582.3,nan,nan,1.38907,1.03996,1.00162,1.00194,1.18746,0.178194,0.000752763,253.127,1.82011,5.03969,0.927529,0
859,48109.7,nan,nan,0.748174,1.00467,1.02148,1.02253,1.1755,0.121803,-0.000591889,155.913,1.495,3.34804,1.00706,0
860,50480.8,nan,nan,1.26972,1.00612,1.0049,1.03735,0.881072,0.17133,-0.00105607,105.331,1.22084,2.43126,0.889865,0
861,40964.4,nan,nan,1.02853,0.968182,1.00714,1.03481,0.891142,-0.175961,0.000558661,199.708,1.36504,4.18438,0.711559,0
862,48197.2,nan,nan,1.22021,1.02435,0.991097,1.01759,0.752037,-0.241999,0.000331217,183.801,1.67575,3.86585,1.09445,0
863,14.3865,28.806,18.5726,1.15734,1.02131,0.991889,1.00159,0.842527,-0.186856,-0.00107261,452.599,2.46236,9.94075,1.05553,1
864,43805.6,nan,nan,1.05614,0.993491,1.00795,1.04044,1.00088,-0.0798184,-0.000738774,129.149,1.3574,2.90165,0.978617,0
865,47561.8,nan,nan,0.776369,1.00716,1.00381,1.0168,0.890016,-0.106983,0.000442519,105.731,1.16499,2.45711,0.826384,0
866,49539,nan,nan,0.976847,0.972077,0.99648,1.02009,0.993012,0.0965075,0.00117905,92.6772,1.18585,2.20931,0.909792,0
867,41867,nan,nan,1.05986,1.00137,1.01517,1.01435,0.617899,-0.232464,4.99412e-05,282.621,1.82077,5.65206,0.915191,0
868,52095.8,nan,nan,0.960657,1.03624,0.990775,0.960503,1.04415,0.0573145,6.5276e-05,9.35018,0.803764,0.758882,0.816258,0
869,49656.6,nan,nan,0.689512,1.01419,0.992865,0.990382,1.05603,-0.0780851,2.30671e-05,58.2458,1.02702,1.61485,0.868169,0
870,46337.6,nan,nan,0.655136,1.00795,0.983274,1.03679,1.0468,-0.0884203,-0.0011715,167.039,1.48941,3.54498,0.961388,0
871,48097.4,nan,nan,1.45303,1.00719,1.00237,0.998983,0.774769,0.0844122,0.00121261,145.969,1.38526,3.16268,0.918053,0
872,47061.7,nan,nan,1.0976,1.01696,0.975874,1.02135,1.13318,0.282972,0.000291848,429.267,2.36319,8.33169,0.816754,0
873,46412.9,nan,nan,1.09065,1.00151,0.997979,1.03198,1.17561,0.244366,-0.000147554,397.475,2.24845,7.69833,0.85153,0
874,47189.3,nan,nan,0.881338,0.983132,0.998611,1.05303,1.18595,0.0585564,0.00116164,157.211,1.4386,3.3966,0.930411,0
875,53075.7,nan,nan,1.02312,1.0378,1.01422,1.00305,1.28257,-0.0258175,0.000533073,6.39838,0.841411,0.706614,0.879596,0
876,50718.7,nan,nan,0.766833,0.978379,1.00021,1.02736,1.09373,0.104082,-0.00111634,20.9492,0.914649,0.954974,0.903572,0
877,49871.7,nan,nan,0.777821,1.02635,1.00183,0.984754,0.618318,0.0207806,-0.000422105,7.87995,0.831992,0.733567,0.858577,0
878,45520.3,nan,nan,1.17092,1.01526,1.01175,1.02191,1.19305,0.23739,5.96453e-05,480.699,2.63828,9.20847,0.980483,0
879,49287.2,nan,nan,0.899641,1.01173,1.00693,0.932146,1.15019,0.0192733,0.0003265,19.3263,0.898026,0.939567,0.886917,0
880,47884.1,nan,nan,1.06062,1.02703,1.00912,0.987051,0.682705,-0.200502,-0.000273954,163.996,1.49669,3.48813,0.971611,0
881,49909.1,nan,nan,1.27063,1.02076,1.01151,0.979268,1.1832,-0.130567,0.00154259,55.4202,1.09054,1.55518,0.964591,0
882,39560.2,nan,nan,1.10986,1.01052,1.00195,0.965545,1.02204,-0.19134,-0.00075626,386.681,2.19925,7.5317,1.00091,0
883,53072.3,nan,nan,1.24806,1.02007,0.984334,0.93513,0.959901,0.00138197,0.00106425,12.7606,0.929457,0.821628,0.959916,0
884,49762.3,nan,nan,0.814978,1.00932,1.00361,1.03659,0.972976,0.139456,-0.00077481,147.854,1.46467,3.23359,0.986673,0
885,51401.8,nan,nan,0.977124,1.00479,1.01159,1.02703,0.683813,-0.203929,0.00269752,24.9116,0.92742,1.03707,0.896921,0
886,47288.3,nan,nan,1.19957,0.99586,1.00119,1.00413,1.33257,-0.00906696,0.000146922,9.83848,0.808282,0.737597,0.826628,0
887,47031.4,nan,nan,1.21912,1.02964,0.993488,0.956413,1.15356,0.0339723,-0.0032154,105.699,1.23884,2.45462,0.923563,0
888,55767.8,nan,nan,1.25223,1.01908,0.984112,0.966582,1.1395,0.0613685,7.73639e-05,5.3443,0.839336,0.711708,0.876786,0
889,43503.8,nan,nan,1.13173,0.988885,1.00339,0.960046,1.17829,-0.162678,0.00118752,187.048,1.53191,3.84643,0.967896,0
890,50066.7,nan,nan,1.16359,0.989992,1.00332,0.983991,0.794063,-0.0294833,0.00176053,5.02623,0.780371,0.694123,0.80375,0
891,42032.9,nan,nan,0.757096,1.04129,0.998859,1.00886,0.871922,-0.25068,7.33774e-05,381.25,2.19129,7.314,0.973724,0
892,41478.2,nan,nan,0.731758,0.991882,0.988968,0.981069,0.854702,0.290122,0.0010604,706.594,3.26919,13.2743,0.926567,0
893,48987.1,nan,nan,1.33463,0.980951,1.00778,0.991326,0.577606,0.0379112,-0.00127999,13.4477,0.919203,0.805377,0.949631,0
894,51435.3,nan,nan,1.0249,1.00867,0.988373,1.02635,1.18528,0.118166,-0.00137079,38.6589,1.15027,1.2978,1.1094,0
895,52623.6,nan,nan,1.10021,1.01665,0.995254,0.983048,0.500153,-0.00753904,0.000481022,11.1387,0.813756,0.808155,0.815333,0
896,44740,nan,nan,1.22138,0.970727,1.00562,0.997611,1.23997,0.213484,0.000534198,351.904,2.24841,6.86694,1.09858,0
897,50031.9,nan,nan,0.935014,0.979644,1.0033,0.976736,0.992873,0.249414,-0.00155687,118.555,1.29243,2.65814,0.921381,0
898,51942.8,nan,nan,1.32091,1.0135,0.991426,1.04215,1.07937,-0.057944,4.79035e-05,4.33525,0.833122,0.666981,0.879549,0
899,49626.9,nan,nan,1.11767,0.976641,1.01395,1.0205,0.984481,0.0765487,-0.000905296,5.57046,0.776771,0.677753,0.803552,0
900,47705.9,nan,nan,0.574387,0.969993,1.01726,0.982694,0.886836,0.0348877,-0.000743802,8.28543,0.92627,0.748944,0.972738,0
901,40761.4,nan,nan,1.09169,0.961404,0.996539,1.02283,0.956661,-0.163541,-0.000789759,282.061,1.86383,5.59537,1.00226,0
902,44039.3,nan,nan,0.819583,0.975191,1.00425,0.975064,1.0958,-0.0702855,-0.000371274,118.2,1.22004,2.68079,0.86026,0
903,49995.5,nan,nan,1.23354,1.002,1.02068,0.979931,0.580341,-0.0105477,3.63368e-05,5.12643,0.878685,0.659083,0.938295,0
904,46160.1,nan,nan,0.761106,0.997323,0.988594,0.999559,1.02459,0.178063,0.000937668,418.924,2.37855,8.02117,0.939005,0
905,46872.6,nan,nan,0.809671,0.998815,0.993554,1.02306,1.10236,-0.00650139,-0.000612028,28.433,0.867418,1.10223,0.806919,0
906,49493.4,nan,nan,0.995319,0.986245,0.988621,1.0176,1.21491,0.103506,-0.000313556,104.498,1.14469,2.44896,0.793986,0
907,43299.8,nan,nan,0.747062,1.01512,0.996622,1.02932,0.883987,0.127629,-0.00200609,9.59538,0.826721,0.756423,0.843659,0
908,45859,nan,nan,1.1569,0.936537,1.01329,1.02896,0.826606,0.0363876,0.000121803,19.7737,0.838582,0.91654,0.818778,0
909,51993.7,nan,nan,0.973763,1.01846,1.00774,0.985214,1.30631,0.0219562,-0.000321488,25.3615,0.914685,1.05013,0.876856,0
910,50502.1,nan,nan,1.2168,1.00125,1.01908,1.00201,1.0087,-0.0739582,0.00168446,6.496,0.829994,0.696863,0.866429,0
911,48592.3,nan,nan,0.784301,1.0025,1.00453,0.99828,0.987811,0.0284303,0.00256913,137.386,1.42268,3.02186,0.998967,0
912,46550,nan,nan,0.528939,1.00057,1.00018,1.04328,0.822066,-0.0999305,-0.00151651,135.779,1.30731,3.00869,0.868769,0
913,52357.8,nan,nan,0.717384,0.991415,1.00838,1.02672,1.06726,0.0343941,-0.000853256,5.4939,0.841256,0.697846,0.881633,0
914,39423.3,nan,nan,0.979305,0.995488,0.998325,0.99412,0.938911,-0.237411,-1.09832e-05,402.434,2.14583,7.75541,0.888033,0
915,49479.9,nan,nan,0.861959,0.990946,1.00504,0.961538,0.752458,0.0774869,0.000658899,97.4624,1.23738,2.35964,0.93549,0
916,43253.9,nan,nan,1.04767,0.996064,1.01014,1.00373,1.53684,0.207129,0.00136196,462.568,2.48064,8.87649,0.930922,0
917,52572.1,nan,nan,0.632674,1.03764,0.996211,1.00988,0.610462,0.0223132,0.000898634,60.9958,1.02232,1.68331,0.83675,0
918,35229.6,nan,nan,0.843134,0.98377,1.00598,0.989432,1.03406,-0.0625942,0.00108572,8.19423,0.886865,0.715432,0.921095,0
919,48310.7,nan,nan,0.918295,1.01341,1.00374,1.02601,1.20803,-0.0950514,-0.0001198,90.5794,1.18053,2.19327,0.911484,0
920,48166.9,nan,nan,0.994973,1.01955,1.00811,1.01027,1.31541,-0.211861,1.0321e-05,182.981,1.49423,3.82767,0.876519,0
921,45450.4,nan,nan,1.19832,0.989765,0.993286,0.982804,1.09757,0.230963,0.000512353,365.102,2.23284,7.1356,0.994722,0
922,47311.6,nan,nan,1.13178,0.951626,1.01023,0.978056,1.01201,0.0601035,-0.00129499,15.7105,0.824444,0.87525,0.811211,0
923,56301.3,nan,nan,1.2383,1.04216,1.00406,0.955015,1.11138,0.126531,0.000261284,87.3617,1.16692,2.17528,0.868262,0
924,45314.4,nan,nan,1.11096,1.0037,1.01427,0.983748,1.12993,-0.161621,-0.000530003,169.411,1.49487,3.58871,0.966546,0
925,51595.3,nan,nan,0.841395,1.00998,1.00963,0.988603,1.06969,-0.176905,0.00219469,31.4156,1.01751,1.12287,0.988202,0
926,42275.9,nan,nan,0.695291,0.981701,1.00195,1.01952,1.02239,-0.205611,0.000964008,206.187,1.57558,4.27305,0.932915,0
927,33267.3,nan,nan,1.1526,1.00227,0.985299,0.990731,1.13566,-0.128423,-0.00291764,454.27,2.1824,8.73926,0.875393,0
928,49748.9,nan,nan,1.1569,1.01718,1.00559,1.0051,1.02365,0.0061141,5.09864e-05,11.8818,0.976477,0.833781,1.01498,0
929,51855.1,nan,nan,0.928606,0.994868,1.00171,0.979609,1.06945,0.0355821,-0.000346601,16.1219,0.925197,0.870692,0.940392,0
930,48983.4,nan,nan,1.1973,1.02735,1.00244,0.967044,0.872747,0.00928585,0.000149339,5.87388,0.833482,0.679518,0.874512,0
931,51819.2,nan,nan,1.1152,0.993716,0.980889,1.01289,1.00848,0.195367,-0.000180357,150.314,1.40843,3.26958,0.889571,0
932,18669.7,nan,nan,0.847839,0.996989,0.99999,0.992571,1.18294,-0.288162,-0.00202226,981.697,3.8527,18.2416,0.984523,0
933,49385.6,nan,nan,0.883929,1.01387,0.994862,1.02838,1.13043,0.025921,-0.000637428,6.0489,0.709425,0.686371,0.715607,0
934,50477.8,nan,nan,0.827751,1.01102,0.996211,0.984294,0.782404,-0.00636176,-0.000877883,20.1213,0.910188,0.899492,0.913109,0
935,50370.7,nan,nan,1.05007,1.00159,0.995226,1.01229,0.969764,-0.0348721,0.00124561,30.7217,0.988771,1.13134,0.949947,0
936,35679.4,nan,nan,0.90838,1.02119,1.00489,1.01195,1.08299,0.3304,0.000830338,991.722,3.92262,18.3212,1.00781,0
937,47149.8,nan,nan,1.01938,0.959315,1.00502,0.962212,0.929187,-0.0938701,0.000438903,10.0037,0.85421,0.760405,0.878546,0
938,50903.5,nan,nan,0.86425,1.01857,0.9935,1.01033,0.880384,-0.0604149,0.000808991,23.9301,0.933892,1.0072,0.913745,0
939,23.5049,-42.6717,-12.2469,0.979645,1.00506,0.99233,0.949169,1.09727,0.0511309,0.000592467,196.842,1.56931,4.58677,1.00855,1
940,15.518,31.5331,9.58704,1.41621,0.994411,1.01396,1.02795,0.82193,-0.0572341,-0.000626539,229.967,2.30153,5.40366,1.74051,1
941,53010.4,nan,nan,0.351082,1.02715,0.999248,1.01263,1.15861,0.0964464,-0.0005088,5.48449,0.871378,0.690511,0.922492,0
942,42263.7,nan,nan,1.34696,0.964544,0.988874,1.00472,0.881597,-0.159111,0.000541881,178.121,1.53575,3.75508,1.00658,0
943,49765.4,nan,nan,0.912026,1.0277,1.00242,1.03293,0.953579,0.18842,0.00070568,285.351,1.99869,5.63286,1.01577,0
944,50619.1,nan,nan,0.581877,1.02078,1.01095,0.974248,0.911426,-0.105462,0.000101774,77.7259,1.15909,1.98956,0.930969,0
945,46382.7,nan,nan,0.884899,1.00172,1.00659,1.02578,0.839901,-0.0946682,-0.000185713,77.0223,1.12933,2.01898,0.900607,0
946,50853.6,nan,nan,0.940276,0.994189,0.997557,0.998857,0.691941,-0.110781,0.000829931,4.88946,0.910262,0.706751,0.966293,0
947,48112.3,nan,nan,1.12338,0.986944,0.994483,1.00029,0.763257,0.161023,3.39785e-05,169.52,1.46164,3.60761,0.896811,0
948,47548.1,nan,nan,1.13774,1.00478,0.994746,1.03771,1.19119,0.032602,-0.00161034,60.0283,1.12053,1.6551,0.98105,0
949,50576.7,nan,nan,0.848599,1.00089,1.02105,0.976562,1.22079,-0.00899515,-0.000401732,6.52152,0.759262,0.6753,0.782325,0
950,53594.6,nan,nan,0.806803,0.998003,0.979647,0.965586,1.02943,-0.0986904,0.000960785,24.0797,0.814164,0.937717,0.778846,0
951,43678.1,nan,nan,1.02344,0.975001,0.999599,0.990377,0.768265,0.288545,2.74682e-05,390.356,2.20737,7.6097,0.887142,0
952,49998.3,nan,nan,1.18251,1.0081,1.00358,1.04706,1.11976,0.13826,-0.000954302,141.614,1.44074,3.09442,0.992872,0
953,47074.1,nan,nan,0.97893,1.01163,0.992868,0.993845,0.756696,0.285614,-0.000315934,446.31,2.55052,8.53398,1.00089,0
954,43826.4,nan,nan,0.949906,1.00525,0.991614,1.0171,1.21695,-0.136359,-0.00137534,263.998,1.92105,5.28702,1.09272,0
955,49088.6,nan,nan,0.771149,0.996436,0.989531,1.02047,1.53042,0.181469,-0.00088317,178.285,1.48226,3.77405,0.868785,0
956,46684.6,nan,nan,0.928937,0.958927,0.996099,1.01533,1.1917,0.110221,0.000736783,147.206,1.29637,3.18946,0.809044,0
957,46793,nan,nan,1.21402,0.973526,1.0104,0.96826,1.46837,0.0715333,0.000530921,141.636,1.41512,3.13458,0.972104,0
958,47356.4,nan,nan,0.904083,0.993146,0.99727,0.996892,1.04265,0.0554001,0.00107749,132.333,1.35135,2.94641,0.936815,0
959,52098,nan,nan,0.851902,1.03318,1.00409,0.995298,0.687104,-0.0259338,0.000306006,11.4949,0.913007,0.79956,0.944694,0
960,50164.8,nan,nan,1.09005,1.0119,0.989937,1.01924,0.660546,0.0116514,0.00118588,99.6067,1.18381,2.33319,0.872238,0
961,53208.6,nan,nan,1.30053,1.01111,0.994981,0.967461,1.00054,0.133919,-0.00053154,80.909,1.09959,2.03601,0.833573,0
962,49519.9,nan,nan,0.944846,1.0002,0.994781,0.988107,1.16875,0.1248,0.000942793,191.371,1.59379,4.03606,0.936512,0
963,47600.6,nan,nan,1.08845,0.996289,0.99452,0.974906,1.20092,0.198644,0.000703154,352.702,2.21622,6.85864,1.00393,0
964,54474,nan,nan,0.727045,1.02054,0.987745,0.940037,0.791441,0.115639,0.000106124,71.4966,1.1755,1.87431,0.973813,0
965,37090.4,nan,nan,0.763242,0.966467,1.01108,0.976376,0.913123,-0.172837,-0.000849343,386.634,2.061,7.54461,0.903903,0
966,46540.9,nan,nan,0.566727,0.964123,0.99057,1.04496,0.898673,0.0347181,0.000326153,49.7318,1.00944,1.46378,0.892929,0
967,46123.2,nan,nan,1.05087,0.982894,1.0125,1.03641,1.08336,-0.0515671,-0.000213728,51.4331,1.10524,1.49137,1.00665,0
968,41348,nan,nan,1.12416,0.983133,1.01343,0.938024,1.27144,-0.151388,-0.00183401,253.713,1.59777,5.08196,0.782607,0
969,50174.8,nan,nan,1.01689,0.96856,0.988984,1.03531,1.34602,-0.101363,0.00174629,5.63126,1.04846,0.681626,1.14853,0
970,36437.3,nan,nan,1.36703,0.970833,0.986683,1.03163,1.17388,-0.19814,-0.00103016,344.593,1.84545,6.74896,0.829049,0
971,47917.2,nan,nan,0.549554,1.00972,0.999055,1.00128,0.953041,-0.0916431,0.000208935,89.5959,1.23957,2.18452,0.990969,0
972,52317.7,nan,nan,0.799247,1.02695,1.00054,0.966045,0.657328,-0.0564065,0.0022589,64.7879,1.07821,1.73729,0.89395,0
973,53168,nan,nan,1.12989,1.00312,0.998479,0.969544,0.634656,0.0452855,-0.000671515,5.10869,0.957723,0.712355,1.0274,0
974,46115.9,nan,nan,1.22734,1.00324,1.00546,0.995718,1.2986,0.0537048,-0.000100398,28.0903,0.887891,1.09716,0.834751,0
975,43772,nan,nan,1.1437,0.999496,1.01114,0.986745,0.888389,-0.170958,-6.65548e-05,71.6057,1.1648,1.82519,1.00335,0
976,47254.1,nan,nan,0.538152,0.990804,0.988207,1.00221,0.772415,-0.0171363,0.000521614,20.1479,0.902287,0.913501,0.899379,0
977,50311.9,nan,nan,0.975994,1.00335,1.00028,0.992316,1.12449,0.106966,7.02509e-05,102.404,1.41518,2.38138,1.15183,0
978,45742.5,nan,nan,1.10532,0.992123,0.999114,0.97992,1.19994,-0.134098,0.00054031,110.904,1.24972,2.54192,0.921041,0
979,49565.2,nan,nan,1.18454,0.994714,0.999733,1.03926,0.794591,-0.153051,-0.000374907,91.5413,1.27474,2.18136,1.02908,0
980,49868.7,nan,nan,0.769667,1.00088,1.00134,1.02419,0.961589,0.151333,-0.000471138,134.808,1.28489,2.97079,0.828293,0
981,39577.2,nan,nan,1.07304,0.955613,0.994198,1.00048,0.822049,-0.157569,0.000165052,170.749,1.35438,3.62086,0.844853,0
982,51294.2,nan,nan,1.10551,1.03306,0.999562,1.02607,1.15638,0.116561,0.000689171,136.531,1.35752,3.01874,0.899722,0
983,44167,nan,nan,0.635717,0.974072,0.981403,1.03895,0.805524,-0.143596,0.000700717,121.57,1.25784,2.77762,0.882138,0
984,15158.8,nan,nan,1.38388,0.993051,1.00729,1.01883,1.37609,-0.472504,-0.000330561,1062.8,3.99936,19.5656,0.896493,0
985,51109.2,nan,nan,1.01251,0.989544,1.00153,0.990544,0.651053,-0.106826,0.00108189,17.4724,0.830519,0.903881,0.810247,0
986,49362.4,nan,nan,0.727261,0.996226,0.986047,1.03142,0.979496,0.203395,0.000184892,250.829,1.77362,5.09805,0.880138,0
987,36881.5,nan,nan,1.28449,1.01196,0.990644,1.01129,1.14044,-0.248947,-0.000873187,457.501,2.40658,8.74258,1.0762,0
988,50404.3,nan,nan,0.712528,1.01045,1.00099,1.02418,1.15973,0.048735,-0.00112758,10.6932,0.867494,0.804969,0.884583,0
989,51427.7,nan,nan,1.02087,1.02986,0.991046,0.964206,0.942912,-0.0554792,5.98572e-05,4.87051,0.85036,0.677796,0.898112,0
990,43025.5,nan,nan,0.696432,0.983499,0.998521,1.02684,1.10756,-0.119121,0.000141431,149.314,1.40412,3.24235,0.959429,0
991,46661.4,nan,nan,1.09159,1.01667,1.00307,1.0119,0.938708,-0.194131,-0.00011589,163.622,1.39071,3.50829,0.843235,0
992,41853,nan,nan,0.933974,0.997092,1.00724,0.969585,0.747269,-0.0735532,0.000984074,7.67452,0.818808,0.727082,0.84031,0
993,50630,nan,nan,1.09133,1.01987,0.994367,1.00202,1.16799,-0.202219,0.000376702,109.608,1.27844,2.57819,0.920255,0
994,48669.4,nan,nan,0.788725,0.963166,0.985677,0.984018,0.701293,-0.0736015,0.000764839,11.9024,0.873599,0.808196,0.891012,0
995,49416.4,nan,nan,1.2105,1.01951,0.992664,0.922837,1.13926,0.0159963,-0.00152406,32.9902,0.993425,1.1696,0.946159,0
996,38680.1,nan,nan,1.02746,1.0388,0.992165,0.996349,1.32212,0.393694,-8.92623e-05,916.103,3.8483,17.0627,0.946279,0
997,54601.6,nan,nan,1.06944,1.01138,1.00352,1.00056,0.888837,0.126336,0.000934634,50.2958,1.03877,1.48507,0.909458,0
998,45430.7,nan,nan,1.14756,1.00229,0.986543,1.01223,1.02785,-0.103446,-0.000544342,111.586,1.18987,2.63152,0.825188,0
999,52937,nan,nan,0.935674,0.99749,0.997459,0.983445,1.0275,0.0703552,6.14774e-05,37.3242,0.95707,1.26719,0.869303,0
