run,apogee_m,impact_x_m,impact_y_m,wind_scale,thrust_scale,dry_mass_scale,aero_scale,sensor_bias_scale,thrust_misalignment_deg,cg_offset_m,mean_nees,mean_nis,mean_gps_nis,mean_baro_nis,impact_valid
0,82318.5,-45834.1,-15969.6,1.00784,0.963155,1.00857,1.02972,0.869377,0.0231251,-0.00127484,4.46494,0.796714,0.571134,0.955485,1
1,79055.6,65191.9,-3786.75,0.991055,0.984615,0.987355,1.02993,1.19568,0.0358272,0.00217405,33.9261,1.04443,1.07423,1.02449,1
2,85655.3,75341,-3210.02,1.18924,1.01943,0.984023,1.04586,1.17688,-0.0125771,0.00260474,28.3811,0.985868,0.970191,0.997288,1
3,98488.3,-38755.7,-5632.91,1.26922,1.02085,0.985225,0.987844,1.01185,-0.0625085,0.00137998,2.63708,0.789926,0.523462,1.01398,1
4,85039.9,67756.8,-11287.1,1.34685,0.982983,0.991176,1.00718,1.02445,0.0940132,0.000519646,28.9953,0.93923,0.994175,0.899361,1
5,110416,-10031.1,-534.429,0.869562,1.02515,0.983293,0.957455,0.928402,0.0442191,0.000328607,3.93766,1.2959,0.605021,1.94719,1
6,93989.9,-58961.5,-9246.76,1.21222,0.993779,0.996063,0.96395,1.17079,0.112015,-0.00263593,5.54706,0.767656,0.569309,0.92722,1
7,90462.3,-58635,31310.3,0.922522,0.973103,0.977696,1.04047,0.998221,-0.114754,0.0012078,5.86653,0.860841,0.583027,1.07593,1
8,75051.5,-98274.7,4223.53,1.00362,0.985465,0.989212,1.05559,0.544386,-0.07701,-3.93761e-05,14.5182,0.847433,0.744028,0.913415,1
9,81579.3,-58988.5,2174.25,0.956662,1.00505,1.00935,0.983537,1.0266,0.134186,-0.00254495,9.36561,0.825782,0.661619,0.940435,1
10,35.6611,-58.6646,-6.17058,1.00271,0.994466,1.0149,1.04235,0.957092,0.0225207,-1.99322e-05,29.4354,1.01807,1.04824,1.01244,1
11,89045,-83264.6,15556.2,1.0569,0.982938,0.985159,0.953507,1.13995,-0.0558631,-0.000432561,10.2619,0.831928,0.656189,0.966015,1
12,92058.7,-117561,13374.7,0.876646,1.0454,1.00259,1.01046,1.17462,-0.189445,0.000886537,16.2339,0.978553,0.752926,1.15629,1
13,90553.5,-56711,-3525.41,0.859312,1.02215,1.00702,1.02287,1.10976,0.0220433,-0.000395008,4.67943,0.849421,0.55414,1.07817,1
14,72640.9,-105908,41537.6,1.18399,1.02563,1.00738,0.974716,1.03947,-0.23384,0.00179043,17.7385,0.888537,0.814874,0.933967,1
15,88228.9,38109.6,-25848.5,0.845668,1.02314,0.999398,0.960619,1.10682,0.0463182,0.00045531,12.225,0.841388,0.695325,0.951155,1
16,80117.5,52035.8,-9665.23,0.998042,1.00369,1.02124,1.00574,1.26693,0.0353967,0.000854569,30.9023,1.00707,1.02924,0.991952,1
17,75503.4,78509,-19734.1,0.831002,0.969061,1.00158,1.01586,0.921093,0.102682,0.000556038,47.7935,1.11042,1.33891,0.963787,1
18,89040.2,23555.3,-17359.1,1.14254,1.00018,0.999674,0.978337,0.967868,0.0882011,-0.000463231,11.0421,0.827708,0.673184,0.945047,1
19,78264.8,-102363,-5723.83,0.64108,1.00402,1.00743,1.00837,1.02771,0.0221206,-0.00178294,19.1984,0.938738,0.80621,1.02715,1
20,106530,51843.1,-14827.8,0.980497,1.03171,0.986085,1.01949,1.0398,0.137214,0.000864526,21.8407,1.13237,0.912182,1.33254,1
21,92325.7,-103226,22567.4,1.23606,1.02652,1.00717,1.01691,0.757617,-0.191921,0.0011529,17.6413,0.89534,0.787836,0.980419,1
22,92763.4,73120.2,-32438.8,0.961011,1.01711,0.991951,1.01333,0.616995,0.165567,0.00100435,40.7956,1.0441,1.2046,0.916961,1
23,33687.9,-138361,3556.63,1.21225,0.988191,1.00862,0.99384,1.32923,-0.239829,-0.00143751,221.874,1.62333,4.42448,1.06359,1
24,90575.7,-52779.3,292.559,0.988129,1.00257,0.988469,0.975492,1.20862,-0.0401697,-9.80567e-05,5.29116,0.741239,0.579771,0.866271,1
25,82862.3,-123874,13273.9,1.34985,0.998943,1.00586,0.947693,0.617243,-0.121568,-6.8204e-05,17.8234,0.925985,0.796297,1.01812,1
26,84957.9,-102853,22806.8,1.04899,1.02661,1.01031,0.941585,1.04207,-0.0432652,-0.000580722,15.515,0.863821,0.759357,0.939614,1
27,24.4612,-34.8201,-0.878189,1.20991,1.01017,1.00563,1.00396,0.830333,-0.0143286,0.00293667,284.672,1.45207,5.59226,0.699309,1
28,85629.5,61732.7,-9039.93,1.31414,0.999652,1.00188,0.986992,1.03651,0.0709955,0.00082325,29.8472,1.03069,1.00237,1.05136,1
29,87184.7,61890.7,-22227.1,1.14319,0.989298,0.994498,0.969417,1.12504,0.163265,-0.000923678,30.1317,1.11101,1.01675,1.18114,1
30,91042.5,66331.5,-23832.2,1.11634,1.00168,1.0006,0.992661,1.00854,0.205631,-0.00174818,23.8959,0.947982,0.894691,0.989468,1
31,74638.5,-118058,26025.1,0.922441,0.980401,1.00386,1.01861,0.880023,-0.210932,0.00191701,26.1096,1.04406,0.938017,1.11162,1
32,16.3949,33.159,20.5387,0.878324,0.981462,0.986648,1.02331,1.01997,-0.0947877,-0.00235017,390.063,1.84599,8.0154,0.72428,1
33,74203.6,93770.4,-17967.2,1.27716,0.957534,1.00166,0.965961,1.49704,0.226017,-0.000299346,78.3571,1.28152,1.89331,0.895297,1
34,38.0132,47.5427,5.37623,0.851168,0.963296,0.998249,0.997612,1.08111,-0.0154346,-0.00114911,91.2191,1.18729,2.48283,0.944959,1
35,16.5922,-31.9448,-7.80643,0.892131,0.986872,1.00232,0.99456,1.07499,0.0769264,0.000304442,239.803,1.37589,5.77039,0.551921,1
36,65616.6,157582,-16596.9,0.828375,1.01998,0.987083,1.00607,0.803605,0.256088,0.000955164,124.747,1.56734,2.71028,0.934124,1
37,72089.5,-119855,23353.1,1.23444,0.987499,1.00037,0.9634,1.15428,-0.102419,-0.000274512,34.4525,0.948941,1.09808,0.857494,1
38,68367.2,-110926,13683,1.27961,0.969738,1.01371,1.01766,0.961735,-0.0718776,-0.000328318,27.7725,0.965433,0.978716,0.957729,1
39,19.6328,35.4353,12.4344,0.860951,0.98278,0.986724,0.961592,1.53171,-0.0854068,-0.000164156,226.873,1.42569,5.26873,0.700593,1
40,82407,73274.4,-9781.72,1.14605,0.986108,0.996317,1.00834,1.12131,0.121482,-0.000192259,31.8797,0.96722,1.05656,0.904492,1
41,88788,63645.8,-26608.2,0.697354,0.992334,1.00234,1.02766,0.866267,0.174103,0.00053319,38.8601,1.01557,1.17867,0.891838,1
42,80617.6,-145777,47241.5,1.0434,1.02314,1.00879,0.953431,0.975284,-0.235015,0.000333667,48.6722,1.08439,1.3471,0.902708,1
43,89525.7,-12915,-23949.8,0.992797,0.979219,0.982096,1.04051,0.94428,0.121725,-0.00133919,6.77456,0.742349,0.595887,0.854608,1
44,87877.1,5344.68,-4786.23,0.826336,1.01734,0.997498,1.00489,0.83522,0.0199842,0.000854476,3.18587,0.790188,0.525072,0.988214,1
45,44601.3,123348,-25664.9,0.950283,0.986147,1.0111,1.02809,0.734515,0.344027,0.000508475,236.969,1.96061,4.72059,1.0015,1
46,90716.7,-56035.2,13895.2,0.645649,1.0403,0.994698,0.979123,0.891503,0.000986383,-0.000551313,5.23673,0.792164,0.566168,0.966904,1
47,25.0436,36.5527,-1.28667,1.29748,1.02059,1.00684,1.07397,1.32278,-0.019684,-0.00353953,490.263,1.9754,9.51184,0.549591,1
48,27.7819,-38.6497,11.0417,0.99516,0.990993,0.982419,1.00207,0.90309,0.0126888,0.00134055,184.259,1.46905,4.49793,0.893315,1
49,88776.3,-4047.04,-7190.8,0.968661,1.01328,1.0054,1.01695,1.34802,0.047476,-0.000396635,6.59033,0.764278,0.59077,0.895539,1
50,71671.6,119823,-36891.1,0.86455,0.989019,1.00335,1.00252,0.975765,0.257347,-0.000168085,106.217,1.52836,2.38228,1.00828,1
51,85467.8,54099.3,-21162.6,0.529901,0.957778,0.985042,0.98525,0.653701,0.203445,-0.000196853,28.7725,1.01386,1.01161,1.0155,1
52,94138.5,-57668.3,29744.8,0.780841,1.01534,1.01081,0.983704,0.656934,-0.062239,0.000851,3.47068,0.797072,0.543655,1.00131,1
53,81041.9,63399.7,-5051.27,1.04665,1.00055,1.00358,1.02461,1.24084,0.0868254,0.000181638,32.5504,0.964926,1.07669,0.887704,1
54,83307.3,-88115.7,19533.1,1.00715,0.993921,0.982728,1.04441,1.20045,-0.0856856,0.000455385,8.96689,0.839545,0.652791,0.972289,1
55,55657.9,167125,-36851,1.01645,1.03728,0.996509,0.968387,1.05889,0.309239,0.00196149,234.485,2.13901,4.64592,0.981746,1
56,72787.1,-122243,6097.62,0.828201,1.00071,1.00959,1.01729,0.926593,-0.104679,-0.00108482,37.4874,1.04301,1.1584,0.971491,1
57,75807.8,-125460,25407.4,0.940048,0.983497,1.00602,0.995058,1.06795,-0.231189,0.00118027,27.3346,0.986705,0.982274,0.989577,1
58,49804.3,-162443,11436,0.986207,1.0054,1.00002,0.932177,0.818661,-0.28092,6.9512e-05,115.349,1.45854,2.53362,1.02414,1
59,53218.8,133996,-26691.9,0.905185,0.991555,1.01903,1.04478,1.03151,0.358269,-0.00044157,196.539,1.89916,3.98696,0.988115,1
60,85955.5,-60292.9,512.965,0.848264,0.96077,0.990106,0.977291,1.38765,0.114206,-0.00195088,6.18134,0.854753,0.589734,1.04961,1
61,90853,45495.3,1029.92,1.36921,0.999073,0.988742,1.0014,1.28981,0.0698135,0.000224688,24.9215,0.969658,0.902307,1.02188,1
62,88169.9,61899.1,-14076.7,1.00912,1.00153,1.01225,1.01166,0.86041,0.124434,2.69109e-06,23.499,0.927102,0.909632,0.940261,1
63,94205.3,-57609.5,7304.15,1.06913,1.00605,1.00979,0.990406,1.11995,-0.0675265,3.63487e-05,3.87574,0.778861,0.539202,0.971972,1
64,80319.5,-130520,7243.55,0.975911,0.991185,1.00649,0.967469,1.0382,-0.084578,-0.00196545,31.1389,1.01949,1.01868,1.02005,1
65,69008.7,-151491,6883.69,1.5564,0.995035,0.982499,1.00064,0.904397,-0.218629,3.68706e-05,72.8757,1.23003,1.77906,0.907804,1
66,98754.1,-24615.8,-10684.5,1.02778,1.01667,0.99926,0.957946,0.951669,0.0929584,-0.00123036,4.72647,0.810271,0.567738,1.01498,1
67,79164.8,407.045,-5670.93,1.03101,0.998678,1.00082,0.996978,1.10654,0.029116,-3.13623e-05,6.32329,0.840678,0.585827,1.01335,1
68,68626.9,123382,-30259.1,0.972255,1.00951,1.02751,1.00653,1.10109,0.303756,-0.000165441,115.949,1.58031,2.57103,1.00505,1
69,87628.6,65300.3,-21611,0.834202,0.991951,0.998462,1.01549,0.942067,0.130965,-0.000443992,24.2697,0.965209,0.920862,0.998399,1
70,73799.9,-115120,28784.7,0.765518,1.02183,1.00446,0.977172,1.17995,-0.0830466,-0.00169198,25.0368,0.950328,0.916623,0.971448,1
71,79058,-32936.7,-9641.1,0.808798,0.987104,1.02191,0.98055,0.754659,-0.0175329,-3.04076e-05,2.44918,0.76821,0.526302,0.931037,1
72,66589.7,-129816,9256.35,0.954587,0.984211,1.00434,0.952972,1.01305,-0.067726,-0.000798857,39.1642,1.05007,1.19049,0.970879,1
73,18.6392,32.998,5.24997,0.974942,1.00791,0.996983,1.08632,0.904579,-0.0727968,-0.000359513,248.95,1.50562,5.46167,0.771512,1
74,93576.1,42665.6,7125.3,0.822189,1.0127,1.00334,0.959834,0.733104,-0.0588558,0.00331155,15.0869,0.906379,0.741662,1.03805,1
75,91884.4,-52638,18820.3,1.03433,1.01702,0.985725,0.979674,0.937368,-0.020024,-7.51854e-05,3.84789,0.781429,0.549104,0.963516,1
76,90815.7,-59083.7,21038.9,1.30497,1.00556,0.98982,0.984224,1.27068,-0.0579911,0.000131986,5.46727,0.829747,0.561572,1.03786,1
77,88322.3,8493.55,7831.1,1.13978,1.00699,0.997951,0.992289,0.719109,-0.038377,0.00150262,12.6106,0.83674,0.727068,0.919391,1
78,76978.1,-106444,20481.4,0.832476,1.04147,0.999283,1.01001,0.730403,0.0151401,-0.00192963,20.8389,0.949551,0.838956,1.02205,1
79,14.0458,-28.5761,-3.35778,1.05449,0.980921,0.994196,0.984778,0.990807,0.0816356,0.000243735,285.302,1.85543,6.18656,1.09111,1
80,92884.6,-61570.5,15558,1.15333,1.01153,1.00594,0.976147,1.01451,-0.0166243,0.000121788,3.9858,0.824839,0.554013,1.04012,1
81,99976.9,9596.22,-25139.3,0.778358,1.02133,1.00305,0.941744,0.473276,0.0454708,0.000358417,3.38178,0.775003,0.546888,0.969727,1
82,83629.6,56891.9,-22133.9,1.3009,0.999545,0.996923,1.02264,0.96119,0.103076,0.000584066,27.9763,0.92825,0.985246,0.887511,1
83,89578.5,39019.8,12288.6,0.76502,1.02014,1.00721,0.991001,0.741993,-0.0367998,0.0020071,19.4102,0.843448,0.830273,0.8535,1
84,92252.3,-7282.59,-21782.4,0.841797,1.0041,0.997112,0.979045,1.2037,0.0724607,-0.000726187,5.53041,0.844854,0.577118,1.05566,1
85,91711.4,-1605.39,-32910.2,1.16017,1.00599,0.985319,1.01564,1.1242,0.0809007,-0.000552028,5.73125,0.779434,0.586229,0.93126,1
86,79157.7,-112395,-1900.42,0.978838,0.978494,1.00608,0.969891,1.11877,-0.084839,-9.39157e-05,22.1848,0.913623,0.87275,0.941316,1
87,88062.9,-113657,13297.2,1.28911,1.016,0.996823,0.987956,0.639098,-0.162691,0.000362444,12.6827,0.828691,0.705046,0.921937,1
88,90756.7,65918.4,-17861.3,0.981874,1.00724,0.997478,1.04693,1.01818,0.124515,-6.33272e-05,24.6888,0.927522,0.93058,0.925152,1
89,78005.7,118797,-38773,0.647919,1.01477,1.01254,1.00822,1.0976,0.301298,-0.000933931,85.9422,1.40489,2.02525,0.992134,1
90,94599.1,59812.9,-23837.7,0.838962,1.01285,1.00301,0.970915,1.05654,0.146719,-0.000743978,16.569,0.811249,0.772711,0.842407,1
91,95143.8,46707.2,-13581.2,1.30941,1.02121,0.99221,1.00387,1.27895,0.0873042,-3.96077e-05,23.2915,0.90065,0.903697,0.898179,1
92,92229.4,62639.5,-20183.9,0.797573,1.01117,0.995373,0.997821,0.947624,0.0781654,0.00182787,31.3875,1.00769,1.03425,0.986799,1
93,24422.9,-111861,38754,0.859644,0.987158,1.00437,1.01693,0.719061,-0.351355,-0.000986734,314.821,1.81238,6.1152,0.952474,1
94,89848.6,14981.8,-18623.4,1.09629,1.00843,0.999611,0.99585,0.833843,0.0655679,-0.000111029,12.3122,0.839248,0.700811,0.945264,1
95,92111.9,78526,-28326.1,0.90898,1.01566,1.00617,0.973916,0.7979,0.212144,0.000117153,49.1393,1.11954,1.36358,0.927399,1
96,77105.9,-137302,38532.2,1.15751,1.00767,1.00089,0.957884,0.935729,-0.209973,0.000198403,44.1898,1.15748,1.27537,1.07983,1
97,69082.5,-133649,15244.6,0.985571,0.990547,1.00448,0.97439,0.919912,-0.151881,-0.000139096,40.1799,1.03052,1.19783,0.932307,1
98,94240.6,11103.1,-5512.62,1.00847,1.02407,1.01399,1.02932,1.2404,0.00254772,0.000787335,9.13315,0.828192,0.658428,0.964742,1
99,58378.3,148946,-1076.21,1.22959,1.01643,1.00246,1.02243,0.992841,0.269019,0.000974084,181.635,1.93729,3.70602,1.0785,1
100,99471.8,-81398.1,28686.1,0.893973,1.02425,0.979135,1.02169,1.38977,-0.109101,0.000991096,7.99618,0.781266,0.626927,0.912289,1
101,106205,-51378.3,25026.2,1.01552,1.05371,1.00441,1.01804,0.873289,-0.102134,0.00155178,4.02581,0.988267,0.605553,1.33532,1
102,84168.7,-42571.1,-7038.29,0.769912,0.975526,0.978876,1.03124,1.05026,0.0547676,-0.00169912,4.29661,0.798145,0.569958,0.962409,1
103,87253.8,7863.8,-5462.91,0.809304,0.993704,1.00664,0.959833,0.947037,0.0226898,0.000320256,8.63172,0.779964,0.642285,0.882459,1
104,58243.4,-13168.2,-17008.7,0.71367,0.979363,0.999998,0.987206,1.13241,-0.00923638,-0.000554242,3.34026,0.815162,0.554121,0.94332,1
105,55093.9,-159867,13500.2,1.02809,1.00162,0.997019,0.974618,1.39611,-0.195716,-0.000855499,109.582,1.4485,2.43225,0.999279,1
106,31907,-120991,73767.3,1.20929,1.00947,1.00093,1.0201,0.93984,-0.320245,-0.000439449,264.186,1.64413,5.20912,0.931689,1
107,97721.8,4413.74,-8889.44,0.856329,0.995806,0.996042,1.02771,0.906489,0.121432,-0.00100867,2.86864,0.717353,0.537115,0.867844,1
108,80320.2,-20707.3,37445.5,1.23282,1.0134,0.976812,0.963355,0.898798,0.0172424,-0.00010134,4.35908,0.740989,0.543616,0.875662,1
109,31.8442,-66.4187,17.7876,0.999312,1.02817,0.992604,1.00156,0.914444,0.002048,0.000798211,88.0148,1.25625,2.67411,0.987713,1
110,18.7465,-34.5753,-11.4274,1.15563,0.986361,1.00356,0.978716,1.1866,0.060028,0.00138787,232.34,2.30419,5.83789,1.65234,1
111,95585.6,73118.1,-17836.3,0.89357,1.03038,0.991155,0.980449,0.734472,0.0788784,0.000575009,26.1207,0.870014,0.92967,0.821369,1
112,69123.6,-144752,9856.53,0.788405,0.98529,0.99505,0.939041,0.965039,-0.229446,0.00029745,64.2451,1.188,1.62457,0.931439,1
113,88701.7,64035.5,-28310.1,0.883055,1.00927,1.01604,0.984948,1.12689,0.17634,-0.000833594,28.9835,0.956039,0.993157,0.927876,1
114,89850.9,-45754,5812.85,0.881807,0.997272,0.98704,1.00808,0.880215,-0.0228828,-0.000102645,3.85053,0.80071,0.553044,0.99056,1
115,83368,-78901.7,34193.9,0.940771,0.984406,0.983643,1.00214,0.969643,-0.0982143,0.000677543,12.3205,0.822844,0.708681,0.904128,1
116,79417.5,-115937,14970.3,1.27472,1.00954,0.993042,1.03813,0.966446,-0.0672208,-0.000309595,28.8338,0.961371,1.00818,0.929659,1
117,59157.4,5154.43,-1836.64,0.811674,0.95689,0.993854,1.06941,0.554686,0.0985434,-0.000551,3.81368,0.72223,0.560261,0.801696,1
118,13.1728,-26.2391,-11.6314,0.58451,1.0198,1.00773,1.0338,1.00214,0.210279,0.00091974,516.789,3.3013,11.2059,1.84066,1
119,67160.8,-122456,14811.6,0.921908,0.976215,1.00678,1.05233,0.806591,-0.229758,0.00152113,42.1381,1.08242,1.24409,0.990399,1
120,94999.9,-68017,-4453.35,0.859049,1.01979,1.01641,0.960637,0.977244,-0.0684224,6.54497e-05,3.66081,0.797611,0.535997,1.01025,1
121,88679.5,-72287.9,-34442.5,0.732479,1.01788,0.992497,0.954332,1.00193,0.0570148,-0.00157749,8.68858,0.845671,0.628763,1.00988,1
122,96550.6,69103.4,-27509.7,1.08637,1.02383,0.994421,0.99729,0.824967,0.194573,0.000148848,35.8594,1.02597,1.11864,0.949503,1
123,80947.6,77804.8,-15996.5,0.784754,1.00197,1.01549,0.984634,1.26767,0.11025,0.000544901,43.1203,1.14487,1.22698,1.08822,1
124,94900.1,-33726.8,4128.54,0.964047,1.01678,0.988699,0.977617,1.39558,0.00469925,0.00017557,4.68179,0.819744,0.562089,1.02842,1
125,64859,126957,-25440.1,0.735918,0.977199,0.981725,1.03407,1.01334,0.299977,4.68675e-05,132.528,1.67199,2.8557,1.02591,1
126,54608.7,-152856,33838.8,0.779293,0.993854,1.00033,0.993252,0.99412,-0.170338,-0.00127348,104.237,1.4945,2.35379,1.10629,1
127,82349.1,68569.3,-18102.4,1.04454,0.982421,1.00437,0.950164,0.856364,0.119127,0.000597235,44.4635,1.11685,1.26065,1.01589,1
128,71075.4,-125297,17117.7,1.05616,0.994017,1.01182,0.9704,1.40533,-0.144025,0.000459841,33.9697,1.09676,1.09713,1.09654,1
129,91431.2,67732.6,-29596.3,1.183,0.991026,0.97729,1.06592,0.906574,0.25361,-0.00090465,33.3454,1.00343,1.0831,0.941213,1
130,80377,-64267.5,16181,0.756932,0.971844,1.00685,0.982408,0.546666,-0.0773691,9.15171e-05,3.12218,0.855638,0.5232,1.08358,1
131,89806.7,-5001.4,16871.6,0.87674,1.01121,0.983527,0.971912,1.4081,-0.0389354,0.00134126,9.10329,0.831928,0.654621,0.967737,1
132,86351,-76351.1,24533.9,1.02953,1.01664,1.0083,1.0513,1.04656,-0.0711152,0.000386445,8.0123,0.812964,0.625696,0.95102,1
133,87183.6,16442.5,-6806.49,1.22821,0.984152,1.01016,1.03014,0.920687,0.0531423,0.000407372,9.55476,0.89912,0.639695,1.09222,1
134,86336.1,10786.4,-15910.8,0.764232,0.987093,1.00639,1.06741,1.14074,0.0337734,0.000351313,7.43457,0.805723,0.593324,0.962209,1
135,55194.9,-143648,9615.76,1.02794,0.973327,0.997997,0.997278,0.83899,-0.146875,-0.00182858,83.769,1.26022,1.98318,0.929607,1
136,91667.1,19091.5,-14819.7,1.20716,1.01434,1.00511,0.984795,0.921725,0.0719755,-0.000210371,9.34776,0.809097,0.645194,0.937186,1
137,82574.9,-3650.06,-9339.75,1.00453,0.98278,1.00348,0.988573,1.04497,0.0184818,-8.94565e-05,7.87169,0.808699,0.605121,0.951909,1
138,91362.5,-48995.9,23701.5,1.04085,0.997588,1.00664,1.02827,0.892373,-0.124714,0.00216504,3.49159,0.714097,0.550333,0.842171,1
139,69287.5,-123490,20563.1,0.820798,0.989111,1.01235,0.946632,0.837585,-0.079162,-0.00146667,39.3674,1.00602,1.16687,0.911509,1
140,91934.7,51060.6,-12843.4,0.914955,1.0033,0.989574,0.985856,0.635978,0.0878086,-5.83939e-05,25.6749,0.898967,0.942312,0.864974,1
141,88902.9,70510.1,-21093.2,0.95092,0.984951,1.01034,0.962678,0.9423,0.204399,-0.000133476,30.6638,1.02124,1.03119,1.01367,1
142,99249.4,-65203.9,16768.6,0.882304,1.0077,1.01548,0.98451,1.11394,-0.0803142,0.000243352,3.58075,0.774155,0.55108,0.964028,1
143,82775.8,-33615.5,-4814.18,1.25737,0.967586,0.995123,1.02103,1.02785,0.035797,-0.000782073,4.88446,0.802978,0.588322,0.954529,1
144,24.3483,43.8747,-6.49415,1.01587,1.01628,0.991327,1.04235,1.02793,-0.0107975,-0.000521126,96.7755,0.938345,2.71299,0.615682,1
145,78632,-127609,36131.9,0.751839,0.993374,0.999627,1.02197,0.968681,-0.12879,-0.0011063,34.0052,1.12048,1.08116,1.14695,1
146,91589.6,-9910.17,-7691.07,1.00273,1.00444,0.995135,0.983718,1.14608,0.0304066,-8.2159e-05,7.48954,0.841555,0.631584,1.00553,1
147,87881.5,81417.5,-24237,0.848039,1.00385,0.993948,0.996595,1.1238,0.189362,-0.00060035,40.7252,1.04677,1.21159,0.923294,1
148,27.646,-49.5328,2.80039,0.841846,1.01642,0.974465,0.991234,1.12845,0.0266712,8.02031e-05,66.9414,0.936025,2.13515,0.708606,1
149,57067.2,131720,-39946.2,0.736352,0.971763,0.998987,1.04421,1.31669,0.402516,-0.00144758,161.306,1.70551,3.36514,0.919567,1
150,85360.3,-79860.9,-13278.6,1.09811,0.997962,0.991085,0.930147,1.30135,0.0258354,-0.001655,3.71095,0.79836,0.562737,0.969943,1
151,81332.5,-68808.5,10772.3,1.12981,0.981762,0.998704,1.04183,0.652144,-0.0344286,-0.00011058,8.1259,0.80648,0.620731,0.935309,1
152,90503.6,-75630.9,27899.6,1.08054,1.01095,0.992675,0.945532,0.966266,-0.0758145,0.000436684,8.87529,0.887949,0.654105,1.06873,1
153,88234.7,-127652,14071,1.124,1.01343,0.993026,0.950266,0.91083,-0.0888013,-0.000192796,18.06,0.937971,0.791793,1.04859,1
154,104680,13052.4,-4695.72,0.845522,1.02178,0.985556,1.02772,0.809773,0.0693478,-1.12665e-05,7.11558,0.898064,0.628554,1.13893,1
155,85038.5,66734.3,-19070.4,0.6439,0.988691,1.00517,0.997448,1.13147,0.100516,0.00114696,32.1415,1.02084,1.0481,1.00103,1
156,78230.3,-136693,15888.1,0.81012,1.01476,0.996144,0.976839,1.0549,-0.0697427,-0.00244791,40.4401,1.02874,1.22498,0.897652,1
157,86694.9,53762.7,-7980.24,0.848143,1.00995,1.00788,1.04111,0.933966,-0.0040377,0.00213741,22.8096,0.998605,0.878319,1.08751,1
158,93823.2,-46838.4,4207.92,1.02851,1.02425,0.993147,1.01088,1.2987,-0.0577581,0.0006601,4.77423,0.806756,0.572265,0.994374,1
159,97395.3,-46232.4,5859.33,0.802836,1.00204,1.00044,1.02212,0.840346,0.0287504,-0.000198713,2.96865,0.76314,0.545776,0.944469,1
160,102083,56878.7,-26968.9,0.743446,1.03713,0.999192,0.970811,0.882919,0.184889,-0.000479585,22.2225,1.0055,0.880249,1.11455,1
161,88282.2,-59895.5,13236.3,1.32389,0.9728,1.00268,0.985744,1.24575,-0.0370026,-0.000240346,5.28041,0.849701,0.56626,1.06393,1
162,13.8143,-25.654,-3.43334,0.600039,0.980808,0.982678,0.96038,0.60087,0.0574053,0.000644202,309.758,2.58083,6.47046,1.89443,1
163,77495.2,133163,-17916.1,1.15306,1.0246,0.997119,0.967646,1.15734,0.213205,0.00064471,101.68,1.52588,2.29215,1.02058,1
164,90427.6,-3863.33,-6043.21,0.985433,1.00712,1.0022,1.04309,1.16509,0.134569,-0.00170542,4.88039,0.786515,0.562346,0.959688,1
165,93263.2,-72720.4,-29992.3,0.786608,0.998873,0.986302,0.984934,1.21079,0.158063,-0.00347011,8.49942,0.790356,0.629747,0.918564,1
166,68029.2,-112871,1601.03,1.08469,0.969718,0.994689,0.978624,0.878075,-0.1551,-0.000203265,18.1509,0.921312,0.794887,0.994179,1
167,55183.1,-159535,27843.6,0.871308,1.0038,0.991699,1.02241,1.22366,-0.297894,0.000432816,112.577,1.4495,2.50185,0.968247,1
168,84914,-65589.3,-3280.91,0.981406,0.978335,1.00071,0.967268,1.0212,0.00656023,-0.0009366,3.1298,0.791177,0.540249,0.973182,1
169,69255,-126453,20146.1,0.824801,0.987485,0.999542,1.02251,0.866014,-0.103895,-0.000587402,35.2533,1.05184,1.10676,1.01954,1
170,73481.9,-119022,-6170.84,0.969654,0.988687,1.00341,0.988234,1.16157,-0.071642,-0.00050744,25.7223,0.940067,0.937966,0.941382,1
171,74216.8,-120973,-6820.6,1.2273,0.99867,0.995336,0.991695,1.26768,0.0753291,-0.00277745,30.5456,0.992078,1.02943,0.968479,1
172,61647.4,-147634,22393.6,1.23189,0.995969,1.01727,1.00982,1.1738,-0.261186,0.000372331,87.2547,1.38202,2.02324,1.04902,1
173,92267.2,-69467.2,5273.06,0.877307,1.01726,1.00395,1.04819,1.0183,-0.123567,0.00169929,6.49961,0.775783,0.595755,0.917769,1
174,87182.9,10477.6,7777.15,0.931347,0.995396,1.0036,0.973485,1.25385,-0.0278612,0.0014332,8.24865,0.780415,0.622442,0.897885,1
175,70055.6,-122660,-5296.72,1.03252,0.977827,0.989191,0.981573,0.929441,-0.0597171,-0.000946536,37.3519,1.03132,1.13764,0.96814,1
176,4650.65,-50021,7068.94,0.814822,1.00327,1.00101,0.99663,0.861581,-0.503518,-0.00106529,1260.01,4.64144,23.096,0.960746,1
177,96800.1,63566.7,-22930.4,1.11315,0.999829,0.986548,1.00204,1.06443,0.266896,-0.00115459,33.8975,0.981629,1.06949,0.908849,1
178,93400.4,-86297,-8831.28,0.807076,1.02327,0.994813,1.02564,0.842754,-0.0478374,-0.000423402,10.5299,0.814467,0.68346,0.918968,1
179,57824.2,-152655,43728.3,1.15141,0.997613,0.991829,1.03646,0.938683,-0.265995,-0.000140943,96.0953,1.34312,2.18506,0.936608,1
180,50276.3,-150435,33120.7,0.887108,0.991545,1.00447,1.03129,1.06103,-0.282448,0.00023345,111.861,1.50801,2.4605,1.1188,1
181,14.0065,25.2016,8.20345,0.601206,0.982195,1.03011,0.997688,0.763983,-0.120256,-0.00192567,416.679,3.3534,9.35667,2.23192,1
182,90971.7,-73286.2,12650.8,0.655298,1.00953,1.00801,0.983905,0.451192,-0.120957,0.0010839,5.88015,0.762648,0.58427,0.901439,1
183,13.6063,26.809,10.877,1.00524,0.954415,1.00299,1.02657,1.0851,-0.106788,-0.000569211,250.698,1.5199,5.63208,0.76004,1
184,83195.6,70553,-17331.2,1.1195,0.980425,0.993676,0.997858,0.714755,0.112391,0.000170579,26.2546,0.923152,0.938258,0.912447,1
185,67121.4,116104,-37856.5,1.20777,1.00778,1.01424,1.05749,1.01348,0.231165,0.000920592,111.454,1.55113,2.49493,1.01533,1
186,15635.5,-91793.7,27586.6,0.904901,1.01931,1.00228,0.994933,0.942402,-0.426905,-0.000622613,482.233,2.22627,9.06803,0.859639,1
187,61512.6,-132339,18577.1,1.02338,0.976075,0.998836,1.01428,0.981065,-0.153825,5.34406e-05,51.1326,1.14762,1.39328,1.02064,1
188,28370.7,-126973,24226.7,1.37169,1.00143,1.02021,0.999291,0.888609,-0.257986,-0.000951299,216.361,1.50867,4.36416,0.937912,1
189,64126.4,-133875,15747.8,1.24544,0.975976,1.02268,0.997158,1.10416,-0.206436,3.23127e-05,61.373,1.26736,1.567,1.10488,1
190,85633.8,-71953.6,3814.65,1.02309,1.02227,1.00674,1.00749,1.16572,-0.0141818,-0.000561717,11.597,0.880425,0.680497,1.02646,1
191,74442.3,-130826,-7061.79,1.16841,1.00858,1.00412,0.984099,1.1507,-0.0777123,-0.00147532,38.6081,1.02005,1.16311,0.92929,1
192,87809.5,9808.26,2758.72,1.24216,1.01341,1.00353,1.05133,0.937077,-0.0297392,0.00117411,10.7617,0.805331,0.679056,0.899749,1
193,87256.7,-66452,14258.1,0.465728,1.00649,0.995022,1.0468,1.06741,-0.0486756,-0.000364881,2.84574,0.735743,0.537525,0.883257,1
194,77053.2,-127670,28543.8,0.960437,1.01857,1.0181,1.01101,1.0425,-0.0924589,-0.000554912,24.7468,0.945842,0.91584,0.9656,1
195,96494.5,-144587,18236.1,0.92386,1.04774,0.980367,1.01351,1.32049,-0.165653,-0.000226851,25.4871,0.915519,0.950072,0.886887,1
196,94578.6,-22730,8635.91,1.02201,1.01553,1.00461,0.971454,0.961493,-0.0679446,0.00148364,2.89929,0.826411,0.537432,1.06034,1
197,78974.8,-120472,7687.37,0.905075,1.01122,1.01424,0.984132,0.979697,-0.0236455,-0.00132095,19.3564,1.00538,0.832971,1.12177,1
198,82860.9,-55101.3,9902.18,0.892271,0.969381,1.01286,0.980847,0.825575,-0.180617,0.00194737,4.05092,0.783151,0.545041,0.951775,1
199,56819.6,-147515,3082.4,1.19453,0.986256,1.00456,0.953843,1.15537,-0.169653,-0.000989969,107.362,1.41355,2.38658,0.95332,1
200,84199.4,-4910.13,-15357.6,1.09284,1.01099,1.02089,1.01713,1.34142,0.0233377,-1.30286e-05,4.97523,0.804784,0.573972,0.970494,1
201,59859.4,-157004,29014.5,0.900417,0.992999,1.00706,0.988452,0.736234,-0.255805,-0.000267992,75.7268,1.26419,1.82084,0.984276,1
202,90597.3,-54763.9,3058.47,0.710711,0.984735,0.992553,1.00041,0.898613,0.0377188,-0.00120832,3.49307,0.770086,0.532954,0.954635,1
203,88431.8,-40813.2,4920.25,1.07789,0.959553,0.994271,0.998795,1.25797,-0.0870369,0.00185934,2.6534,0.769585,0.5267,0.953659,1
204,91625.6,59431.8,-15037.9,0.891585,0.993667,0.995588,0.932572,0.819837,0.139461,-0.000547081,23.2673,0.949559,0.882539,1.00204,1
205,95332.4,-43555.8,1983.84,0.98559,0.994327,1.0185,0.973954,0.914092,-0.037202,0.000955049,3.28152,0.787823,0.531047,0.997766,1
206,88667,-28370.4,-9854.64,0.822627,0.986779,1.005,1.03628,0.914005,0.0518594,-0.000328882,3.77962,0.794148,0.553241,0.976768,1
207,93931.2,63803,-26049.7,0.77679,0.989635,0.995324,0.932701,1.06779,0.203133,-0.000321745,31.0371,1.02132,1.02834,1.01568,1
208,85086.9,-4152.12,-22859.9,1.0092,0.981301,1.0027,1.02235,0.692388,0.144764,-0.00189488,9.36081,0.903375,0.64252,1.09278,1
209,87340.3,83671.1,-28469.8,1.34024,0.982988,0.985036,0.958613,0.785972,0.317982,-0.00179877,59.9639,1.23731,1.54919,1.00487,1
210,80979.3,-63789.5,-7713.5,1.14911,1.01639,1.00666,1.0056,0.964568,-0.0391838,-0.000128415,12.0011,0.878643,0.700228,1.00225,1
211,78713,-122153,17625.4,1.04951,0.986093,0.997209,0.994207,0.99675,-0.231695,0.00242335,32.9062,1.01977,1.0728,0.984082,1
212,78352,-132601,29077.6,0.895662,1.00425,0.999597,1.02713,0.858037,-0.134359,-0.00116046,38.2397,0.995998,1.15345,0.890458,1
213,86488.9,-140225,9881.6,1.04008,1.04214,0.988328,0.984121,0.820134,-0.155994,-0.000832488,44.7091,1.10965,1.28057,0.983299,1
214,70629.9,-142508,12085.3,1.13177,0.996588,0.983211,1.01813,0.976501,-0.19163,0.000784558,39.8411,1.03245,1.19692,0.933634,1
215,89310.9,-95222.3,27147.5,0.921642,0.995544,1.00207,0.962035,0.95544,-0.0979297,0.000339335,9.96347,0.849523,0.643713,1.00712,1
216,88036.9,57478.8,-9505.42,1.06432,1.01703,0.993655,1.04377,0.999582,0.0661938,0.000281718,30.5079,0.960322,1.01001,0.923061,1
217,78748.7,110134,-26177.8,0.960384,1.00141,0.998241,1.03342,0.973739,0.285608,-0.000984794,94.3207,1.43445,2.16557,0.943847,1
218,86906.4,-67146.6,16389.7,0.578677,1.0094,1.01123,0.974597,0.744075,-0.047915,0.000274171,6.95903,0.831417,0.612164,0.994142,1
219,88554.5,75814.6,-24894.4,0.780267,1.00728,1.00142,1.03492,0.893545,0.158438,0.000196539,34.8102,0.975194,1.10955,0.873658,1
220,83954,-9474.13,-12728.5,0.437505,1.00359,0.996525,0.993142,0.943124,0.0365288,-0.000438882,6.5368,0.756157,0.619427,0.853802,1
221,91190.5,21601,-14963.8,1.45171,1.01087,0.999517,1.02826,0.736552,0.0490221,0.000397155,11.5642,0.835668,0.684587,0.953141,1
222,42.2916,68.9314,8.04637,1.08754,1.02621,0.990364,1.05325,1.07443,-0.00370509,-0.000263943,23.6142,1.0764,1.37349,1.01991,1
223,85465.1,-50475,-2570.74,1.26426,1.01439,0.998978,0.986354,0.682081,-0.0102465,-0.000182269,4.84117,0.821829,0.570641,1.00486,1
224,56720.8,148684,-37769,1.26712,1.0091,1.00419,1.02154,0.597149,0.329627,0.00020505,197.623,1.93237,4.01522,0.95381,1
225,74273.7,-107488,-7190.15,1.45433,0.992569,1.01441,0.999897,0.761234,-0.0418645,-0.00100666,20.8612,0.89564,0.8633,0.916095,1
226,86706.8,-57128.9,26016.1,1.03246,0.97995,1.00877,0.962613,1.03624,-0.0841841,0.000800447,7.36973,0.834069,0.621022,0.992376,1
227,71927.6,-19371.8,27635.3,1.16342,0.987451,0.982596,1.03537,0.893385,0.0163485,0.000281024,2.8133,0.816987,0.54158,0.984179,1
228,55181.4,-152203,19372.2,1.27928,0.996877,0.992349,1.05755,1.10397,-0.167826,-0.00134167,97.8536,1.39229,2.24427,1.00312,1
229,81548.8,10095.2,-17466.5,0.62771,1.01797,0.994211,1.02275,0.773669,0.0245411,0.000261346,9.91934,0.878145,0.666518,1.02549,1
230,90279.5,-65249.1,1981.33,0.877165,0.988761,1.00847,0.957549,0.834745,-0.102853,0.00107866,9.01275,0.853438,0.638552,1.01953,1
231,75086.1,-144197,33533.9,0.902071,0.996638,0.985831,0.96029,0.483394,-0.223784,-4.97516e-05,49.8548,1.13547,1.36952,0.98527,1
232,93582.5,-70153.7,35163.5,0.955161,1.00413,0.997007,1.01201,1.28577,-0.203462,0.00244561,4.02428,0.836031,0.544311,1.06966,1
233,97988.8,-11428.5,-16292.7,0.885066,1.01542,1.0018,0.972516,1.13347,0.0731819,-7.24811e-05,2.48629,0.735423,0.546311,0.893506,1
234,88133.8,-43703.7,2670.64,0.828415,1.00928,0.996867,1.0279,1.26263,-0.0374155,0.000617581,4.10638,0.811811,0.564415,0.997828,1
235,88676.1,-77074.9,18854.4,0.719155,1.01849,1.00228,0.964274,1.39945,-0.0972342,0.00102216,13.9608,0.929625,0.724779,1.08474,1
236,85484.7,44833.5,-9004.66,0.971455,0.990632,0.993166,1.01456,1.24303,0.109507,-0.000175393,24.3859,0.994528,0.921653,1.04764,1
237,83791.5,-3199.82,1398.59,1.29464,0.992088,1.00877,0.9727,0.993676,0.0167862,0.0009477,3.72274,0.799265,0.544062,0.98132,1
238,73027.1,-144504,48119,0.588269,1.02349,1.01212,1.00106,0.864814,-0.210823,-0.000161216,54.9194,1.13875,1.465,0.93542,1
239,94280.4,49506.9,-20850.5,1.26946,1.02836,0.997983,0.986291,0.973901,0.0926013,-0.000187281,29.7644,1.01711,0.999291,1.03142,1
240,77082,77463.4,-9105.1,1.22115,0.983938,1.00467,1.02972,1.22817,0.0885902,0.000920136,46.2624,1.11999,1.3153,0.992023,1
241,89487.9,-39204.9,9692.16,1.2286,0.983537,0.983019,0.96471,0.847439,-0.0103966,0.000322875,5.05707,0.788842,0.566441,0.958914,1
242,48.5319,98.2928,12.6027,0.885608,1.02261,0.980149,0.976717,0.792663,-0.017829,0.000162033,24.3498,1.31072,1.37468,1.29865,1
243,81689.3,64223.9,-10351.8,0.474569,0.994659,1.00965,1.00517,1.09582,0.0612954,0.00107654,28.7699,0.955502,0.975209,0.941801,1
244,82773.9,-24464,-22695.2,0.731144,0.979991,0.997199,0.958417,0.917719,0.0136532,0.000273584,2.68355,0.779707,0.535384,0.952361,1
245,74531.7,118052,-33401.7,0.879059,0.984611,0.987306,0.970412,1.07942,0.302221,-0.000480303,96.0253,1.44428,2.19694,0.967072,1
246,96093.1,-50853.4,3840.48,1.20228,1.0147,0.997048,0.958847,0.991746,-0.057492,0.000988899,4.35542,0.769312,0.556397,0.944126,1
247,35644.2,-143768,44260.6,0.964595,1.03256,1.02238,0.950005,0.988069,-0.201012,-0.00270091,236.751,1.70795,4.6754,1.04498,1
248,68476.1,-126228,16305,0.639862,0.990537,1.02369,1.04398,0.835419,-0.171699,0.000131832,35.9444,1.0711,1.12972,1.03702,1
249,86869.8,-60312.3,30498.9,0.825815,0.993346,0.991433,0.99109,0.862165,-0.0833321,0.000798549,5.1965,0.722198,0.569922,0.835371,1
250,68557.5,-135209,22218.7,0.929043,1.00049,1.02235,1.0225,0.914166,-0.190631,-8.6476e-05,49.2707,1.05436,1.36995,0.870588,1
251,50586.8,-156684,19065.1,1.17056,1.01717,1.01227,1.03505,1.06663,-0.20057,-0.000796102,118.249,1.44327,2.61549,0.961102,1
252,47026.6,-167261,5139.87,1.11805,1.04036,0.999756,0.996283,0.925285,-0.268046,0.000187891,162.454,1.73135,3.36417,1.11946,1
253,80354.6,-149077,25752.4,1.04572,1.04552,0.988607,0.991507,0.935419,-0.191693,0.00183333,50.9729,1.14818,1.39956,0.975565,1
254,18.3759,-39.3444,-17.704,0.955124,1.02968,0.977819,1.04988,0.532836,0.100881,0.00115995,253.883,1.36672,5.86015,0.518906,1
255,91318.1,63853.2,-13352.4,0.863138,1.01076,1.00369,0.971636,1.18631,0.109331,2.67189e-05,25.8385,0.949144,0.946556,0.951163,1
256,90340.8,-140360,29449,1.15195,1.04117,0.995049,0.963114,1.46741,-0.151337,-0.000204412,25.7029,1.08586,0.943138,1.19643,1
257,90496.8,-41138.9,-964.557,1.12532,1.02333,0.991067,0.993679,1.21287,0.023468,-4.60469e-05,3.62815,0.758815,0.551855,0.918247,1
258,82917.1,74430.2,-19571.1,1.43009,0.978949,0.99252,0.973804,1.03846,0.155335,-0.000672508,35.9612,1.05574,1.12253,1.00855,1
259,84990.4,3847.82,-4444.88,0.81148,0.980147,1.01503,1.0682,0.899809,0.039961,0.000237318,4.0081,0.722857,0.559718,0.841186,1
260,78008.3,135589,-15782.2,0.986186,1.01896,0.995454,0.955134,1.10143,0.219866,0.00133623,98.8233,1.50126,2.24688,1.00583,1
261,104805,45693,-11269.5,0.932697,1.02229,0.982818,0.997926,1.06627,0.058425,0.000988896,15.1964,1.01969,0.790587,1.22453,1
262,79194.8,69608.1,6224.56,0.966926,0.991916,0.999356,1.0268,1.15658,0.0343062,0.00125198,31.4537,0.901093,1.03451,0.811212,1
263,70849.1,-137465,24962.7,1.3046,0.993653,1.00277,0.994846,0.914966,-0.133754,-0.0012224,49.2098,1.15645,1.35332,1.03767,1
264,76698.5,74364,-17637.1,1.27252,0.99261,1.01415,1.0081,1.13805,0.154014,-0.000268763,44.4373,1.10733,1.2723,0.999467,1
265,94644.4,-35994.3,20429.7,0.985086,0.980676,0.981013,1.02267,0.961347,-0.0757315,0.00102979,4.24899,0.816692,0.539817,1.04161,1
266,85643.7,6657.35,-16631.4,0.953551,0.977176,0.984276,1.03746,1.14283,0.111734,-0.00177837,11.9125,0.861386,0.675748,0.996923,1
267,89411.8,-56917.7,-20962,1.00529,1.01672,1.00427,1.00461,1.40654,0.0385619,-0.00109721,7.22039,0.793561,0.613377,0.931141,1
268,75211,76637.8,-9588.15,1.21638,0.97546,1.00274,1.06945,1.15426,0.112654,0.000464787,52.135,1.18765,1.41506,1.04235,1
269,24695.1,-124322,12363.9,1.42229,1.00761,1.00881,0.943879,0.985477,-0.322062,-0.000883161,342.435,1.91248,6.59674,0.976462,1
270,97311.1,-63190.6,6123.6,0.861254,1.00446,0.971141,1.01276,1.23575,0.0274142,-0.00141774,6.59842,0.807174,0.58605,0.990986,1
271,88306.9,56328.5,-21014.2,0.799676,0.994526,1.00197,0.952227,0.956228,0.11182,0.000109429,27.3757,0.926451,0.976326,0.888898,1
272,93445.5,-6058.02,-4263.72,0.832683,1.03197,0.993452,1.04899,0.971139,0.0423045,-0.000262294,6.58312,0.775322,0.613337,0.904125,1
273,95209.9,-27710.3,13190.7,0.855239,1.01836,1.00235,1.0205,1.02326,-0.0767021,0.00159434,4.51868,0.739917,0.567675,0.879838,1
274,52519.3,149279,-16814.3,0.918265,0.993245,1.00983,1.02041,1.01046,0.357499,-0.000499749,198.058,1.86815,4.0312,0.939656,1
275,89489.9,1116.8,-15956.7,0.6344,0.986296,0.984119,0.990009,0.851805,0.0687907,-0.000501721,8.94107,0.828786,0.652413,0.963457,1
276,96034.5,-20833,-37461.6,1.02161,1.00025,0.990601,0.93626,0.920384,0.0957308,-0.00120208,4.01259,0.772342,0.53969,0.963246,1
277,95104.1,-51825.4,13367.9,0.673512,1.01489,0.994495,1.05211,0.953531,-0.110762,0.00164162,7.38804,0.877016,0.610717,1.09349,1
278,20.3932,-30.6926,9.74269,0.839396,1.00211,1.00274,0.954665,0.893336,-0.0354687,0.0022839,210.598,1.36392,5.18307,0.672834,1
279,72629.7,123557,-25786.9,1.0895,0.991967,0.999817,0.976343,1.09856,0.246467,0.000681023,92.749,1.44391,2.13728,1.01571,1
280,78578.5,-59312.6,10557.3,1.1489,0.948816,0.995275,1.00638,0.97594,-0.050017,0.000133476,6.18423,0.786294,0.598839,0.911913,1
281,87330,-67401.1,18291.1,0.91884,0.998254,1.01101,0.988255,0.743437,-0.0644756,0.000318964,8.0473,0.794096,0.621791,0.922715,1
282,96924.3,83906.4,-22875.2,1.18329,1.02947,0.978849,1.01909,0.983381,0.192622,0.00053517,51.6227,1.15895,1.39686,0.962506,1
283,73673.9,109069,-17400.2,1.35367,0.971347,0.991945,1.00192,1.08847,0.239356,2.83385e-05,100.737,1.49614,2.27482,1.009,1
284,71431.9,-107923,12288.3,1.54092,0.99519,1.01061,1.08498,1.07168,-0.0440407,-0.000951664,27.8292,0.974872,0.979695,0.971946,1
285,55332.8,-157538,20557.4,1.00727,1.00778,1.01257,0.935907,1.06667,-0.182716,-0.0011713,104.361,1.44613,2.33174,1.03955,1
286,26010.2,-107153,45829.7,1.26311,1.00778,0.992142,1.04027,0.55153,-0.371263,-0.000415833,280.564,1.72024,5.53003,0.959032,1
287,98377.9,-134656,16860.6,1.07677,1.03374,0.979211,0.959721,0.959515,-0.0900374,-0.00105612,18.5731,0.955446,0.811545,1.07685,1
288,80757.6,-108424,24749.6,1.27668,1.00052,0.997054,0.99001,0.963065,-0.107051,-0.000358698,24.3224,0.973373,0.92109,1.00945,1
289,79003.7,-117731,52105.6,1.06217,0.98886,0.996409,0.990883,1.01943,-0.215828,0.00017812,46.0212,1.09858,1.29307,0.967109,1
290,82163.3,-139682,32974.8,1.09937,1.03203,0.987342,1.05067,0.965972,-0.149175,-0.000975258,35.7894,1.01359,1.13542,0.927983,1
291,98477.7,-75805.4,-3263.67,0.959609,1.01136,0.992634,1.00801,0.753555,0.0139333,-0.00132825,2.66602,0.734289,0.539452,0.898391,1
292,89803.1,-63462.8,-5909.33,0.900876,1.01463,0.993156,0.971276,0.919193,0.0563631,-0.00137084,5.67887,0.809631,0.585339,0.981472,1
293,81389,-6945.43,-8586.28,1.2229,0.934514,0.987199,1.03359,0.697284,0.121203,-0.000842949,3.72047,0.804644,0.552845,0.979439,1
294,102296,-42609.4,8427.94,0.782131,1.03359,1.00447,0.992089,0.835904,-0.0285841,-1.27619e-05,4.08597,0.824971,0.569856,1.04792,1
295,88558.2,76307.2,-20191.5,1.06539,1.00235,1.00059,0.922319,0.836763,0.179592,-0.000516897,38.2653,1.06254,1.15773,0.990525,1
296,75060.8,-138745,26861.2,1.19759,0.989062,0.999429,0.977171,0.982475,-0.213533,0.000461793,35.9494,1.04325,1.12204,0.992703,1
297,88097.5,-67824.7,-22470.9,0.997484,1.01597,0.989248,1.02309,1.13766,0.0265182,-0.000665193,5.32542,0.829619,0.578414,1.01837,1
298,17.5054,30.6501,3.07803,1.16543,0.993529,0.99655,0.986249,0.946942,0.00883465,-0.00179839,268.49,1.42415,5.70862,0.649296,1
299,85153.4,-81756.7,-3162.99,0.917883,1.00799,0.988415,0.958592,0.694351,-0.0307861,-0.000494848,11.7976,0.830173,0.66911,0.947028,1
300,86397.1,-105885,12102.8,0.986002,1.01992,1.01069,1.02889,1.02501,-0.160183,0.00144639,15.8315,0.919862,0.776312,1.02597,1
301,76479.5,-123718,2082.05,1.13291,1.02396,1.00985,1.02089,0.921664,-0.0834876,-2.21866e-05,31.0997,1.02138,1.03257,1.01409,1
302,88528.9,-7179.52,7771.63,1.17533,0.990844,1.00164,0.967261,0.699377,-0.0413797,0.00123863,6.33326,0.800867,0.592809,0.958184,1
303,86076.1,-3036.84,-9516.58,0.764061,0.999405,1.00908,0.992003,0.697442,0.0432677,5.81936e-05,6.24989,0.827717,0.597956,0.997295,1
304,76969,-135326,16953.2,0.744801,1.00799,1.0091,1.03329,1.14273,-0.147337,-0.00103913,41.636,1.07908,1.22166,0.985202,1
305,85624.4,-60311.3,17616.1,1.00809,1.0005,1.00488,1.03099,0.992696,-0.0868314,0.00134211,5.51819,0.790156,0.569901,0.951175,1
306,77008.2,67998.4,-6625.55,1.09878,0.990835,1.0032,1.04016,1.09188,0.0356454,0.00223255,36.6433,1.0027,1.14003,0.912798,1
307,88182.6,-23002,11409.8,1.03971,1.00364,1.0067,1.03931,1.01366,-0.0782004,0.00176902,5.6735,0.72047,0.569146,0.83436,1
308,87611.4,59980.3,-26809.3,1.08457,0.995757,1.00259,1.05379,0.869848,0.13871,0.00126658,45.1918,1.11347,1.2854,0.984897,1
309,67025.9,-138153,29977.1,0.880691,0.987109,0.992184,1.01594,0.984343,-0.146683,-0.00112672,67.232,1.17476,1.67053,0.893036,1
310,78113,68736.4,-19937.6,0.853716,0.974611,1.02158,0.943744,0.982763,0.120399,0.000873378,42.6989,1.09699,1.23946,1.0022,1
311,73826.9,-139488,26886.7,0.948083,1.01664,1.01047,1.04997,1.13023,-0.189308,4.66702e-06,44.7244,1.07466,1.26677,0.95362,1
312,93714.8,-64690.3,7237.18,0.800994,1.00062,0.994311,0.990052,0.888207,-0.0419848,-5.25021e-06,5.60836,0.87197,0.593404,1.09517,1
313,65434.7,-145443,28660.2,1.02819,1.0052,1.01161,1.00356,1.07211,-0.255744,0.00060045,76.9269,1.35304,1.83448,1.08628,1
314,92356.1,-10884.2,6983.53,0.941617,1.0304,0.994356,0.983132,0.664049,-0.039496,0.0010774,4.7507,0.781161,0.564557,0.952122,1
315,92762,-4074,15765.8,0.883521,0.971715,0.994985,0.985671,1.18721,-0.037814,0.00130023,3.61478,0.821154,0.556264,1.03155,1
316,83196.9,71234.4,-10986,1.37495,0.996629,1.0174,0.906574,0.87245,0.115696,0.000350123,26.3069,0.914995,0.962161,0.881431,1
317,91865.4,63423.9,-10036,0.691961,1.01073,0.989472,1.00154,1.3231,0.0826748,0.00153977,24.1213,0.979951,0.925326,1.02274,1
318,80289,-65943.6,13186.5,1.03428,1.0033,1.00223,0.989696,1.11905,-0.0198848,-3.00855e-05,4.13301,0.746963,0.562015,0.873364,1
319,43188.8,-150822,18649.7,1.06167,0.985729,0.994465,0.967725,0.78974,-0.211631,-0.000717589,146.326,1.44168,3.09125,0.892801,1
320,98555.9,75145.4,-24417.6,0.962829,1.04349,1.00044,0.9788,0.968928,0.158804,-0.00069133,24.4922,0.949984,0.911531,0.982324,1
321,96154.8,-4173.53,8167.57,0.66364,1.01491,0.992256,0.97349,0.939635,-0.0481459,0.00155819,9.44032,0.817589,0.636884,0.965813,1
322,75592.7,94238.5,-13552.4,1.01737,0.975014,1.00509,1.03664,0.624641,0.272085,-0.000738524,83.4298,1.34067,1.97441,0.933301,1
323,82123,2326.93,-17811.7,0.932935,0.943834,0.992566,0.987262,1.22115,0.0925763,-0.000792187,7.57276,0.771993,0.612514,0.883846,1
324,26.997,-55.4365,5.61847,1.35764,1.01366,1.00745,0.970496,0.871109,-0.00623409,-0.00105302,29.4663,0.66826,1.24741,0.558421,1
325,27644.4,-123351,39613.4,0.802901,0.986982,0.985019,1.03145,0.728241,-0.267485,-0.00125143,252.002,1.55312,5.02111,0.860018,1
326,59414.4,-39193.3,-4742.67,0.775078,0.978771,0.983821,0.95879,1.16869,-0.0372692,0.000400114,3.03407,0.812545,0.524204,0.95466,1
327,85690.6,-84257.5,1122.41,0.621214,1.01207,0.998871,1.01076,0.395435,-0.0787586,0.000384634,14.4501,0.844326,0.74154,0.919561,1
328,88868.9,-45076.8,-2548.11,1.15932,1.01435,1.00779,1.02085,0.963925,-0.0263781,0.000145667,4.31525,0.757925,0.574761,0.896757,1
329,101909,-4572.7,13580.1,1.18392,1.05513,0.998513,1.05355,0.757446,-0.108906,0.00252639,8.83825,0.88506,0.649825,1.08916,1
330,88216.2,-18776.6,-15913.9,0.911919,1.01504,0.988937,1.01833,0.94796,0.000179694,0.000548495,6.01115,0.829097,0.579555,1.01656,1
331,17.4514,-33.1007,-8.93478,1.07805,1.00669,1.01799,1.06283,0.7268,0.057304,0.000618917,225.555,1.6604,5.17673,1.01455,1
332,78040.3,-131610,-2140.68,1.06196,1.01621,0.986464,1.02235,1.30331,-0.0658415,-0.000373687,31.1403,1.04383,1.03655,1.04866,1
333,63441.8,-146274,41193,0.785933,0.988612,0.992394,1.04395,1.14902,-0.34646,0.00231257,77.6898,1.20776,1.86697,0.854468,1
334,97862.3,-36838.3,9283.75,1.10081,1.00305,0.988861,1.02095,1.12359,-0.0999304,0.00189063,4.38257,0.833517,0.545154,1.07492,1
335,86661.6,126648,-32760.2,0.606258,1.04307,0.985437,1.03141,1.06083,0.266098,-0.000370372,88.7592,1.43762,2.07541,0.96684,1
336,81467.4,-140524,198.088,1.04391,1.00917,0.985943,0.968668,0.88978,-0.18174,5.54866e-05,37.0577,1.10914,1.11688,1.10374,1
337,74845.1,118285,-28424.3,1.08308,0.990072,1.00405,0.960193,0.589018,0.285824,0.000211926,87.2753,1.48137,2.03946,1.12583,1
338,71812.4,-118674,-2476.16,1.23008,1.00031,0.997997,0.979583,1.37093,-0.0850845,-0.000393944,28.4803,0.962049,0.991631,0.943992,1
339,94015.6,-20580.1,1112.4,0.672176,1.03053,1.0104,0.997952,1.0519,-0.0576788,0.00107054,5.67491,0.837276,0.589224,1.03646,1
340,71512.4,-119644,17805.8,0.948087,0.982086,1.00535,0.978296,1.00409,-0.127668,7.32271e-05,32.1336,0.949829,1.0441,0.892487,1
341,88477.5,-57815.8,2069.55,1.13191,0.989219,1.03181,0.949557,1.45282,-0.0676126,0.00114478,3.36871,0.809599,0.543102,1.01184,1
342,26.9257,-50.1063,-14.1754,0.818232,0.99081,1.00212,0.987268,0.794748,0.0378245,0.000401866,78.6466,0.910235,2.35981,0.636953,1
343,52816.6,-155481,31384.1,0.708075,0.993027,1.00181,0.98045,0.877448,-0.233002,-0.000615095,105.365,1.39082,2.35227,0.973122,1
344,93694.4,57912.4,-13070.7,0.8213,1.01224,0.996679,0.998539,1.13624,0.108543,0.000627347,27.6412,0.943072,0.979087,0.91426,1
345,15.1953,-26.4584,-3.04274,1.1595,0.950354,1.00008,0.99432,1.52283,0.0175604,0.00159591,259.194,1.57403,5.63649,0.85182,1
346,58831.5,-149208,-3295.11,0.878509,0.991516,1.00946,1.00254,1.0909,-0.181724,-0.000978583,87.5011,1.35223,2.04889,1.00912,1
347,85919.1,-113714,31384,1.13229,1.0209,0.975162,0.939048,0.959715,-0.0621725,-0.000348944,28.461,0.933667,0.98784,0.89395,1
348,73124.8,-126435,5960.39,1.02317,1.00013,1.01073,1.02255,0.95192,-0.113229,6.16907e-05,27.679,1.03467,0.980999,1.06808,1
349,62321.2,109218,-38042.2,1.02134,0.974132,0.990478,1.01603,0.999488,0.252413,0.000598102,112.561,1.54255,2.50604,1.03877,1
350,48617.3,145937,-29346.7,0.872017,0.993214,0.996143,1.02619,0.913532,0.286334,0.00235848,239.4,2.00005,4.764,0.921955,1
351,97152.3,76219.5,-21486.1,1.17484,1.03157,0.991569,0.982823,0.993989,0.18046,0.000690845,44.4618,1.08296,1.26509,0.931971,1
352,57499.5,-13629.4,5281.89,1.192,0.965873,0.997259,1.00377,1.17795,-0.0575763,0.00107104,4.24164,0.81922,0.54797,0.947969,1
353,93469.5,-53646.7,-2074.58,1.03108,0.986797,0.996616,1.02636,1.19338,0.0646036,-0.00189495,4.65564,0.818871,0.56741,1.02007,1
354,71467.6,-126224,16817,0.975347,0.988972,1.00768,0.969605,1.16529,-0.152965,0.000493274,38.6789,1.0964,1.16881,1.05232,1
355,69118,-118537,36610.3,0.867582,0.98246,1.01506,1.00843,0.972418,-0.158559,0.000865728,33.1337,1.01739,1.06443,0.989759,1
356,87474.7,58932.9,-17078.8,0.821521,0.988207,0.991984,1.03146,0.822874,0.155743,0.000161023,30.0709,1.05419,1.01707,1.0819,1
357,83618.7,-132213,28601.3,1.23724,1.02618,0.991088,1.02485,0.987107,-0.12963,-0.000218243,22.9117,0.95614,0.903393,0.993883,1
358,82404.4,120561,-22948.1,1.06459,1.01295,0.996467,1.00151,0.867176,0.223735,0.000929686,75.8551,1.34191,1.83297,0.996601,1
359,74356.5,124214,-22317.9,1.34436,0.998517,1.00051,0.96501,0.535276,0.363983,-0.00130461,82.5366,1.33037,1.9523,0.938412,1
360,72075.9,-130036,5869.43,1.0274,0.982318,0.99802,1.04276,1.13791,-0.15261,-0.000862165,49.7884,1.12388,1.36885,0.973396,1
361,72468.5,-133693,27311.8,1.07674,1.00167,1.02373,0.995412,1.12165,-0.146331,-0.000880603,38.8818,1.04519,1.20288,0.947586,1
362,20227.9,-86391.1,53198.6,1.22761,0.985166,1.01476,1.02913,1.09465,-0.380967,-0.000133621,403.318,2.07672,7.72869,0.947585,1
363,93495,83302.5,-16745.1,0.689312,1.05731,1.00681,1.02543,0.817986,0.09705,0.000492153,38.5104,1.02895,1.15722,0.926824,1
364,94574,45231.4,-22160.5,1.13435,1.01014,1.00528,0.994345,0.914182,0.174241,8.14025e-05,22.4136,0.896645,0.872203,0.916386,1
365,99784.9,-1175.54,-3252.7,1.05604,1.02498,1.00155,1.00937,1.10741,0.0660673,-0.000203223,2.20432,0.778488,0.51488,1.00286,1
366,76081.3,77351.9,-21957.3,1.31468,1.00362,1.01224,1.0102,1.17762,0.227695,-0.00147838,36.484,1.08962,1.16165,1.04291,1
367,91512.4,73845.2,-30145.9,0.819131,1.01919,1.00424,0.998523,0.770614,0.20249,-5.84472e-05,36.6681,1.13397,1.13146,1.13593,1
368,97532.5,-35777.8,-20447,1.0124,1.02271,0.985407,1.03584,1.23913,0.0341761,-0.000165574,3.02813,0.769225,0.538909,0.961187,1
369,14.5271,-33.77,-14.3829,0.981898,1.00998,0.999298,1.02379,0.735756,0.133983,-0.000763092,207.87,1.39555,5.00138,0.719453,1
370,67804,-124767,25397.8,0.679377,0.978934,1.01146,1.00311,1.29215,-0.0579261,-0.00224118,39.6712,1.11073,1.19267,1.06357,1
371,87773.4,-52051,6225.14,0.88057,0.983921,0.9951,1.0531,0.892569,0.0638902,-0.00117918,7.0845,0.835827,0.610638,1.00476,1
372,83987.7,-49392,-16831.7,0.950923,1.00382,0.973111,0.989281,1.25148,-0.023556,-5.98571e-05,4.44611,0.792382,0.565439,0.954782,1
373,16.9023,-33.1675,-11.9635,0.951936,0.962439,1.01566,0.958025,1.27969,0.0580796,0.000857518,197.464,1.26065,4.86041,0.583466,1
374,71415.6,-105510,9635.05,0.93687,0.955554,1.00655,1.00029,0.609286,-0.0997451,-0.00131939,29.9787,1.00632,0.998645,1.01098,1
375,90760,63604.5,-23775.6,1.42002,1.0033,0.99901,1.04089,0.399207,0.178238,0.000837943,34.0565,0.991893,1.10319,0.905616,1
376,84402.7,-56409.6,7523.86,1.05866,1.02118,1.00042,1.00032,1.07372,0.0196411,-0.000459247,8.13526,0.867357,0.627054,1.04006,1
377,99720.2,2390.95,-29107.4,1.28918,1.03183,1.01431,1.02352,1.34273,0.136502,-0.00128372,4.38585,0.830205,0.566437,1.05494,1
378,89080.3,999.275,9728.76,1.10046,0.998864,1.00181,1.00142,0.965067,-0.0880411,0.00225371,9.95039,0.79456,0.662116,0.895284,1
379,92675.3,100759,-32598.8,0.888045,1.0356,1.00337,0.997062,0.658326,0.228273,0.000248184,55.6783,1.20345,1.46358,0.997556,1
380,69486.7,-150431,38303.9,1.20494,1.00136,0.980949,0.912348,0.812702,-0.125689,-0.00168011,75.4898,1.31264,1.79338,1.0288,1
381,75271,-112503,-1275.34,0.801591,0.979621,0.989063,0.945556,0.478771,-0.0534734,-0.00108056,20.5892,0.853171,0.8467,0.85732,1
382,78282.2,-86989.4,20235.4,0.971985,0.979691,1.0063,1.02434,0.906953,-0.0488526,-0.000577711,15.0186,0.874642,0.760445,0.950885,1
383,36663.8,-138957,27109.8,0.919698,0.974431,1.00206,0.999912,0.466109,-0.253674,-0.0011537,141.608,1.44402,3.0039,1.06108,1
384,81105.1,-994.191,3158.84,0.946695,1.00599,1.01017,1.03073,0.954271,0.034954,9.53143e-05,7.88359,0.803794,0.617548,0.93205,1
385,68743.4,-149559,51898.6,0.460875,1.01203,0.984517,1.04332,1.00236,-0.274701,0.000888398,79.8276,1.30499,1.91789,0.94699,1
386,80726.1,-15777.4,-24095.5,1.04381,0.987696,0.995218,1.03295,1.00054,0.0173138,0.000334057,3.78843,0.829506,0.55272,1.01956,1
387,82711.4,28382.8,-10372,0.596264,1.00142,0.991454,1.03283,0.975923,0.0159118,0.00104162,11.5946,0.80541,0.697583,0.881158,1
388,63344.7,-168325,3130.53,0.884449,1.03127,0.978419,0.956441,1.0295,-0.141163,-0.00168809,96.1494,1.35846,2.18636,0.916228,1
389,89397.9,58898,-20050,0.977874,1.02675,1.01983,0.979299,1.18533,0.144536,0.000226574,30.039,0.93823,1.01741,0.877751,1
390,84170.5,-26563.1,-10521.8,0.726403,0.981279,1.00481,1.00883,1.10865,-0.011372,0.000611625,2.22129,0.792914,0.515436,0.992239,1
391,75077.7,127690,-31547.9,0.930198,1.008,0.987465,0.986703,1.291,0.275022,0.000261098,104.04,1.47826,2.32966,0.935275,1
392,83861.5,79402.6,-12681.8,1.06032,0.99843,0.989445,1.00442,1.02683,0.0541477,0.00192031,37.7841,1.02608,1.15495,0.934087,1
393,19.8832,-34.0906,-9.39297,1.09678,0.993217,0.992216,0.992566,0.944555,0.0439071,0.00177918,246.525,1.94406,6.11421,1.17481,1
394,60400.6,162720,-25998.8,1.05903,1.03234,1.00325,0.938332,1.08673,0.287667,0.000920439,202.471,1.99843,4.10632,0.935875,1
395,78799.8,64837.1,-12719.4,0.874088,0.969421,1.00399,0.975233,0.935382,0.0916491,0.000475497,36.553,1.04223,1.13911,0.977263,1
396,27.984,-65.2882,-20.6797,1.07952,1.00135,1.00793,1.00566,0.769598,0.0395366,-0.000215798,55.3441,1.3836,1.97429,1.27087,1
397,96215.9,-42267.8,11179.9,1.07172,1.01287,0.988778,0.96766,0.877085,-0.00306793,3.66515e-06,3.83985,0.743283,0.549969,0.902189,1
398,92552.4,41568.1,-12728.9,0.715235,1.02707,0.99715,1.04307,1.34553,0.0510676,0.000485623,22.3235,0.856841,0.885201,0.834494,1
399,78337.1,68629.2,-8200.89,0.895295,0.983988,0.995836,1.03807,1.2831,0.0448194,0.00107052,31.943,0.961092,1.06811,0.889897,1
400,97401.4,45277.3,-24408.5,0.807686,1.01659,1.01039,0.998221,1.17645,0.144356,-0.000795681,16.3349,0.929056,0.774155,1.058,1
401,85677.9,-478.86,-6223.12,0.775144,0.999603,1.00853,0.973705,1.05525,0.0267362,0.000281341,8.63489,0.821934,0.646998,0.949669,1
402,82257.3,60701.5,-23472.5,1.06911,0.976864,0.997328,0.984706,1.0982,0.119996,8.55262e-05,34.6589,1.05742,1.09331,1.03226,1
403,82143.5,91297.9,-17589.8,0.944228,1.00284,1.00456,1.03627,1.1965,0.165831,0.000812257,62.174,1.23006,1.58209,0.98327,1
404,87706.5,67983.8,-22162,1.6497,0.981711,0.984528,0.985789,0.886313,0.173993,-0.000845794,30.834,1.00267,1.03831,0.97599,1
405,97509.3,22934.6,-20642.4,0.624606,1.00513,0.993744,1.00554,0.379878,0.131513,-0.000997578,9.70928,0.820928,0.65539,0.958786,1
406,73603.2,121896,-26115.3,1.11822,0.981595,0.991776,0.994767,0.686507,0.209717,0.00135795,89.2155,1.41677,2.06158,1.01287,1
407,75127.9,-94705,22422.4,1.16214,0.972557,1.00364,1.00571,1.25338,-0.0797189,3.17926e-05,12.8523,0.92165,0.701522,1.06263,1
408,80903,-76487.9,26316.3,0.701976,1.00385,0.995697,1.00122,1.16297,-0.0686216,-8.35018e-05,9.49344,0.872247,0.67054,1.01194,1
409,84466.9,50102.1,-14803.7,0.996086,0.996277,0.985282,1.01308,1.15795,0.0637355,0.000942516,25.1314,0.968092,0.925248,0.998975,1
410,67747.9,-134708,2579.07,0.941231,1.01166,1.02481,0.969278,0.443842,-0.134167,-0.000523253,43.7272,1.11117,1.25941,1.02603,1
411,83996.3,63748.4,-11637.1,1.06313,0.982393,1.01519,0.972983,1.24082,0.169344,-0.000166093,32.4365,1.02501,1.0452,1.0105,1
412,33.7652,-70.6415,-3.34336,1.08064,0.986973,0.998237,1.04786,1.10004,0.0335103,-0.00176597,27.0166,0.976779,1.4419,0.89091,1
413,89381.8,-70537.8,12719.4,1.08721,1.03841,1.00747,0.971739,0.974319,-0.0835363,0.000372127,3.81573,0.770563,0.539208,0.946857,1
414,89859.8,58402.7,-22159.3,1.0453,0.994237,1.0036,0.995519,1.15793,0.186938,-6.99716e-05,31.142,1.02239,1.03504,1.01268,1
415,88988.7,-54413.6,13658.3,0.726257,0.974333,1.00024,0.986853,1.00421,-0.0681756,0.000636414,4.93439,0.86682,0.577449,1.08724,1
416,97214,74319.7,-26470.1,1.19474,1.03868,0.995643,1.00167,0.824707,0.16861,-0.000520111,25.2887,0.906026,0.91955,0.89481,1
417,94025.3,-32318.7,-13274.8,0.901574,0.980398,0.997784,1.01304,0.843946,0.0527869,-0.00124959,2.4154,0.76422,0.533153,0.950309,1
418,79924.2,18310,-3377.03,0.834872,1.00829,1.01411,0.984174,1.14923,-0.0197426,0.00160561,8.87007,0.868099,0.644522,1.02013,1
419,96641.5,-7926.75,-7418.03,1.36801,0.992385,0.998496,0.958078,1.04866,0.0505421,1.404e-05,3.96923,0.810188,0.54927,1.02649,1
420,83991.5,84776.5,-5863.84,1.19948,1.00627,1.00153,0.956101,0.983185,0.066038,0.00166,41.9855,1.02895,1.23379,0.882312,1
421,47987.4,-144977,22757.8,1.15692,0.980563,1.02223,1.0046,1.11187,-0.319272,0.000950701,121.74,1.39119,2.66272,0.901745,1
422,77826.2,62779.1,-12323.4,1.03575,0.961932,1.00078,0.954075,1.17102,0.0640335,0.00173897,29.3163,0.970827,1.01279,0.943044,1
423,78627.3,-110607,-3249.09,0.851429,1.01214,1.01003,1.01738,1.20611,-0.0948125,0.000195879,33.7622,1.09729,1.07657,1.11117,1
424,35.6125,-53.3092,28.8918,0.9935,1.0008,0.994166,1.02985,1.20455,-0.00510344,0.00145831,106.241,1.13294,3.09276,0.767105,1
425,98505.5,-10904.5,-11384.4,0.83293,1.00373,0.998393,0.967338,1.06205,0.0816043,-0.000583069,6.16062,0.810403,0.571329,1.01164,1
426,77175.4,-134435,10507.5,1.45364,0.991284,0.997575,0.979884,1.11915,-0.21744,0.000376849,35.5371,1.02331,1.12056,0.959079,1
427,84674.1,-34247.4,-4545.34,1.08649,0.973079,0.998761,1.00716,0.963481,-0.00872648,-0.000245905,2.2598,0.769462,0.530536,0.942159,1
428,83654.8,51749,-11313.6,1.02411,0.990522,0.97961,0.999781,0.907556,0.0473228,0.000636395,25.1009,1.0013,0.926992,1.05414,1
429,83312.4,-3099.68,10962.2,0.919025,0.979268,0.998985,1.00159,1.33309,-0.00498363,0.000188463,5.1878,0.869847,0.585421,1.07177,1
430,26267.8,-112705,46495,1.19387,0.971357,0.984555,1.03687,0.870992,-0.414013,9.43677e-05,330.684,1.90016,6.39898,1.00106,1
431,90007.9,85571.7,-19494.1,1.07682,1.03209,1.00804,0.988658,1.19338,0.158355,0.00061136,44.8846,1.16038,1.28546,1.06424,1
432,76523.6,-131565,25276.9,0.958395,0.983365,0.994348,1.00185,1.25581,-0.118106,-0.00111528,30.5858,0.971559,1.03712,0.928623,1
433,81206.4,-81478.4,1890.27,0.934416,0.981926,1.01095,0.978302,1.10834,-0.0142348,-0.000412417,7.97967,0.759877,0.630256,0.849633,1
434,83136.5,-106114,23642.2,0.815006,0.997053,0.989546,0.976574,1.05798,-0.0391432,-0.000650583,15.316,0.849512,0.767484,0.907792,1
435,84899.1,-140411,25992.9,0.84318,1.01662,0.981654,0.960694,1.04679,-0.212938,0.0013685,28.6296,0.970553,0.987893,0.957934,1
436,65838.8,-170491,28754.8,1.02414,1.04045,1.00941,0.984907,0.590398,-0.271176,0.000281891,80.0982,1.33118,1.9278,0.99805,1
437,100558,-21294.2,12460.3,1.13757,1.01605,0.981539,0.990641,0.862469,-0.00465261,0.000161129,3.16243,0.814703,0.542011,1.04882,1
438,87704.5,-3816.11,-11054.8,1.04198,0.979137,1.00341,1.0167,1.04319,0.0321304,0.000636356,3.92367,0.738697,0.557987,0.873981,1
439,84378,61538.7,-17715.8,1.15283,0.996008,1.02312,1.01893,0.952653,0.111427,0.000399683,27.4246,0.982584,0.984623,0.981116,1
440,84879.9,61764.6,2466.54,1.10295,0.998376,1.00706,1.0232,0.952343,0.0584195,0.0022104,34.739,1.00072,1.09718,0.930866,1
441,78169.5,-129441,2637.51,1.23397,1.0258,1.00868,0.989824,0.90528,-0.0337676,-0.00187672,20.3287,0.874349,0.845294,0.893747,1
442,92375.9,56224,-11815.2,1.03921,1.02085,0.995702,0.96294,1.00376,0.0551538,0.000479478,28.3964,0.985046,0.98737,0.983217,1
443,91320.1,1196.73,5489.63,1.50281,1.00903,1.00362,0.991874,0.934757,-0.0815549,0.00153249,10.4637,0.899217,0.66915,1.07881,1
444,92913.7,69041.6,-25445.4,1.20012,1.00709,0.993592,1.00119,0.961086,0.225647,-0.000165211,52.7142,1.16862,1.41887,0.970099,1
445,92052.4,4318.81,-2719.59,1.19676,0.997219,1.0129,1.01807,1.20147,0.116114,-0.000798558,3.55009,0.815825,0.55141,1.0239,1
446,46316,-163710,1254.25,0.860366,1.03441,1.01522,1.02173,0.888243,-0.272116,-0.00061337,131.884,1.44466,2.8028,0.945136,1
447,98915.8,-52769.9,9228.94,0.771658,1.00857,0.991793,0.932333,0.969549,-0.0882628,0.0010768,4.02476,0.766417,0.553384,0.946552,1
448,89212.4,3416.8,5743.23,1.13521,1.00776,1.00048,1.02213,0.862391,-0.0274738,0.000854844,5.38032,0.849884,0.575975,1.05835,1
449,21.7624,-39.527,8.79889,1.20828,0.99896,1.0093,1.01905,0.624995,-0.0408367,0.00172933,115.213,1.24689,3.17748,0.88603,1
450,27852.3,-108132,68846.2,0.855314,0.998573,1.0082,0.991113,0.803465,-0.362452,0.000294556,309.439,1.80749,5.98527,0.972536,1
451,27.1319,44.6072,21.8177,1.47641,0.982758,0.98566,1.02782,1.1146,-0.0578124,-0.000464323,140.831,1.54731,3.3741,1.21006,1
452,91028.8,46118.5,-15414,1.27939,1.00034,0.99603,0.985601,0.941011,0.11287,-0.000519094,26.0834,0.975616,0.942811,1.00111,1
453,86919.6,-77429.6,26373.8,0.763947,0.973649,0.989052,1.02973,1.30489,-0.121393,0.000799331,8.07516,0.767736,0.618025,0.879158,1
454,89231.6,-103833,29253.6,1.01379,1.02591,1.00586,1.01357,1.15543,-0.149759,0.000905126,16.8569,0.860993,0.772277,0.928963,1
455,97431.3,-44737.4,8689.22,1.07288,1.01671,0.991548,0.990278,0.84247,-0.0106327,0.000460564,3.79685,0.83517,0.555268,1.06837,1
456,14.3059,27.9143,4.28991,0.876633,1.04176,1.01327,0.98658,0.617591,-0.0923303,6.63023e-05,330.76,1.98784,7.27979,1.05397,1
457,68706.6,-131376,1901.35,0.966177,0.969373,0.994646,1.03592,1.0006,-0.204133,2.34458e-06,55.8242,1.1519,1.4693,0.966629,1
458,95224.3,53115.5,-17750.3,0.934261,1.03577,1.01181,1.00044,1.09956,0.127696,0.000551262,25.8371,0.968867,0.944285,0.988854,1
459,88478.3,75560.1,-22936.4,0.801476,1.0087,1.00064,0.958902,0.814476,0.155108,-3.25903e-05,32.3371,1.03266,1.05941,1.01248,1
460,87007.9,62901.6,-17273.3,0.73353,0.998757,0.99952,0.951777,0.970632,0.123403,-4.63706e-05,25.8935,1.00834,0.943973,1.05618,1
461,86537.9,68993.3,-24672.3,1.25463,0.994921,0.998379,0.996419,0.954366,0.159531,-0.000338298,34.2123,0.982628,1.09931,0.89649,1
462,93509.5,-7223.83,1143.06,0.919151,0.996518,0.991786,1.06505,0.716194,-0.0211806,0.0015129,4.37246,0.763483,0.565912,0.921155,1
463,90625.4,-20852.2,-1614.6,0.972749,1.00469,0.981595,1.02625,1.132,0.0822326,-0.00104306,4.12572,0.814075,0.559644,1.011,1
464,82265.5,55926.6,-19345.7,1.27032,0.981086,0.991365,0.945001,1.06284,0.122449,0.000615841,40.3594,1.06997,1.20725,0.973556,1
465,72443.2,-42821.3,-9912.92,0.971766,0.979072,1.00382,0.961709,1.06337,0.000438617,-0.000669516,4.9881,0.873168,0.571317,1.05824,1
466,37.1836,-62.5987,-0.228259,1.16954,1.00429,0.997421,1.0278,0.929114,-0.0056018,0.000493952,38.9589,0.934978,1.35011,0.858102,1
467,91066.7,49161.7,-14258.4,0.891422,1.01099,0.996311,0.973023,1.09532,0.0717361,0.000186769,26.5143,0.945754,0.946344,0.945295,1
468,87399.6,-65499.4,7748.87,1.19619,0.994739,1.00047,1.05664,1.14289,-0.0984782,0.00101791,11.0984,0.858096,0.685357,0.987119,1
469,82217.1,70851.1,-8802.67,1.01051,0.996312,0.995309,1.06556,1.02676,0.110697,-0.000369052,37.9818,1.0076,1.16013,0.900827,1
470,93398.6,-35388,-6976.89,0.937876,0.997206,0.986236,0.992134,1.18241,-0.0317081,0.000536263,4.19089,0.788704,0.564775,0.96752,1
471,87838.3,-39581.7,20619.6,0.975642,0.990635,0.98779,0.974145,1.3025,-0.0758612,0.00115964,4.80204,0.842728,0.556433,1.05738,1
472,22.5625,-46.9146,16.5442,1.23097,1.00354,1.00036,1.04186,0.938342,-0.0574379,0.00200564,80.3891,1.03824,2.46111,0.778418,1
473,81140.3,74113.8,-20448.6,0.723335,0.98918,1.00809,1.01734,0.946044,0.203646,-0.00117166,41.5399,1.07737,1.22943,0.972119,1
474,90741,-59564.8,5127.41,0.656595,1.0007,0.98531,1.01508,1.20094,-0.120509,0.00109683,6.07908,0.758574,0.569498,0.905544,1
475,84871.8,74619.2,5216.62,0.909713,0.992452,0.999291,1.03195,0.904885,-0.0786522,0.00351443,28.8284,0.994419,0.996956,0.992581,1
476,71620.9,-135001,1898.95,0.909596,1.01689,0.993627,0.960876,0.92537,-0.0182932,-0.00203426,27.2636,0.982699,0.963036,0.99467,1
477,98207.3,-49248.5,18892.6,0.956746,1.01387,1.00745,0.969348,0.922445,-0.0733245,0.000759164,4.68499,0.807309,0.573395,1.0041,1
478,39893.3,-139407,-20112.6,0.773311,0.98463,0.992939,0.972857,0.932855,-0.303868,-0.00081437,211.441,1.78345,4.2468,1.06226,1
479,79091.8,-73944,-7290,0.679556,0.978911,1.01607,0.97602,1.12044,-0.020216,-0.000767675,7.47557,0.829452,0.617624,0.972386,1
480,95190.8,82818.6,-22592.6,0.924541,1.05143,1.01336,1.00785,1.20127,0.128581,0.00129645,42.4879,1.15401,1.23346,1.0895,1
481,88431.3,37776.5,-16772,1.00418,0.970011,0.998182,0.987553,1.09769,0.118965,-0.00062512,13.3146,0.873457,0.723843,0.986624,1
482,70585.7,-120607,24606.3,1.07056,0.977172,0.994221,0.94701,0.753558,-0.0785875,-0.000897415,34.5883,1.02812,1.0774,0.998582,1
483,76860.3,-100684,-1545.7,0.947171,0.976393,0.998486,1.00661,1.13951,-0.0656693,-0.000300779,19.8547,0.871539,0.831802,0.897594,1
484,95428.9,-46111,390.285,0.972191,0.995292,0.999033,0.991679,1.0899,-0.13553,0.00180562,3.99855,0.80059,0.552137,1.00364,1
485,77416.2,-118152,20377.5,1.25075,0.995201,0.996163,1.04799,1.22113,-0.120944,0.000669427,25.639,0.988365,0.933919,1.02436,1
486,91345.5,-57830.5,6311.26,0.935751,1.02269,0.994618,0.991153,1.16524,-0.0421422,-4.74118e-05,8.62698,0.872152,0.632597,1.05903,1
487,67569,-125914,8714.86,0.949529,0.993364,1.02259,1.02678,0.978229,-0.0863282,-0.000858189,38.6982,1.03766,1.17661,0.958028,1
488,38.3716,75.6674,-15.5796,1.22477,1.02621,0.998521,1.03648,0.774479,-0.0136165,-8.47569e-05,28.9662,0.658281,1.41227,0.514918,1
489,84263.7,60902.3,-17049.4,1.01555,0.962437,1.00193,1.00442,0.747473,0.192988,-0.000103764,28.6415,1.01559,0.99481,1.03056,1
490,87287.9,-83617.3,-6661.06,1.03675,1.03429,0.988436,1.02531,0.534085,-0.0326064,-0.000604434,4.00621,0.829674,0.534384,1.0492,1
491,54546.9,-148364,11643.4,0.675352,0.987417,0.993787,1.01907,1.22844,-0.150454,-0.0017379,94.5353,1.28219,2.15624,0.888386,1
492,98549.3,50337.4,-20689.8,0.822161,1.01977,1.01051,0.996821,1.05377,0.183611,-0.000972548,17.7368,0.957023,0.789129,1.09859,1
493,85060.9,64269.3,-17395,1.13591,0.981033,1.00692,0.994624,1.0172,0.153646,0.000610391,36.6757,1.03152,1.13909,0.953323,1
494,93428.1,-16430.5,4803.37,0.648217,0.988405,1.0032,1.02477,0.764083,0.015204,-0.000175389,2.67884,0.780816,0.547102,0.967686,1
495,91270.6,-58793.7,28455.2,0.898968,0.983926,0.992818,1.07494,0.767308,-0.160755,0.00184596,5.88629,0.844879,0.584383,1.04841,1
496,89726.9,-18168.3,10885.5,1.09,0.998634,1.00832,1.04283,0.944583,-0.0710372,0.00207843,6.66945,0.823657,0.584476,1.00724,1
497,74235.1,-124923,4324.71,0.903218,0.986021,0.988738,0.927424,0.969856,-0.0561432,-0.0012001,36.5741,1.09518,1.13383,1.07073,1
498,23.7856,39.1861,6.0784,0.967755,1.0033,0.999772,1.04132,0.718104,-0.0666972,-0.00160947,234.212,2.34336,5.72294,1.72889,1
499,77213.8,-116605,14797.1,0.882182,1.0032,1.00516,1.03843,0.831812,-0.0829743,-0.000656737,22.9017,0.9513,0.891529,0.990679,1
500,68419.3,-136871,27048.2,1.08251,0.991621,0.988407,1.02149,0.901762,-0.127406,-0.000376803,44.9304,1.04326,1.29017,0.899881,1
501,93325.2,-25795.6,-4742.3,1.20712,1.01176,0.986326,0.997942,0.892823,0.0622638,-0.000935938,2.70043,0.772028,0.531407,0.96351,1
502,76587.3,84892,-17906.7,1.16554,0.981417,1.00583,1.01042,0.920654,0.108945,0.000675534,49.901,1.09595,1.3738,0.914772,1
503,93496.4,-1710.9,-3097.41,0.908327,0.979822,0.983719,0.985119,1.19228,0.0795124,-0.000409344,5.91223,0.781393,0.589539,0.934616,1
504,96586.5,57677,7507.83,0.706045,1.00594,0.989339,0.946227,0.851763,-0.0377799,0.00245246,15.9679,0.919232,0.759686,1.05097,1
505,76004.9,-132616,38105.2,1.0486,0.995084,0.997466,0.97845,1.42635,-0.195882,0.0005433,37.2411,1.06983,1.15273,1.01596,1
506,88989.5,-122048,15447.2,0.441302,1.02631,1.01381,1.03016,1.19649,-0.086424,-0.000517361,16.0693,0.847658,0.759706,0.914771,1
507,61530.3,153020,-18697,1.12862,1.00369,0.986152,0.970588,1.08158,0.229891,0.00146897,161.053,1.88637,3.35836,1.12621,1
508,57429.7,-157411,29782.2,0.980173,0.993814,0.98166,0.996251,0.944756,-0.179966,-0.00103698,89.6226,1.38399,2.05593,1.06211,1
509,84635.6,-72704.8,22041.2,1.0973,1.01292,1.00738,1.01807,1.2936,-0.0720726,0.000420671,7.01081,0.857799,0.593941,1.04831,1
510,27.3613,35.2451,1.17799,0.881894,1.02572,1.00797,1.05552,1.42062,0.0049005,-0.00131478,114.091,0.792634,2.87882,0.411679,1
511,89690.2,59832.5,-20450.9,1.43064,1.00908,1.00787,1.04887,1.08337,0.187366,-0.00137017,22.7538,0.921001,0.887707,0.946506,1
512,92612.6,48168.2,-19416.5,0.978453,1.01912,0.970232,1.03176,0.812607,0.0949395,0.000264267,17.8749,0.855421,0.811437,0.89005,1
513,101807,33594.9,-21639.4,1.23366,1.04859,1.00284,0.979641,1.16843,0.108583,-0.000618052,16.1767,0.854929,0.776164,0.923337,1
514,97306.1,-12145.3,-18350.9,0.767057,1.00911,1.00991,0.983843,0.870566,0.00787857,0.000247008,2.71871,0.716678,0.533256,0.869301,1
515,80494.2,-60792.4,-1967.78,0.704621,1.00057,1.01217,0.996886,0.725417,-0.00353512,-1.33925e-05,4.13126,0.865511,0.55372,1.07929,1
516,71366.1,-130160,29761.8,0.780218,0.9818,1.00115,1.01594,0.852739,-0.176538,-0.000153575,41.9698,1.03149,1.22657,0.912908,1
517,78863.7,-118122,15857.7,0.67586,1.00165,1.00432,1.04489,0.89224,-0.0997646,-9.1816e-05,22.8353,0.886597,0.888489,0.885323,1
518,80491.2,-136489,21014.9,1.30989,1.02281,1.00971,1.02444,0.973004,-0.250411,0.00129495,36.615,1.07964,1.13983,1.03815,1
519,22.7433,38.4318,1.48081,1.2038,1.00553,1.01677,1.01782,1.10119,0.0154475,-0.00175047,241.097,1.27042,5.31527,0.514375,1
520,86031.2,-13767.9,-18763.1,1.14073,0.983266,1.01653,1.01748,0.648754,0.122677,-0.00177378,5.0895,0.804561,0.576486,0.97227,1
521,77679.5,-138738,32760.5,0.729371,1.01942,1.00372,1.00406,0.896903,-0.175853,2.48766e-05,33.2406,0.98514,1.079,0.922814,1
522,78699.2,-135222,16044.7,1.14394,1.00862,1.01524,1.01837,1.05511,-0.184457,-0.000336903,37.1284,1.06413,1.13338,1.01747,1
523,80370.5,100425,-23223.7,1.27612,0.980966,0.984517,1.01258,1.13184,0.159276,0.00127009,73.405,1.27229,1.78799,0.919236,1
524,91065.4,7854.36,-11608.2,1.17895,1.03277,1.00853,1.03056,0.948103,0.0473693,-0.000157556,10.1266,0.861095,0.656241,1.02009,1
525,82892.8,-126124,14884,0.914014,1.00239,0.996435,0.990752,0.870656,-0.10612,-0.000129834,22.0217,0.908452,0.867018,0.937875,1
526,84066.1,62444.5,-20233,0.74636,0.98866,1.01394,1.03228,0.914476,0.137396,0.000463494,30.643,0.966874,1.01806,0.930139,1
527,85408.3,-92061.6,16836.8,0.899966,1.00038,0.993966,0.986011,1.29384,-0.0921863,0.00056134,13.0089,0.803851,0.714085,0.869356,1
528,28.5353,54.5375,-8.66385,0.833317,1.01869,0.999011,0.962161,1.02071,0.00712836,-0.000793949,75.7613,1.45863,2.5111,1.26567,1
529,86471.5,-77676.4,19492.3,0.775126,1.01383,1.00412,0.982477,1.1718,-0.0557906,0.000791375,7.8185,0.870095,0.62227,1.05311,1
530,80239.9,9146.25,17087,1.03869,0.999539,1.00528,1.05909,0.838338,0.0127383,0.000554958,9.4777,0.81337,0.63733,0.933429,1
531,94136.7,-33984.8,6839.21,0.768783,0.98773,1.00353,0.971919,0.865189,-0.0472242,0.00122034,3.42999,0.753116,0.537738,0.926985,1
532,77206.3,-130577,20517,1.1474,0.988765,0.984314,0.976274,1.17386,-0.2103,0.00083291,33.71,1.05777,1.07234,1.04815,1
533,98424,-22131.6,-17006.7,0.834035,1.02111,0.982526,0.993394,0.76504,0.0866598,-0.00129186,4.42151,0.843919,0.56015,1.08239,1
534,89211.1,52565.9,5636.71,0.791316,1.00808,0.99822,0.991388,1.05427,-0.0541156,0.00236087,24.6213,1.06737,0.912494,1.18526,1
535,85168,-128543,16674.3,1.00778,1.01122,0.984062,0.959463,1.02362,-0.0366869,-0.00121025,18.5854,0.955262,0.812337,1.0595,1
536,101292,518.59,-14601.1,1.30049,1.01155,0.998795,0.988296,0.894666,0.100501,-0.000520107,3.98709,0.701582,0.54857,0.83379,1
537,77071.4,63670.3,-9993.28,1.32166,0.956748,0.999572,1.01042,0.720436,0.1069,0.000211883,37.6284,1.11967,1.14728,1.10155,1
538,45413.2,-165256,15003.6,0.840303,1.03275,1.01259,1.0022,0.918031,-0.373887,0.00111324,133.168,1.47087,2.87052,0.969898,1
539,83569.1,-92541.4,32014.4,1.005,1.00319,1.00885,1.0085,0.907944,-0.102208,0.000408713,15.8629,0.846567,0.76252,0.906657,1
540,79293.6,-65206.7,6804.39,0.923944,0.99833,1.0041,0.971557,0.91704,0.0114224,-0.00105923,4.84206,0.774074,0.586275,0.900776,1
541,100947,-15267.6,-17769.6,0.266424,1.00049,0.993928,1.01596,0.834405,0.14095,-0.00153152,4.78275,0.766365,0.564265,0.940842,1
542,100657,59596.4,-29820.3,0.94282,1.01842,0.985001,0.963921,0.655373,0.15539,0.000891703,34.1273,1.01564,1.08228,0.958346,1
543,17.148,33.525,-0.544915,1.08635,1.02748,0.999022,1.02869,1.08943,-0.0332195,-0.000974963,314.59,1.53621,6.55459,0.598706,1
544,91659.6,59720.1,-17831.5,1.26113,1.01143,0.990983,0.992401,0.87374,0.106802,-0.000159723,23.9832,0.92532,0.904523,0.941574,1
545,93060.3,-36712.7,2857.58,0.657571,0.989844,1.01345,0.992901,0.951048,-0.0861828,0.000983325,3.76294,0.816525,0.530245,1.04519,1
546,53380.4,-154971,1114.56,0.510168,1.00463,1.00742,1.02797,0.835962,-0.23112,-0.0010011,115.958,1.45623,2.56407,0.969196,1
547,73216.7,122574,-33140.3,0.792101,1.01378,1.01105,1.04958,1.15541,0.162623,0.00133944,114.937,1.54418,2.51329,0.942196,1
548,88921.6,55791,-21204.4,0.954929,0.985005,0.98975,1.04066,1.04775,0.192033,-0.000409963,23.4786,0.958833,0.912211,0.99423,1
549,84007,-54567.5,-30005.9,1.36454,0.984188,0.999578,0.966114,1.04529,0.0661033,-0.00176326,8.45221,0.96231,0.617824,1.20963,1
550,82367.9,43228.7,-635.296,0.941761,0.992385,0.990633,1.02224,1.07096,-0.00957283,0.00159615,17.49,0.878988,0.793048,0.93924,1
551,86305.9,-23385.7,-1075.91,1.42706,0.965182,0.98901,1.04836,1.04329,0.0315598,-0.000196669,3.25151,0.821784,0.539384,1.03008,1
552,85682.8,-58479.1,-3811.36,0.920043,0.968939,0.998344,0.999857,1.19404,-0.00355391,1.06965e-05,2.3163,0.752142,0.527348,0.91696,1
553,87551,4659.84,-25536.7,0.939586,1.01351,1.00152,1.00219,0.787592,0.0753294,-0.000746244,8.7326,0.840095,0.637477,0.991515,1
554,99857.3,2073.44,8075.51,1.37068,1.01928,0.995544,1.00125,1.17516,-0.0151171,0.00134448,2.51285,0.788143,0.542482,0.997306,1
555,72720.4,115607,-21640.1,0.657248,0.982912,1.00285,0.949037,1.26658,0.176959,0.00140623,87.8874,1.40462,2.05437,1.00296,1
556,84694,-75836.5,19048.4,0.921758,0.967982,1.00074,0.983209,0.8233,-0.153572,0.00142595,3.38727,0.839521,0.549105,1.05007,1
557,81394.5,-39306.9,-19092.8,1.06693,1.00639,0.993657,0.993301,1.24702,-0.0114505,0.000154935,2.56085,0.775836,0.529801,0.946063,1
558,92557.8,58535.3,-30013,0.81833,1.00259,0.996781,1.00386,1.09607,0.211665,-0.000464576,32.7501,1.09831,1.05658,1.13129,1
559,56006.9,-141241,16655.3,1.12892,0.984566,1.00435,1.03235,1.37437,-0.151723,-0.00174346,86.8935,1.29019,2.03994,0.941743,1
560,83033.9,71388.7,-5419.21,1.20414,0.979273,0.979581,1.0004,1.16934,0.0941494,0.000351539,35.3265,1.03497,1.12603,0.970617,1
561,94350.5,51362.3,-23218.1,1.12884,1.01081,1.00621,0.980107,1.12827,0.190864,-0.00109807,24.3403,0.949663,0.90946,0.982072,1
562,16.0017,34.6301,13.0278,1.04861,1.00308,1.00751,1.03676,1.08355,-0.0629765,-0.000520374,229.317,2.07144,5.47795,1.44576,1
563,86957.1,70680.9,-15125.5,1.04131,1.00232,1.0099,1.00053,1.04395,0.148157,-0.000528864,31.5356,1.0064,1.06559,0.962423,1
564,90889.7,11362.9,-25768,0.81028,1.00853,0.999776,1.02879,0.777712,0.0956475,-0.000609843,5.66158,0.804164,0.573619,0.983622,1
565,90905.3,41868.6,-22361.6,1.03082,1.00722,1.00474,1.00672,0.930746,0.137811,-0.000680987,20.2265,0.86131,0.855004,0.866213,1
566,101118,55873.7,-17039.6,0.842399,1.00722,0.991161,1.04883,0.981386,0.108935,0.00114447,13.0525,0.916085,0.721636,1.08413,1
567,93459.8,7921.46,-10997.7,1.0276,1.03116,1.01007,1.01266,0.93086,0.0842549,-0.000758185,12.3553,0.86009,0.705759,0.983063,1
568,84734.7,-3340.77,-15227.2,0.947918,0.96695,0.999834,1.07202,1.1105,0.0892521,-0.00101149,5.26011,0.842949,0.565153,1.04392,1
569,90056.5,80581.8,-23275.6,1.06849,1.01678,0.996934,1.01799,1.17169,0.184587,0.000266401,42.1054,1.04829,1.23433,0.905241,1
570,91562.2,-24156.1,-9484.67,1.09744,0.997966,1.01295,1.00412,1.40834,0.0101553,0.000217818,2.9623,0.754865,0.536183,0.926205,1
571,75066.3,79533.6,-10100.3,0.863407,0.968487,1.01615,0.969475,1.05171,0.128872,-0.000225029,40.6725,0.967637,1.2208,0.8061,1
572,90526.6,-15072.1,19366,0.892725,1.01654,0.985434,1.04877,1.16584,-0.0536217,0.00153444,6.34458,0.81162,0.586543,0.985364,1
573,73450,144099,-2737.2,0.912044,1.02355,0.991268,0.966106,1.09444,0.254268,0.000646144,119.32,1.68752,2.61116,1.11101,1
574,38361.5,-157600,-7047.18,0.9355,1.0251,0.993243,1.01193,0.98989,-0.25386,-0.00120697,185.084,1.58125,3.7857,0.980679,1
575,69969.4,-117227,45231.6,1.30646,0.974287,1.00415,0.969184,0.924362,-0.206253,0.00160962,32.9234,1.02922,1.06409,1.00848,1
576,82390.7,-85336.7,4854.94,1.21825,1.0024,0.993387,0.944693,0.880686,0.0268515,-0.00148806,13.6244,0.826691,0.714262,0.905652,1
577,95302.9,1860.64,-9820.74,0.982486,0.982683,0.999821,0.981534,0.979777,0.0785959,-0.000215868,5.02111,0.830756,0.58327,1.03277,1
578,75210.9,-135124,-7780.57,1.0829,1.00428,0.977819,1.01191,1.32219,-0.0708301,-0.000929858,32.6309,1.02065,1.05775,0.996871,1
579,29.6167,-35.2333,-1.04498,0.932346,1.03226,0.987788,0.992088,1.04506,0.0121711,0.00187816,217.699,1.38163,4.71938,0.759332,1
580,17.7819,30.132,8.07952,1.42644,0.935836,1.00335,1.03567,1.39072,-0.0674368,-0.00127704,229.893,1.79714,5.03994,1.18711,1
581,84080.3,-13968.9,-13542.6,1.25122,0.986626,1.0023,1.0344,1.30613,-0.0186691,0.00103438,4.28385,0.763855,0.552603,0.915282,1
582,94664.3,-17108.4,18630.6,0.912861,1.03068,0.999371,1.0017,0.949933,-0.0150745,0.000691615,5.3891,0.826128,0.579614,1.0252,1
583,68206.6,136741,-20962.6,0.720505,1.00197,0.997528,1.01884,0.980771,0.266785,0.000587858,113.685,1.5369,2.53441,0.960711,1
584,79707.5,-141598,-2462.18,0.855213,1.02786,0.993519,1.03091,0.969413,-0.112125,-0.00138588,41.1099,0.98428,1.20188,0.836071,1
585,93482.7,-67666.8,-4272.52,0.846313,1.0177,0.997146,0.962875,0.802829,-0.021581,-0.000587765,2.60937,0.773858,0.521261,0.975606,1
586,79332.3,-63538.7,-12668.1,1.06845,1.00449,1.0167,1.03922,0.7507,0.0212733,-0.000478421,8.83021,0.829331,0.642408,0.955581,1
587,83532.9,67980.3,-25272.1,0.982895,0.990099,1.00276,0.990086,0.891454,0.107677,2.2512e-05,25.1804,0.966591,0.941805,0.98427,1
588,90709.5,82134.9,-22035.3,0.976498,1.01417,0.999823,1.00202,1.28581,0.148072,0.000334781,34.6618,1.07861,1.07662,1.08016,1
589,89256.9,-105557,29149,0.408897,1.01424,0.989555,0.95366,1.00292,-0.129341,0.000186532,17.2053,0.928361,0.802886,1.0242,1
590,89056.8,-129337,-4534,0.816831,1.03189,1.00375,1.07053,0.933149,-0.0765772,-0.00138594,20.5986,1.06019,0.830188,1.23576,1
591,84682.1,-112607,1226.76,1.278,1.02031,0.998201,1.05916,0.816839,-0.131697,0.000162488,20.0198,0.890038,0.838116,0.927618,1
592,69786.6,-137461,17770.7,1.19301,1.00808,1.00973,1.03353,0.957066,-0.186885,0.000567992,39.7368,0.998535,1.18602,0.887559,1
593,70488,-114670,-2028.24,0.975695,0.989771,1.00948,1.05167,1.1637,-0.0722891,-0.000564905,27.893,0.966018,0.986947,0.953478,1
594,92627.8,-37782,23981,1.28148,0.97652,0.992579,0.952143,1.05724,-0.0331676,0.000869465,2.14623,0.754433,0.532973,0.930292,1
595,100203,63433.6,-22712.7,0.970332,1.01921,0.999949,0.970226,1.14958,0.207096,-0.000509339,23.2064,0.923335,0.8856,0.955652,1
596,73448,137473,-24883.6,0.747017,1.01482,1.00433,0.961582,1.15117,0.287009,-0.000576728,116.673,1.6288,2.56719,1.04336,1
597,61826.7,-160389,30956.1,0.995463,0.988201,0.985493,0.977797,1.12711,-0.323677,0.00147701,87.9454,1.34282,2.04292,0.977939,1
598,100651,-36513.3,-522.119,0.933511,1.00967,1.01381,0.972737,1.03903,-0.0769554,0.00103184,2.83714,0.768473,0.531694,0.972497,1
599,97773.1,-49918.4,-1047.53,1.29106,1.00729,1.00762,0.970944,1.21188,-0.0266799,0.000824954,3.6757,0.737853,0.551125,0.894239,1
600,65710.4,-149062,25149.2,0.847362,1.00206,0.996921,1.00059,0.573184,-0.150844,-0.00143968,72.0856,1.29549,1.76757,1.03286,1
601,70764.4,128138,-20541.7,0.996926,0.991663,1.0065,0.979956,0.878635,0.232102,0.000339756,120.293,1.58426,2.60917,0.969984,1
602,13.7508,-27.4077,0.820187,0.757954,1.00675,1.01726,1.01294,1.10214,0.00019334,0.0015848,316.865,2.1086,6.40867,1.33147,1
603,90506.3,-49422.6,-4902.44,0.932227,0.977275,0.996508,0.996048,0.889727,-0.046404,0.000369727,3.75108,0.828311,0.541859,1.05025,1
604,64186.2,-123041,2882.1,1.20021,0.969745,0.989655,1.03323,0.975167,-0.108131,-0.000676457,50.8695,1.13816,1.38607,1.00401,1
605,84467.8,1698.09,12076.8,1.0094,0.985637,1.02007,1.00512,0.99378,-0.0257318,0.000989436,5.51783,0.885731,0.576249,1.10899,1
606,44602.1,155002,-22595.5,0.98786,1.00318,0.993594,1.01061,0.786978,0.337549,0.00186513,281.672,2.15712,5.48276,1.00194,1
607,84070.4,14661.7,-6156.87,0.748274,0.978193,1.00228,0.99854,1.10895,0.145084,-0.00139829,6.19349,0.878701,0.607138,1.07385,1
608,32466,-130896,44697.2,0.496831,1.02093,0.993795,1.00455,0.962861,-0.407987,0.000336454,291.853,1.81338,5.68068,1.04061,1
609,98936.7,-12443.9,3319.96,1.09248,0.99972,0.993386,0.979494,1.19525,-0.0946886,0.00209301,5.09858,0.758259,0.573826,0.914289,1
610,85345.2,-77525,18568.5,0.783827,0.96183,0.987685,1.02567,0.963089,-0.0957503,0.000312458,7.79225,0.766318,0.630286,0.8657,1
611,89605.6,-78217.4,22171.3,0.988021,0.99787,0.997916,0.988955,0.582292,-0.107861,0.00105265,9.76609,0.841721,0.656006,0.984101,1
612,74675.2,-127785,36739.3,0.81549,0.983282,0.988877,0.959162,1.25928,-0.172433,0.00101968,37.0516,1.10635,1.14263,1.08322,1
613,75300.2,128856,-25435.7,0.839515,1.0078,0.989342,1.0094,0.667662,0.273278,0.000298708,90.8924,1.38399,2.11216,0.917303,1
614,90102.4,-18374.8,14233.4,0.67108,1.01048,0.987217,0.992509,0.854363,0.0142872,9.5135e-05,3.94106,0.808897,0.555608,1.00386,1
615,84559.9,66783.8,-26140.9,1.06895,0.985956,0.984239,0.997857,0.786983,0.161241,-7.68087e-05,40.1875,1.02008,1.20124,0.889418,1
616,74053.1,-120372,12196.2,0.979295,0.976852,1.00473,0.97728,0.92627,-0.0929544,-0.0015417,32.7889,0.986444,1.07534,0.930151,1
617,80649,110517,-25682.3,1.06064,1.00847,0.999357,0.999321,0.847828,0.216174,0.000304916,88.3637,1.40933,2.05917,0.96251,1
618,76761.4,-137208,34446.5,1.4421,1.01144,0.99719,1.00966,1.23389,-0.194893,4.10213e-05,40.7476,1.03186,1.20523,0.918135,1
619,88548.6,-46375.3,2432.05,0.868511,1.02131,0.996865,1.04578,1.24665,-0.0107902,-6.10259e-05,3.22137,0.803109,0.5432,0.999217,1
620,76211.6,79305.3,-6257.05,0.973296,0.954863,0.997312,1.01522,0.777278,0.166244,0.000823803,71.167,1.27537,1.74576,0.970358,1
621,83068,67390.3,-13059.8,0.908696,0.98933,1.01324,1.02254,1.10215,0.137138,-0.000814282,33.8739,1.01015,1.0897,0.953781,1
622,77820.4,-121644,29943.5,0.860471,0.990122,0.989486,0.984427,0.668329,-0.15475,0.00120261,32.1179,0.976799,1.0284,0.942497,1
623,94317.1,67462.8,-20741.9,0.808863,1.01243,0.987959,0.964869,1.08459,0.193754,-0.000918279,28.7027,0.918775,0.991575,0.860114,1
624,91120.6,7327.1,14778.1,0.849929,1.00327,0.989524,1.01576,0.685706,-0.0197829,0.00126437,9.93619,0.860294,0.665862,1.01133,1
625,65598.2,-147879,41196.2,1.11431,1.00721,0.999712,0.997673,0.945088,-0.204094,-0.000387603,77.485,1.36748,1.87717,1.0843,1
626,71553.5,64395.3,-14129.6,0.858917,0.984265,1.02013,1.0301,1.30186,0.0708897,0.00149275,44.5363,0.986563,1.30232,0.794895,1
627,86668.8,-55973.5,-4522.77,1.12451,1.02097,1.00494,1.03649,1.39193,-0.0468592,0.000328497,7.10607,0.785929,0.61251,0.914045,1
628,25813.2,-113448,49756.3,1.17076,0.998292,0.996122,1.05856,0.817399,-0.39953,0.00036739,329.867,1.81467,6.36047,0.906416,1
629,78271.7,-13818.2,4823.58,0.939783,0.97083,1.00263,0.972125,0.911338,-0.0169891,0.001054,3.72974,0.749607,0.561431,0.875073,1
630,89003.5,-112261,31595.7,1.02669,1.00644,0.995633,1.00427,0.668383,-0.149243,0.000411419,17.4941,1.04354,0.789215,1.23766,1
631,84079.1,-78436.6,1619.1,1.13015,0.99278,0.984722,1.02381,1.17495,-0.0607573,-3.72168e-05,8.90841,0.793452,0.634992,0.907089,1
632,93050.6,-94019.4,4534.65,0.701414,1.02008,0.997228,0.987166,0.819465,-0.0492225,-0.000389807,8.60682,0.809035,0.649892,0.935746,1
633,70366.7,-115120,27545.9,1.00313,0.985667,0.993941,1.00735,0.706134,-0.068502,-0.00116738,28.2765,0.924047,0.98465,0.887786,1
634,26.7727,54.7159,12.8363,0.942925,1.0034,0.99947,1.00978,1.08608,-0.000845064,-0.000625577,91.8514,1.02777,2.44034,0.759268,1
635,103332,63032.6,-25371.1,1.45263,1.04054,0.986741,1.01099,1.04807,0.180016,1.60979e-05,26.8529,1.04151,0.979355,1.09624,1
636,94248.7,-39678.8,-11093.2,0.836157,0.983418,1.00676,0.93637,0.99576,-0.0588985,0.000620194,3.75278,0.79896,0.538548,1.00945,1
637,83180.4,75720.9,-7783.06,0.627486,0.986536,0.996062,0.995706,1.04132,0.104609,0.000936086,41.5215,1.08016,1.23184,0.972624,1
638,25.3018,39.0828,-22.2431,0.989104,1.00028,1.00452,0.990889,1.2855,0.0117051,-0.00210077,174.703,1.56538,4.22853,1.06211,1
639,50300.5,124825,-1892.75,1.01853,0.994359,0.991027,1.00053,0.859597,0.226276,0.00230826,212.215,1.93187,4.27616,0.97655,1
640,67697.4,-42973.5,-10614.8,0.760912,0.973087,0.998935,0.977178,0.596036,-0.0696017,0.000274189,11.8445,0.872193,0.688205,0.97847,1
641,84171.8,72452.1,-12094.6,0.848751,0.99879,1.01005,1.03532,0.913978,0.200433,-0.000214101,41.6952,1.04165,1.22739,0.908268,1
642,76031.2,-124337,11209.6,0.853755,0.993578,1.0053,0.944004,0.705926,-0.077793,-0.000634858,22.7786,1.06397,0.869803,1.19001,1
643,23561,-114129,7480.83,0.982083,0.964087,0.988831,1.00943,1.06399,-0.360183,-0.000840549,353.914,2.0651,6.82797,1.11351,1
644,83128,30890.5,-10242,0.887676,0.978297,1.02439,1.02739,0.918189,0.0966453,-0.000305495,12.9262,0.827543,0.714598,0.907744,1
645,36841.1,-147640,-2233.91,1.04198,1.01578,1.00934,1.02273,0.921801,-0.249475,-0.00193032,208.618,1.67996,4.22557,1.04722,1
646,13.012,27.2839,9.65427,0.725436,1.0598,1.01677,0.952045,0.96815,-0.215488,-0.00129962,528.536,2.66346,12.2892,0.964793,1
647,91997.6,-71285.7,13189.6,0.913981,1.01177,0.993928,0.96231,0.984131,0.000165352,-5.74771e-05,7.2237,0.843031,0.626098,1.01369,1
648,85536.1,-66920.9,1163.54,1.13439,1.01424,0.99675,1.05962,0.908698,-0.00295458,-0.000393412,7.21799,0.852281,0.606758,1.03131,1
649,85928.2,-53996.5,-7449.77,1.02809,0.989163,0.994383,0.994473,0.923861,-0.0730196,0.00114621,3.76009,0.812753,0.552873,1.00342,1
650,75684.9,-129673,17816.9,1.11799,1.00008,1.01028,0.960935,1.22187,-0.197301,0.00017788,37.6804,1.00451,1.17211,0.896155,1
651,29455.4,-127320,46533.4,1.30248,1.00772,0.993355,0.977383,1.1026,-0.255015,-0.00131416,297.804,1.74886,5.77576,0.943944,1
652,63211.3,144243,-17008.5,0.770953,1.00622,1.00726,0.960875,1.1867,0.241179,0.00123694,143.482,1.63793,3.0499,0.887774,1
653,48686.2,135615,-62142.5,0.314858,0.998724,0.997127,0.982991,0.875405,0.438734,-0.000609062,254.725,2.03089,5.03832,0.853741,1
654,55586.2,-150603,36541.1,1.14084,0.992738,1.00788,1.02814,1.30761,-0.220667,-0.00059046,89.8538,1.38718,2.09766,1.05934,1
655,22.0882,33.1773,2.69699,0.944443,0.974571,1.00371,1.01092,1.07274,-0.0687629,-0.000558425,226.452,1.21859,4.98887,0.507222,1
656,90891,-34586,32671.2,0.579603,1.01707,1.00047,0.995645,1.00178,-0.0781099,0.00105896,3.14364,0.733626,0.526263,0.89473,1
657,103125,65260.7,-33563.6,0.828091,1.03479,0.987107,1.05131,0.707701,0.285207,-0.0013118,28.5954,0.998367,1.01161,0.986717,1
658,79909.1,-85375.7,23747.9,1.02017,0.95788,0.988605,0.977905,0.775351,-0.10434,0.000414478,12.1921,0.896423,0.699844,1.03062,1
659,92036.7,-50360,16378.7,0.878948,0.989541,0.980032,0.982373,0.988838,-0.0371007,0.000940479,3.38869,0.792519,0.538392,0.992299,1
660,88860.4,62771.2,-12878.9,0.979769,0.996443,0.998248,0.95261,0.933816,0.100838,0.000484531,26.9165,0.909831,0.954834,0.875676,1
661,48056.7,140587,-23179.1,1.13467,0.98595,1.00848,0.98959,0.669329,0.415353,-0.000428582,257.087,2.0865,5.05736,0.945008,1
662,84639.6,63837,-15408.8,1.2615,1.00617,0.994248,1.00541,1.01288,0.0800941,0.000247155,35.7272,1.10468,1.1183,1.09486,1
663,81565,59647.1,-12666.8,0.742186,0.977037,1.00009,1.04848,1.13343,0.163975,-4.61181e-05,29.6648,1.01552,1.0131,1.0172,1
664,90194.4,945.566,-15140.5,1.01237,0.989577,0.991046,0.994023,1.21725,0.0552369,-0.000464985,6.28655,0.772405,0.593836,0.909916,1
665,72777.3,-131126,11750.2,0.990334,0.989282,0.992372,0.991865,0.940919,-0.220424,0.00123974,44.4033,1.06858,1.27224,0.942352,1
666,90422.3,57840.9,-18731.7,0.854401,1.00298,1.00334,0.964197,1.00105,0.137439,-0.000257288,21.9756,0.850973,0.873464,0.833602,1
667,87348.2,-68035.7,13772.5,0.971555,1.01496,1.01132,0.989189,0.998033,-0.020447,-0.000100418,6.59092,0.815972,0.589459,0.984865,1
668,86933.9,59871.5,-26998.3,0.944919,0.989719,0.992215,1.00851,0.439133,0.1485,-0.000624611,22.0046,0.906394,0.871601,0.932205,1
669,85988,-59218.1,21906,1.09845,0.963994,1.00484,0.971558,1.28851,-0.111397,0.000737716,3.2766,0.773258,0.533356,0.949907,1
670,86390.5,61664.9,-23360,1.36968,0.95982,0.99054,0.96639,0.964904,0.243919,-0.000988254,35.3067,1.06416,1.12103,1.02214,1
671,63877.6,-157707,36760.8,0.948266,1.02059,0.993255,1.00794,0.748165,-0.235206,-2.72234e-05,91.1338,1.43281,2.11154,1.06669,1
672,74488.4,-125263,28251.8,1.12973,0.98837,1.01344,1.01264,1.06798,-0.198637,0.000547749,28.1066,0.97362,0.994002,0.960643,1
673,59873,129375,-32091.8,0.826696,0.997301,1.00017,0.996885,0.784976,0.350198,0.0001045,167.036,1.7533,3.46562,0.896426,1
674,16.5223,36.4482,12.3532,1.14637,1.02886,0.997296,0.970591,1.07749,-0.110197,0.000371474,231.26,1.22555,5.50714,0.431027,1
675,85422.3,-138907,24037.6,0.779907,1.02832,0.990857,1.0663,0.983027,-0.160923,0.000179759,22.9497,0.947474,0.900542,0.98184,1
676,74876.3,130494,-37655.4,1.24712,1.00033,0.985386,0.991036,0.806641,0.393562,-0.00185435,112.943,1.59147,2.51593,1.00237,1
677,95300.2,57177.2,-24997.4,1.36335,1.02557,1.0042,0.982165,0.980532,0.155441,-0.000880255,22.6918,0.927882,0.873779,0.971911,1
678,79779.1,-131888,32114.9,1.17507,1.02291,1.01053,0.992344,1.04767,-0.186389,-0.000195906,38.682,0.95808,1.14584,0.83002,1
679,77976.2,-114005,31630.4,0.838174,0.997777,1.00591,0.96319,0.787794,-0.0839297,-0.000640443,21.6574,0.823083,0.861533,0.797481,1
680,85790.9,-44698,12790,0.925126,0.970583,1.0043,0.992297,1.13476,-0.01795,0.000323061,5.05476,0.748342,0.572425,0.877448,1
681,82349.8,-78742.1,3412.22,1.42738,0.98259,0.981704,1.00766,1.05195,-0.072527,0.000275451,10.7325,0.940151,0.66436,1.13373,1
682,86571.6,-122050,11406.2,0.617736,1.03186,1.00756,1.05193,1.31777,-0.174391,0.00127812,24.4958,0.907265,0.90685,0.907572,1
683,92288.2,-28137,4138.12,1.15343,0.982891,0.983935,0.981773,0.611915,-0.0316457,0.000712597,2.29893,0.685261,0.515618,0.819048,1
684,74117.5,-135738,4372.42,0.986204,1.0098,0.992369,1.00129,0.846064,-0.111753,-0.000522937,32.4897,1.00673,1.07682,0.962456,1
685,74889.6,-136637,11389.8,0.988869,1.00666,0.991491,1.0143,1.0548,-0.110509,-0.000541456,32.6397,1.06777,1.04925,1.07961,1
686,94078.2,4218.67,-20154.4,1.48668,1.00285,1.00051,1.06383,0.718452,0.124779,-0.00122279,6.66562,0.770571,0.590516,0.915398,1
687,71869.2,-132604,-3563.35,1.34473,1.00545,0.992443,1.02116,1.23094,-0.0202123,-0.00261878,37.7192,1.06946,1.14921,1.0207,1
688,46541.6,-154793,12180.4,1.01307,0.985488,0.99149,0.985782,0.88047,-0.314059,0.00113681,146.922,1.50329,3.0875,0.917703,1
689,89753.3,-66313.6,5902.57,1.05009,0.99995,0.996179,1.02424,1.01493,-0.0627658,-7.66904e-05,3.9221,0.808698,0.558253,1.0007,1
690,78510.6,77481.2,-17765,1.12689,0.982012,1.01294,1.06078,0.732738,0.116768,0.00104226,41.537,1.05195,1.22937,0.933298,1
691,91508.1,7171.72,-9198.04,1.02888,0.998724,1.01484,1.02406,1.06325,0.0608084,-0.000105795,6.5962,0.7912,0.598342,0.942011,1
692,79933.1,120136,-17909.8,1.02217,1.00184,0.991473,0.951858,1.10749,0.230065,6.83585e-05,109.047,1.61628,2.41077,1.07544,1
693,81351.6,-121331,16178.8,0.929955,0.983876,0.992037,1.02369,0.896866,-0.138971,-0.000529628,21.3442,0.943069,0.858124,1.00226,1
694,82678.7,-120135,30491,1.10947,0.981635,0.99797,0.986433,0.836602,-0.219249,0.000461113,32.2993,0.995605,1.06808,0.944167,1
695,82250.3,-94186.3,18130.4,0.836936,1.00807,1.03757,1.0575,0.989956,-0.0851277,0.000148224,13.6897,0.875137,0.722503,0.982605,1
696,89849.8,66499.5,-16828.6,0.97822,1.0048,1.00421,0.978221,0.790338,0.104916,5.65666e-05,20.5013,0.901374,0.832554,0.954236,1
697,72350.3,-113175,25054.4,1.00046,1.01937,1.01594,1.0204,1.0706,0.0257067,-0.00295383,22.2001,0.983206,0.877849,1.048,1
698,95506.5,14612.9,8603.27,1.323,1.01396,0.998006,1.02322,1.38701,0.00148257,0.00110525,3.13303,0.804116,0.546062,1.01438,1
699,15.0801,-27.995,3.65076,1.28965,0.994992,1.01184,1.07085,1.19232,-0.0418999,0.00235379,270.22,1.3387,6.01905,0.497283,1
700,78569.3,104120,-37716.6,0.895256,0.999528,1.01339,0.976611,0.991453,0.256359,-0.000454129,88.6185,1.37491,2.0627,0.914638,1
701,74499.5,-114868,-11747.7,0.918884,0.993497,1.01638,0.982991,0.993661,-0.0407695,-0.000897864,28.3854,0.963953,0.983845,0.951317,1
702,77494.3,-128062,22498.6,0.970174,1.0027,0.998349,0.967969,1.22584,-0.136755,0.000170261,31.3091,0.970125,1.03944,0.924237,1
703,72110.3,-121151,30184.9,0.73508,0.981666,1.01056,0.978787,0.759091,-0.139382,0.000347569,29.6513,0.922373,1.01131,0.867713,1
704,11.3608,26.5285,11.3985,1.0355,0.975997,1.00009,0.940445,1.02816,-0.288445,-0.00151401,705.231,3.3224,15.1404,1.17368,1
705,68568.9,-129125,9918.09,1.30811,0.989517,1.00183,1.03697,1.28985,-0.0665376,-0.001566,45.7744,1.06672,1.29835,0.931942,1
706,93715.6,63969.4,-13760.5,1.15026,1.03491,1.01199,0.921557,0.723627,0.11664,-0.000516938,33.4041,1.00984,1.07811,0.955294,1
707,72433.5,109872,-18062.8,0.982493,1.00225,1.01527,1.03555,1.27971,0.152394,0.00142017,105.981,1.45853,2.35469,0.907644,1
708,63470.2,-135781,42456.4,0.691326,0.993288,0.994414,1.03454,1.03268,-0.130402,-0.00150327,72.7,1.16863,1.78766,0.83747,1
709,83169.2,-50322.5,-13375.5,0.829622,1.01528,0.97347,1.01433,1.0328,0.0389787,-0.000787297,6.53363,0.896881,0.611934,1.09821,1
710,82143.6,-71519.8,6047.02,1.04687,0.993542,1.016,1.01948,1.16666,-0.0532701,-0.000158905,9.31412,0.788102,0.634592,0.895711,1
711,84497.7,-49368.2,856.038,0.696734,0.954092,0.999114,0.970279,1.02706,-0.130931,0.0013988,5.3044,0.79452,0.587299,0.944304,1
712,81683.4,67738.8,8467.9,0.982804,0.987455,0.996687,0.979193,1.23862,-0.0418426,0.00352711,34.4101,0.998409,1.09823,0.929081,1
713,86073.4,770.575,-1378.26,0.96536,1.01044,0.987811,0.980701,0.994188,0.0422165,0.000358765,2.58695,0.736226,0.52603,0.890036,1
714,87303.6,-21957.3,5533.46,1.01266,0.998566,0.989688,1.01617,1.10051,-0.0366512,0.000764132,5.17746,0.740298,0.584361,0.856345,1
715,98172.6,-2833.01,-13747.9,1.12315,1.02817,1.00094,0.993689,0.916088,0.131276,-0.00180735,8.7681,0.891551,0.636472,1.10509,1
716,84034.1,64799.6,-10613.4,1.07398,0.996301,1.01368,0.968207,0.849423,0.125291,-0.000489398,32.0896,0.973798,1.06382,0.909147,1
717,79573.3,84759.9,-12728.4,1.24916,1.00845,1.00716,1.03292,1.02458,0.106583,0.000736937,39.3763,1.11318,1.18135,1.06709,1
718,89336,-2062.88,-12034.9,0.807913,0.995094,0.989254,0.989439,0.819443,0.0627266,-0.0002163,6.62111,0.861464,0.600733,1.06001,1
719,86105.6,-45267.7,8283.07,0.917318,1.01191,1.00586,1.00032,0.993073,-0.00898566,-0.000222393,3.96334,0.823678,0.550674,1.02433,1
720,93161.9,61046.9,-18751.3,1.13504,1.02845,1.01473,0.943638,1.11048,0.0697147,0.00152364,27.9993,0.967569,0.984429,0.954171,1
721,87797.9,-1189.01,-6326.93,0.938509,0.972651,0.996833,1.0596,0.789387,0.0769136,-0.000422769,5.74012,0.746149,0.577924,0.872318,1
722,94911,-107799,15262.7,0.912281,1.03312,0.97659,0.987384,0.665053,-0.10145,0.000510238,13.5329,0.851263,0.722443,0.955674,1
723,92963.6,82317.8,-22546.1,0.963594,1.01419,0.989668,1.01513,0.732299,0.231716,-0.000260901,46.671,1.09093,1.30328,0.922139,1
724,106854,53941.9,-15131.9,1.56896,1.02912,0.989616,1.02753,1.27124,0.155859,-0.000637537,10.3138,1.0797,0.712034,1.41485,1
725,80542.2,105669,-31942.2,1.24903,1.01706,1.0072,1.00797,1.20787,0.192177,0.000750404,91.0626,1.46131,2.10521,1.01952,1
726,68633.4,125460,-28609.5,1.10757,1.00444,1.00391,0.968641,1.06113,0.114825,0.00285914,112.835,1.54034,2.50269,0.98201,1
727,79566.1,-137664,22628.8,1.28051,1.01091,1.00602,0.974802,1.14894,-0.121072,-4.02403e-05,25.4115,0.955093,0.921483,0.978023,1
728,82645,50042.2,-14723,1.04206,0.965322,0.999657,0.997828,1.23392,0.106865,-0.000212238,22.7335,0.857357,0.887834,0.835857,1
729,62898.3,-133687,17332.9,1.15966,0.990476,1.01449,1.02689,1.45972,-0.0458709,-0.00130442,41.3832,1.00038,1.21946,0.884303,1
730,15.3888,-29.1692,-4.0458,0.694069,0.962383,0.989342,1.00203,1.0072,0.0347267,0.00113162,241.961,1.31809,5.58903,0.558809,1
731,75973.6,-40996,-9042.18,0.917179,0.963958,0.990281,1.00099,0.811093,0.0677792,-0.00128504,3.52967,0.828917,0.553826,1.00646,1
732,66197.6,-117526,3162.08,0.865491,0.977663,0.99947,1.04602,1.14202,-0.084883,-0.000519858,40.1582,1.01119,1.1904,0.911,1
733,93591.4,-29883.6,-15744.7,1.32472,1.00342,1.00185,0.987957,1.22467,0.042235,-0.000411708,2.25242,0.760502,0.526837,0.947586,1
734,49802.4,-159114,26597,0.857054,1.01269,1.0005,0.982769,0.728093,-0.237829,-0.00088717,123.982,1.4655,2.68252,0.974252,1
735,89810.4,58662.8,-10690.8,0.840862,1.01181,1.01075,0.96873,0.961896,0.0804298,0.000855592,22.202,0.948279,0.888297,0.994373,1
736,87771.9,-40205.6,-7365.58,0.969375,0.984427,1.01476,1.00249,0.993038,0.0027614,-0.000282627,4.51415,0.812286,0.57521,0.990263,1
737,78440.8,72336.3,-15297.1,0.967389,0.988062,1.00937,0.966049,1.17974,0.124574,0.000542485,50.0164,1.17645,1.3757,1.04324,1
738,86855.1,-45069.8,6532.58,0.804177,1.00152,0.996792,1.0086,0.927895,-0.0131964,0.000144352,3.79235,0.802344,0.540617,0.996322,1
739,86398.6,66498.2,-30808,1.02635,0.990325,1.01428,1.00014,1.27686,0.215103,-0.000603964,34.1418,1.04781,1.09453,1.01329,1
740,81952.2,105341,-41093.9,1.3306,0.992925,0.988683,0.993987,1.33236,0.281454,-0.000435752,62.2102,1.19193,1.58271,0.918559,1
741,13.949,28.6804,2.63284,0.907787,1.00326,0.997106,1.01455,0.688603,-0.0237261,-0.00117336,290.518,1.60453,6.31618,0.763165,1
742,85018.3,42694.7,-6769.84,1.0778,1.00491,0.986529,1.00649,1.31745,0.0443612,0.000968842,19.5769,0.965694,0.841173,1.0557,1
743,99301.9,-42271.8,11490.6,1.10305,1.0361,0.99217,0.988973,0.867634,0.00174971,-0.000654353,4.50211,0.791786,0.558856,0.989467,1
744,95464.3,-10044.8,-9681.63,0.99651,1.01706,0.989998,1.00722,0.975312,0.073265,-0.00077294,7.22459,0.757528,0.603575,0.882904,1
745,74221.2,139019,-2827.49,1.05764,1.0515,1.00738,1.03733,0.97396,0.178606,0.00191451,114.466,1.5428,2.51006,0.932402,1
746,74198.2,-117734,-3773.09,1.22223,0.987081,0.99181,1.03017,0.902377,-0.0974417,-0.000479804,29.1812,1.00395,1.00608,1.0026,1
747,76772,-23385.5,5966.41,0.713939,1.00824,1.00173,0.999574,1.2546,0.0299632,-0.000570599,2.77666,0.775001,0.540486,0.927762,1
748,70498.9,-129374,21822.5,1.07767,0.988761,1.00077,1.00706,0.906398,-0.127468,-0.000597143,35.7148,1.02394,1.12388,0.964052,1
749,16.7704,33.5439,6.54907,1.03635,1.02339,0.995355,1.02405,0.834843,-0.0827792,-7.84848e-05,276.594,1.31703,5.86323,0.486003,1
750,45659.3,-148658,30558.4,0.890684,0.997675,1.00568,1.0046,0.791478,-0.231616,-0.000743483,118.3,1.46611,2.58603,1.06297,1
751,83049.2,69868,-16216.8,1.48066,1.00868,0.997029,0.993466,1.00408,0.0885083,5.56679e-06,37.821,1.06181,1.15838,0.99334,1
752,50138.6,141466,-50348.5,0.948059,1.00664,1.00456,0.980307,0.979538,0.358285,0.000288494,265.131,2.26746,5.23222,1.06429,1
753,87659,-111904,10848.3,1.16101,0.986047,1.00271,0.920374,0.495772,-0.144752,1.61229e-05,14.7567,0.906877,0.741696,1.03125,1
754,86852.1,-129820,2405.25,0.515098,1.04333,1.00226,0.975885,0.791379,-0.0683596,-0.000983211,22.6069,0.904235,0.873787,0.92686,1
755,87427.9,-52012.6,-1700.01,1.33673,0.999005,0.986729,0.987399,1.42346,0.0603098,-0.00124039,3.37509,0.767855,0.553102,0.927953,1
756,77686.3,79008.2,-12340.2,0.928377,0.993276,1.02695,0.995696,1.04355,0.134317,0.000484047,42.2139,1.07757,1.23651,0.972225,1
757,76824.5,-88921.4,8121.94,0.910661,0.991763,1.0047,0.989235,1.29405,-0.0521632,-0.000156996,15.3792,0.834972,0.765332,0.880501,1
758,100458,-76274,7809.7,1.09836,1.02168,1.00144,0.99609,0.883874,-0.0472208,-0.000392399,3.99695,0.738606,0.539646,0.909832,1
759,89480.6,58064.9,-21410.2,1.11979,0.992698,1.00717,0.988222,0.703621,0.149111,0.00044129,27.4707,1.02394,0.976462,1.06023,1
760,81639.8,-80215.5,-13324.2,1.16862,1.02743,1.02119,1.01567,0.874075,0.0211716,-0.00138853,10.6389,0.831439,0.674139,0.940897,1
761,97627.9,-3477.28,-8784.53,0.835834,0.979543,0.981495,1.01098,1.46043,0.107924,-0.000706422,4.35793,0.806708,0.554423,1.01744,1
762,95970.5,-26716.3,-3972.49,0.893139,1.00294,0.995993,0.97869,0.651924,0.0510606,-0.000582254,2.39893,0.870563,0.542066,1.14008,1
763,104934,3447.6,-15745.6,1.10725,1.03612,0.984855,1.03548,0.885738,0.114145,-0.00118904,8.91122,0.928822,0.675106,1.15568,1
764,60561.1,-146008,44496.7,1.11008,0.997758,0.997582,1.0582,1.06852,-0.280292,0.000752937,88.5332,1.28117,2.05505,0.887666,1
765,81219.1,-129009,18141.4,0.714171,1.01226,0.986067,0.988663,1.44404,-0.125967,0.00016266,26.6594,0.909948,0.953125,0.879979,1
766,94680.5,-69010.9,15092.3,0.808751,1.01079,1.00198,0.946138,1.18672,-0.0478665,8.97336e-05,6.73081,0.833575,0.602281,1.0209,1
767,16.4989,-37.8758,-17.7425,0.968782,0.995902,1.01458,1.00669,0.948692,0.036239,0.000968983,211.805,1.20329,4.52768,0.576044,1
768,79674.9,70895,-9024.01,1.05573,0.988181,1.01912,0.987768,1.00966,0.0700709,0.00102246,32.5949,0.970403,1.07149,0.901774,1
769,90784.5,62026.3,-23121.4,1.14322,1.01846,1.01624,0.987522,0.873721,0.107541,0.000685103,26.9237,0.935712,0.945338,0.928235,1
770,88783.2,-40633.5,17986.4,1.37273,0.976617,1.00762,0.944439,1.13977,-0.0373841,0.000169188,3.36873,0.780791,0.546766,0.958569,1
771,57533.9,-144962,36541.8,1.10319,0.962912,0.990003,0.966885,0.978504,-0.277918,0.000785353,99.7595,1.46931,2.23968,1.09953,1
772,48251.6,-65953.6,-4394.27,1.14192,0.981619,0.99561,0.941974,0.410607,-0.147925,0.000598453,23.0577,0.900714,0.904767,0.899125,1
773,87019.6,-10293.9,-2181.84,1.04907,0.995174,0.992654,1.01472,1.25338,-0.0302557,0.000747483,4.65114,0.817186,0.565521,1.00373,1
774,23171.7,-106224,49736.3,0.935365,0.99368,1.00957,0.963596,0.931821,-0.320738,-0.000888631,349.497,1.92462,6.79212,0.952137,1
775,87271,2482.58,-2217.12,1.13903,0.990188,0.99214,1.00783,0.996821,0.0044271,0.00114892,3.36411,0.776467,0.53884,0.953032,1
776,94355.1,66476.2,-20111.1,0.773871,1.01469,1.00038,0.958249,0.829524,0.197937,-0.000767211,33.9947,1.11011,1.09626,1.12128,1
777,87071.4,-60306.5,-18310.5,1.39425,1.0065,1.00936,1.03476,1.08427,0.119278,-0.00265196,7.30703,0.78408,0.630162,0.898545,1
778,71844.9,-106290,768.897,1.07557,0.996305,1.01403,0.978047,0.784645,-0.0120234,-0.00132992,20.1007,0.897597,0.865395,0.917247,1
779,66870.6,-138661,27746.1,1.40207,0.997965,1.01974,1.03218,1.08675,-0.23917,0.000865879,54.6448,1.1323,1.45829,0.947384,1
780,79782,-65500.4,-7179.62,0.854817,0.979499,1.00128,0.954204,0.988668,0.0037861,-0.000233619,6.80805,0.814933,0.605241,0.957528,1
781,16.8671,31.7422,11.9,1.06187,0.970945,0.993966,0.98228,0.797857,-0.0870047,-0.000809437,221.836,1.41115,5.39458,0.694129,1
782,87597.9,-5493.05,-13004.2,1.04809,1.00439,0.999306,0.972578,0.821773,0.025912,-0.000329979,7.43615,0.786887,0.613649,0.91617,1
783,93804.1,-4112.43,-2305.98,1.11998,0.987949,0.993085,0.976121,1.22184,0.00321571,0.00114459,2.78208,0.714104,0.529578,0.862084,1
784,60601.4,147997,-39978.7,1.13044,1.01326,1.00809,1.00497,0.705593,0.303513,0.000491174,172.938,1.8064,3.54498,0.923339,1
785,75636.4,-124746,4181.03,1.18943,1.00601,1.00487,1.04481,1.18732,-0.121129,-0.000111597,27.458,0.911659,0.965045,0.877222,1
786,86527.2,62165.6,-22427.2,1.00693,0.990212,1.00131,1.03917,1.14972,0.189978,-0.00141751,28.3976,0.914196,0.993501,0.855583,1
787,60920.8,-160163,30560.2,0.815414,1.0051,0.984187,1.02959,1.09177,-0.171652,-0.00165423,86.1597,1.33355,2.02882,0.977411,1
788,20.3333,-32.8381,1.58729,0.893155,1.03265,0.988244,1.00927,0.91882,0.0346376,0.000997389,276.006,1.2762,5.93545,0.429065,1
789,82020.2,4887.81,4542.66,1.02647,0.990013,1.01394,0.944812,1.06977,-0.00500175,0.00101832,6.28202,0.848289,0.607707,1.01643,1
790,104138,22712.6,-16320.8,0.973516,1.03946,0.996038,1.00205,1.05327,0.164261,-0.0016459,11.0361,0.870056,0.706643,1.01515,1
791,71528.4,-126565,7237.76,0.697561,0.988371,1.0041,0.980996,0.791851,-0.109575,-0.000343822,31.494,1.00297,1.03664,0.982466,1
792,77692.3,-12555.2,2568.23,1.24348,0.99486,1.01483,1.03103,1.01976,0.0277954,-0.000217767,3.23288,0.84351,0.541468,1.04268,1
793,62424.5,121592,-25197.8,1.46709,0.976388,1.00277,1.01354,1.1258,0.229047,0.00108977,118.166,1.53574,2.58319,0.985931,1
794,68163.6,-18994.5,-22693.1,1.01333,0.954892,0.985655,1.02656,1.09166,0.106273,-0.00152751,4.12614,0.812387,0.567067,0.953259,1
795,63274,144995,-40776.4,0.945868,1.0235,1.00861,1.05491,0.969945,0.268887,0.000839387,136.182,1.64659,2.94532,0.955733,1
796,92161.2,16414.2,-15331.8,1.16861,0.982337,0.987131,0.956528,1.14919,0.101749,-0.000790079,10.098,0.885475,0.644178,1.07554,1
797,85375.8,-60649.9,13520.4,0.987995,0.992746,1.00086,1.05416,1.13102,-0.0278019,-0.000717256,2.71037,0.827101,0.530741,1.04295,1
798,87364.1,-94302.6,18102.1,0.908088,1.02484,0.992128,1.02487,1.17028,-0.100565,0.000866778,12.1825,0.894127,0.699047,1.0395,1
799,77456.4,-102090,13495.8,1.30907,0.99933,0.983596,0.982481,0.664264,-0.0135633,-0.00185452,20.4396,0.96584,0.854451,1.03934,1
800,73097.8,-86018.1,16101.4,1.05727,0.972261,1.00585,1.02266,1.28112,-0.00682122,-0.0012962,11.4661,0.815482,0.711446,0.880137,1
801,93404.7,68225.8,-2119.12,1.2919,1.01779,1.00114,0.962986,0.91983,0.129818,0.00086752,27.036,0.95724,0.960563,0.954589,1
802,81997.8,-55592.2,-22294.7,1.06552,0.980183,1.00489,1.07211,1.01951,0.038383,-0.000810955,4.43362,0.793863,0.567748,0.952299,1
803,73938.2,-127956,20391.1,0.607737,0.997135,0.99905,0.988403,0.647387,-0.0815617,-0.000563984,24.6506,0.941767,0.922508,0.953908,1
804,34675.7,-157093,25755.6,1.08969,1.07207,1.00134,1.01828,1.13007,-0.292982,-0.000491835,216.595,1.54615,4.34176,0.987386,1
805,97319.6,19058.2,-15432,0.963647,0.997753,0.994113,0.979946,1.00922,0.0875102,-0.000172877,11.7287,0.869858,0.695056,1.01536,1
806,76868.4,89298.9,-15738.6,1.04285,0.975557,0.999792,0.997775,0.851955,0.117218,0.000430615,49.1035,1.1003,1.34578,0.939636,1
807,81592.5,66306.4,-15933,0.998176,0.990212,0.997841,1.04458,1.07723,0.0754489,0.000895319,33.4354,1.04729,1.07344,1.02912,1
808,83489.3,69511.2,-25566.8,1.24077,0.998639,1.02363,0.984439,1.1594,0.145253,0.000818423,42.1897,1.12549,1.23559,1.0471,1
809,73223.3,112804,-35618.1,0.848774,0.99792,1.01634,1.04035,1.09324,0.272215,0.000204671,84.8322,1.37334,1.99542,0.985858,1
810,86589.6,-3174.22,-9235.22,0.824873,0.99761,1.00642,0.963986,0.460797,0.0620498,-0.000870095,9.11305,0.821426,0.647393,0.949894,1
811,17.9357,-31.2145,-0.780489,0.653632,1.02052,1.00386,0.938902,0.831222,0.0323429,0.0010532,318.993,1.37409,6.20271,0.500826,1
812,91180.4,78951.8,-16440.6,1.39259,1.01973,0.992581,1.00146,1.28983,0.141435,0.000295883,32.5805,1.02299,1.0701,0.986365,1
813,89554.2,20302,-11534.3,0.670404,0.99543,0.997578,0.967757,0.88864,0.0958437,-0.000586753,9.88656,0.799571,0.658234,0.907584,1
814,93396.4,70740.3,-17805.7,1.0011,1.02058,1.00231,0.992642,0.822482,0.159919,0.000733781,35.0719,1.09229,1.10648,1.08099,1
815,86159.8,16192.4,-7407.98,0.956123,1.02025,0.996282,1.03998,0.843325,-0.0107527,0.000890856,10.12,0.852486,0.66761,0.9879,1
816,89096.4,64790.8,-13894.8,0.896708,1.00717,0.999961,0.972926,1.02538,0.0714603,0.00100333,26.2605,0.92058,0.951663,0.896937,1
817,91312.9,3739.5,13345.1,1.16248,1.00822,0.998917,1.03583,1.15249,0.0143295,0.000861462,4.69302,0.80992,0.557712,1.00649,1
818,90119.4,31069.1,18075.2,0.764485,1.03317,0.997347,1.01443,0.98308,-0.110081,0.00292304,11.6581,0.930267,0.697055,1.10962,1
819,91701.3,47590.6,-24952.2,1.06652,0.975488,0.985107,0.983792,1.05176,0.15323,0.000161136,19.1257,0.954064,0.819252,1.0598,1
820,88325.5,71717.6,-17323.2,1.29375,1.02678,0.996929,1.05406,0.694989,0.0920409,0.00120488,37.1401,1.09579,1.14865,1.05604,1
821,84087.6,-126179,16908.3,0.707341,0.995065,1.0029,0.928718,1.11302,-0.236943,0.00101191,31.009,1.00145,1.03376,0.978141,1
822,51401.1,-169125,22771.7,1.03581,1.01442,0.990605,0.931584,1.36148,-0.279902,-0.000105199,138.11,1.51461,2.93648,0.916699,1
823,86212,-65262.6,-7279.11,0.553944,1.02261,1.02261,0.975135,1.15266,0.030009,-0.00162607,3.70893,0.774279,0.540561,0.946145,1
824,79620.4,-71205.8,-29.3729,1.04125,0.992603,1.00877,1.02291,1.01465,0.0397769,-0.00180418,9.08695,0.863867,0.630112,1.02251,1
825,81433.4,-17096.1,635.276,1.35251,0.987053,0.993185,0.968355,0.825533,0.0227002,7.91195e-05,3.80592,0.862854,0.559153,1.07338,1
826,86797.6,-40498.5,-6414.84,0.802644,1.02649,0.980781,0.98772,0.710356,0.0603088,-0.0013594,3.18428,0.761681,0.538123,0.9266,1
827,57267.7,-152587,-6640.06,0.856358,0.998789,1.00058,0.966554,0.970458,-0.195332,-0.000766297,111.075,1.47407,2.46069,1.00339,1
828,17.931,-36.4889,-7.18582,1.03141,0.968017,0.982491,1.03083,1.12813,0.0348888,0.00190124,274.881,1.96956,6.12114,1.20702,1
829,88958.7,-18092.5,2394.35,0.93204,1.00934,1.00671,0.945067,0.634606,0.0474736,-0.000361508,6.73851,0.779751,0.591305,0.923065,1
830,92633.4,23196.3,-14785.9,0.967392,1.01769,0.97929,0.994935,1.04288,0.0961349,-0.000688864,9.59143,0.906252,0.649448,1.10926,1
831,29222.3,-140910,9775.36,0.935589,1.04912,0.980487,0.947802,1.19904,-0.221111,-0.0024737,320.525,1.81362,6.15428,0.946305,1
832,76971.2,-48096.1,-2152.27,0.902682,0.997437,1.00614,0.996024,1.15638,-0.0291151,-0.000636258,4.44914,0.808232,0.561569,0.969808,1
833,67078.9,-117390,4453.86,1.05965,0.981542,1.00519,0.977533,1.02444,-0.0775266,-0.000638658,33.3737,0.975042,1.09093,0.909294,1
834,78793.6,50602.5,-10777.7,0.884948,0.961601,0.99373,1.04087,1.19662,0.0323079,0.00112066,25.5851,1.05943,0.931347,1.14528,1
835,90655,-56006.9,1496.43,0.995972,1.01327,1.01861,1.01869,0.797866,-0.120743,0.00150794,6.23701,0.831176,0.60511,1.00634,1
836,86370.2,-139145,925.82,1.09871,1.03763,0.977521,1.06187,1.0175,-0.0963369,-8.26858e-05,24.8971,1.03071,0.921248,1.11157,1
837,74752.9,106585,-43332,1.00132,1.00054,1.02088,1.01706,1.6301,0.339063,-0.00191474,104.463,1.49162,2.34228,0.951077,1
838,88761.3,-46339.5,11968.7,1.03686,0.980979,1.00004,1.00631,0.913825,-0.0441505,5.33065e-05,3.43353,0.774845,0.54981,0.945763,1
839,80065.1,-67055.5,11232.6,1.10757,0.981464,0.999429,0.973469,1.10352,-0.0414616,-0.000343666,9.83911,0.871927,0.675157,1.00621,1
840,84503.1,-7213.78,-1590.02,1.04976,0.979012,1.005,1.00756,0.927321,-0.00928561,0.000258474,7.42355,0.818109,0.603919,0.972643,1
841,100886,-35046.6,21515.3,1.0572,0.99136,0.981083,0.968561,0.975238,-0.147118,0.00207595,3.09673,0.763578,0.541982,0.954768,1
842,81586.8,-939.74,1828.85,0.751403,0.979848,0.999022,0.981919,0.851147,0.00363352,0.000546077,9.47698,0.872906,0.65063,1.02751,1
843,69992.9,-139783,12644,1.06734,0.990384,0.987917,0.912195,0.961945,-0.140813,2.3435e-05,41.6631,1.02631,1.20922,0.917423,1
844,69966.3,-105888,42225.3,0.720771,0.971352,1.01487,1.02627,0.734692,-0.195135,0.000258105,31.8755,0.992929,1.0539,0.956631,1
845,15.9234,-29.8109,-8.74324,0.94026,0.969466,1.00562,1.00865,1.07302,0.0953875,0.00225959,443.601,1.99442,9.82352,0.541592,1
846,55631.5,141581,-25020.2,0.649996,0.990253,1.00103,1.01396,0.846097,0.268922,0.000803391,173.101,1.79095,3.56578,0.975321,1
847,87352.7,51231.7,-11585.3,1.21965,0.975123,1.00538,0.988179,1.22155,0.0787266,0.00153141,23.173,0.894696,0.894977,0.894486,1
848,12.2994,-22.7992,-3.15829,0.952648,0.99469,1.00205,1.02313,1.59313,0.0955903,0.00257454,576.189,2.14207,10.3732,0.701625,1
849,84626.7,88706.2,-4480.8,1.00891,1.00026,1.00138,0.98637,0.784912,0.124079,0.00169742,61.1028,1.15272,1.52809,0.881804,1
850,89277.8,-9387.16,-16718.2,1.2774,0.991765,1.00847,0.940667,0.977198,0.110335,-0.00150007,7.03834,0.794033,0.608829,0.935352,1
851,22.5504,35.7319,10.9579,0.927018,0.979828,1.00686,0.961753,0.759635,-0.00377068,-0.00187011,173.347,1.18665,4.20457,0.615697,1
852,86093.6,-19615.2,3786.4,0.788631,1.00875,1.00093,0.946888,0.98673,-0.0396642,0.00129779,4.66677,0.809016,0.562195,0.989937,1
853,26.276,57.8773,9.4142,0.957179,1.01636,0.992342,1.00807,0.702812,0.0150722,-0.000376931,90.6233,1.05078,2.61775,0.75614,1
854,85628.2,-97161.2,20972.5,1.10842,1.01312,1.0086,0.981492,1.23918,-0.0248797,-0.000881705,12.8412,0.913929,0.722205,1.05434,1
855,81478.6,-16848.3,-14349.1,1.09332,0.966218,1.01363,1.03739,0.875428,0.0624401,-0.000785445,4.97654,0.777295,0.570075,0.921414,1
856,88111.6,65432.4,-6924.25,1.1331,0.997783,0.987971,1.02155,1.21879,0.0778105,0.000334831,30.5785,0.943495,1.01528,0.889561,1
857,94995.6,-41706.1,-6261.74,0.794181,1.01688,0.9971,1.03421,1.04319,0.0100853,-0.000675714,3.81462,0.750331,0.555733,0.908253,1
858,93094.8,90459.9,-20048.4,1.38907,1.03996,1.00162,1.00194,1.18746,0.178194,0.000752763,54.1145,1.19499,1.42225,1.01454,1
859,82835.7,65143.9,-16190.5,0.748174,1.00467,1.02148,1.02253,1.1755,0.121803,-0.000591889,36.0834,1.05973,1.11126,1.02334,1
860,89279.7,62199,-26023.7,1.26972,1.00612,1.0049,1.03735,0.881072,0.17133,-0.00105607,23.4048,0.882456,0.877993,0.885859,1
861,62828.8,-116901,12666.1,1.02853,0.968182,1.00714,1.03481,0.891142,-0.175961,0.000558661,50.4263,1.04646,1.40224,0.85824,1
862,81607.3,-144002,32983.7,1.22021,1.02435,0.991097,1.01759,0.752037,-0.241999,0.000331217,41.2949,1.11035,1.21489,1.03724,1
863,14.3865,28.806,18.5726,1.15734,1.02131,0.991889,1.00159,0.842527,-0.186856,-0.00107261,452.599,2.46236,9.94075,1.05553,1
864,70327.3,-107096,35238.6,1.05614,0.993491,1.00795,1.04044,1.00088,-0.0798184,-0.000738774,32.3796,1.05174,1.0655,1.04352,1
865,80395.6,-116943,28829.3,0.776369,1.00716,1.00381,1.0168,0.890016,-0.106983,0.000442519,25.127,0.916287,0.923162,0.911562,1
866,86401.2,56159.6,-12032,0.976847,0.972077,0.99648,1.02009,0.993012,0.0965075,0.00117905,20.8074,0.916009,0.845477,0.968083,1
867,64958.2,-141065,34048.4,1.05986,1.00137,1.01517,1.01435,0.617899,-0.232464,4.99412e-05,70.1476,1.27719,1.75184,1.01654,1
868,95297.1,-11154.4,-5014.38,0.960657,1.03624,0.990775,0.960503,1.04415,0.0573145,6.5276e-05,3.10057,0.736678,0.542568,0.894144,1
869,86824.3,-103087,20085.9,0.689512,1.01419,0.992865,0.990382,1.05603,-0.0780851,2.30671e-05,13.5235,0.856393,0.716836,0.959942,1
870,76930.6,-132661,-2945.89,0.655136,1.00795,0.983274,1.03679,1.0468,-0.0884203,-0.0011715,38.9694,1.02602,1.17772,0.926446,1
871,83176.7,65266.8,-10667.2,1.45303,1.00719,1.00237,0.998983,0.774769,0.0844122,0.00121261,33.325,0.986365,1.06366,0.931634,1
872,79796.1,115511,-43420.8,1.0976,1.01696,0.975874,1.02135,1.13318,0.282972,0.000291848,95.848,1.45718,2.20236,0.950833,1
873,77934,109362,-28083,1.09065,1.00151,0.997979,1.03198,1.17561,0.244366,-0.000147554,90.1715,1.4247,2.09461,0.980117,1
874,80117.8,60505.5,-15658.2,0.881338,0.983132,0.998611,1.05303,1.18595,0.0585564,0.00116164,35.7199,1.0124,1.14104,0.924636,1
875,97298.9,-28189.4,24095.3,1.02312,1.0378,1.01422,1.00305,1.28257,-0.0258175,0.000533073,2.5954,0.734456,0.534165,0.900859,1
876,89685.2,-11209.8,-16442,0.766833,0.978379,1.00021,1.02736,1.09373,0.104082,-0.00111634,6.44009,0.8539,0.585384,1.05992,1
877,88296.5,-48415.7,-14615.9,0.777821,1.02635,1.00183,0.984754,0.618318,0.0207806,-0.000422105,3.03752,0.721369,0.541962,0.856337,1
878,75678.7,114199,-37743,1.17092,1.01526,1.01175,1.02191,1.19305,0.23739,5.96453e-05,109.955,1.56115,2.44502,0.992637,1
879,86839.6,-16202.5,12197.5,0.899641,1.01173,1.00693,0.932146,1.15019,0.0192733,0.0003265,6.62492,0.842817,0.596146,1.02537,1
880,81132.5,-135194,39365.1,1.06062,1.02703,1.00912,0.987051,0.682705,-0.200502,-0.000273954,37.7394,1.0517,1.14281,0.988427,1
881,87706,-80377.8,17047.3,1.27063,1.02076,1.01151,0.979268,1.1832,-0.130567,0.00154259,12.8969,0.875283,0.717059,0.993929,1
882,59160.7,-154896,24805.7,1.10986,1.01052,1.00195,0.965545,1.02204,-0.19134,-0.00075626,100.336,1.5211,2.26752,1.15147,1
883,98051.1,-4641.06,-4808.54,1.24806,1.02007,0.984334,0.93513,0.959901,0.00138197,0.00106425,4.3517,0.829244,0.569575,1.04615,1
884,87432.2,62067.9,-17813.9,0.814978,1.00932,1.00361,1.03659,0.972976,0.139456,-0.00077481,33.749,1.06115,1.07674,1.04952,1
885,91116.3,-70726.5,15608,0.977124,1.00479,1.01159,1.02703,0.683813,-0.203929,0.00269752,6.37403,0.80602,0.603334,0.964391,1
886,80869.3,-52640.5,-455.306,1.19957,0.99586,1.00119,1.00413,1.33257,-0.00906696,0.000146922,3.92322,0.779424,0.551159,0.936528,1
887,79353.1,-136242,-19659.3,1.21912,1.02964,0.993488,0.956413,1.15356,0.0339723,-0.0032154,24.5764,0.953666,0.925753,0.972568,1
888,105694,-5058.66,-25678.6,1.25223,1.01908,0.984112,0.966582,1.1395,0.0613685,7.73639e-05,2.65537,0.906103,0.577573,1.20224,1
889,69710.1,-127046,-1425.72,1.13173,0.988885,1.00339,0.960046,1.17829,-0.162678,0.00118752,45.1781,1.10404,1.28634,0.996174,1
890,88674.1,10484.4,-5930.38,1.16359,0.989992,1.00332,0.983991,0.794063,-0.0294833,0.00176053,2.2948,0.73227,0.537827,0.879382,1
891,64896.9,-165847,43606,0.757096,1.04129,0.998859,1.00886,0.871922,-0.25068,7.33774e-05,94.9511,1.42535,2.1388,1.0334,1
892,64441.7,138822,-1505.38,0.731758,0.991882,0.988968,0.981069,0.854702,0.290122,0.0010604,173.25,1.91591,3.60354,0.998683,1
893,84922.9,-44038.4,-25436.8,1.33463,0.980951,1.00778,0.991326,0.577606,0.0379112,-0.00127999,4.92222,0.832442,0.564553,1.02683,1
894,92260.2,3716.72,-14798,1.0249,1.00867,0.988373,1.02635,1.18528,0.118166,-0.00137079,9.33851,0.898303,0.666128,1.08111,1
895,95875.8,-20102.6,2438.27,1.10021,1.01665,0.995254,0.983048,0.500153,-0.00753904,0.000481022,4.40109,0.802161,0.561744,0.999022,1
896,73397.6,103022,-25099,1.22138,0.970727,1.00562,0.997611,1.23997,0.213484,0.000534198,82.5076,1.38381,1.94832,1.03179,1
897,87889,61888.7,-27719.8,0.935014,0.979644,1.0033,0.976736,0.992873,0.249414,-0.00155687,26.1614,0.956247,0.952693,0.958918,1
898,93456.2,-69258.3,5651.47,1.32091,1.0135,0.991426,1.04215,1.07937,-0.057944,4.79035e-05,2.44229,0.766659,0.51784,0.96539,1
899,86350.7,-24229,4909.66,1.11767,0.976641,1.01395,1.0205,0.984481,0.0765487,-0.000905296,2.61357,0.762783,0.527231,0.936824,1
900,81280,-52917.7,-12190.9,0.574387,0.969993,1.01726,0.982694,0.886836,0.0348877,-0.000743802,3.82926,0.801871,0.550677,0.976296,1
901,62151.9,-129854,20706.2,1.09169,0.961404,0.996539,1.02283,0.956661,-0.163541,-0.000789759,71.3022,1.20755,1.73555,0.931628,1
902,71000.2,-113458,17431.6,0.819583,0.975191,1.00425,0.975064,1.0958,-0.0702855,-0.000371274,29.8891,0.967538,0.999765,0.948085,1
903,87916.5,-38567.8,1519.55,1.23354,1.002,1.02068,0.979931,0.580341,-0.0105477,3.63368e-05,3.2448,0.816454,0.530248,1.03165,1
904,77397.1,104363,-18898.4,0.761106,0.997323,0.988594,0.999559,1.02459,0.178063,0.000937668,95.3446,1.45714,2.17085,0.987145,1
905,79824.1,-58258.9,21344.9,0.809671,0.998815,0.993554,1.02306,1.10236,-0.00650139,-0.000612028,8.42366,0.807659,0.62972,0.928357,1
906,86958.4,51445.1,-20771.8,0.995319,0.986245,0.988621,1.0176,1.21491,0.103506,-0.000313556,23.3946,0.858355,0.90156,0.826333,1
907,71203.4,-21714.5,7574.53,0.747062,1.01512,0.996622,1.02932,0.883987,0.127629,-0.00200609,4.01003,0.76391,0.555033,0.889187,1
908,76157.9,-322.831,-6624.9,1.1569,0.936537,1.01329,1.02896,0.826606,0.0363876,0.000121803,6.16327,0.773726,0.599737,0.886605,1
909,93834.7,-22845.9,-3686.55,0.973763,1.01846,1.00774,0.985214,1.30631,0.0219562,-0.000321488,7.34857,0.776685,0.627193,0.896603,1
910,89154.5,-20011.9,7861.87,1.2168,1.00125,1.01908,1.00201,1.0087,-0.0739582,0.00168446,3.68962,0.812405,0.546869,1.01497,1
911,84565.5,59965.2,-12279.2,0.784301,1.0025,1.00453,0.99828,0.987811,0.0284303,0.00256913,32.1949,1.02003,1.03725,1.00763,1
912,77541.3,-121844,20178.7,0.528939,1.00057,1.00018,1.04328,0.822066,-0.0999305,-0.00151651,32.2169,1.08541,1.05012,1.10877,1
913,94273.1,-43088.8,-10279.1,0.717384,0.991415,1.00838,1.02672,1.06726,0.0343941,-0.000853256,3.55674,0.760629,0.54522,0.934521,1
914,58531.7,-151798,30207.1,0.979305,0.995488,0.998325,0.99412,0.938911,-0.237411,-1.09832e-05,104.952,1.41435,2.35243,0.955032,1
915,86742.5,61651.7,-12338,0.861959,0.990946,1.00504,0.961538,0.752458,0.0774869,0.000658899,23.1488,1.01425,0.884515,1.11033,1
916,69281,118061,-29856.3,1.04767,0.996064,1.01014,1.00373,1.53684,0.207129,0.00136196,110.548,1.54912,2.47541,1.00533,1
917,96380.2,34160.4,-12093.7,0.632674,1.03764,0.996211,1.00988,0.610462,0.0223132,0.000898634,13.6167,0.854616,0.733216,0.954279,1
918,52012.5,-29345.6,9576.08,0.843134,0.98377,1.00598,0.989432,1.03406,-0.0625942,0.00108572,3.74908,0.840014,0.547216,0.963335,1
919,82150.6,-127366,22937.5,0.918295,1.01341,1.00374,1.02601,1.20803,-0.0950514,-0.0001198,21.985,0.89754,0.870576,0.916511,1
920,81993,-124018,49357.7,0.994973,1.01955,1.00811,1.01027,1.31541,-0.211861,1.0321e-05,42.4228,1.10715,1.23354,1.01843,1
921,74878.3,125842,-15785.3,1.19832,0.989765,0.993286,0.982804,1.09757,0.230963,0.000512353,84.2367,1.34846,1.99052,0.938943,1
922,80098.7,-44234,4470.25,1.13178,0.951626,1.01023,0.978056,1.01201,0.0601035,-0.00129499,5.43503,0.821129,0.586427,0.981746,1
923,106774,59312.9,-10851.4,1.2383,1.04216,1.00406,0.955015,1.11138,0.126531,0.000261284,18.6686,1.08499,0.858227,1.29204,1
924,74145.3,-133368,16088.4,1.11096,1.0037,1.01427,0.983748,1.12993,-0.161621,-0.000530003,40.7758,1.09182,1.20086,1.02289,1
925,92314.3,-73397,-2272.28,0.841395,1.00998,1.00963,0.988603,1.06969,-0.176905,0.00219469,7.69016,0.799826,0.620872,0.941221,1
926,66082.1,-124749,147.32,0.695291,0.981701,1.00195,1.01952,1.02239,-0.205611,0.000964008,51.3275,1.16982,1.40806,1.0366,1
927,44228.5,-157501,14776.8,1.1526,1.00227,0.985299,0.990731,1.13566,-0.128423,-0.00291764,133.247,1.43434,2.87738,0.93725,1
928,87713.2,-24706.2,-17770.1,1.1569,1.01718,1.00559,1.0051,1.02365,0.0061141,5.09864e-05,5.08194,0.855716,0.578137,1.06337,1
929,93442.5,-15479.9,2504.32,0.928606,0.994868,1.00171,0.979609,1.06945,0.0355821,-0.000346601,4.86302,0.802109,0.579659,0.979804,1
930,85719.1,-23355.7,-2871.23,1.1973,1.02735,1.00244,0.967044,0.872747,0.00928585,0.000149339,3.35331,0.823893,0.537111,1.03342,1
931,93219.9,64583.9,-20020.5,1.1152,0.993716,0.980889,1.01289,1.00848,0.195367,-0.000180357,33.2338,1.01036,1.05391,0.975687,1
932,19354.1,-102953,22906.4,0.847839,0.996989,0.99999,0.992571,1.18294,-0.288162,-0.00202226,421.379,2.23492,8.0679,1.06982,1
933,86841.5,-48500.7,-372.874,0.883929,1.01387,0.994862,1.02838,1.13043,0.025921,-0.000637428,2.55914,0.69578,0.525482,0.821702,1
934,89656.7,-68433.7,16786,0.827751,1.01102,0.996211,0.984294,0.782404,-0.00636176,-0.000877883,6.753,0.851815,0.597124,1.04681,1
935,89510.4,3261.15,5985.84,1.05007,1.00159,0.995226,1.01229,0.969764,-0.0348721,0.00124561,8.90775,0.832222,0.638256,0.980259,1
936,50733.6,146587,-40826.5,0.90838,1.02119,1.00489,1.01195,1.08299,0.3304,0.000830338,270.477,2.27592,5.31756,1.02471,1
937,79972.9,-50129.2,10631.7,1.01938,0.959315,1.00502,0.962212,0.929187,-0.0938701,0.000438903,4.48347,0.76119,0.566092,0.894322,1
938,90823.2,-71147.2,19095.8,0.86425,1.01857,0.9935,1.01033,0.880384,-0.0604149,0.000808991,6.89904,0.78778,0.605145,0.92938,1
939,23.5049,-42.6717,-12.2469,0.979645,1.00506,0.99233,0.949169,1.09727,0.0511309,0.000592467,196.842,1.56931,4.58677,1.00855,1
940,15.518,31.5331,9.58704,1.41621,0.994411,1.01396,1.02795,0.82193,-0.0572341,-0.000626539,229.967,2.30153,5.40366,1.74051,1
941,97509.4,13360.3,-11771.2,0.351082,1.02715,0.999248,1.01263,1.15861,0.0964464,-0.0005088,3.02704,0.822163,0.545628,1.05197,1
942,65866,-130922,14538.9,1.34696,0.964544,0.988874,1.00472,0.881597,-0.159111,0.000541881,44.6562,1.07614,1.28546,0.959399,1
943,87358.2,96902.4,-17854.4,0.912026,1.0277,1.00242,1.03293,0.953579,0.18842,0.00070568,62.9898,1.28303,1.5956,1.05016,1
944,89124.8,-111315,-7738.09,0.581877,1.02078,1.01095,0.974248,0.911426,-0.105462,0.000101774,18.1114,0.890404,0.822563,0.942234,1
945,77048.8,-119706,10320.6,0.884899,1.00172,1.00659,1.02578,0.839901,-0.0946682,-0.000185713,18.5334,0.903428,0.823745,0.955855,1
946,90071.9,-76233.6,13935.3,0.940276,0.994189,0.997557,0.998857,0.691941,-0.110781,0.000829931,2.62827,0.761058,0.527045,0.941428,1
947,82960.7,72791,-17808.4,1.12338,0.986944,0.994483,1.00029,0.763257,0.161023,3.39785e-05,37.9302,1.03049,1.16378,0.936282,1
948,81303.2,-76023.8,-13470.1,1.13774,1.00478,0.994746,1.03771,1.19119,0.032602,-0.00161034,14.2918,0.917382,0.759519,1.02667,1
949,88717.8,-28606,-628.612,0.848599,1.00089,1.02105,0.976562,1.22079,-0.00899515,-0.000401732,3.32688,0.772048,0.545615,0.944503,1
950,98416.2,-65256.4,7747.78,0.806803,0.998003,0.979647,0.965586,1.02943,-0.0986904,0.000960785,7.59069,0.788044,0.582021,0.96151,1
951,70275.5,111410,-30155.2,1.02344,0.975001,0.999599,0.990377,0.768265,0.288545,2.74682e-05,93.3466,1.40943,2.14653,0.969864,1
952,88455.3,44353.2,-10311.8,1.18251,1.0081,1.00358,1.04706,1.11976,0.13826,-0.000954302,30.7388,1.00045,1.02622,0.981057,1
953,79997.3,122992,-33648,0.97893,1.01163,0.992868,0.993845,0.756696,0.285614,-0.000315934,99.4602,1.52282,2.24275,1.03226,1
954,69632.5,-151123,14854.6,0.949906,1.00525,0.991614,1.0171,1.21695,-0.136359,-0.00137534,64.2915,1.27239,1.6056,1.07517,1
955,85389,76704.6,-15535.7,0.771149,0.996436,0.989531,1.02047,1.53042,0.181469,-0.00088317,39.9251,1.02939,1.1869,0.914596,1
956,78721,64183.4,-8275.86,0.928937,0.958927,0.996099,1.01533,1.1917,0.110221,0.000736783,34.2476,1.00291,1.08582,0.947334,1
957,79257.3,70375.3,-12706.5,1.21402,0.973526,1.0104,0.96826,1.46837,0.0715333,0.000530921,32.439,0.995734,1.06056,0.951973,1
958,80939.4,65926.8,-15648.9,0.904083,0.993146,0.99727,0.996892,1.04265,0.0554001,0.00107749,30.374,0.946134,1.0208,0.894674,1
959,94589.4,-49611.6,9922.05,0.851902,1.03318,1.00409,0.995298,0.687104,-0.0259338,0.000306006,3.52709,0.753493,0.552838,0.91548,1
960,89314.5,47378.6,-5011.53,1.09005,1.0119,0.989937,1.01924,0.660546,0.0116514,0.00118588,22.1088,0.903595,0.878373,0.922773,1
961,97472.5,54708.5,-22057.5,1.30053,1.01111,0.994981,0.967461,1.00054,0.133919,-0.00053154,18.8505,0.969076,0.806183,1.1048,1
962,86952.5,77765.8,-10797,0.944846,1.0002,0.994781,0.988107,1.16875,0.1248,0.000942793,41.7785,1.08111,1.24027,0.963053,1
963,81449.7,102941,-22944.4,1.08845,0.996289,0.99452,0.974906,1.20092,0.198644,0.000703154,79.1986,1.41918,1.87555,1.10243,1
964,101640,56594.4,-16956,0.727045,1.02054,0.987745,0.940037,0.791441,0.115639,0.000106124,16.1492,0.906048,0.785976,1.01023,1
965,53297,-139124,9408.08,0.763242,0.966467,1.01108,0.976376,0.913123,-0.172837,-0.000849343,105.372,1.42734,2.37859,1.0104,1
966,78610.8,18225.3,-8169.34,0.566727,0.964123,0.99057,1.04496,0.898673,0.0347181,0.000326153,12.2433,0.798952,0.705697,0.861268,1
967,76886.9,-80050.2,-529.933,1.05087,0.982894,1.0125,1.03641,1.08336,-0.0515671,-0.000213728,12.7377,0.922248,0.714009,1.05867,1
968,63479,-143926,14824.3,1.12416,0.983133,1.01343,0.938024,1.27144,-0.151388,-0.00183401,63.9852,1.11434,1.63282,0.836214,1
969,87815.8,-46163.1,14818.9,1.01689,0.96856,0.988984,1.03531,1.34602,-0.101363,0.00174629,2.795,0.868835,0.535139,1.1197,1
970,51365.8,-146032,19984.4,1.36703,0.970833,0.986683,1.03163,1.17388,-0.19814,-0.00103016,94.4735,1.27885,2.18134,0.900437,1
971,81833.9,-108734,7328.81,0.549554,1.00972,0.999055,1.00128,0.953041,-0.0916431,0.000208935,20.7379,0.977284,0.857965,1.06067,1
972,95698.3,24486.4,16007.2,0.799247,1.02695,1.00054,0.966045,0.657328,-0.0564065,0.0022589,14.4978,0.84597,0.740902,0.931627,1
973,97282.7,-25970.6,-16282.5,1.12989,1.00312,0.998479,0.969544,0.634656,0.0452855,-0.000671515,2.78299,0.824022,0.531967,1.0669,1
974,78176.8,2786.57,-11506.9,1.22734,1.00324,1.00546,0.995718,1.2986,0.0537048,-0.000100398,7.19097,0.829218,0.612422,0.973041,1
975,70906.5,-98098.9,8988.05,1.1437,0.999496,1.01114,0.986745,0.888389,-0.170958,-6.65548e-05,18.9071,0.935823,0.81916,1.00595,1
976,80805.4,-14418.7,-12856.1,0.538152,0.990804,0.988207,1.00221,0.772415,-0.0171363,0.000521614,5.67028,0.828881,0.58072,0.999468,1
977,88952,57609.6,-14181.3,0.975994,1.00335,1.00028,0.992316,1.12449,0.106966,7.02509e-05,22.7583,1.00096,0.887459,1.08722,1
978,75244.9,-129957,13516.2,1.10532,0.992123,0.999114,0.97992,1.19994,-0.134098,0.00054031,26.7224,0.947045,0.957104,0.94058,1
979,85615.3,-113344,13681.5,1.18454,0.994714,0.999733,1.03926,0.794591,-0.153051,-0.000374907,21.5309,0.966812,0.866189,1.04067,1
980,87602.8,63831.2,-26579.1,0.769667,1.00088,1.00134,1.02419,0.961589,0.151333,-0.000471138,29.6555,0.939521,1.00478,0.890709,1
981,59218.3,-125775,29460.5,1.07304,0.955613,0.994198,1.00048,0.822049,-0.157569,0.000165052,45.5097,1.05918,1.29466,0.942471,1
982,92642.4,61850.1,-20419.7,1.10551,1.03306,0.999562,1.02607,1.15638,0.116561,0.000689171,29.2688,0.959733,0.991366,0.934788,1
983,71014.6,-123884,21877.9,0.635717,0.974072,0.981403,1.03895,0.805524,-0.143596,0.000700717,29.5021,0.956892,1.0238,0.9165,1
984,15238.3,-84495.6,20529,1.38388,0.993051,1.00729,1.01883,1.37609,-0.472504,-0.000330561,510.483,2.4122,9.60991,0.974264,1
985,90731.7,-56053.8,24614.2,1.01251,0.989544,1.00153,0.990544,0.651053,-0.106826,0.00108189,6.12625,0.751914,0.586015,0.880798,1
986,86193,83489.9,-28148.9,0.727261,0.996226,0.986047,1.03142,0.979496,0.203395,0.000184892,55.2723,1.21689,1.47058,1.03027,1
987,52476.3,-157835,23872.5,1.28449,1.01196,0.990644,1.01129,1.14044,-0.248947,-0.000873187,123.642,1.56861,2.68771,1.08695,1
988,88889.8,-31583.9,-3512.4,0.712528,1.01045,1.00099,1.02418,1.15973,0.048735,-0.00112758,3.8812,0.814057,0.559388,1.00757,1
989,92502,-81913.3,11078.3,1.02087,1.02986,0.991046,0.964206,0.942912,-0.0554792,5.98572e-05,3.58439,0.75605,0.53712,0.928967,1
990,67939,-130743,14066.4,0.696432,0.983499,0.998521,1.02684,1.10756,-0.119121,0.000141431,37.868,1.06415,1.15721,1.01051,1
991,77627.1,-138704,10290.6,1.09159,1.01667,1.00307,1.0119,0.938708,-0.194131,-0.00011589,38.0741,1.0227,1.16604,0.92757,1
992,67254.5,-28603.9,16576.8,0.933974,0.997092,1.00724,0.969585,0.747269,-0.0735532,0.000984074,3.17053,0.801016,0.54416,0.946263,1
993,88574.8,-138769,23408.1,1.09133,1.01987,0.994367,1.00202,1.16799,-0.202219,0.000376702,25.1312,0.991599,0.936817,1.03325,1
994,83790.4,-42410.7,27292.5,0.788725,0.963166,0.985677,0.984018,0.701293,-0.0736015,0.000764839,4.29958,0.771054,0.561212,0.921301,1
995,86977.7,-89103.8,10498.9,1.2105,1.01951,0.992664,0.922837,1.13926,0.0159963,-0.00152406,9.48956,0.853737,0.640337,1.01205,1
996,57822.6,152650,-63830.5,1.02746,1.0388,0.992165,0.996349,1.32212,0.393694,-8.92623e-05,235.412,2.19298,4.70602,0.985396,1
997,101442,55440.8,-19870.8,1.06944,1.01138,1.00352,1.00056,0.888837,0.126336,0.000934634,11.0966,0.82069,0.696423,0.928465,1
998,74339.8,-134950,18812.9,1.14756,1.00229,0.986543,1.01223,1.02785,-0.103446,-0.000544342,26.8231,0.96592,0.968067,0.964559,1
999,96577.3,22515.2,-9346.44,0.935674,0.99749,0.997459,0.983445,1.0275,0.0703552,6.14774e-05,9.91766,0.801589,0.662333,0.916535,1
