run,apogee_m,impact_x_m,impact_y_m,wind_scale,thrust_scale,dry_mass_scale,aero_scale,sensor_bias_scale,thrust_misalignment_deg,cg_offset_m,mean_nees,mean_nis,mean_gps_nis,mean_baro_nis,impact_valid
0,80942.1,-37302.5,-8497.5,1.00784,0.963155,1.00857,1.02972,0.869377,0.0231251,-0.00127484,3.13561,0.80537,0.531052,0.995298,1
1,23.8458,-37.1375,3.02069,0.991055,0.984615,0.987355,1.02993,1.19568,0.0358272,0.00217405,30.8033,0.864822,1.29854,0.785241,1
2,95110.7,36308.8,-3652.81,1.18924,1.01943,0.984023,1.04586,1.17688,-0.0125771,0.00260474,5.5391,0.736218,0.549154,0.887858,1
3,97041.5,-41338.1,16150.3,1.26922,1.02085,0.985225,0.987844,1.01185,-0.0625085,0.00137998,2.63484,0.789049,0.51467,1.0164,1
4,89806.7,28009.4,-10269.6,1.34685,0.982983,0.991176,1.00718,1.02445,0.0940132,0.000519646,5.18694,0.776345,0.547293,0.951866,1
5,91539.4,-6297.62,-14620.1,0.869562,1.02515,0.983293,0.957455,0.928402,0.0442191,0.000328607,2.99037,0.721626,0.532281,0.869405,1
6,89140.6,-50803.4,-617.828,1.21222,0.993779,0.996063,0.96395,1.17079,0.112015,-0.00263593,3.82491,0.813152,0.528512,1.03099,1
7,94184.2,-55503.7,13661.1,0.922522,0.973103,0.977696,1.04047,0.998221,-0.114754,0.0012078,4.95251,0.840633,0.554346,1.0716,1
8,86545.3,-62658.4,-5385.05,1.00362,0.985465,0.989212,1.05559,0.544386,-0.07701,-3.93761e-05,4.57373,0.783899,0.549372,0.957203,1
9,67583.8,-16628,2995.43,0.956662,1.00505,1.00935,0.983537,1.0266,0.134186,-0.00254495,3.46481,0.82278,0.539808,0.983535,1
10,82110.8,-25768,11050.1,1.00271,0.994466,1.0149,1.04235,0.957092,0.0225207,-1.99322e-05,3.34915,0.822577,0.527094,1.0295,1
11,84989.8,-55426.2,7157.16,1.0569,0.982938,0.985159,0.953507,1.13995,-0.0558631,-0.000432561,2.90265,0.786356,0.518042,0.98251,1
12,92470.1,-104978,10537.2,0.876646,1.0454,1.00259,1.01046,1.17462,-0.189445,0.000886537,4.69077,0.797301,0.54587,0.996195,1
13,92552.3,-48611.1,920.174,0.859312,1.02215,1.00702,1.02287,1.10976,0.0220433,-0.000395008,3.61509,0.885128,0.524432,1.17059,1
14,92838.5,-106526,25725.4,1.18399,1.02563,1.00738,0.974716,1.03947,-0.23384,0.00179043,5.66052,0.811035,0.560942,1.01,1
15,94986.2,8302.87,3273.53,0.845668,1.02314,0.999398,0.960619,1.10682,0.0463182,0.00045531,3.81831,0.764078,0.533712,0.950682,1
16,83884.7,26026.8,-6333.81,0.998042,1.00369,1.02124,1.00574,1.26693,0.0353967,0.000854569,4.74626,0.801798,0.549861,0.981844,1
17,81550.9,31032.2,-8752.71,0.831002,0.969061,1.00158,1.01586,0.921093,0.102682,0.000556038,5.95873,0.789264,0.577932,0.936048,1
18,79256.3,22610.4,-16975.4,1.14254,1.00018,0.999674,0.978337,0.967868,0.0882011,-0.000463231,4.03264,0.857616,0.535162,1.07579,1
19,81556.7,-71314.7,2115.63,0.64108,1.00402,1.00743,1.00837,1.02771,0.0221206,-0.00178294,4.19893,0.8418,0.523715,1.06307,1
20,79539.4,16320,10948.9,0.980497,1.03171,0.986085,1.01949,1.0398,0.137214,0.000864526,4.34632,0.715901,0.558877,0.82168,1
21,93726.8,-89754.5,21067.4,1.23606,1.02652,1.00717,1.01691,0.757617,-0.191921,0.0011529,4.62486,0.795839,0.547647,0.995028,1
22,95463.4,31947.4,-19426.6,0.961011,1.01711,0.991951,1.01333,0.616995,0.165567,0.00100435,5.8547,0.756057,0.577448,0.901584,1
23,41021.7,-96296.2,9450.85,1.21225,0.988191,1.00862,0.99384,1.32923,-0.239829,-0.00143751,20.479,0.98036,0.801436,1.03508,1
24,75543.5,-42897.4,9217.6,0.988129,1.00257,0.988469,0.975492,1.20862,-0.0401697,-9.80567e-05,3.1603,0.779412,0.533726,0.937971,1
25,87620.3,-86634.8,17484.4,1.34985,0.998943,1.00586,0.947693,0.617243,-0.121568,-6.8204e-05,3.59404,0.782094,0.539247,0.964245,1
26,91468.3,-64599.5,19964,1.04899,1.02661,1.01031,0.941585,1.04207,-0.0432652,-0.000580722,3.95091,0.765783,0.535012,0.945943,1
27,87424.3,32523.7,-7963.95,1.20991,1.01017,1.00563,1.00396,0.830333,-0.0143286,0.00293667,5.17212,0.784934,0.556015,0.95534,1
28,77338.7,36777.9,-10788.8,1.31414,0.999652,1.00188,0.986992,1.03651,0.0709955,0.00082325,6.93366,0.835564,0.591796,0.996363,1
29,70197.6,48896.7,-11425.5,1.14319,0.989298,0.994498,0.969417,1.12504,0.163265,-0.000923678,5.52454,0.84329,0.556724,1.01522,1
30,92925.3,36238,-18352.9,1.11634,1.00168,1.0006,0.992661,1.00854,0.205631,-0.00174818,4.41762,0.818115,0.536708,1.04181,1
31,81008.4,-94380.2,24813.8,0.922441,0.980401,1.00386,1.01861,0.880023,-0.210932,0.00191701,4.94,0.82963,0.55295,1.02138,1
32,67197.8,-108125,16009.2,0.878324,0.981462,0.986648,1.02331,1.01997,-0.0947877,-0.00235017,9.94847,0.856833,0.619047,0.991998,1
33,82441.3,33284.1,-19341.9,1.27716,0.957534,1.00166,0.965961,1.49704,0.226017,-0.000299346,7.39621,0.794446,0.600309,0.930986,1
34,66593.4,-45532.3,-6337.35,0.851168,0.963296,0.998249,0.997612,1.08111,-0.0154346,-0.00114911,3.61789,0.847494,0.554755,1.01266,1
35,16.6604,-35.6161,-0.519667,0.892131,0.986872,1.00232,0.99456,1.07499,0.0769264,0.000304442,37.4811,0.554675,1.48364,0.383018,1
36,85126.9,95127.5,-20381.1,0.828375,1.01998,0.987083,1.00607,0.803605,0.256088,0.000955164,10.6755,0.81053,0.650213,0.926862,1
37,82866.9,-89297.1,15612.4,1.23444,0.987499,1.00037,0.9634,1.15428,-0.102419,-0.000274512,5.17483,0.787647,0.562351,0.947148,1
38,77892.7,-71641.3,15312.1,1.27961,0.969738,1.01371,1.01766,0.961735,-0.0718776,-0.000328318,4.39335,0.764602,0.551258,0.906325,1
39,82264.9,-78014.3,9293.29,0.860951,0.98278,0.986724,0.961592,1.53171,-0.0854068,-0.000164156,5.86029,0.797502,0.564238,0.961088,1
40,81568,27644.9,-23106,1.14605,0.986108,0.996317,1.00834,1.12131,0.121482,-0.000192259,10.6048,0.837189,0.658568,0.961476,1
41,88442.9,31481,-20366.6,0.697354,0.992334,1.00234,1.02766,0.866267,0.174103,0.00053319,6.1865,0.768466,0.567434,0.920445,1
42,96502,-97135.5,28638.5,1.0434,1.02314,1.00879,0.953431,0.975284,-0.235015,0.000333667,7.28927,0.769397,0.590002,0.917712,1
43,93122.8,-17116.6,-10079.9,0.992797,0.979219,0.982096,1.04051,0.94428,0.121725,-0.00133919,3.34553,0.7339,0.532284,0.894494,1
44,89752,1192.8,6563.44,0.826336,1.01734,0.997498,1.00489,0.83522,0.0199842,0.000854476,2.94305,0.763165,0.510112,0.956257,1
45,11.1064,-25.4306,-5.94261,0.950283,0.986147,1.0111,1.02809,0.734515,0.344027,0.000508475,202.733,1.30829,5.10843,0.643268,1
46,99378.4,-42962.3,1751.98,0.645649,1.0403,0.994698,0.979123,0.891503,0.000986383,-0.000551313,2.72383,0.704504,0.51667,0.86384,1
47,79694.1,-110369,-14329.4,1.29748,1.02059,1.00684,1.07397,1.32278,-0.019684,-0.00353953,7.20252,0.774865,0.595306,0.896968,1
48,87945.8,18818.6,3014.68,0.99516,0.990993,0.982419,1.00207,0.90309,0.0126888,0.00134055,4.51156,0.788874,0.5595,0.961146,1
49,33.6595,-72.5008,-16.3555,0.968661,1.01328,1.0054,1.01695,1.34802,0.047476,-0.000396635,13.1695,0.627193,0.81048,0.592408,1
50,85516.4,65080.7,-23319.1,0.86455,0.989019,1.00335,1.00252,0.975765,0.257347,-0.000168085,9.36766,0.88205,0.627252,1.06792,1
51,88226.1,29824.6,-19702.9,0.529901,0.957778,0.985042,0.98525,0.653701,0.203445,-0.000196853,4.07279,0.810733,0.553706,1.00453,1
52,92050.9,-36348.6,20790.4,0.780841,1.01534,1.01081,0.983704,0.656934,-0.062239,0.000851,2.63358,0.768331,0.520489,0.963612,1
53,85710.5,25552.3,-5009.12,1.04665,1.00055,1.00358,1.02461,1.24084,0.0868254,0.000181638,4.078,0.755093,0.558811,0.898773,1
54,80814.6,-58271.4,21538.8,1.00715,0.993921,0.982728,1.04441,1.20045,-0.0856856,0.000455385,3.64612,0.856254,0.541704,1.07275,1
55,82307.4,136093,-29345.9,1.01645,1.03728,0.996509,0.968387,1.05889,0.309239,0.00196149,16.8637,0.900888,0.73437,1.01773,1
56,81530.1,-83612,9406.08,0.828201,1.00071,1.00959,1.01729,0.926593,-0.104679,-0.00108482,4.63607,0.809883,0.559295,0.983997,1
57,83053,-100890,19648.7,0.940048,0.983497,1.00602,0.995058,1.06795,-0.231189,0.00118027,5.91671,0.865779,0.573433,1.07358,1
58,76646.2,-129212,23490.9,0.986207,1.0054,1.00002,0.932177,0.818661,-0.28092,6.9512e-05,10.1733,0.827664,0.629453,0.957436,1
59,13.5348,-29.7461,-3.44739,0.905185,0.991555,1.01903,1.04478,1.03151,0.358269,-0.00044157,132.574,1.39805,3.52803,1.02217,1
60,71615.2,-54075.2,-11311.6,0.848264,0.96077,0.990106,0.977291,1.38765,0.114206,-0.00195088,3.25968,0.825328,0.525402,1.00724,1
61,93866.1,26115.4,-11018,1.36921,0.999073,0.988742,1.0014,1.28981,0.0698135,0.000224688,7.68334,0.825685,0.594434,1.011,1
62,90258.6,28177.6,-22428.1,1.00912,1.00153,1.01225,1.01166,0.86041,0.124434,2.69109e-06,5.07338,0.780866,0.562788,0.948993,1
63,92045.2,-63294.1,5398.34,1.06913,1.00605,1.00979,0.990406,1.11995,-0.0675265,3.63487e-05,2.17416,0.748297,0.508358,0.937314,1
64,83452.2,-101564,18395.4,0.975911,0.991185,1.00649,0.967469,1.0382,-0.084578,-0.00196545,4.9667,0.786313,0.546099,0.957956,1
65,85994.5,-105563,22458.2,1.5564,0.995035,0.982499,1.00064,0.904397,-0.218629,3.68706e-05,7.37206,0.810499,0.587909,0.974205,1
66,98255.5,-23707.3,-14016.3,1.02778,1.01667,0.99926,0.957946,0.951669,0.0929584,-0.00123036,3.95255,0.824329,0.543953,1.05965,1
67,89519.4,-27177.9,-11074.4,1.03101,0.998678,1.00082,0.996978,1.10654,0.029116,-3.13623e-05,3.08255,0.839972,0.513994,1.08932,1
68,80672.3,93322,-22731.2,0.972255,1.00951,1.02751,1.00653,1.10109,0.303756,-0.000165441,12.121,0.84229,0.676431,0.956419,1
69,93162.6,32420.2,-18828.7,0.834202,0.991951,0.998462,1.01549,0.942067,0.130965,-0.000443992,4.24185,0.773429,0.554368,0.9478,1
70,53401,-40226.6,5017.51,0.765518,1.02183,1.00446,0.977172,1.17995,-0.0830466,-0.00169198,6.94559,0.853066,0.593437,0.966823,1
71,74437.7,-39491.2,8355.41,0.808798,0.987104,1.02191,0.98055,0.754659,-0.0175329,-3.04076e-05,2.65483,0.858472,0.51529,1.07524,1
72,20.3212,35.649,2.64148,0.954587,0.984211,1.00434,0.952972,1.01305,-0.067726,-0.000798857,36.5274,0.652107,1.4255,0.508044,1
73,80986.3,-93931.3,901.737,0.974942,1.00791,0.996983,1.08632,0.904579,-0.0727968,-0.000359513,8.35744,0.774777,0.600842,0.894845,1
74,103768,52226.6,3472.92,0.822189,1.0127,1.00334,0.959834,0.733104,-0.0588558,0.00331155,4.27251,0.857115,0.559902,1.12087,1
75,83835.2,-24375.7,16999.4,1.03433,1.01702,0.985725,0.979674,0.937368,-0.020024,-7.51854e-05,3.1231,0.768693,0.528365,0.940672,1
76,70269.4,-37891.9,267.557,1.30497,1.00556,0.98982,0.984224,1.27068,-0.0579911,0.000131986,2.77487,0.799796,0.511933,0.970919,1
77,95306.9,-7239.91,6102.75,1.13978,1.00699,0.997951,0.992289,0.719109,-0.038377,0.00150262,4.36526,0.807865,0.557469,1.01156,1
78,92542.4,-87242.9,8114.34,0.832476,1.04147,0.999283,1.01001,0.730403,0.0151401,-0.00192963,3.96544,0.776235,0.527703,0.972652,1
79,14.051,-29.3701,2.16402,1.05449,0.980921,0.994196,0.984778,0.990807,0.0816356,0.000243735,57.4351,1.16479,1.77004,1.05799,1
80,89129.6,-43225.5,12352.5,1.15333,1.01153,1.00594,0.976147,1.01451,-0.0166243,0.000121788,4.00209,0.797926,0.537101,0.997288,1
81,93525.3,10996.2,5313.79,0.778358,1.02133,1.00305,0.941744,0.473276,0.0454708,0.000358417,2.49661,0.691248,0.52188,0.827185,1
82,90757.5,27940.7,-9604.09,1.3009,0.999545,0.996923,1.02264,0.96119,0.103076,0.000584066,5.53642,0.762132,0.566477,0.913752,1
83,89217.8,18771,22221.7,0.76502,1.02014,1.00721,0.991001,0.741993,-0.0367998,0.0020071,8.7941,0.754505,0.629465,0.84968,1
84,61086.8,-1892.16,-5564.79,0.841797,1.0041,0.997112,0.979045,1.2037,0.0724607,-0.000726187,3.04942,0.792591,0.522955,0.930532,1
85,82195.6,-3453.35,-17669.7,1.16017,1.00599,0.985319,1.01564,1.1242,0.0809007,-0.000552028,3.0792,0.784707,0.528253,0.966552,1
86,87124.9,-79133,4811.48,0.978838,0.978494,1.00608,0.969891,1.11877,-0.084839,-9.39157e-05,4.66182,0.728143,0.546474,0.863729,1
87,87510.6,-92136,9753.38,1.28911,1.016,0.996823,0.987956,0.639098,-0.162691,0.000362444,2.80863,0.735383,0.525381,0.892376,1
88,90509,29187.7,-20327.7,0.981874,1.00724,0.997478,1.04693,1.01818,0.124515,-6.33272e-05,4.85395,0.772796,0.56493,0.933729,1
89,88526.1,66274.6,-23301.6,0.647919,1.01477,1.01254,1.00822,1.0976,0.301298,-0.000933931,7.66373,0.846774,0.602363,1.03155,1
90,99642.1,27962.8,-16040.7,0.838962,1.01285,1.00301,0.970915,1.05654,0.146719,-0.000743978,4.65989,0.713295,0.548992,0.853159,1
91,87428.9,36724.8,-9170.37,1.30941,1.02121,0.99221,1.00387,1.27895,0.0873042,-3.96077e-05,4.49868,0.762791,0.555541,0.917228,1
92,93742.8,42501.5,-15269.2,0.797573,1.01117,0.995373,0.997821,0.947624,0.0781654,0.00182787,6.56717,0.764355,0.585139,0.907728,1
93,53126.6,-144548,24160.2,0.859644,0.987158,1.00437,1.01693,0.719061,-0.351355,-0.000986734,18.5281,0.921442,0.778531,0.983912,1
94,73253.3,10537.1,-11058.7,1.09629,1.00843,0.999611,0.99585,0.833843,0.0655679,-0.000111029,3.84999,0.781288,0.539464,0.931896,1
95,89863,54153.1,-20504.4,0.90898,1.01566,1.00617,0.973916,0.7979,0.212144,0.000117153,7.14094,0.796631,0.595038,0.952063,1
96,79217.6,-74573,13231.1,1.15751,1.00767,1.00089,0.957884,0.935729,-0.209973,0.000198403,6.28097,0.862571,0.592336,1.04594,1
97,75404.8,-108337,11704.2,0.985571,0.990547,1.00448,0.97439,0.919912,-0.151881,-0.000139096,5.4935,0.76283,0.559972,0.893173,1
98,97543.5,-8811.67,-2100.91,1.00847,1.02407,1.01399,1.02932,1.2404,0.00254772,0.000787335,6.61752,0.849061,0.590096,1.06507,1
99,70844.4,107839,-21675.7,1.22959,1.01643,1.00246,1.02243,0.992841,0.269019,0.000974084,16.8465,0.955598,0.731532,1.09019,1
100,100619,-50640.5,21646.9,0.893973,1.02425,0.979135,1.02169,1.38977,-0.109101,0.000991096,3.26853,0.768574,0.538328,0.966483,1
101,108125,-53918.1,13913.7,1.01552,1.05371,1.00441,1.01804,0.873289,-0.102134,0.00155178,2.79747,1.07703,0.571521,1.54357,1
102,86719.3,-41789.7,-10817,0.769912,0.975526,0.978876,1.03124,1.05026,0.0547676,-0.00169912,3.2629,0.793959,0.538592,0.983041,1
103,89786.7,-9147.92,-1161.49,0.809304,0.993704,1.00664,0.959833,0.947037,0.0226898,0.000320256,2.44154,0.723027,0.524824,0.875018,1
104,79749.2,-36856.2,8313.15,0.71367,0.979363,0.999998,0.987206,1.13241,-0.00923638,-0.000554242,2.82298,0.798701,0.527171,0.983651,1
105,76734.2,-122904,11476.3,1.02809,1.00162,0.997019,0.974618,1.39611,-0.195716,-0.000855499,9.54287,0.864758,0.629272,1.01907,1
106,41724.4,-64089.6,-7269.92,1.20929,1.00947,1.00093,1.0201,0.93984,-0.320245,-0.000439449,33.7795,0.94386,1.04194,0.912793,1
107,88034.2,8393.27,-6530.71,0.856329,0.995806,0.996042,1.02771,0.906489,0.121432,-0.00100867,4.46038,0.856946,0.543909,1.09197,1
108,105815,-18622.1,-11682,1.23282,1.0134,0.976812,0.963355,0.898798,0.0172424,-0.00010134,2.80988,0.929902,0.548871,1.27417,1
109,86340.6,3132.97,1424.04,0.999312,1.02817,0.992604,1.00156,0.914444,0.002048,0.000798211,5.0134,0.759399,0.556385,0.908573,1
110,19.1598,-33.8048,-2.61201,1.15563,0.986361,1.00356,0.978716,1.1866,0.060028,0.00138787,44.6298,1.62482,1.74596,1.60257,1
111,101552,28522.3,-12682,0.89357,1.03038,0.991155,0.980449,0.734472,0.0788784,0.000575009,5.57064,0.712994,0.543,0.860156,1
112,83432.6,-86416.9,19893.2,0.788405,0.98529,0.99505,0.939041,0.965039,-0.229446,0.00029745,6.7494,0.795107,0.58917,0.942032,1
113,88902.5,27722.3,-23876.5,0.883055,1.00927,1.01604,0.984948,1.12689,0.17634,-0.000833594,5.52341,0.763727,0.561883,0.917137,1
114,86855.4,-30623.3,11111.9,0.881807,0.997272,0.98704,1.00808,0.880215,-0.0228828,-0.000102645,3.14527,0.84349,0.527706,1.07743,1
115,87429.1,-69889.5,6019.93,0.940771,0.984406,0.983643,1.00214,0.969643,-0.0982143,0.000677543,3.53643,0.763225,0.542874,0.927739,1
116,85074.3,-96362.7,12427.1,1.27472,1.00954,0.993042,1.03813,0.966446,-0.0672208,-0.000309595,5.58303,0.811487,0.573629,0.984302,1
117,77115.5,-3241.96,4860.57,0.811674,0.95689,0.993854,1.06941,0.554686,0.0985434,-0.000551,9.54887,0.759986,0.646434,0.834515,1
118,12.9224,-25.7056,-0.0994031,0.58451,1.0198,1.00773,1.0338,1.00214,0.210279,0.00091974,127.041,1.94134,3.29874,1.70379,1
119,76599.1,-94645,24288.7,0.921908,0.976215,1.00678,1.05233,0.806591,-0.229758,0.00152113,4.69875,0.831437,0.561008,1.00825,1
120,99871.8,-56678.8,6161.28,0.859049,1.01979,1.01641,0.960637,0.977244,-0.0684224,6.54497e-05,2.31574,0.760661,0.505776,0.978682,1
121,91263.8,-43670.7,-10941.7,0.732479,1.01788,0.992497,0.954332,1.00193,0.0570148,-0.00157749,2.84372,0.760342,0.513003,0.952864,1
122,99651.4,39027.7,-18283.7,1.08637,1.02383,0.994421,0.99729,0.824967,0.194573,0.000148848,6.7105,0.764078,0.587566,0.9143,1
123,19.8933,-33.9646,-8.66017,0.784754,1.00197,1.01549,0.984634,1.26767,0.11025,0.000544901,46.8568,1.00564,1.57518,0.900582,1
124,95220.1,-24324.4,8100.97,0.964047,1.01678,0.988699,0.977617,1.39558,0.00469925,0.00017557,3.53533,0.79314,0.541175,0.999642,1
125,14.6397,-31.9392,-13.2724,0.735918,0.977199,0.981725,1.03407,1.01334,0.299977,4.68675e-05,129.314,1.88811,3.22244,1.63793,1
126,75751.5,-113046,14863.4,0.779293,0.993854,1.00033,0.993252,0.99412,-0.170338,-0.00127348,10.558,0.847401,0.646719,0.976949,1
127,84257.1,48233.4,-17284,1.04454,0.982421,1.00437,0.950164,0.856364,0.119127,0.000597235,6.08633,0.825198,0.560541,1.01555,1
128,75671.4,-92483.9,11268.3,1.05616,0.994017,1.01182,0.9704,1.40533,-0.144025,0.000459841,5.51546,0.887905,0.573817,1.09031,1
129,95007.3,33474.7,-24268,1.183,0.991026,0.97729,1.06592,0.906574,0.25361,-0.00090465,4.88719,0.746023,0.565217,0.892783,1
130,73849.7,-56308.9,289.697,0.756932,0.971844,1.00685,0.982408,0.546666,-0.0773691,9.15171e-05,2.2321,0.82051,0.508479,1.01596,1
131,88103.5,-27224.8,3392.93,0.87674,1.01121,0.983527,0.971912,1.4081,-0.0389354,0.00134126,3.56189,0.800064,0.536331,0.998487,1
132,39.766,60.7087,25.7086,1.02953,1.01664,1.0083,1.0513,1.04656,-0.0711152,0.000386445,14.119,0.822255,0.939405,0.80005,1
133,84543,4757.91,-2619.56,1.22821,0.984152,1.01016,1.03014,0.920687,0.0531423,0.000407372,3.02072,0.775257,0.521272,0.958549,1
134,82700.8,-9299.01,-19666.7,0.764232,0.987093,1.00639,1.06741,1.14074,0.0337734,0.000351313,3.55975,0.805659,0.513919,1.01243,1
135,65708.2,-99642.4,5941.78,1.02794,0.973327,0.997997,0.997278,0.83899,-0.146875,-0.00182858,10.3338,0.83249,0.644964,0.936938,1
136,90896.4,6038.18,-2607.7,1.20716,1.01434,1.00511,0.984795,0.921725,0.0719755,-0.000210371,2.43461,0.730362,0.510798,0.900548,1
137,80059.9,-21567.2,14349.9,1.00453,0.98278,1.00348,0.988573,1.04497,0.0184818,-8.94565e-05,3.1836,0.776609,0.514366,0.955715,1
138,91810.5,-24990.8,14381.7,1.04085,0.997588,1.00664,1.02827,0.892373,-0.124714,0.00216504,3.05799,0.72237,0.530117,0.873482,1
139,76946.7,-97886.8,15837.1,0.820798,0.989111,1.01235,0.946632,0.837585,-0.079162,-0.00146667,5.01207,0.770007,0.551042,0.913649,1
140,90080.8,24902.3,-15784,0.914955,1.0033,0.989574,0.985856,0.635978,0.0878086,-5.83939e-05,4.62194,0.768933,0.554168,0.934322,1
141,91672.2,33091.6,-21098.6,0.95092,0.984951,1.01034,0.962678,0.9423,0.204399,-0.000133476,4.97035,0.830931,0.548143,1.05281,1
142,86167.1,-51080.4,6093.62,0.882304,1.0077,1.01548,0.98451,1.11394,-0.0803142,0.000243352,2.92721,0.774058,0.532767,0.951597,1
143,79923.2,-22114.3,-3960.9,1.25737,0.967586,0.995123,1.02103,1.02785,0.035797,-0.000782073,2.32338,0.767322,0.542638,0.920413,1
144,78191.1,-41033.6,-7911.86,1.01587,1.01628,0.991327,1.04235,1.02793,-0.0107975,-0.000521126,4.00794,0.892843,0.54918,1.12218,1
145,83554.3,-74174.5,11150.3,0.751839,0.993374,0.999627,1.02197,0.968681,-0.12879,-0.0011063,5.09033,0.796372,0.555114,0.968348,1
146,93590.4,-4466.42,-3184.81,1.00273,1.00444,0.995135,0.983718,1.14608,0.0304066,-8.2159e-05,3.8187,0.799893,0.552194,0.997904,1
147,88064.8,52086.6,-23488.6,0.848039,1.00385,0.993948,0.996595,1.1238,0.189362,-0.00060035,5.71448,0.783408,0.56023,0.951303,1
148,95164.8,-27216.4,3326.71,0.841846,1.01642,0.974465,0.991234,1.12845,0.0266712,8.02031e-05,4.27329,0.859351,0.538933,1.11904,1
149,69739.7,83252.1,-29445.6,0.736352,0.971763,0.998987,1.04421,1.31669,0.402516,-0.00144758,17.5704,0.877203,0.758622,0.94718,1
150,75289.2,-34534.8,11800.9,1.09811,0.997962,0.991085,0.930147,1.30135,0.0258354,-0.001655,3.33679,0.798741,0.548296,0.960006,1
151,85025.7,-29824.6,2347.15,1.12981,0.981762,0.998704,1.04183,0.652144,-0.0344286,-0.00011058,2.71622,0.748808,0.517613,0.917162,1
152,72684.8,-31322.1,-4959.9,1.08054,1.01095,0.992675,0.945532,0.966266,-0.0758145,0.000436684,4.80186,0.890166,0.572169,1.08776,1
153,95683.4,-100173,20733,1.124,1.01343,0.993026,0.950266,0.91083,-0.0888013,-0.000192796,4.47055,0.80125,0.546816,1.00984,1
154,104886,3915.09,-11924.1,0.845522,1.02178,0.985556,1.02772,0.809773,0.0693478,-1.12665e-05,3.6994,0.88777,0.557093,1.18368,1
155,87902.6,34446.2,-11742,0.6439,0.988691,1.00517,0.997448,1.13147,0.100516,0.00114696,5.06479,0.762406,0.551573,0.921114,1
156,83872.4,-97306.9,7470.24,0.81012,1.01476,0.996144,0.976839,1.0549,-0.0697427,-0.00244791,5.08469,0.783659,0.578295,0.93055,1
157,92131.2,31904.4,-2295.53,0.848143,1.00995,1.00788,1.04111,0.933966,-0.0040377,0.00213741,5.60451,0.804929,0.558436,0.998876,1
158,91511.9,-40987.8,19663.4,1.02851,1.02425,0.993147,1.01088,1.2987,-0.0577581,0.0006601,3.06174,0.789968,0.525893,0.99643,1
159,75744.3,-29984.8,1006.68,0.802836,1.00204,1.00044,1.02212,0.840346,0.0287504,-0.000198713,2.31107,0.725296,0.535413,0.847197,1
160,102715,24395.8,-15286.9,0.743446,1.03713,0.999192,0.970811,0.882919,0.184889,-0.000479585,5.30784,0.840167,0.575224,1.0723,1
161,88045.2,-32873.1,11136.3,1.32389,0.9728,1.00268,0.985744,1.24575,-0.0370026,-0.000240346,2.36462,0.797046,0.51808,1.00745,1
162,13.9326,-30.0547,-2.52725,0.600039,0.980808,0.982678,0.96038,0.60087,0.0574053,0.000644202,62.7983,1.93709,2.18923,1.89259,1
163,17.7525,-36.3133,2.57095,1.15306,1.0246,0.997119,0.967646,1.15734,0.213205,0.00064471,80.4884,0.719361,2.23938,0.441508,1
164,90936.3,-22363.4,-13290.7,0.985433,1.00712,1.0022,1.04309,1.16509,0.134569,-0.00170542,2.51352,0.75792,0.509309,0.951893,1
165,95867,-43924.6,-22422.6,0.786608,0.998873,0.986302,0.984934,1.21079,0.158063,-0.00347011,6.54795,0.785937,0.571536,0.961784,1
166,88158.6,-75764.1,13785.4,1.08469,0.969718,0.994689,0.978624,0.878075,-0.1551,-0.000203265,4.16022,0.730408,0.552702,0.86459,1
167,74480.2,-125926,20842.2,0.871308,1.0038,0.991699,1.02241,1.22366,-0.297894,0.000432816,9.49558,0.790569,0.643607,0.883856,1
168,57994.3,-26363.6,3893.03,0.981406,0.978335,1.00071,0.967268,1.0212,0.00656023,-0.0009366,4.80363,0.828825,0.565282,0.955691,1
169,74440.5,-110314,12701.6,0.824801,0.987485,0.999542,1.02251,0.866014,-0.103895,-0.000587402,5.62518,0.79262,0.564593,0.937207,1
170,82221.3,-78311.7,11351.2,0.969654,0.988687,1.00341,0.988234,1.16157,-0.071642,-0.00050744,4.90643,0.820987,0.548411,1.01247,1
171,25.1087,41.9824,-7.61814,1.2273,0.99867,0.995336,0.991695,1.26768,0.0753291,-0.00277745,27.1251,0.736271,1.13559,0.66206,1
172,73759.7,-114575,24294.5,1.23189,0.995969,1.01727,1.00982,1.1738,-0.261186,0.000372331,9.84443,0.866866,0.624607,1.01912,1
173,92898.1,-41440.1,9716.39,0.877307,1.01726,1.00395,1.04819,1.0183,-0.123567,0.00169929,3.08414,0.739364,0.526096,0.908973,1
174,88443.2,8927.61,10117.9,0.931347,0.995396,1.0036,0.973485,1.25385,-0.0278612,0.0014332,2.78225,0.752137,0.519482,0.928069,1
175,78592.5,-103894,15181.1,1.03252,0.977827,0.989191,0.981573,0.929441,-0.0597171,-0.000946536,5.54579,0.85813,0.554231,1.06193,1
176,35140.5,-129842,41870.4,0.814822,1.00327,1.00101,0.99663,0.861581,-0.503518,-0.00106529,42.8806,0.981496,1.16785,0.944264,1
177,97378.3,28813.6,-22453.8,1.11315,0.999829,0.986548,1.00204,1.06443,0.266896,-0.00115459,7.41794,0.753785,0.59311,0.887503,1
178,95557.2,-68964.7,17673.6,0.807076,1.02327,0.994813,1.02564,0.842754,-0.0478374,-0.000423402,4.22579,0.823821,0.552971,1.04524,1
179,76221.8,-114096,11969.5,1.15141,0.997613,0.991829,1.03646,0.938683,-0.265995,-0.000140943,10.1188,0.834447,0.631701,0.965977,1
180,69763.8,-124536,16846.7,0.887108,0.991545,1.00447,1.03129,1.06103,-0.282448,0.00023345,10.4339,0.84391,0.630413,0.970284,1
181,13.7613,26.0178,0.384654,0.601206,0.982195,1.03011,0.997688,0.763983,-0.120256,-0.00192567,84.9219,2.311,2.40567,2.29429,1
182,87290.4,-53452.7,12904.8,0.655298,1.00953,1.00801,0.983905,0.451192,-0.120957,0.0010839,3.63534,0.754371,0.524808,0.925748,1
183,14.1406,37.6446,18.0821,1.00524,0.954415,1.00299,1.02657,1.0851,-0.106788,-0.000569211,54.3289,0.933033,1.77533,0.776134,1
184,24.0093,-42.4879,-13.3515,1.1195,0.980425,0.993676,0.997858,0.714755,0.112391,0.000170579,27.448,0.684391,1.22064,0.582689,1
185,80526.1,87532.2,-20856.9,1.20777,1.00778,1.01424,1.05749,1.01348,0.231165,0.000920592,17.6189,0.91197,0.784716,0.999384,1
186,47568.2,-125504,20180.7,0.904901,1.01931,1.00228,0.994933,0.942402,-0.426905,-0.000622613,30.9191,0.958576,1.01278,0.93798,1
187,19.7716,38.3249,8.49081,1.02338,0.976075,0.998836,1.01428,0.981065,-0.153825,5.34406e-05,44.447,1.21063,1.64834,1.13066,1
188,55984.6,-133742,19576.3,1.37169,1.00143,1.02021,0.999291,0.888609,-0.257986,-0.000951299,14.7094,0.881079,0.716135,0.957746,1
189,78709.6,-90580.1,13201.3,1.24544,0.975976,1.02268,0.997158,1.10416,-0.206436,3.23127e-05,6.12725,0.820161,0.577091,0.983693,1
190,59240,-42001.5,9667.72,1.02309,1.02227,1.00674,1.00749,1.16572,-0.0141818,-0.000561717,7.17415,0.851279,0.591238,0.981828,1
191,84086.9,-107395,13646.5,1.16841,1.00858,1.00412,0.984099,1.1507,-0.0777123,-0.00147532,5.69932,0.781441,0.571074,0.932675,1
192,87773.4,-18039.1,6329.07,1.24216,1.01341,1.00353,1.05133,0.937077,-0.0297392,0.00117411,4.05372,0.743387,0.540617,0.895067,1
193,38.7263,-83.9531,-3.01617,0.465728,1.00649,0.995022,1.0468,1.06741,-0.0486756,-0.000364881,8.51206,1.06773,0.827087,1.11307,1
194,82358.6,-91291.9,6645.36,0.960437,1.01857,1.0181,1.01101,1.0425,-0.0924589,-0.000554912,4.24095,0.786784,0.543845,0.957518,1
195,104028,-108387,13921.8,0.92386,1.04774,0.980367,1.01351,1.32049,-0.165653,-0.000226851,7.67981,0.831425,0.645611,0.996552,1
196,82984.1,-34562.8,5034.95,1.02201,1.01553,1.00461,0.971454,0.961493,-0.0679446,0.00148364,3.11422,0.829658,0.529212,1.042,1
197,83259.4,-72584.1,7488.98,0.905075,1.01122,1.01424,0.984132,0.979697,-0.0236455,-0.00132095,4.21564,0.906257,0.548,1.16176,1
198,78124.3,-60862.5,9721.13,0.892271,0.969381,1.01286,0.980847,0.825575,-0.180617,0.00194737,4.27844,0.780088,0.542399,0.938313,1
199,14.3895,28.5804,5.89518,1.19453,0.986256,1.00456,0.953843,1.15537,-0.169653,-0.000989969,89.6211,0.843408,2.49007,0.544015,1
200,76124.4,-13420.5,-2717.78,1.09284,1.01099,1.02089,1.01713,1.34142,0.0233377,-1.30286e-05,3.15049,0.764007,0.534712,0.912003,1
201,80000.3,-122872,15770.4,0.900417,0.992999,1.00706,0.988452,0.736234,-0.255805,-0.000267992,6.90999,0.753837,0.581704,0.871739,1
202,95411.6,-45547.6,-2799.64,0.710711,0.984735,0.992553,1.00041,0.898613,0.0377188,-0.00120832,3.55248,0.787712,0.522708,1.00463,1
203,87744.5,-30481.2,434.393,1.07789,0.959553,0.994271,0.998795,1.25797,-0.0870369,0.00185934,2.18873,0.78379,0.510618,0.989046,1
204,95508.1,38171.8,-8628.37,0.891585,0.993667,0.995588,0.932572,0.819837,0.139461,-0.000547081,4.43796,0.823585,0.540817,1.05447,1
205,88123.7,-24459.3,1598.8,0.98559,0.994327,1.0185,0.973954,0.914092,-0.037202,0.000955049,2.66104,0.761687,0.517386,0.945813,1
206,89771.6,-38003.9,-11483.7,0.822627,0.986779,1.005,1.03628,0.914005,0.0518594,-0.000328882,4.87977,0.808553,0.563544,0.996756,1
207,97105.7,26342.1,-25943.4,0.77679,0.989635,0.995324,0.932701,1.06779,0.203133,-0.000321745,5.09839,0.779677,0.548692,0.971738,1
208,74885.7,-17716,-18232.1,1.0092,0.981301,1.0027,1.02235,0.692388,0.144764,-0.00189488,3.69335,0.79771,0.525413,0.970782,1
209,94313.3,23121.3,-32311.7,1.34024,0.982988,0.985036,0.958613,0.785972,0.317982,-0.00179877,7.19469,0.847896,0.588873,1.05664,1
210,84066.2,-44570.4,12462,1.14911,1.01639,1.00666,1.0056,0.964568,-0.0391838,-0.000128415,3.86452,0.795382,0.550799,0.970862,1
211,84564.8,-79640.7,-5494.77,1.04951,0.986093,0.997209,0.994207,0.99675,-0.231695,0.00242335,6.15204,0.825754,0.575969,1.00696,1
212,85064.8,-97196.4,15754.4,0.895662,1.00425,0.999597,1.02713,0.858037,-0.134359,-0.00116046,6.26741,0.774244,0.563186,0.92773,1
213,84387.9,-97856,16956.8,1.04008,1.04214,0.988328,0.984121,0.820134,-0.155994,-0.000832488,14.0516,0.878054,0.725034,0.988764,1
214,78721,-124629,16371.3,1.13177,0.996588,0.983211,1.01813,0.976501,-0.19163,0.000784558,5.80434,0.778753,0.562027,0.924597,1
215,88232.8,-69011,8119.24,0.921642,0.995544,1.00207,0.962035,0.95544,-0.0979297,0.000339335,2.97611,0.776127,0.508211,0.978511,1
216,92434.8,22227.5,-13465,1.06432,1.01703,0.993655,1.04377,0.999582,0.0661938,0.000281718,5.91782,0.77456,0.55992,0.943622,1
217,89674.1,54806.5,-23923.8,0.960384,1.00141,0.998241,1.03342,0.973739,0.285608,-0.000984794,9.19702,0.823504,0.630647,0.971082,1
218,88348.6,-46325.8,-3239.15,0.578677,1.0094,1.01123,0.974597,0.744075,-0.047915,0.000274171,3.77241,0.777296,0.552485,0.947014,1
219,92682.9,40250.8,-14179,0.780267,1.00728,1.00142,1.03492,0.893545,0.158438,0.000196539,7.29681,0.772812,0.592108,0.915962,1
220,90114.2,-23779.7,698.452,0.437505,1.00359,0.996525,0.993142,0.943124,0.0365288,-0.000438882,4.60991,0.718015,0.577259,0.82634,1
221,90735,6268.78,-10640.3,1.45171,1.01087,0.999517,1.02826,0.736552,0.0490221,0.000397155,3.79707,0.795509,0.543096,0.990519,1
222,87729.4,-44996.4,-9538.89,1.08754,1.02621,0.990364,1.05325,1.07443,-0.00370509,-0.000263943,2.61092,0.744554,0.522133,0.910688,1
223,90505.1,-31993.5,-3976.09,1.26426,1.01439,0.998978,0.986354,0.682081,-0.0102465,-0.000182269,3.0705,0.785494,0.526924,0.985129,1
224,13.1612,-27.5982,-8.57868,1.26712,1.0091,1.00419,1.02154,0.597149,0.329627,0.00020505,163.546,1.5152,4.62192,0.96696,1
225,82637.9,-74946.9,6367.08,1.45433,0.992569,1.01441,0.999897,0.761234,-0.0418645,-0.00100666,4.51827,0.78965,0.554065,0.955966,1
226,85133.4,-42319.1,-2505.57,1.03246,0.97995,1.00877,0.962613,1.03624,-0.0841841,0.000800447,2.9148,0.784354,0.529958,0.970628,1
227,91919.2,-28135.5,4624.87,1.16342,0.987451,0.982596,1.03537,0.893385,0.0163485,0.000281024,2.84659,0.819837,0.522721,1.05306,1
228,76983.2,-96592.8,17003.6,1.27928,0.996877,0.992349,1.05755,1.10397,-0.167826,-0.00134167,11.3764,0.875111,0.663242,1.01423,1
229,82746,-15896.6,-7154.8,0.62771,1.01797,0.994211,1.02275,0.773669,0.0245411,0.000261346,3.94381,0.829738,0.545737,1.02942,1
230,88576,-25012.3,3899.99,0.877165,0.988761,1.00847,0.957549,0.834745,-0.102853,0.00107866,3.74988,0.78123,0.536745,0.967007,1
231,87098,-98642.8,13820.5,0.902071,0.996638,0.985831,0.96029,0.483394,-0.223784,-4.97516e-05,5.39016,0.772874,0.55371,0.93613,1
232,53266,-30240.5,2241.29,0.955161,1.00413,0.997007,1.01201,1.28577,-0.203462,0.00244561,3.39933,0.844446,0.53245,0.979925,1
233,84734.6,21909.4,-6662.03,0.885066,1.01542,1.0018,0.972516,1.13347,0.0731819,-7.24811e-05,3.05028,0.790148,0.544939,0.968492,1
234,81959.1,-43232.7,-10208.7,0.828415,1.00928,0.996867,1.0279,1.26263,-0.0374155,0.000617581,3.11342,0.825435,0.531804,1.03,1
235,28.1121,60.1638,9.59115,0.719155,1.01849,1.00228,0.964274,1.39945,-0.0972342,0.00102216,13.9273,0.608793,0.887315,0.55585,1
236,25.8011,-40.5975,14.1187,0.971455,0.990632,0.993166,1.01456,1.24303,0.109507,-0.000175393,27.2094,1.38891,1.30468,1.40448,1
237,91050.5,-1227.94,-2535.56,1.29464,0.992088,1.00877,0.9727,0.993676,0.0167862,0.0009477,2.59228,0.793362,0.514045,1.01046,1
238,88900.4,-104391,19977.7,0.588269,1.02349,1.01212,1.00106,0.864814,-0.210823,-0.000161216,7.07351,0.76387,0.594722,0.892655,1
239,85789.6,21729.8,1088.98,1.26946,1.02836,0.997983,0.986291,0.973901,0.0926013,-0.000187281,4.64904,0.751684,0.550765,0.899101,1
240,82960.8,45548,-13373.8,1.22115,0.983938,1.00467,1.02972,1.22817,0.0885902,0.000920136,6.11779,0.844314,0.582438,1.02952,1
241,95603.5,-37816.9,3731.85,1.2286,0.983537,0.983019,0.96471,0.847439,-0.0103966,0.000322875,3.48142,0.736033,0.531182,0.903801,1
242,94566.4,-49805.6,-1558.68,0.885608,1.02261,0.980149,0.976717,0.792663,-0.017829,0.000162033,3.3402,0.816012,0.526374,1.04958,1
243,77578,31717.4,-10625.2,0.474569,0.994659,1.00965,1.00517,1.09582,0.0612954,0.00107654,4.53129,0.773818,0.543441,0.926066,1
244,85886.1,-37856.9,-10401.4,0.731144,0.979991,0.997199,0.958417,0.917719,0.0136532,0.000273584,3.83735,0.796916,0.539853,0.985513,1
245,80819.1,65701.7,-25012.2,0.879059,0.984611,0.987306,0.970412,1.07942,0.302221,-0.000480303,10.4134,0.818339,0.63912,0.941923,1
246,97769.1,-27038.7,8251.15,1.20228,1.0147,0.997048,0.958847,0.991746,-0.057492,0.000988899,2.38787,0.754969,0.50946,0.960298,1
247,55833.1,-164253,14381.4,0.964595,1.03256,1.02238,0.950005,0.988069,-0.201012,-0.00270091,16.3332,1.04578,0.725744,1.19413,1
248,75699.4,-92432.1,21086.9,0.639862,0.990537,1.02369,1.04398,0.835419,-0.171699,0.000131832,4.77896,0.785116,0.566283,0.926525,1
249,75544.1,-31655.9,7938.94,0.825815,0.993346,0.991433,0.99109,0.862165,-0.0833321,0.000798549,4.77977,0.725419,0.541011,0.843964,1
250,80413.6,-70315.6,24008.6,0.929043,1.00049,1.02235,1.0225,0.914166,-0.190631,-8.6476e-05,5.69034,0.75738,0.564599,0.889829,1
251,72334.4,-131613,15786.7,1.17056,1.01717,1.01227,1.03505,1.06663,-0.20057,-0.000796102,9.62217,0.850006,0.628451,0.986517,1
252,12.7721,31.8453,12.4692,1.11805,1.04036,0.999756,0.996283,0.925285,-0.268046,0.000187891,124.342,2.00197,3.16043,1.79134,1
253,17.7154,41.9296,14.0763,1.04572,1.04552,0.988607,0.991507,0.935419,-0.191693,0.00183333,59.4858,1.13949,1.83359,1.00892,1
254,17.9703,-33.2247,-7.5197,0.955124,1.02968,0.977819,1.04988,0.532836,0.100881,0.00115995,56.2782,0.698544,1.93858,0.476643,1
255,90423.1,40504.5,-13021.8,0.863138,1.01076,1.00369,0.971636,1.18631,0.109331,2.67189e-05,3.8772,0.802604,0.55311,0.995547,1
256,98513.8,-84514.1,10034,1.15195,1.04117,0.995049,0.963114,1.46741,-0.151337,-0.000204412,4.668,0.853531,0.559792,1.1014,1
257,75588.4,-46579.4,-5636.39,1.12532,1.02333,0.991067,0.993679,1.21287,0.023468,-4.60469e-05,7.9908,0.828014,0.63154,0.953737,1
258,83826.1,41923.2,-7623.16,1.43009,0.978949,0.99252,0.973804,1.03846,0.155335,-0.000672508,6.08425,0.83323,0.569412,1.02175,1
259,75404.7,-8329.21,-14860.8,0.81148,0.980147,1.01503,1.0682,0.899809,0.039961,0.000237318,2.44662,0.701844,0.518857,0.819287,1
260,86006.5,94395.9,-17685.7,0.986186,1.01896,0.995454,0.955134,1.10143,0.219866,0.00133623,10.3241,0.918971,0.644282,1.12056,1
261,94075.8,22863.5,-18247.7,0.932697,1.02229,0.982818,0.997926,1.06627,0.058425,0.000988896,5.69111,0.858993,0.553218,1.105,1
262,68284.3,40988.3,5822.29,0.966926,0.991916,0.999356,1.0268,1.15658,0.0343062,0.00125198,5.23179,0.721828,0.557785,0.817577,1
263,84738.3,-85491.2,4452.97,1.3046,0.993653,1.00277,0.994846,0.914966,-0.133754,-0.0012224,5.85903,0.817128,0.574832,0.992522,1
264,86510,32542.2,-14174.6,1.27252,0.99261,1.01415,1.0081,1.13805,0.154014,-0.000268763,4.88098,0.832951,0.55906,1.03517,1
265,94883.7,-27808.4,13923.2,0.985086,0.980676,0.981013,1.02267,0.961347,-0.0757315,0.00102979,3.49153,0.789725,0.521307,1.0079,1
266,87757.2,-8642.6,-10678.1,0.953551,0.977176,0.984276,1.03746,1.14283,0.111734,-0.00177837,3.79257,0.800799,0.517012,1.01353,1
267,92977.9,-33279.1,-4406.54,1.00529,1.01672,1.00427,1.00461,1.40654,0.0385619,-0.00109721,3.58512,0.78684,0.53827,0.984352,1
268,15.8141,-38.2247,-17.025,1.21638,0.97546,1.00274,1.06945,1.15426,0.112654,0.000464787,39.5362,1.49882,1.43622,1.51037,1
269,50154.2,-148237,28628.3,1.42229,1.00761,1.00881,0.943879,0.985477,-0.322062,-0.000883161,21.2241,0.926049,0.830256,0.965012,1
270,101768,-58717.3,-10529.3,0.861254,1.00446,0.971141,1.01276,1.23575,0.0274142,-0.00141774,3.88118,0.754322,0.537487,0.942696,1
271,91060.2,34053.4,-14599.9,0.799676,0.994526,1.00197,0.952227,0.956228,0.11182,0.000109429,5.43254,0.794925,0.569368,0.970346,1
272,91710.5,-34446.8,-20283.5,0.832683,1.03197,0.993452,1.04899,0.971139,0.0423045,-0.000262294,4.20121,0.766253,0.551373,0.93407,1
273,92068.2,-33654.7,-1261.45,0.855239,1.01836,1.00235,1.0205,1.02326,-0.0767021,0.00159434,3.41875,0.730284,0.540063,0.879865,1
274,63943.7,82134.3,-30728.7,0.918265,0.993245,1.00983,1.02041,1.01046,0.357499,-0.000499749,16.7178,0.870201,0.746157,0.936788,1
275,63299.7,-3732.34,-345.204,0.6344,0.986296,0.984119,0.990009,0.851805,0.0687907,-0.000501721,4.27357,0.838321,0.550134,0.992633,1
276,95176.9,-31952.2,-10197.1,1.02161,1.00025,0.990601,0.93626,0.920384,0.0957308,-0.00120208,2.44297,0.756562,0.502543,0.963283,1
277,91705.8,-28330.4,6068.99,0.673512,1.01489,0.994495,1.05211,0.953531,-0.110762,0.00164162,3.5715,0.849918,0.531056,1.10037,1
278,20.4048,-33.4955,4.5459,0.839396,1.00211,1.00274,0.954665,0.893336,-0.0354687,0.0022839,32.7868,0.759884,1.2739,0.664136,1
279,80815,85330.8,-14320.7,1.0895,0.991967,0.999817,0.976343,1.09856,0.246467,0.000681023,9.34718,0.911463,0.628105,1.10701,1
280,81547.8,-35291.5,3991.66,1.1489,0.948816,0.995275,1.00638,0.97594,-0.050017,0.000133476,2.50294,0.759852,0.520421,0.926495,1
281,81723.9,-33340.7,3785.4,0.91884,0.998254,1.01101,0.988255,0.743437,-0.0644756,0.000318964,3.15873,0.794751,0.524523,0.983467,1
282,101258,52926.2,-16360.8,1.18329,1.02947,0.978849,1.01909,0.983381,0.192622,0.00053517,6.99089,0.743661,0.590186,0.876094,1
283,80626.8,61864.6,-21298.6,1.35367,0.971347,0.991945,1.00192,1.08847,0.239356,2.83385e-05,11.0134,0.855373,0.65919,0.990443,1
284,78490.4,-83804.5,50.5474,1.54092,0.99519,1.01061,1.08498,1.07168,-0.0440407,-0.000951664,3.76996,0.835375,0.540163,1.03274,1
285,75803.4,-135212,19157,1.00727,1.00778,1.01257,0.935907,1.06667,-0.182716,-0.0011713,10.1979,0.887508,0.633434,1.05204,1
286,45608.2,-109579,-506.947,1.26311,1.00778,0.992142,1.04027,0.55153,-0.371263,-0.000415833,32.2054,0.984782,1.02833,0.969149,1
287,103741,-112843,12049.3,1.07677,1.03374,0.979211,0.959721,0.959515,-0.0900374,-0.00105612,8.18962,0.864719,0.635726,1.06811,1
288,82674.1,-94379.5,9013.59,1.27668,1.00052,0.997054,0.99001,0.963065,-0.107051,-0.000358698,3.70716,0.815839,0.541952,1.00908,1
289,89595.9,-80324.9,21258.4,1.06217,0.98886,0.996409,0.990883,1.01943,-0.215828,0.00017812,6.62024,0.758172,0.565255,0.906113,1
290,89730.6,-100521,22501.6,1.09937,1.03203,0.987342,1.05067,0.965972,-0.149175,-0.000975258,6.32371,0.874349,0.578803,1.10062,1
291,99827,-67150,3296.64,0.959609,1.01136,0.992634,1.00801,0.753555,0.0139333,-0.00132825,2.76634,0.765827,0.529204,0.967954,1
292,85443.6,-55068.5,-2834.76,0.900876,1.01463,0.993156,0.971276,0.919193,0.0563631,-0.00137084,2.7868,0.760482,0.531757,0.926747,1
293,84748.5,-251.444,-10090.4,1.2229,0.934514,0.987199,1.03359,0.697284,0.121203,-0.000842949,3.02427,0.786629,0.529823,0.972615,1
294,99298,-42785.7,12733,0.782131,1.03359,1.00447,0.992089,0.835904,-0.0285841,-1.27619e-05,3.36579,0.791279,0.54313,1.0021,1
295,89391.2,34160.4,-13464.8,1.06539,1.00235,1.00059,0.922319,0.836763,0.179592,-0.000516897,7.86942,0.842473,0.60065,1.02709,1
296,85929.2,-89406.1,16516.3,1.19759,0.989062,0.999429,0.977171,0.982475,-0.213533,0.000461793,5.29917,0.757822,0.566525,0.898524,1
297,82403.8,-46341.8,7503.26,0.997484,1.01597,0.989248,1.02309,1.13766,0.0265182,-0.000665193,2.70406,0.803528,0.526085,0.997934,1
298,17.591,40.6594,14.6449,1.16543,0.993529,0.99655,0.986249,0.946942,0.00883465,-0.00179839,37.4202,0.731055,1.53161,0.583379,1
299,54393,-29761.5,9776.69,0.917883,1.00799,0.988415,0.958592,0.694351,-0.0307861,-0.000494848,7.38536,0.767203,0.617635,0.834927,1
300,88450.2,-73787.5,14675.8,0.986002,1.01992,1.01069,1.02889,1.02501,-0.160183,0.00144639,4.15729,0.825885,0.553093,1.032,1
301,82167.1,-66571.6,6953.34,1.13291,1.02396,1.00985,1.02089,0.921664,-0.0834876,-2.21866e-05,4.5685,0.759026,0.545544,0.908765,1
302,87944.2,-32557.3,6070.18,1.17533,0.990844,1.00164,0.967261,0.699377,-0.0413797,0.00123863,3.33606,0.758793,0.53142,0.929681,1
303,71586.9,-11621.2,-4876.25,0.764061,0.999405,1.00908,0.992003,0.697442,0.0432677,5.81936e-05,3.57075,0.814649,0.547854,0.976407,1
304,89006.8,-95388.1,11070.8,0.744801,1.00799,1.0091,1.03329,1.14273,-0.147337,-0.00103913,5.04267,0.798029,0.554053,0.9839,1
305,88173.5,-36893.9,-3714.48,1.00809,1.0005,1.00488,1.03099,0.992696,-0.0868314,0.00134211,3.11382,0.732334,0.521214,0.891619,1
306,88132,32259.2,-5189.24,1.09878,0.990835,1.0032,1.04016,1.09188,0.0356454,0.00223255,4.60317,0.774661,0.562313,0.934395,1
307,86472.2,-1458.74,18917.2,1.03971,1.00364,1.0067,1.03931,1.01366,-0.0782004,0.00176902,4.12426,0.721237,0.528114,0.863906,1
308,92801.8,30066.5,-11068.2,1.08457,0.995757,1.00259,1.05379,0.869848,0.13871,0.00126658,7.02608,0.830154,0.576938,1.03103,1
309,80864.5,-96633.7,9581.88,0.880691,0.987109,0.992184,1.01594,0.984343,-0.146683,-0.00112672,5.68166,0.792886,0.562557,0.951868,1
310,18.552,-30.187,-3.21949,0.853716,0.974611,1.02158,0.943744,0.982763,0.120399,0.000873378,41.3256,0.810995,1.73464,0.641346,1
311,88529.5,-98935.2,18858.5,0.948083,1.01664,1.01047,1.04997,1.13023,-0.189308,4.66702e-06,4.48482,0.763205,0.542672,0.930247,1
312,94918.1,-36927.5,12088.3,0.800994,1.00062,0.994311,0.990052,0.888207,-0.0419848,-5.25021e-06,2.74116,0.819124,0.53116,1.0529,1
313,78773.4,-100156,30703.7,1.02819,1.0052,1.01161,1.00356,1.07211,-0.255744,0.00060045,7.51681,0.853972,0.588434,1.03235,1
314,92274.9,-25445.5,17405.7,0.941617,1.0304,0.994356,0.983132,0.664049,-0.039496,0.0010774,4.44154,0.780168,0.545276,0.965835,1
315,91144.1,-13440.5,-93.2128,0.883521,0.971715,0.994985,0.985671,1.18721,-0.037814,0.00130023,3.67062,0.839918,0.539762,1.07439,1
316,87770.2,27401.2,-6416.6,1.37495,0.996629,1.0174,0.906574,0.87245,0.115696,0.000350123,4.48155,0.747421,0.554183,0.892235,1
317,90563.5,30002.5,3818.36,0.691961,1.01073,0.989472,1.00154,1.3231,0.0826748,0.00153977,3.86994,0.798531,0.557429,0.984977,1
318,36.6518,70.5916,-12.6501,1.03428,1.0033,1.00223,0.989696,1.11905,-0.0198848,-3.00855e-05,13.5363,1.29681,0.948604,1.36241,1
319,11.2347,28.2145,12.8296,1.06167,0.985729,0.994465,0.967725,0.78974,-0.211631,-0.000717589,95.5388,2.04759,2.76424,1.91426,1
320,103443,36390.5,-18032.4,0.962829,1.04349,1.00044,0.9788,0.968928,0.158804,-0.00069133,3.47951,0.795996,0.557071,1.00685,1
321,93152.9,-2056.91,13147.6,0.66364,1.01491,0.992256,0.97349,0.939635,-0.0481459,0.00155819,4.32652,0.792701,0.534773,0.998427,1
322,81836.8,47931.2,-20780.3,1.01737,0.975014,1.00509,1.03664,0.624641,0.272085,-0.000738524,9.1161,0.819256,0.617153,0.960154,1
323,85449.9,-9112.59,-11495.7,0.932935,0.943834,0.992566,0.987262,1.22115,0.0925763,-0.000792187,3.02236,0.728142,0.520512,0.879884,1
324,82338.9,-57714.7,-10021.5,1.35764,1.01366,1.00745,0.970496,0.871109,-0.00623409,-0.00105302,10.1331,0.889985,0.650016,1.05818,1
325,54918.9,-115351,28562.3,0.802901,0.986982,0.985019,1.03145,0.728241,-0.267485,-0.00125143,19.7515,0.872478,0.794659,0.907743,1
326,80546.2,-37909.6,8673.41,0.775078,0.978771,0.983821,0.95879,1.16869,-0.0372692,0.000400114,2.62592,0.752596,0.50945,0.919327,1
327,88142.7,-65163.8,27205.4,0.621214,1.01207,0.998871,1.01076,0.395435,-0.0787586,0.000384634,3.5364,0.732654,0.539905,0.877938,1
328,91557.7,-40347.7,15867.4,1.15932,1.01435,1.00779,1.02085,0.963925,-0.0263781,0.000145667,2.76613,0.734352,0.533003,0.891827,1
329,101151,-9480.46,8678.58,1.18392,1.05513,0.998513,1.05355,0.757446,-0.108906,0.00252639,2.79457,0.814342,0.526531,1.06218,1
330,81029.8,-23485.4,-3330.79,0.911919,1.01504,0.988937,1.01833,0.94796,0.000179694,0.000548495,2.48939,0.763908,0.517553,0.933538,1
331,17.5335,-37.6634,-9.05154,1.07805,1.00669,1.01799,1.06283,0.7268,0.057304,0.000618917,41.0504,1.0114,1.27706,0.9626,1
332,82175.4,-87898,16847.9,1.06196,1.01621,0.986464,1.02235,1.30331,-0.0658415,-0.000373687,6.67597,0.89731,0.587069,1.11444,1
333,79216.5,-94147.4,18087.8,0.785933,0.988612,0.992394,1.04395,1.14902,-0.34646,0.00231257,9.19968,0.785816,0.620023,0.898006,1
334,93626.4,-48357,10357.2,1.10081,1.00305,0.988861,1.02095,1.12359,-0.0999304,0.00189063,2.5534,0.80532,0.505663,1.04563,1
335,97246.3,69182.3,-26168.4,0.606258,1.04307,0.985437,1.03141,1.06083,0.266098,-0.000370372,8.78131,0.789001,0.620332,0.928585,1
336,92833.4,-94744.5,14445.7,1.04391,1.00917,0.985943,0.968668,0.88978,-0.18174,5.54866e-05,4.48477,0.742494,0.533305,0.908569,1
337,77456.6,75316.8,-24289.8,1.08308,0.990072,1.00405,0.960193,0.589018,0.285824,0.000211926,9.42773,0.883609,0.634031,1.04895,1
338,25.5522,47.3176,11.5714,1.23008,1.00031,0.997997,0.979583,1.37093,-0.0850845,-0.000393944,34.0916,0.381911,1.4257,0.187306,1
339,85974.5,-3897.83,167.157,0.672176,1.03053,1.0104,0.997952,1.0519,-0.0576788,0.00107054,3.96164,0.79597,0.552544,0.974475,1
340,80116.4,-91685.3,9716.2,0.948087,0.982086,1.00535,0.978296,1.00409,-0.127668,7.32271e-05,4.75528,0.77428,0.549531,0.928061,1
341,86844,-48965.8,4004.05,1.13191,0.989219,1.03181,0.949557,1.45282,-0.0676126,0.00114478,3.04392,0.782562,0.527441,0.972367,1
342,82852.9,-4639.29,1060.19,0.818232,0.99081,1.00212,0.987268,0.794748,0.0378245,0.000401866,3.59689,0.751852,0.53551,0.904486,1
343,72832.4,-130896,18103.8,0.708075,0.993027,1.00181,0.98045,0.877448,-0.233002,-0.000615095,9.32768,0.862829,0.601669,1.02492,1
344,92617,44197.5,-16243,0.8213,1.01224,0.996679,0.998539,1.13624,0.108543,0.000627347,6.69123,0.818806,0.585673,1.00356,1
345,15.2029,-29.5979,-1.05426,1.1595,0.950354,1.00008,0.99432,1.52283,0.0175604,0.00159591,43.8954,0.975774,1.74367,0.837724,1
346,75933,-117758,16672,0.878509,0.991516,1.00946,1.00254,1.0909,-0.181724,-0.000978583,6.86623,0.78431,0.593374,0.908092,1
347,73550.8,-67902.3,39137.4,1.13229,1.0209,0.975162,0.939048,0.959715,-0.0621725,-0.000348944,9.71143,0.791741,0.621562,0.898448,1
348,75784.2,-83574.7,8973.89,1.02317,1.00013,1.01073,1.02255,0.95192,-0.113229,6.16907e-05,3.70934,0.775043,0.555967,0.916668,1
349,76430.8,77440.1,-24548.3,1.02134,0.974132,0.990478,1.01603,0.999488,0.252413,0.000598102,10.324,0.891268,0.64688,1.05026,1
350,12.879,-23.6104,-3.03752,0.872017,0.993214,0.996143,1.02619,0.913532,0.286334,0.00235848,212.416,1.29572,5.27548,0.567719,1
351,99887.1,54589.4,-20439.8,1.17484,1.03157,0.991569,0.982823,0.993989,0.18046,0.000690845,5.98823,0.76304,0.564645,0.932061,1
352,86558.1,-52918.5,8483.97,1.192,0.965873,0.997259,1.00377,1.17795,-0.0575763,0.00107104,3.44072,0.731657,0.521689,0.887472,1
353,85663.5,-42940.4,-16249.8,1.03108,0.986797,0.996616,1.02636,1.19338,0.0646036,-0.00189495,2.17897,0.756426,0.517861,0.932461,1
354,80180.6,-76692.4,17114.4,0.975347,0.988972,1.00768,0.969605,1.16529,-0.152965,0.000493274,4.86444,0.781373,0.551682,0.938596,1
355,77253.2,-76096.5,15774.3,0.867582,0.98246,1.01506,1.00843,0.972418,-0.158559,0.000865728,5.07792,0.814665,0.548964,0.98961,1
356,87974.1,26660.7,-13285.6,0.821521,0.988207,0.991984,1.03146,0.822874,0.155743,0.000161023,4.46466,0.829568,0.550056,1.03924,1
357,90683.1,-103567,11499.5,1.23724,1.02618,0.991088,1.02485,0.987107,-0.12963,-0.000218243,3.57219,0.785111,0.543219,0.972539,1
358,89039.7,64198.6,-18743.9,1.06459,1.01295,0.996467,1.00151,0.867176,0.223735,0.000929686,8.57132,0.850051,0.619918,1.02558,1
359,17.2939,-32.3133,-3.75331,1.34436,0.998517,1.00051,0.96501,0.535276,0.363983,-0.00130461,104.311,1.08623,3.04597,0.731811,1
360,83707.4,-90554.4,22758,1.0274,0.982318,0.99802,1.04276,1.13791,-0.15261,-0.000862165,6.24974,0.823453,0.573672,1.00237,1
361,81642.7,-79063.6,15738.5,1.07674,1.00167,1.02373,0.995412,1.12165,-0.146331,-0.000880603,5.70274,0.762049,0.582143,0.887852,1
362,44641.7,-113299,9396.01,1.22761,0.985166,1.01476,1.02913,1.09465,-0.380967,-0.000133621,29.5046,0.987219,0.943563,1.0025,1
363,100273,38854.7,-6228.47,0.689312,1.05731,1.00681,1.02543,0.817986,0.09705,0.000492153,5.44828,0.73247,0.55417,0.884516,1
364,83629.3,25072,-15079.2,1.13435,1.01014,1.00528,0.994345,0.914182,0.174241,8.14025e-05,3.41594,0.748675,0.525747,0.90723,1
365,97965.4,-10042.6,-11990.6,1.05604,1.02498,1.00155,1.00937,1.10741,0.0660673,-0.000203223,3.37043,0.841318,0.517037,1.1123,1
366,81255.3,54861.2,-18605.7,1.31468,1.00362,1.01224,1.0102,1.17762,0.227695,-0.00147838,6.2155,0.876654,0.596252,1.07156,1
367,93794.6,33958.3,-21639.5,0.819131,1.01919,1.00424,0.998523,0.770614,0.20249,-5.84472e-05,4.50396,0.828999,0.54919,1.05292,1
368,96468.5,-26247.7,-11113.6,1.0124,1.02271,0.985407,1.03584,1.23913,0.0341761,-0.000165574,2.75868,0.727289,0.524492,0.894838,1
369,90352.4,35461.7,-10691.8,0.981898,1.00998,0.999298,1.02379,0.735756,0.133983,-0.000763092,8.213,0.79939,0.591024,0.959951,1
370,82999.7,-89684.9,11107.8,0.679377,0.978934,1.01146,1.00311,1.29215,-0.0579261,-0.00224118,5.40585,0.814055,0.563851,0.991778,1
371,93541.3,-42053,-7140.64,0.88057,0.983921,0.9951,1.0531,0.892569,0.0638902,-0.00117918,3.1572,0.781392,0.532903,0.980372,1
372,90683.7,-53324.8,-2182.51,0.950923,1.00382,0.973111,0.989281,1.25148,-0.023556,-5.98571e-05,3.16796,0.864784,0.525753,1.1269,1
373,72548.6,35088.5,-6698.82,0.951936,0.962439,1.01566,0.958025,1.27969,0.0580796,0.000857518,6.17259,0.826638,0.58439,0.976124,1
374,76545.8,-66963.8,5674.95,0.93687,0.955554,1.00655,1.00029,0.609286,-0.0997451,-0.00131939,4.04382,0.801024,0.534885,0.974585,1
375,93659.5,37872.9,-16705.5,1.42002,1.0033,0.99901,1.04089,0.399207,0.178238,0.000837943,5.29308,0.761189,0.574842,0.910246,1
376,91651.1,-55484.5,-2349.46,1.05866,1.02118,1.00042,1.00032,1.07372,0.0196411,-0.000459247,3.31181,0.786575,0.530133,0.987329,1
377,95448.3,-2271.73,-9205.33,1.28918,1.03183,1.01431,1.02352,1.34273,0.136502,-0.00128372,2.90116,0.797497,0.530413,1.01532,1
378,39.7375,-69.1134,-5.34061,1.10046,0.998864,1.00181,1.00142,0.965067,-0.0880411,0.00225371,11.9111,0.411922,0.924582,0.316714,1
379,99436.4,60743,-27255.9,0.888045,1.0356,1.00337,0.997062,0.658326,0.228273,0.000248184,6.39737,0.816539,0.565817,1.02918,1
380,83914.1,-104017,20064.3,1.20494,1.00136,0.980949,0.912348,0.812702,-0.125689,-0.00168011,10.5317,0.886154,0.632152,1.06821,1
381,79898.3,-87629.1,9358.9,0.801591,0.979621,0.989063,0.945556,0.478771,-0.0534734,-0.00108056,4.15866,0.731667,0.542674,0.860455,1
382,83051.6,-77978.6,16497.1,0.971985,0.979691,1.0063,1.02434,0.906953,-0.0488526,-0.000577711,3.45473,0.795948,0.543095,0.975571,1
383,67732.9,-119561,29360.6,0.919698,0.974431,1.00206,0.999912,0.466109,-0.253674,-0.0011537,9.31734,0.827254,0.628598,0.941326,1
384,88114.3,-7221.62,-570.063,0.946695,1.00599,1.01017,1.03073,0.954271,0.034954,9.53143e-05,3.31488,0.802993,0.523942,1.01309,1
385,82975.2,-116765,15700.5,0.460875,1.01203,0.984517,1.04332,1.00236,-0.274701,0.000888398,7.18698,0.834848,0.600194,1.00106,1
386,82496.3,-19903.6,16954.3,1.04381,0.987696,0.995218,1.03295,1.00054,0.0173138,0.000334057,4.47805,0.845057,0.550047,1.05332,1
387,87675.1,-688.734,8209.99,0.596264,1.00142,0.991454,1.03283,0.975923,0.0159118,0.00104162,5.43513,0.751968,0.574414,0.884657,1
388,19.3279,36.1842,8.99204,0.884449,1.03127,0.978419,0.956441,1.0295,-0.141163,-0.00168809,74.9282,0.991624,2.27706,0.760245,1
389,88820.9,36703,-8321.62,0.977874,1.02675,1.01983,0.979299,1.18533,0.144536,0.000226574,5.43099,0.763987,0.554212,0.922906,1
390,79.6023,-87.0255,-61.0783,0.726403,0.981279,1.00481,1.00883,1.10865,-0.011372,0.000611625,6.94253,0.456826,0.702694,0.409239,1
391,83217.4,86506.4,-31646.9,0.930198,1.008,0.987465,0.986703,1.291,0.275022,0.000261098,10.5613,0.862788,0.651239,1.01283,1
392,87243.4,22626.2,-9216.57,1.06032,0.99843,0.989445,1.00442,1.02683,0.0541477,0.00192031,5.08439,0.795089,0.560111,0.96964,1
393,19.2602,-33.9274,-5.98756,1.09678,0.993217,0.992216,0.992566,0.944555,0.0439071,0.00177918,41.8619,1.25288,1.66137,1.1786,1
394,83425.9,101156,-29487.7,1.05903,1.03234,1.00325,0.938332,1.08673,0.287667,0.000920439,15.1814,0.881799,0.715432,0.999824,1
395,77106.6,35876.4,-14012.8,0.874088,0.969421,1.00399,0.975233,0.935382,0.0916491,0.000475497,7.11666,0.805175,0.607453,0.935293,1
396,27.1362,-49.46,9.61373,1.07952,1.00135,1.00793,1.00566,0.769598,0.0395366,-0.000215798,16.4237,1.30931,1.02126,1.36256,1
397,71525.9,-53784.5,-9144.58,1.07172,1.01287,0.988778,0.96766,0.877085,-0.00306793,3.66515e-06,3.48348,0.745131,0.534715,0.872162,1
398,90953.7,28679.1,-11418.5,0.715235,1.02707,0.99715,1.04307,1.34553,0.0510676,0.000485623,4.04715,0.732042,0.55114,0.872637,1
399,21.8782,-36.0915,-2.75719,0.895295,0.983988,0.995836,1.03807,1.2831,0.0448194,0.00107052,33.6763,0.531163,1.33003,0.385217,1
400,95183,26531,-15734.7,0.807686,1.01659,1.01039,0.998221,1.17645,0.144356,-0.000795681,4.26629,0.824403,0.543979,1.05315,1
401,75862.7,-20756.5,5375.84,0.775144,0.999603,1.00853,0.973705,1.05525,0.0267362,0.000281341,3.69228,0.763536,0.545589,0.904161,1
402,80899.5,35862.6,-17396.1,1.06911,0.976864,0.997328,0.984706,1.0982,0.119996,8.55262e-05,5.94212,0.796791,0.572049,0.951568,1
403,90563.5,47133,-17411.9,0.944228,1.00284,1.00456,1.03627,1.1965,0.165831,0.000812257,6.37537,0.833508,0.576113,1.03266,1
404,87298.6,44687.9,-6552.78,1.6497,0.981711,0.984528,0.985789,0.886313,0.173993,-0.000845794,5.84031,0.821225,0.56995,1.00881,1
405,91594.6,11151.5,-17737,0.624606,1.00513,0.993744,1.00554,0.379878,0.131513,-0.000997578,3.56922,0.760223,0.529008,0.941564,1
406,70844,74385.8,-19198,1.11822,0.981595,0.991776,0.994767,0.686507,0.209717,0.00135795,17.3166,0.905558,0.760661,0.992349,1
407,79828.1,-56656.9,21913.9,1.16214,0.972557,1.00364,1.00571,1.25338,-0.0797189,3.17926e-05,3.09705,0.837722,0.520275,1.05383,1
408,84402.1,-63890.3,2506.91,0.701976,1.00385,0.995697,1.00122,1.16297,-0.0686216,-8.35018e-05,3.3686,0.878221,0.543823,1.11873,1
409,87239.1,35853,-3044.82,0.996086,0.996277,0.985282,1.01308,1.15795,0.0637355,0.000942516,7.42902,0.822401,0.592824,0.993429,1
410,18.7132,35.1786,5.944,0.941231,1.01166,1.02481,0.969278,0.443842,-0.134167,-0.000523253,41.9461,1.13355,1.39866,1.08534,1
411,88152.8,30666.8,-19814.5,1.06313,0.982393,1.01519,0.972983,1.24082,0.169344,-0.000166093,4.52137,0.800271,0.551079,0.988133,1
412,58939.3,-28853.1,-82.0377,1.08064,0.986973,0.998237,1.04786,1.10004,0.0335103,-0.00176597,4.08607,0.883014,0.567534,1.03884,1
413,99564,-61780.1,5372.44,1.08721,1.03841,1.00747,0.971739,0.974319,-0.0835363,0.000372127,2.87964,0.70834,0.508836,0.878018,1
414,83741.4,19193.6,-3309.6,1.0453,0.994237,1.0036,0.995519,1.15793,0.186938,-6.99716e-05,6.20536,0.808012,0.564613,0.981816,1
415,88641.5,-26309.3,17677.8,0.726257,0.974333,1.00024,0.986853,1.00421,-0.0681756,0.000636414,3.66891,0.861937,0.54347,1.10356,1
416,100603,36299.7,-14396.7,1.19474,1.03868,0.995643,1.00167,0.824707,0.16861,-0.000520111,5.26778,0.713849,0.549818,0.854572,1
417,91180,-33030.6,-3666.1,0.901574,0.980398,0.997784,1.01304,0.843946,0.0527869,-0.00124959,3.83579,0.842896,0.535062,1.08343,1
418,81689.1,21870.7,-3086.4,0.834872,1.00829,1.01411,0.984174,1.14923,-0.0197426,0.00160561,3.51658,0.809594,0.537201,0.999287,1
419,83951.5,-2440.54,11904.9,1.36801,0.992385,0.998496,0.958078,1.04866,0.0505421,1.404e-05,3.16157,0.819523,0.524146,1.0311,1
420,91226.1,35424.5,-13504,1.19948,1.00627,1.00153,0.956101,0.983185,0.066038,0.00166,4.94745,0.778792,0.557761,0.950653,1
421,68240.2,-115519,21132.1,1.15692,0.980563,1.02223,1.0046,1.11187,-0.319272,0.000950701,9.36057,0.806882,0.625801,0.911666,1
422,75698.4,19810.7,1632.2,1.03575,0.961932,1.00078,0.954075,1.17102,0.0640335,0.00173897,4.92729,0.785594,0.570974,0.923652,1
423,84956.6,-91672.2,16353.8,0.851429,1.01214,1.01003,1.01738,1.20611,-0.0948125,0.000195879,5.28404,0.844387,0.562631,1.04884,1
424,79780.6,16742.7,3536.91,0.9935,1.0008,0.994166,1.02985,1.20455,-0.00510344,0.00145831,3.9456,0.799182,0.534687,0.978821,1
425,96909.5,-18635.2,-3938.36,0.83293,1.00373,0.998393,0.967338,1.06205,0.0816043,-0.000583069,3.17695,0.780286,0.518931,0.997248,1
426,87068.1,-63819,18264.5,1.45364,0.991284,0.997575,0.979884,1.11915,-0.21744,0.000376849,6.15983,0.825012,0.570983,1.01384,1
427,89328.2,-45230.7,-5929.63,1.08649,0.973079,0.998761,1.00716,0.963481,-0.00872648,-0.000245905,2.19415,0.728692,0.517041,0.890447,1
428,85747.4,21573.9,6193.15,1.02411,0.990522,0.97961,0.999781,0.907556,0.0473228,0.000636395,3.6156,0.781877,0.541104,0.957809,1
429,85824.3,-30305.6,15567.9,0.919025,0.979268,0.998985,1.00159,1.33309,-0.00498363,0.000188463,2.85012,0.799913,0.533777,0.994812,1
430,47157.1,-131553,23509.4,1.19387,0.971357,0.984555,1.03687,0.870992,-0.414013,9.43677e-05,24.7634,0.958894,0.89292,0.983685,1
431,91646.9,43740.8,-8398.98,1.07682,1.03209,1.00804,0.988658,1.19338,0.158355,0.00061136,5.54261,0.840457,0.577892,1.04589,1
432,87529.1,-89934.8,19322.3,0.958395,0.983365,0.994348,1.00185,1.25581,-0.118106,-0.00111528,4.91289,0.801226,0.55793,0.983602,1
433,88999,-42015.4,5754.16,0.934416,0.981926,1.01095,0.978302,1.10834,-0.0142348,-0.000412417,3.19869,0.715212,0.530103,0.856249,1
434,92659.2,-67933.3,4715.46,0.815006,0.997053,0.989546,0.976574,1.05798,-0.0391432,-0.000650583,3.47794,0.718612,0.546962,0.854689,1
435,96184.8,-101222,21870.4,0.84318,1.01662,0.981654,0.960694,1.04679,-0.212938,0.0013685,5.9319,0.781962,0.570443,0.956129,1
436,85555.3,-134851,29955.1,1.02414,1.04045,1.00941,0.984907,0.590398,-0.271176,0.000281891,9.56598,0.790557,0.628497,0.909308,1
437,92782.6,-16465.3,-405.017,1.13757,1.01605,0.981539,0.990641,0.862469,-0.00465261,0.000161129,2.6232,0.766305,0.528607,0.954579,1
438,86540.2,16511.5,-1030.15,1.04198,0.979137,1.00341,1.0167,1.04319,0.0321304,0.000636356,3.66772,0.735303,0.542276,0.878284,1
439,89314,33751.4,-16100.6,1.15283,0.996008,1.02312,1.01893,0.952653,0.111427,0.000399683,5.45887,0.779733,0.568441,0.941128,1
440,87672.1,30058,-8911.97,1.10295,0.998376,1.00706,1.0232,0.952343,0.0584195,0.0022104,4.39683,0.729264,0.54641,0.866022,1
441,85618.1,-104082,-7177.58,1.23397,1.0258,1.00868,0.989824,0.90528,-0.0337676,-0.00187672,4.26506,0.752555,0.540101,0.908112,1
442,94747,21451.4,-14743.1,1.03921,1.02085,0.995702,0.96294,1.00376,0.0551538,0.000479478,4.99475,0.785438,0.560151,0.967384,1
443,89143.6,-4500.75,7050.39,1.50281,1.00903,1.00362,0.991874,0.934757,-0.0815549,0.00153249,4.46064,0.84207,0.543358,1.06984,1
444,95418,33869.3,-19402.4,1.20012,1.00709,0.993592,1.00119,0.961086,0.225647,-0.000165211,10.3987,0.839287,0.655942,0.988898,1
445,79448.8,20154.8,9876.45,1.19676,0.997219,1.0129,1.01807,1.20147,0.116114,-0.000798558,2.44507,0.746561,0.524427,0.897079,1
446,60656.5,-152630,28266.5,0.860366,1.03441,1.01522,1.02173,0.888243,-0.272116,-0.00061337,11.8978,0.845891,0.657117,0.942121,1
447,56022.1,3697.88,17661.4,0.771658,1.00857,0.991793,0.932333,0.969549,-0.0882628,0.0010768,5.78591,0.860399,0.582223,0.991087,1
448,92627.1,-23859.3,-14581.7,1.13521,1.00776,1.00048,1.02213,0.862391,-0.0274738,0.000854844,3.38585,0.779137,0.531134,0.975175,1
449,22.0386,-42.5863,-1.49093,1.20828,0.99896,1.0093,1.01905,0.624995,-0.0408367,0.00172933,20.0862,0.838941,1.13967,0.784523,1
450,10.7373,27.6271,10.2218,0.855314,0.998573,1.0082,0.991113,0.803465,-0.362452,0.000294556,194.945,1.38254,4.68373,0.778663,1
451,80568.1,-75202.3,-10656.4,1.47641,0.982758,0.98566,1.02782,1.1146,-0.0578124,-0.000464323,5.075,0.86212,0.557799,1.07154,1
452,94734.2,21715.6,-15774.1,1.27939,1.00034,0.99603,0.985601,0.941011,0.11287,-0.000519094,5.64697,0.802153,0.568593,0.991168,1
453,81905.5,-58318.3,18110.3,0.763947,0.973649,0.989052,1.02973,1.30489,-0.121393,0.000799331,3.88369,0.698854,0.534728,0.813638,1
454,92010.9,-90448.4,11103.5,1.01379,1.02591,1.00586,1.01357,1.15543,-0.149759,0.000905126,4.12938,0.761753,0.535673,0.939901,1
455,100348,-46344,11639,1.07288,1.01671,0.991548,0.990278,0.84247,-0.0106327,0.000460564,2.53087,0.773508,0.530175,0.982372,1
456,14.3986,29.9926,2.78459,0.876633,1.04176,1.01327,0.98658,0.617591,-0.0923303,6.63023e-05,65.6267,1.19372,2.25778,1.00371,1
457,80590.9,-96469.9,14820.7,0.966177,0.969373,0.994646,1.03592,1.0006,-0.204133,2.34458e-06,6.21482,0.771212,0.583926,0.900253,1
458,89657.1,31686.1,-15891.1,0.934261,1.03577,1.01181,1.00044,1.09956,0.127696,0.000551262,5.19866,0.787605,0.565163,0.958264,1
459,24.2159,-37.2768,5.8673,0.801476,1.0087,1.00064,0.958902,0.814476,0.155108,-3.25903e-05,40.0315,0.62668,1.46261,0.473299,1
460,93103,30232.2,-8294.58,0.73353,0.998757,0.99952,0.951777,0.970632,0.123403,-4.63706e-05,6.79596,0.801134,0.599075,0.961755,1
461,82410.8,40893.6,-18075,1.25463,0.994921,0.998379,0.996419,0.954366,0.159531,-0.000338298,7.0669,0.737819,0.594436,0.838876,1
462,92140.5,-2649.86,4723.45,0.919151,0.996518,0.991786,1.06505,0.716194,-0.0211806,0.0015129,4.21086,0.796408,0.551937,0.989488,1
463,93459.6,-10887.6,-19250,0.972749,1.00469,0.981595,1.02625,1.132,0.0822326,-0.00104306,3.32356,0.827339,0.529063,1.06556,1
464,87724.7,33286.4,-5333.81,1.27032,0.981086,0.991365,0.945001,1.06284,0.122449,0.000615841,6.90499,0.827155,0.579756,1.01246,1
465,77232.8,-38654.7,-1774.97,0.971766,0.979072,1.00382,0.961709,1.06337,0.000438617,-0.000669516,2.83013,0.822715,0.520488,1.02205,1
466,80223.6,-37157.7,-307.893,1.16954,1.00429,0.997421,1.0278,0.929114,-0.0056018,0.000493952,2.15434,0.754956,0.524771,0.91198,1
467,91626.6,19056.4,-7555.33,0.891422,1.01099,0.996311,0.973023,1.09532,0.0717361,0.000186769,4.93353,0.759638,0.556867,0.918005,1
468,85477.6,-50213.3,7287.02,1.19619,0.994739,1.00047,1.05664,1.14289,-0.0984782,0.00101791,4.04237,0.811864,0.546663,1.00552,1
469,84194.6,22574.9,-20818.2,1.01051,0.996312,0.995309,1.06556,1.02676,0.110697,-0.000369052,5.90707,0.800355,0.560224,0.972666,1
470,95456.5,-44959.8,7203.92,0.937876,0.997206,0.986236,0.992134,1.18241,-0.0317081,0.000536263,2.90816,0.771671,0.538019,0.962347,1
471,86948,-44809.4,3609.93,0.975642,0.990635,0.98779,0.974145,1.3025,-0.0758612,0.00115964,2.25405,0.775634,0.511412,0.9717,1
472,23.067,-39.0389,-3.17146,1.23097,1.00354,1.00036,1.04186,0.938342,-0.0574379,0.00200564,17.1874,0.805136,1.06559,0.756453,1
473,85824.8,36039.6,-21018.1,0.723335,0.98918,1.00809,1.01734,0.946044,0.203646,-0.00117166,8.59378,0.863161,0.618185,1.04257,1
474,88748.5,-64228.1,15724.3,0.656595,1.0007,0.98531,1.01508,1.20094,-0.120509,0.00109683,3.98431,0.789287,0.525171,0.989303,1
475,90437.2,30537.7,14921,0.909713,0.992452,0.999291,1.03195,0.904885,-0.0786522,0.00351443,4.07294,0.748221,0.543091,0.90674,1
476,83471.4,-99194,1268.22,0.909596,1.01689,0.993627,0.960876,0.92537,-0.0182932,-0.00203426,5.3992,0.764027,0.548434,0.917348,1
477,95712,-36819.2,191.689,0.956746,1.01387,1.00745,0.969348,0.922445,-0.0733245,0.000759164,3.47346,0.773234,0.54417,0.961011,1
478,13.9,33.1507,9.12426,0.773311,0.98463,0.992939,0.972857,0.932855,-0.303868,-0.00081437,150.845,1.41157,3.50003,1.04029,1
479,78291.3,-37371.4,6448.06,0.679556,0.978911,1.01607,0.97602,1.12044,-0.020216,-0.000767675,3.69121,0.794907,0.534292,0.969122,1
480,101312,41329,-15700.3,0.924541,1.05143,1.01336,1.00785,1.20127,0.128581,0.00129645,7.29074,0.912125,0.589622,1.19065,1
481,90277,8291.01,-15754.3,1.00418,0.970011,0.998182,0.987553,1.09769,0.118965,-0.00062512,2.90596,0.753883,0.530039,0.926764,1
482,78402.9,-89726.9,9717.43,1.07056,0.977172,0.994221,0.94701,0.753558,-0.0785875,-0.000897415,4.86969,0.798466,0.541043,0.970419,1
483,80966.8,-81531.7,9760.27,0.947171,0.976393,0.998486,1.00661,1.13951,-0.0656693,-0.000300779,4.84719,0.781984,0.555343,0.938735,1
484,94980.3,-28532.5,8000.06,0.972191,0.995292,0.999033,0.991679,1.0899,-0.13553,0.00180562,2.93374,0.754645,0.528327,0.939057,1
485,88868.8,-65334.8,30086.3,1.25075,0.995201,0.996163,1.04799,1.22113,-0.120944,0.000669427,4.95258,0.815158,0.552402,1.01474,1
486,65324.5,-51526.4,2516.48,0.935751,1.02269,0.994618,0.991153,1.16524,-0.0421422,-4.74118e-05,4.66903,0.842486,0.55558,1.00091,1
487,81455.4,-79201.2,25148.7,0.949529,0.993364,1.02259,1.02678,0.978229,-0.0863282,-0.000858189,5.27859,0.786899,0.558467,0.945972,1
488,92866.7,-49928.3,-8145.3,1.22477,1.02621,0.998521,1.03648,0.774479,-0.0136165,-8.47569e-05,3.14689,0.757645,0.526479,0.940883,1
489,87845.6,21301.8,-18743.5,1.01555,0.962437,1.00193,1.00442,0.747473,0.192988,-0.000103764,4.57393,0.835409,0.558154,1.04379,1
490,73270,-37823.1,-14367.9,1.03675,1.03429,0.988436,1.02531,0.534085,-0.0326064,-0.000604434,3.23585,0.811972,0.522969,0.991598,1
491,17.4497,40.2971,19.7581,0.675352,0.987417,0.993787,1.01907,1.22844,-0.150454,-0.0017379,68.3287,0.994069,1.94643,0.820912,1
492,97428.4,28804,-11794.5,0.822161,1.01977,1.01051,0.996821,1.05377,0.183611,-0.000972548,5.12367,0.834335,0.555598,1.06644,1
493,85083,29565.2,-18125.1,1.13591,0.981033,1.00692,0.994624,1.0172,0.153646,0.000610391,5.22038,0.792747,0.566641,0.957188,1
494,93.6203,13.9196,223.416,0.648217,0.988405,1.0032,1.02477,0.764083,0.015204,-0.000175389,22.9583,0.892631,1.18881,0.834502,1
495,87801.8,-37096.2,13961.6,0.898968,0.983926,0.992818,1.07494,0.767308,-0.160755,0.00184596,3.72529,0.822247,0.529119,1.04215,1
496,86746,-14371.6,6329.06,1.09,0.998634,1.00832,1.04283,0.944583,-0.0710372,0.00207843,4.14385,0.782289,0.526456,0.97229,1
497,82308.4,-84532,8614.97,0.903218,0.986021,0.988738,0.927424,0.969856,-0.0561432,-0.0012001,4.44342,0.828132,0.556148,1.01961,1
498,85057.4,-90129.5,3494.74,0.967755,1.0033,0.999772,1.04132,0.718104,-0.0666972,-0.00160947,5.0718,0.845439,0.54467,1.0639,1
499,84006.5,-98772.6,-2720.85,0.882182,1.0032,1.00516,1.03843,0.831812,-0.0829743,-0.000656737,3.94391,0.769739,0.544525,0.931339,1
500,84555.3,-97927.8,16813.5,1.08251,0.991621,0.988407,1.02149,0.901762,-0.127406,-0.000376803,6.20074,0.798896,0.578443,0.9582,1
501,98573.9,-45029,698.432,1.20712,1.01176,0.986326,0.997942,0.892823,0.0622638,-0.000935938,1.99704,0.767588,0.510978,0.98414,1
502,73678.8,46611.3,-12255,1.16554,0.981417,1.00583,1.01042,0.920654,0.108945,0.000675534,7.79154,0.780946,0.605189,0.89134,1
503,81088.4,-19287.5,-12340.9,0.908327,0.979822,0.983719,0.985119,1.19228,0.0795124,-0.000409344,4.9795,0.786577,0.563412,0.941697,1
504,99041.4,25557.4,9951.03,0.706045,1.00594,0.989339,0.946227,0.851763,-0.0377799,0.00245246,3.64197,0.817571,0.52734,1.06268,1
505,84896.3,-97328.6,15939.2,1.0486,0.995084,0.997466,0.97845,1.42635,-0.195882,0.0005433,6.82242,0.817901,0.596308,0.979028,1
506,83691.9,-100092,22583,0.441302,1.02631,1.01381,1.03016,1.19649,-0.086424,-0.000517361,3.35637,0.740737,0.530768,0.89096,1
507,85427.1,97754.1,-22138.7,1.12862,1.00369,0.986152,0.970588,1.08158,0.229891,0.00146897,19.0096,0.887265,0.815827,0.93931,1
508,78172.5,-113871,14943.1,0.980173,0.993814,0.98166,0.996251,0.944756,-0.179966,-0.00103698,8.09252,0.828025,0.594661,0.983505,1
509,90115.9,-41898.5,2531.94,1.0973,1.01292,1.00738,1.01807,1.2936,-0.0720726,0.000420671,4.73287,0.863913,0.544919,1.11014,1
510,76749.6,-56750.8,-8289.02,0.881894,1.02572,1.00797,1.05552,1.42062,0.0049005,-0.00131478,2.95712,0.783055,0.529432,0.94852,1
511,90579.9,23681.7,-13535.6,1.43064,1.00908,1.00787,1.04887,1.08337,0.187366,-0.00137017,4.20118,0.755163,0.547624,0.915825,1
512,100336,31214.7,8205.62,0.978453,1.01912,0.970232,1.03176,0.812607,0.0949395,0.000264267,5.39314,0.773422,0.576879,0.941667,1
513,104863,13579.2,-5775.25,1.23366,1.04859,1.00284,0.979641,1.16843,0.108583,-0.000618052,3.54982,0.84403,0.565307,1.09352,1
514,88241.8,7225.95,11425.4,0.767057,1.00911,1.00991,0.983843,0.870566,0.00787857,0.000247008,3.2712,0.75982,0.528859,0.933892,1
515,83990.8,-58552.1,-7073.11,0.704621,1.00057,1.01217,0.996886,0.725417,-0.00353512,-1.33925e-05,3.60488,0.880579,0.526774,1.13453,1
516,82039.4,-80388.7,10062.2,0.780218,0.9818,1.00115,1.01594,0.852739,-0.176538,-0.000153575,5.14821,0.87504,0.548873,1.10395,1
517,86052.8,-94538.6,17276.1,0.67586,1.00165,1.00432,1.04489,0.89224,-0.0997646,-9.1816e-05,5.18122,0.788442,0.557243,0.958862,1
518,90930.2,-110355,18629.1,1.30989,1.02281,1.00971,1.02444,0.973004,-0.250411,0.00129495,4.84434,0.821666,0.566864,1.02026,1
519,22.8088,41.7973,7.86374,1.2038,1.00553,1.01677,1.01782,1.10119,0.0154475,-0.00175047,31.5406,0.644545,1.34501,0.517187,1
520,86210.7,-24634.5,-7119.14,1.14073,0.983266,1.01653,1.01748,0.648754,0.122677,-0.00177378,2.38844,0.773209,0.514534,0.963819,1
521,90061.5,-96271.8,16057.1,0.729371,1.01942,1.00372,1.00406,0.896903,-0.175853,2.48766e-05,6.03767,0.806628,0.566006,0.991973,1
522,89500.3,-92437.8,12567.8,1.14394,1.00862,1.01524,1.01837,1.05511,-0.184457,-0.000336903,4.84256,0.748884,0.55041,0.900981,1
523,89336.7,47639.2,-16541.9,1.27612,0.980966,0.984517,1.01258,1.13184,0.159276,0.00127009,8.3872,0.778679,0.600678,0.914488,1
524,94550.4,-4565.02,-15480.5,1.17895,1.03277,1.00853,1.03056,0.948103,0.0473693,-0.000157556,4.39855,0.819734,0.54049,1.04503,1
525,89041.4,-95993.7,8729.28,0.914014,1.00239,0.996435,0.990752,0.870656,-0.10612,-0.000129834,4.74845,0.782012,0.551396,0.957983,1
526,82814.6,29077.6,-9386.47,0.74636,0.98866,1.01394,1.03228,0.914476,0.137396,0.000463494,5.87526,0.783498,0.557589,0.943278,1
527,80060.6,-66590.2,25062.1,0.899966,1.00038,0.993966,0.986011,1.29384,-0.0921863,0.00056134,3.44541,0.771718,0.5355,0.933027,1
528,28.527,51.0444,-0.775996,0.833317,1.01869,0.999011,0.962161,1.02071,0.00712836,-0.000793949,17.306,1.23639,1.11493,1.25904,1
529,89493.4,-64326.2,6866.93,0.775126,1.01383,1.00412,0.982477,1.1718,-0.0557906,0.000791375,2.65013,0.805056,0.527054,1.01761,1
530,84977.8,-3001.74,2471.32,1.03869,0.999539,1.00528,1.05909,0.838338,0.0127383,0.000554958,3.84206,0.754862,0.525366,0.92172,1
531,85805.1,-25455.1,4985.89,0.768783,0.98773,1.00353,0.971919,0.865189,-0.0472242,0.00122034,2.9396,0.732592,0.526033,0.883941,1
532,82555.5,-82459.7,15583.8,1.1474,0.988765,0.984314,0.976274,1.17386,-0.2103,0.00083291,5.48028,0.819195,0.560514,1.00158,1
533,96006.6,-18968.4,-11638.8,0.834035,1.02111,0.982526,0.993394,0.76504,0.0866598,-0.00129186,3.59221,0.857501,0.53907,1.11802,1
534,88137.2,24226.1,3847.54,0.791316,1.00808,0.99822,0.991388,1.05427,-0.0541156,0.00236087,3.87697,0.894333,0.53577,1.16443,1
535,93229.7,-92484.3,15660.8,1.00778,1.01122,0.984062,0.959463,1.02362,-0.0366869,-0.00121025,4.24612,0.910405,0.537019,1.20816,1
536,86066.6,5743.95,-17193.1,1.30049,1.01155,0.998795,0.988296,0.894666,0.100501,-0.000520107,3.15578,0.687635,0.527738,0.805364,1
537,81303.8,31903.5,-7148.72,1.32166,0.956748,0.999572,1.01042,0.720436,0.1069,0.000211883,5.22562,0.912623,0.55407,1.16134,1
538,65161.1,-128855,38189.8,0.840303,1.03275,1.01259,1.0022,0.918031,-0.373887,0.00111324,13.2836,0.922464,0.694643,1.04779,1
539,84335.7,-83293.3,6470.48,1.005,1.00319,1.00885,1.0085,0.907944,-0.102208,0.000408713,5.39375,0.742499,0.551102,0.880418,1
540,85761.6,-60330.9,9938.3,0.923944,0.99833,1.0041,0.971557,0.91704,0.0114224,-0.00105923,3.51887,0.770608,0.546775,0.935121,1
541,96358.6,-15885.5,-6352.68,0.266424,1.00049,0.993928,1.01596,0.834405,0.14095,-0.00153152,4.3679,0.721585,0.550099,0.862837,1
542,101030,35631.6,-17033.2,0.94282,1.01842,0.985001,0.963921,0.655373,0.15539,0.000891703,6.34176,0.711252,0.570623,0.832533,1
543,57476.8,-55444.3,-28538,1.08635,1.02748,0.999022,1.02869,1.08943,-0.0332195,-0.000974963,10.679,0.805996,0.665645,0.872916,1
544,91969.8,36319.9,-14025.9,1.26113,1.01143,0.990983,0.992401,0.87374,0.106802,-0.000159723,5.39178,0.764344,0.55709,0.927044,1
545,84999.3,-37106.4,9003.84,0.657571,0.989844,1.01345,0.992901,0.951048,-0.0861828,0.000983325,2.97853,0.797119,0.509825,1.00563,1
546,71568.9,-117714,16966.4,0.510168,1.00463,1.00742,1.02797,0.835962,-0.23112,-0.0010011,11.5797,0.873453,0.668232,0.998523,1
547,83834.2,52732,-14251,0.792101,1.01378,1.01105,1.04958,1.15541,0.162623,0.00133944,15.3383,0.810291,0.728221,0.86905,1
548,90937.3,27522,-23552.8,0.954929,0.985005,0.98975,1.04066,1.04775,0.192033,-0.000409963,4.31406,0.805744,0.548306,1.00552,1
549,82485.4,-45484.9,-6809.71,1.36454,0.984188,0.999578,0.966114,1.04529,0.0661033,-0.00176326,4.22116,0.888708,0.53475,1.13852,1
550,87049.3,13644.7,13608.6,0.941761,0.992385,0.990633,1.02224,1.07096,-0.00957283,0.00159615,4.51927,0.773463,0.548225,0.94066,1
551,86632,-23788.8,-539.716,1.42706,0.965182,0.98901,1.04836,1.04329,0.0315598,-0.000196669,3.80978,0.809192,0.532478,1.01438,1
552,88637.6,-38619.3,12224.4,0.920043,0.968939,0.998344,0.999857,1.19404,-0.00355391,1.06965e-05,1.9729,0.737744,0.512862,0.908488,1
553,91897.5,-18517.9,-10215.7,0.939586,1.01351,1.00152,1.00219,0.787592,0.0753294,-0.000746244,3.96288,0.796074,0.537874,0.998482,1
554,95289.9,2587.89,21816,1.37068,1.01928,0.995544,1.00125,1.17516,-0.0151171,0.00134448,3.05157,0.839327,0.537901,1.08498,1
555,56395.5,56026.7,-13044.3,0.657248,0.982912,1.00285,0.949037,1.26658,0.176959,0.00140623,21.6788,0.941468,0.846817,0.986109,1
556,83704.4,-65160.5,14990.7,0.921758,0.967982,1.00074,0.983209,0.8233,-0.153572,0.00142595,4.13193,0.847034,0.546762,1.06193,1
557,97303.9,-42294.7,10225.2,1.06693,1.00639,0.993657,0.993301,1.24702,-0.0114505,0.000154935,3.69842,0.741354,0.528506,0.918659,1
558,94122.5,26694.1,-24609.8,0.81833,1.00259,0.996781,1.00386,1.09607,0.211665,-0.000464576,5.74255,0.860623,0.568918,1.0951,1
559,68147,-115243,21301,1.12892,0.984566,1.00435,1.03235,1.37437,-0.151723,-0.00174346,10.426,0.86427,0.659563,0.982457,1
560,79021.3,38986,-5707.06,1.20414,0.979273,0.979581,1.0004,1.16934,0.0941494,0.000351539,6.66604,0.81361,0.597958,0.958604,1
561,95813.2,30411.2,-17544.3,1.12884,1.01081,1.00621,0.980107,1.12827,0.190864,-0.00109807,4.23267,0.768807,0.54058,0.955726,1
562,78134.5,-73339.4,16284.4,1.04861,1.00308,1.00751,1.03676,1.08355,-0.0629765,-0.000520374,6.45817,0.847288,0.581308,1.02478,1
563,85530.6,43502.6,-22797.6,1.04131,1.00232,1.0099,1.00053,1.04395,0.148157,-0.000528864,5.14728,0.834609,0.570547,1.02786,1
564,94613.6,-4798.16,-7308.67,0.81028,1.00853,0.999776,1.02879,0.777712,0.0956475,-0.000609843,4.67253,0.73955,0.540808,0.900115,1
565,85472.2,34023.8,-16009.5,1.03082,1.00722,1.00474,1.00672,0.930746,0.137811,-0.000680987,4.48341,0.769285,0.562589,0.920579,1
566,101172,27106.7,-8331.84,0.842399,1.00722,0.991161,1.04883,0.981386,0.108935,0.00114447,4.03617,0.800257,0.551938,1.01498,1
567,82225.1,653.246,-20688,1.0276,1.03116,1.01007,1.01266,0.93086,0.0842549,-0.000758185,3.24717,0.763014,0.542282,0.918261,1
568,84988.1,-23223.1,-13244.9,0.947918,0.96695,0.999834,1.07202,1.1105,0.0892521,-0.00101149,3.62531,0.83198,0.518168,1.06005,1
569,92536.3,31813.5,-21638.7,1.06849,1.01678,0.996934,1.01799,1.17169,0.184587,0.000266401,6.98481,0.775656,0.58775,0.923801,1
570,94703.1,-30378.3,1406.69,1.09744,0.997966,1.01295,1.00412,1.40834,0.0101553,0.000217818,2.59262,0.74692,0.519298,0.931598,1
571,17.0617,-30.5116,-3.52888,0.863407,0.968487,1.01615,0.969475,1.05171,0.128872,-0.000225029,35.2324,0.687886,1.48635,0.545002,1
572,91452.2,-24066,11738.9,0.892725,1.01654,0.985434,1.04877,1.16584,-0.0536217,0.00153444,3.69492,0.724948,0.53477,0.873181,1
573,87844,96542.6,-28660.4,0.912044,1.02355,0.991268,0.966106,1.09444,0.254268,0.000646144,10.9643,0.891836,0.658283,1.06695,1
574,65603.9,-139273,30183.8,0.9355,1.0251,0.993243,1.01193,0.98989,-0.25386,-0.00120697,25.1456,0.983208,0.884161,1.0382,1
575,75706.5,-90844.3,26857.9,1.30646,0.974287,1.00415,0.969184,0.924362,-0.206253,0.00160962,5.22303,0.84709,0.553965,1.03655,1
576,85001.6,-57405.9,-22842.7,1.21825,1.0024,0.993387,0.944693,0.880686,0.0268515,-0.00148806,3.9436,0.754077,0.526013,0.919266,1
577,93268.9,-7970.98,-18258.1,0.982486,0.982683,0.999821,0.981534,0.979777,0.0785959,-0.000215868,2.45563,0.80152,0.532538,1.01659,1
578,85265.9,-91472.9,25539.5,1.0829,1.00428,0.977819,1.01191,1.32219,-0.0708301,-0.000929858,4.42074,0.815164,0.539298,1.01579,1
579,86661,34143.7,13039.9,0.932346,1.03226,0.987788,0.992088,1.04506,0.0121711,0.00187816,7.27129,0.775641,0.605579,0.901148,1
580,18.3954,35.3013,-3.39352,1.42644,0.935836,1.00335,1.03567,1.39072,-0.0674368,-0.00127704,42.8364,1.23453,1.27682,1.22684,1
581,82953.9,-15761.3,-5971.64,1.25122,0.986626,1.0023,1.0344,1.30613,-0.0186691,0.00103438,3.49165,0.792853,0.521666,0.985548,1
582,97742,-43878.2,5096.58,0.912861,1.03068,0.999371,1.0017,0.949933,-0.0150745,0.000691615,3.04799,0.773737,0.534281,0.973317,1
583,81374.6,94324.8,-23696.8,0.720505,1.00197,0.997528,1.01884,0.980771,0.266785,0.000587858,11.3038,0.823333,0.675037,0.926286,1
584,93156.2,-84512.6,15304,0.855213,1.02786,0.993519,1.03091,0.969413,-0.112125,-0.00138588,5.42728,0.777322,0.560646,0.949819,1
585,94381.6,-66627.5,-1713.56,0.846313,1.0177,0.997146,0.962875,0.802829,-0.021581,-0.000587765,2.37918,0.761602,0.508618,0.966132,1
586,31.548,69.1031,-17.8624,1.06845,1.00449,1.0167,1.03922,0.7507,0.0212733,-0.000478421,13.6774,0.672358,1.03812,0.604624,1
587,83409.5,39652.8,-10935.3,0.982895,0.990099,1.00276,0.990086,0.891454,0.107677,2.2512e-05,4.21906,0.811265,0.549225,0.997493,1
588,96834.9,35868.8,-13175.3,0.976498,1.01417,0.999823,1.00202,1.28581,0.148072,0.000334781,14.8442,0.896488,0.721258,1.04149,1
589,94508.4,-101979,17850.6,0.408897,1.01424,0.989555,0.95366,1.00292,-0.129341,0.000186532,3.79945,0.797852,0.54898,0.999067,1
590,80804.2,-66235.9,6138.64,0.816831,1.03189,1.00375,1.07053,0.933149,-0.0765772,-0.00138594,4.95317,0.892644,0.54563,1.13172,1
591,40.682,81.8147,16.3608,1.278,1.02031,0.998201,1.05916,0.816839,-0.131697,0.000162488,23.8087,0.922813,1.14034,0.880981,1
592,80889.9,-98177.5,18595.2,1.19301,1.00808,1.00973,1.03353,0.957066,-0.186885,0.000567992,6.45527,0.777003,0.576827,0.915208,1
593,80595.2,-70683,651.33,0.975695,0.989771,1.00948,1.05167,1.1637,-0.0722891,-0.000564905,4.42366,0.787068,0.552623,0.948665,1
594,81732.2,-12389.7,-1514.64,1.28148,0.97652,0.992579,0.952143,1.05724,-0.0331676,0.000869465,2.68046,0.773508,0.532565,0.941192,1
595,104140,26602.1,-19918.8,0.970332,1.01921,0.999949,0.970226,1.14958,0.207096,-0.000509339,4.53061,0.858285,0.578153,1.10757,1
596,87279.2,66357.3,-28943.3,0.747017,1.01482,1.00433,0.961582,1.15117,0.287009,-0.000576728,9.58202,0.823784,0.630913,0.967355,1
597,86644.2,-93681.1,20480.5,0.995463,0.988201,0.985493,0.977797,1.12711,-0.323677,0.00147701,9.66361,0.831493,0.626128,0.983657,1
598,96700.6,-27478,-5764.26,0.933511,1.00967,1.01381,0.972737,1.03903,-0.0769554,0.00103184,2.79914,0.81607,0.519946,1.06124,1
599,92749.9,-15373.6,-7491.12,1.29106,1.00729,1.00762,0.970944,1.21188,-0.0266799,0.000824954,3.63314,0.733098,0.546487,0.880976,1
600,82244.9,-114995,16132.1,0.847362,1.00206,0.996921,1.00059,0.573184,-0.150844,-0.00143968,7.09176,0.869213,0.585288,1.06886,1
601,83117.6,74431,-24657.1,0.996926,0.991663,1.0065,0.979956,0.878635,0.232102,0.000339756,14.188,0.87582,0.704264,0.997463,1
602,13.8125,-27.315,2.57668,0.757954,1.00675,1.01726,1.01294,1.10214,0.00019334,0.0015848,61.9791,1.48268,1.96936,1.39577,1
603,93165.9,-43476.9,16847.4,0.932227,0.977275,0.996508,0.996048,0.889727,-0.046404,0.000369727,3.24167,0.768753,0.52316,0.964908,1
604,16.4985,31.2876,-1.04955,1.20021,0.969745,0.989655,1.03323,0.975167,-0.108131,-0.000676457,53.8349,1.43287,1.77726,1.36853,1
605,81065.8,-20017.3,10524.3,1.0094,0.985637,1.02007,1.00512,0.99378,-0.0257318,0.000989436,3.62246,0.877196,0.531404,1.1166,1
606,73270,138939,-25744.7,0.98786,1.00318,0.993594,1.01061,0.786978,0.337549,0.00186513,18.7365,0.937557,0.768076,1.04308,1
607,76564.4,12004.5,-6600.88,0.748274,0.978193,1.00228,0.99854,1.10895,0.145084,-0.00139829,2.9491,0.832474,0.537835,1.02574,1
608,53617.5,-169250,31903.5,0.496831,1.02093,0.993795,1.00455,0.962861,-0.407987,0.000336454,24.3919,0.952072,0.869529,0.988591,1
609,95514,-20710.7,14484.3,1.09248,0.99972,0.993386,0.979494,1.19525,-0.0946886,0.00209301,3.00954,0.726351,0.524014,0.891562,1
610,61584.9,-40913,-1203.06,0.783827,0.96183,0.987685,1.02567,0.963089,-0.0957503,0.000312458,6.91652,0.771628,0.607708,0.85581,1
611,92530.5,-55273.6,14738.4,0.988021,0.99787,0.997916,0.988955,0.582292,-0.107861,0.00105265,3.6874,0.748265,0.538644,0.913985,1
612,81461.8,-102117,12413.1,0.81549,0.983282,0.988877,0.959162,1.25928,-0.172433,0.00101968,6.43152,0.848655,0.577853,1.03725,1
613,84670.7,78272.5,-15234.6,0.839515,1.0078,0.989342,1.0094,0.667662,0.273278,0.000298708,11.3043,0.761347,0.657039,0.83666,1
614,98834,-42623,8966.31,0.67108,1.01048,0.987217,0.992509,0.854363,0.0142872,9.5135e-05,3.68394,0.771011,0.534931,0.970513,1
615,22.5246,-38.0428,-11.4761,1.06895,0.985956,0.984239,0.997857,0.786983,0.161241,-7.68087e-05,37.8173,0.761543,1.35296,0.649654,1
616,81201,-98402.2,12923.2,0.979295,0.976852,1.00473,0.97728,0.92627,-0.0929544,-0.0015417,3.86219,0.732368,0.544236,0.863002,1
617,89888.2,57601.2,-19583.5,1.06064,1.00847,0.999357,0.999321,0.847828,0.216174,0.000304916,8.79938,0.749994,0.620153,0.849585,1
618,80777.7,-104529,10242.4,1.4421,1.01144,0.99719,1.00966,1.23389,-0.194893,4.10213e-05,5.88278,0.80429,0.565734,0.968581,1
619,92919.2,-56213.4,-4461.75,0.868511,1.02131,0.996865,1.04578,1.24665,-0.0107902,-6.10259e-05,3.7076,0.800864,0.530615,1.01569,1
620,82644.6,23601.1,-12949.6,0.973296,0.954863,0.997312,1.01522,0.777278,0.166244,0.000823803,7.93814,0.837001,0.613533,0.99454,1
621,85547,18670.7,-20036.4,0.908696,0.98933,1.01324,1.02254,1.10215,0.137138,-0.000814282,6.05661,0.788239,0.564229,0.951957,1
622,87144.9,-83295.9,16149.7,0.860471,0.990122,0.989486,0.984427,0.668329,-0.15475,0.00120261,5.74327,0.795559,0.547056,0.980864,1
623,94134.5,54954,-17045.7,0.808863,1.01243,0.987959,0.964869,1.08459,0.193754,-0.000918279,6.62938,0.728985,0.572455,0.855063,1
624,91642.7,9469.37,3514.79,0.849929,1.00327,0.989524,1.01576,0.685706,-0.0197829,0.00126437,2.76412,0.797689,0.527931,1.00858,1
625,50736.6,-52714.9,20283.6,1.11431,1.00721,0.999712,0.997673,0.945088,-0.204094,-0.000387603,13.1366,0.90085,0.708333,0.98058,1
626,21.7975,-38.1348,-9.90677,0.858917,0.984265,1.02013,1.0301,1.30186,0.0708897,0.00149275,43.0444,0.614356,1.57167,0.438701,1
627,88390.1,-49370.6,-3003.85,1.12451,1.02097,1.00494,1.03649,1.39193,-0.0468592,0.000328497,4.59511,0.810025,0.547881,1.00772,1
628,46301.2,-126709,34691.4,1.17076,0.998292,0.996122,1.05856,0.817399,-0.39953,0.00036739,24.0784,0.997456,0.851868,1.05088,1
629,86356.3,-17647.7,-3146.76,0.939783,0.97083,1.00263,0.972125,0.911338,-0.0169891,0.001054,9.44163,0.842841,0.643195,0.990249,1
630,88296.4,-77161.9,20149.3,1.02669,1.00644,0.995633,1.00427,0.668383,-0.149243,0.000411419,3.28644,0.805501,0.530456,1.01329,1
631,78386.7,-65648.7,5654.6,1.13015,0.99278,0.984722,1.02381,1.17495,-0.0607573,-3.72168e-05,4.43141,0.767417,0.537621,0.92052,1
632,97080.7,-64943.7,3371.05,0.701414,1.02008,0.997228,0.987166,0.819465,-0.0492225,-0.000389807,4.00024,0.801886,0.55379,1.00812,1
633,82296,-96726.1,11592.5,1.00313,0.985667,0.993941,1.00735,0.706134,-0.068502,-0.00116738,5.11624,0.74703,0.553457,0.883145,1
634,79602.2,-41529.8,962.003,0.942925,1.0034,0.99947,1.00978,1.08608,-0.000845064,-0.000625577,3.09952,0.831902,0.52658,1.03876,1
635,105391,13059.4,-22640.4,1.45263,1.04054,0.986741,1.01099,1.04807,0.180016,1.60979e-05,3.71744,0.878715,0.572784,1.15335,1
636,94207.9,-37874.3,3213.4,0.836157,0.983418,1.00676,0.93637,0.99576,-0.0588985,0.000620194,3.37764,0.758858,0.520805,0.95111,1
637,87158.1,26932.3,-11407.2,0.627486,0.986536,0.996062,0.995706,1.04132,0.104609,0.000936086,11.7441,0.852249,0.691046,0.972058,1
638,78883.3,-89652.8,-19786.5,0.989104,1.00028,1.00452,0.990889,1.2855,0.0117051,-0.00210077,5.02992,0.774926,0.542648,0.931003,1
639,13.0961,-20.9857,-1.72426,1.01853,0.994359,0.991027,1.00053,0.859597,0.226276,0.00230826,179,1.28826,4.43397,0.719762,1
640,78577.3,-41584.6,-63.8721,0.760912,0.973087,0.998935,0.977178,0.596036,-0.0696017,0.000274189,4.02266,0.855765,0.536184,1.07011,1
641,80632.5,34312,-10521.2,0.848751,0.99879,1.01005,1.03532,0.913978,0.200433,-0.000214101,5.74178,0.792861,0.58033,0.939169,1
642,83132.7,-93601.1,3789.04,0.853755,0.993578,1.0053,0.944004,0.705926,-0.077793,-0.000634858,4.02944,0.781259,0.532375,0.958326,1
643,11.8486,25.0761,6.76343,0.982083,0.964087,0.988831,1.00943,1.06399,-0.360183,-0.000840549,196.187,2.07252,5.05216,1.53403,1
644,73130.9,18911.1,-11134.1,0.887676,0.978297,1.02439,1.02739,0.918189,0.0966453,-0.000305495,4.85025,0.77173,0.559447,0.904528,1
645,64142.4,-143755,9556.24,1.04198,1.01578,1.00934,1.02273,0.921801,-0.249475,-0.00193032,15.8843,0.922372,0.750641,1.01532,1
646,14.2361,33.0422,10.9953,0.725436,1.0598,1.01677,0.952045,0.96815,-0.215488,-0.00129962,113.935,1.21632,3.12809,0.876448,1
647,98160.2,-53517.2,9728.18,0.913981,1.01177,0.993928,0.96231,0.984131,0.000165352,-5.74771e-05,3.88004,0.821087,0.54373,1.05397,1
648,90993.6,-49736.1,-11407.9,1.13439,1.01424,0.99675,1.05962,0.908698,-0.00295458,-0.000393412,3.94295,0.819568,0.540725,1.03645,1
649,63961.1,-46275.8,-1453.55,1.02809,0.989163,0.994383,0.994473,0.923861,-0.0730196,0.00114621,4.09855,0.822968,0.546303,0.971046,1
650,80435.5,-88383.8,18500,1.11799,1.00008,1.01028,0.960935,1.22187,-0.197301,0.00017788,5.93103,0.813506,0.58234,0.972425,1
651,53970.1,-142161,28264.6,1.30248,1.00772,0.993355,0.977383,1.1026,-0.255015,-0.00131416,18.2027,0.898831,0.782001,0.950773,1
652,34336.9,47145.1,-26034.8,0.770953,1.00622,1.00726,0.960875,1.1867,0.241179,0.00123694,30.6749,0.952909,1.01878,0.939746,1
653,69774.1,112274,-37422.3,0.314858,0.998724,0.997127,0.982991,0.875405,0.438734,-0.000609062,17.283,0.899951,0.75003,0.988532,1
654,72034.8,-125359,20025.9,1.14084,0.992738,1.00788,1.02814,1.30761,-0.220667,-0.00059046,8.00929,0.891059,0.624634,1.05445,1
655,77294.4,-87895.2,8452.71,0.944443,0.974571,1.00371,1.01092,1.07274,-0.0687629,-0.000558425,4.71198,0.803992,0.544045,0.975254,1
656,88160.9,-32114.5,1815.6,0.579603,1.01707,1.00047,0.995645,1.00178,-0.0781099,0.00105896,2.44411,0.721713,0.509526,0.88102,1
657,99653.6,24363.6,-22863.8,0.828091,1.03479,0.987107,1.05131,0.707701,0.285207,-0.0013118,4.95803,0.794089,0.553915,0.998218,1
658,84542.6,-64911.2,12134.5,1.02017,0.95788,0.988605,0.977905,0.775351,-0.10434,0.000414478,4.05565,0.810595,0.539914,1.00624,1
659,94684.5,-26399.3,-335.75,0.878948,0.989541,0.980032,0.982373,0.988838,-0.0371007,0.000940479,2.81433,0.780849,0.519758,0.992406,1
660,86799.1,25275.8,-11832.2,0.979769,0.996443,0.998248,0.95261,0.933816,0.100838,0.000484531,4.24039,0.730427,0.545276,0.867626,1
661,40028.1,71254.2,-25662.4,1.13467,0.98595,1.00848,0.98959,0.669329,0.415353,-0.000428582,30.1734,0.945633,0.976844,0.936479,1
662,19.8286,-37.2772,-1.77717,1.2615,1.00617,0.994248,1.00541,1.01288,0.0800941,0.000247155,37.5433,0.83525,1.37626,0.736886,1
663,85832.4,24218.8,-12930.2,0.742186,0.977037,1.00009,1.04848,1.13343,0.163975,-4.61181e-05,6.03107,0.803896,0.573231,0.972922,1
664,92702.5,-566.121,-13649.8,1.01237,0.989577,0.991046,0.994023,1.21725,0.0552369,-0.000464985,3.0683,0.789806,0.525664,0.999109,1
665,84144,-90616.2,24563,0.990334,0.989282,0.992372,0.991865,0.940919,-0.220424,0.00123974,5.8269,0.771007,0.575527,0.911574,1
666,90077.8,25883.6,-20715,0.854401,1.00298,1.00334,0.964197,1.00105,0.137439,-0.000257288,4.33378,0.710515,0.539762,0.841951,1
667,93383.2,-48575.3,14909.6,0.971555,1.01496,1.01132,0.989189,0.998033,-0.020447,-0.000100418,2.56316,0.737915,0.513985,0.916743,1
668,80460.2,33517.6,-16724.2,0.944919,0.989719,0.992215,1.00851,0.439133,0.1485,-0.000624611,5.05574,0.814732,0.563892,0.986074,1
669,84224,-44379.7,6583.94,1.09845,0.963994,1.00484,0.971558,1.28851,-0.111397,0.000737716,2.82686,0.781927,0.518343,0.971934,1
670,82684.2,39427.5,-24207.2,1.36968,0.95982,0.99054,0.96639,0.964904,0.243919,-0.000988254,5.64148,0.837064,0.580825,1.01872,1
671,18.0088,30.7406,2.37541,0.948266,1.02059,0.993255,1.00794,0.748165,-0.235206,-2.72234e-05,98.5908,0.654454,2.7,0.284514,1
672,83194.4,-84445.9,21220.8,1.12973,0.98837,1.01344,1.01264,1.06798,-0.198637,0.000547749,4.75976,0.737192,0.557935,0.864853,1
673,69209.8,108918,-33118.1,0.826696,0.997301,1.00017,0.996885,0.784976,0.350198,0.0001045,16.3778,0.857703,0.75552,0.917826,1
674,16.5306,41.8784,17.1456,1.14637,1.02886,0.997296,0.970591,1.07749,-0.110197,0.000371474,38.6207,0.620325,1.5424,0.450233,1
675,94974,-103468,15651.6,0.779907,1.02832,0.990857,1.0663,0.983027,-0.160923,0.000179759,5.3515,0.787386,0.566961,0.966512,1
676,64706.5,54996.2,-43450.1,1.24712,1.00033,0.985386,0.991036,0.806641,0.393562,-0.00185435,16.0155,0.820873,0.774636,0.846275,1
677,92691.1,35044.1,-13567.8,1.36335,1.02557,1.0042,0.982165,0.980532,0.155441,-0.000880255,3.96932,0.765628,0.535635,0.947871,1
678,84712.4,-75624.5,24062,1.17507,1.02291,1.01053,0.992344,1.04767,-0.186389,-0.000195906,6.82777,0.698703,0.57005,0.792084,1
679,86984.4,-83028.9,15543.4,0.838174,0.997777,1.00591,0.96319,0.787794,-0.0839297,-0.000640443,4.73278,0.723244,0.536833,0.861932,1
680,84916.5,-40786.2,9389.67,0.925126,0.970583,1.0043,0.992297,1.13476,-0.01795,0.000323061,2.98474,0.751438,0.524869,0.915886,1
681,79255.3,-59743.6,4878.92,1.42738,0.98259,0.981704,1.00766,1.05195,-0.072527,0.000275451,3.8258,0.866443,0.527227,1.09507,1
682,85766,-91180.9,22698.1,0.617736,1.03186,1.00756,1.05193,1.31777,-0.174391,0.00127812,4.65309,0.746563,0.545345,0.893973,1
683,91281.3,-22991.4,6158.53,1.15343,0.982891,0.983935,0.981773,0.611915,-0.0316457,0.000712597,2.81084,0.693975,0.509778,0.837711,1
684,84679.7,-101129,12351.1,0.986204,1.0098,0.992369,1.00129,0.846064,-0.111753,-0.000522937,4.0353,0.778685,0.562658,0.934877,1
685,85491.1,-90272.4,24204.8,0.988869,1.00666,0.991491,1.0143,1.0548,-0.110509,-0.000541456,4.90887,0.818528,0.55021,1.01473,1
686,68488.3,-10079.4,-11548,1.48668,1.00285,1.00051,1.06383,0.718452,0.124779,-0.00122279,2.63023,0.750069,0.51849,0.884333,1
687,83426.9,-99943.5,11307.8,1.34473,1.00545,0.992443,1.02116,1.23094,-0.0202123,-0.00261878,5.3982,0.778651,0.560949,0.93366,1
688,70646,-119321,29578.5,1.01307,0.985488,0.99149,0.985782,0.88047,-0.314059,0.00113681,11.8822,0.867403,0.657546,0.993396,1
689,92238.5,-62058.8,2776.33,1.05009,0.99995,0.996179,1.02424,1.01493,-0.0627658,-7.66904e-05,2.38369,0.761097,0.528179,0.94482,1
690,85253.2,38861,-15015.7,1.12689,0.982012,1.01294,1.06078,0.732738,0.116768,0.00104226,5.7532,0.848606,0.570202,1.05116,1
691,59792.4,-2018.23,-23269.1,1.02888,0.998724,1.01484,1.02406,1.06325,0.0608084,-0.000105795,3.8358,0.774943,0.537594,0.894322,1
692,90266.1,58392.4,-19309.1,1.02217,1.00184,0.991473,0.951858,1.10749,0.230065,6.83585e-05,8.50026,0.809186,0.602237,0.968432,1
693,89145.8,-84370,24314.8,0.929955,0.983876,0.992037,1.02369,0.896866,-0.138971,-0.000529628,5.04922,0.813487,0.554946,1.01085,1
694,90980.6,-78644.3,20847.3,1.10947,0.981635,0.99797,0.986433,0.836602,-0.219249,0.000461113,5.64151,0.850015,0.568759,1.06951,1
695,81512.1,-64893.7,5965.16,0.836936,1.00807,1.03757,1.0575,0.989956,-0.0851277,0.000148224,3.59353,0.764453,0.54442,0.918009,1
696,80627.1,22388.7,-11489,0.97822,1.0048,1.00421,0.978221,0.790338,0.104916,5.65666e-05,3.86657,0.71616,0.536908,0.839542,1
697,82764.5,-94526.8,2597.6,1.00046,1.01937,1.01594,1.0204,1.0706,0.0257067,-0.00295383,3.83376,0.857525,0.540857,1.08123,1
698,99461.9,-15760.7,6913.47,1.323,1.01396,0.998006,1.02322,1.38701,0.00148257,0.00110525,4.25713,0.851645,0.547806,1.10995,1
699,15.082,-29.7201,2.95288,1.28965,0.994992,1.01184,1.07085,1.19232,-0.0418999,0.00235379,45.871,0.688266,1.68376,0.507268,1
700,82168.2,54815.7,-28433.3,0.895256,0.999528,1.01339,0.976611,0.991453,0.256359,-0.000454129,11.0313,0.797289,0.654914,0.897298,1
701,82023.6,-78632.6,-1983.94,0.918884,0.993497,1.01638,0.982991,0.993661,-0.0407695,-0.000897864,5.48143,0.773381,0.562621,0.921245,1
702,81150.4,-95494.6,9127.82,0.970174,1.0027,0.998349,0.967969,1.22584,-0.136755,0.000170261,5.81266,0.778398,0.564326,0.926465,1
703,81241.2,-100018,16799.7,0.73508,0.981666,1.01056,0.978787,0.759091,-0.139382,0.000347569,5.17206,0.763623,0.550514,0.91181,1
704,10.4919,20.6977,5.6141,1.0355,0.975997,1.00009,0.940445,1.02816,-0.288445,-0.00151401,212.388,1.58597,5.29342,0.911894,1
705,81104.1,-96347.4,13551.9,1.30811,0.989517,1.00183,1.03697,1.28985,-0.0665376,-0.001566,5.51414,0.778174,0.548507,0.937311,1
706,88222.7,24919.3,-12085.2,1.15026,1.03491,1.01199,0.921557,0.723627,0.11664,-0.000516938,6.11667,0.788785,0.572384,0.951213,1
707,81686.1,63745,-20867.2,0.982493,1.00225,1.01527,1.03555,1.27971,0.152394,0.00142017,9.91324,0.830884,0.629205,0.971348,1
708,75610.8,-104421,12890.8,0.691326,0.993288,0.994414,1.03454,1.03268,-0.130402,-0.00150327,7.22968,0.776415,0.604594,0.886916,1
709,98500.2,-55675.7,13327.4,0.829622,1.01528,0.97347,1.01433,1.0328,0.0389787,-0.000787297,2.39996,0.763085,0.530124,0.95899,1
710,77121.6,-45678.8,7799.07,1.04687,0.993542,1.016,1.01948,1.16666,-0.0532701,-0.000158905,3.95256,0.742576,0.53077,0.882304,1
711,78600.7,-30863.8,7022.77,0.696734,0.954092,0.999114,0.970279,1.02706,-0.130931,0.0013988,3.17113,0.771178,0.54167,0.925686,1
712,84807,27290.4,17773.8,0.982804,0.987455,0.996687,0.979193,1.23862,-0.0418426,0.00352711,6.0074,0.800304,0.563724,0.970996,1
713,73462.5,5969.44,-33775.4,0.96536,1.01044,0.987811,0.980701,0.994188,0.0422165,0.000358765,2.368,0.728107,0.515204,0.86314,1
714,83029.7,-23678.7,17253.8,1.01266,0.998566,0.989688,1.01617,1.10051,-0.0366512,0.000764132,2.22824,0.717136,0.518845,0.857349,1
715,51576.5,-16671.2,-5000.2,1.12315,1.02817,1.00094,0.993689,0.916088,0.131276,-0.00180735,10.3736,0.858138,0.664923,0.93863,1
716,86776.4,35470.3,-10511.3,1.07398,0.996301,1.01368,0.968207,0.849423,0.125291,-0.000489398,6.84806,0.78111,0.603408,0.912789,1
717,86689.7,34533.9,1059.63,1.24916,1.00845,1.00716,1.03292,1.02458,0.106583,0.000736937,5.58972,0.862706,0.564067,1.08345,1
718,90410.4,-4921.08,1400.83,0.807913,0.995094,0.989254,0.989439,0.819443,0.0627266,-0.0002163,3.89364,0.87249,0.530533,1.13673,1
719,75374.1,-39097,-12754.3,0.917318,1.01191,1.00586,1.00032,0.993073,-0.00898566,-0.000222393,94.3436,1.47229,2.07041,1.08547,1
720,95224.5,34063.1,-18573,1.13504,1.02845,1.01473,0.943638,1.11048,0.0697147,0.00152364,4.62194,0.745195,0.555921,0.898961,1
721,82417.5,-10369.3,-11817.2,0.938509,0.972651,0.996833,1.0596,0.789387,0.0769136,-0.000422769,3.12582,0.744691,0.523367,0.900681,1
722,94711.1,-79894.8,6864.32,0.912281,1.03312,0.97659,0.987384,0.665053,-0.10145,0.000510238,4.07765,0.785419,0.540494,0.98359,1
723,97644.5,47466.7,-20707.9,0.963594,1.01419,0.989668,1.01513,0.732299,0.231716,-0.000260901,5.03269,0.763618,0.55217,0.940207,1
724,98691.9,39887.5,-13623.4,1.56896,1.02912,0.989616,1.02753,1.27124,0.155859,-0.000637537,3.45529,0.804991,0.534431,1.03383,1
725,91067.7,68554.7,-20608.1,1.24903,1.01706,1.0072,1.00797,1.20787,0.192177,0.000750404,8.12101,0.840907,0.606319,1.02323,1
726,83368.9,77411.5,-16502.7,1.10757,1.00444,1.00391,0.968641,1.06113,0.114825,0.00285914,10.1771,0.856241,0.645002,1.00654,1
727,87828.8,-87111.5,8456.42,1.28051,1.01091,1.00602,0.974802,1.14894,-0.121072,-4.02403e-05,3.99468,0.764387,0.544732,0.92949,1
728,78280.9,27836,-8069.76,1.04206,0.965322,0.999657,0.997828,1.23392,0.106865,-0.000212238,4.20318,0.718522,0.545631,0.833825,1
729,77821.8,-81223.9,17172.1,1.15966,0.990476,1.01449,1.02689,1.45972,-0.0458709,-0.00130442,5.62587,0.767435,0.563015,0.903129,1
730,15.3807,-29.738,-7.62995,0.694069,0.962383,0.989342,1.00203,1.0072,0.0347267,0.00113162,35.6661,0.624302,1.44581,0.472501,1
731,52630.2,-30763,-5441.47,0.917179,0.963958,0.990281,1.00099,0.811093,0.0677792,-0.00128504,3.22644,0.833647,0.538324,0.960109,1
732,19.4299,35.9144,-6.12995,0.865491,0.977663,0.99947,1.04602,1.14202,-0.084883,-0.000519858,37.1825,0.765438,1.69336,0.598412,1
733,92927.7,-45627.4,-18263.6,1.32472,1.00342,1.00185,0.987957,1.22467,0.042235,-0.000411708,2.04215,0.74959,0.514146,0.936988,1
734,17.1308,29.8555,-5.69322,0.857054,1.01269,1.0005,0.982769,0.728093,-0.237829,-0.00088717,114.284,0.959575,3.03553,0.580099,1
735,95021,27319.6,-7123.2,0.840862,1.01181,1.01075,0.96873,0.961896,0.0804298,0.000855592,4.60653,0.852766,0.565405,1.08614,1
736,82254.4,-52869.7,-18003.5,0.969375,0.984427,1.01476,1.00249,0.993038,0.0027614,-0.000282627,2.88083,0.753763,0.53756,0.905719,1
737,86781.8,32890.6,-10839.9,0.967389,0.988062,1.00937,0.966049,1.17974,0.124574,0.000542485,5.82044,0.894058,0.576642,1.12945,1
738,64450.5,-18678.1,3961.97,0.804177,1.00152,0.996792,1.0086,0.927895,-0.0131964,0.000144352,3.99942,0.790388,0.538213,0.926348,1
739,90395.8,31005.7,-18650.7,1.02635,0.990325,1.01428,1.00014,1.27686,0.215103,-0.000603964,6.82078,0.84706,0.580628,1.05323,1
740,79399.9,59952.7,-29563.7,1.3306,0.992925,0.988683,0.993987,1.33236,0.281454,-0.000435752,8.14871,0.793243,0.588232,0.931694,1
741,13.9405,30.5617,6.60726,0.907787,1.00326,0.997106,1.01455,0.688603,-0.0237261,-0.00117336,46.9119,0.887166,1.6545,0.744406,1
742,64915.4,25428.7,13050.6,1.0778,1.00491,0.986529,1.00649,1.31745,0.0443612,0.000968842,6.50084,0.83162,0.59264,0.962347,1
743,105193,-56902,4523.79,1.10305,1.0361,0.99217,0.988973,0.867634,0.00174971,-0.000654353,5.71933,0.934212,0.603728,1.23102,1
744,93619.6,-16947,-8321.89,0.99651,1.01706,0.989998,1.00722,0.975312,0.073265,-0.00077294,2.85859,0.718312,0.516358,0.879931,1
745,90896.1,80936.8,-22102.2,1.05764,1.0515,1.00738,1.03733,0.97396,0.178606,0.00191451,14.6105,0.948817,0.705154,1.1379,1
746,77438.3,-102150,15248.5,1.22223,0.987081,0.99181,1.03017,0.902377,-0.0974417,-0.000479804,4.59063,0.801018,0.549046,0.967396,1
747,87080.3,-52345.7,-5024.38,0.713939,1.00824,1.00173,0.999574,1.2546,0.0299632,-0.000570599,3.24041,0.745139,0.531242,0.904098,1
748,81677.8,-101850,14355.1,1.07767,0.988761,1.00077,1.00706,0.906398,-0.127468,-0.000597143,4.66825,0.821373,0.553196,1.00868,1
749,16.8164,34.1353,2.11949,1.03635,1.02339,0.995355,1.02405,0.834843,-0.0827792,-7.84848e-05,48.8445,0.664578,1.54161,0.500737,1
750,66551,-124278,20311.9,0.890684,0.997675,1.00568,1.0046,0.791478,-0.231616,-0.000743483,11.1346,0.897398,0.633738,1.04588,1
751,91687,37188.4,-13721.7,1.48066,1.00868,0.997029,0.993466,1.00408,0.0885083,5.56679e-06,5.1356,0.823473,0.561725,1.02814,1
752,11.3451,-26.5432,-8.82245,0.948059,1.00664,1.00456,0.980307,0.979538,0.358285,0.000288494,199.308,1.36417,4.6739,0.758731,1
753,87968.6,-83529.9,7891.78,1.16101,0.986047,1.00271,0.920374,0.495772,-0.144752,1.61229e-05,4.29779,0.771546,0.539354,0.94647,1
754,99212.4,-99215.6,2726.36,0.515098,1.04333,1.00226,0.975885,0.791379,-0.0683596,-0.000983211,4.83968,0.89024,0.549595,1.17917,1
755,84295.4,-43162.9,10413,1.33673,0.999005,0.986729,0.987399,1.42346,0.0603098,-0.00124039,2.52341,0.776838,0.531919,0.952919,1
756,87113.2,33284.2,-16303,0.928377,0.993276,1.02695,0.995696,1.04355,0.134317,0.000484047,5.63208,0.766266,0.569622,0.912694,1
757,23.6978,40.6768,5.49537,0.910661,0.991763,1.0047,0.989235,1.29405,-0.0521632,-0.000156996,18.3426,0.845033,1.08063,0.802196,1
758,92992.7,-81521.3,10634.7,1.09836,1.02168,1.00144,0.99609,0.883874,-0.0472208,-0.000392399,6.85688,0.784687,0.578185,0.949283,1
759,84101.2,18852.4,-13475.7,1.11979,0.992698,1.00717,0.988222,0.703621,0.149111,0.00044129,4.76563,0.83599,0.550509,1.04173,1
760,82325.6,-71043,-23936.2,1.16862,1.02743,1.02119,1.01567,0.874075,0.0211716,-0.00138853,4.06735,0.787504,0.541092,0.960617,1
761,88774,-2505.16,-11395.9,0.835834,0.979543,0.981495,1.01098,1.46043,0.107924,-0.000706422,3.11984,0.823829,0.527053,1.04917,1
762,91034.8,-31269,1611,0.893139,1.00294,0.995993,0.97869,0.651924,0.0510606,-0.000582254,2.02403,0.849916,0.525986,1.10219,1
763,106889,-15267.9,-3009.21,1.10725,1.03612,0.984855,1.03548,0.885738,0.114145,-0.00118904,3.31667,0.97003,0.57498,1.33025,1
764,78889.7,-103054,22792.3,1.11008,0.997758,0.997582,1.0582,1.06852,-0.280292,0.000752937,9.08232,0.897047,0.605296,1.09321,1
765,89942.6,-103309,15619.7,0.714171,1.01226,0.986067,0.988663,1.44404,-0.125967,0.00016266,4.97318,0.805727,0.550745,1.00186,1
766,89037.1,-44631.4,5554.96,0.808751,1.01079,1.00198,0.946138,1.18672,-0.0478665,8.97336e-05,3.45661,0.837767,0.535712,1.06748,1
767,87053.7,37911.3,-13077.3,0.968782,0.995902,1.01458,1.00669,0.948692,0.036239,0.000968983,5.44484,0.860085,0.566598,1.07817,1
768,80947,48370.4,-15519.2,1.05573,0.988181,1.01912,0.987768,1.00966,0.0700709,0.00102246,5.69926,0.774636,0.582407,0.907491,1
769,78441.9,24713.8,-15607.9,1.14322,1.01846,1.01624,0.987522,0.873721,0.107541,0.000685103,5.58645,0.721524,0.555136,0.833949,1
770,89939.5,-60041,12919.5,1.37273,0.976617,1.00762,0.944439,1.13977,-0.0373841,0.000169188,2.907,0.76825,0.523903,0.956624,1
771,74331.2,-107641,21962.8,1.10319,0.962912,0.990003,0.966885,0.978504,-0.277918,0.000785353,8.4585,0.831276,0.599737,0.977958,1
772,86873.1,-92617.8,10097.2,1.14192,0.981619,0.99561,0.941974,0.410607,-0.147925,0.000598453,4.29562,0.814017,0.547384,1.01239,1
773,89816.9,-7993.18,-23539.2,1.04907,0.995174,0.992654,1.01472,1.25338,-0.0302557,0.000747483,2.83421,0.798481,0.522357,1.01091,1
774,11.8889,22.968,4.06937,0.935365,0.99368,1.00957,0.963596,0.931821,-0.320738,-0.000888631,221.748,1.8866,5.78591,1.20422,1
775,36.8126,85.6738,-11.4073,1.13903,0.990188,0.99214,1.00783,0.996821,0.0044271,0.00114892,6.89743,0.618389,0.853775,0.574674,1
776,99352.4,25799.5,-17339.3,0.773871,1.01469,1.00038,0.958249,0.829524,0.197937,-0.000767211,9.79974,0.892483,0.649418,1.09888,1
777,89784.3,-54131,-10079.4,1.39425,1.0065,1.00936,1.03476,1.08427,0.119278,-0.00265196,3.51045,0.75762,0.54665,0.919487,1
778,77675.2,-65831.6,-2953.49,1.07557,0.996305,1.01403,0.978047,0.784645,-0.0120234,-0.00132992,4.84037,0.822604,0.569194,0.990403,1
779,85849.9,-85308.4,21595.4,1.40207,0.997965,1.01974,1.03218,1.08675,-0.23917,0.000865879,7.40849,0.831815,0.595137,1.00573,1
780,83896.5,-43672.5,-16473.7,0.854817,0.979499,1.00128,0.954204,0.988668,0.0037861,-0.000233619,3.41188,0.81508,0.536901,1.01455,1
781,16.8544,31.6064,6.36359,1.06187,0.970945,0.993966,0.98228,0.797857,-0.0870047,-0.000809437,44.1853,0.78064,1.51806,0.64868,1
782,89328,-39028.7,-4131.25,1.04809,1.00439,0.999306,0.972578,0.821773,0.025912,-0.000329979,3.56818,0.755248,0.52867,0.927905,1
783,92089.7,8427.62,-3981.7,1.11998,0.987949,0.993085,0.976121,1.22184,0.00321571,0.00114459,2.2249,0.712436,0.511642,0.870647,1
784,71334.2,104488,-29725.3,1.13044,1.01326,1.00809,1.00497,0.705593,0.303513,0.000491174,15.9208,0.858588,0.72459,0.939553,1
785,84149.8,-89266.9,21142.5,1.18943,1.00601,1.00487,1.04481,1.18732,-0.121129,-0.000111597,3.95678,0.741991,0.535677,0.890264,1
786,84291,30640.1,-5040.83,1.00693,0.990212,1.00131,1.03917,1.14972,0.189978,-0.00141751,5.07076,0.742522,0.567418,0.868898,1
787,80608,-126338,15883.3,0.815414,1.0051,0.984187,1.02959,1.09177,-0.171652,-0.00165423,7.28428,0.853863,0.59953,1.029,1
788,89283.7,38593,12868.9,0.893155,1.03265,0.988244,1.00927,0.91882,0.0346376,0.000997389,6.68501,0.897923,0.58325,1.13739,1
789,82699.3,-13128.1,8906.8,1.02647,0.990013,1.01394,0.944812,1.06977,-0.00500175,0.00101832,4.31703,0.787915,0.561569,0.947355,1
790,96483.3,4928.31,-15767.3,0.973516,1.03946,0.996038,1.00205,1.05327,0.164261,-0.0016459,4.21851,0.734341,0.545078,0.889778,1
791,77558.4,-76719.4,4330.45,0.697561,0.988371,1.0041,0.980996,0.791851,-0.109575,-0.000343822,4.54292,0.782974,0.545112,0.940168,1
792,86216.8,-17041.5,8272.66,1.24348,0.99486,1.01483,1.03103,1.01976,0.0277954,-0.000217767,2.09634,0.790836,0.517776,0.991941,1
793,74473.1,73650,-16181.2,1.46709,0.976388,1.00277,1.01354,1.1258,0.229047,0.00108977,10.3487,0.864493,0.640101,1.00685,1
794,81423.3,-31413.6,9035.35,1.01333,0.954892,0.985655,1.02656,1.09166,0.106273,-0.00152751,5.99285,0.757496,0.584051,0.877973,1
795,77128.6,93001.1,-21282.6,0.945868,1.0235,1.00861,1.05491,0.969945,0.268887,0.000839387,12.6129,0.854316,0.686441,0.96446,1
796,93726,-12905.9,-13702.6,1.16861,0.982337,0.987131,0.956528,1.14919,0.101749,-0.000790079,3.67761,0.798004,0.522795,1.01844,1
797,74784,-62411.8,12843.8,0.987995,0.992746,1.00086,1.05416,1.13102,-0.0278019,-0.000717256,2.46923,0.771706,0.519835,0.931999,1
798,86529.5,-47907.6,13329.1,0.908088,1.02484,0.992128,1.02487,1.17028,-0.100565,0.000866778,2.84487,0.814097,0.524902,1.02695,1
799,81630.4,-88568.3,11283.3,1.30907,0.99933,0.983596,0.982481,0.664264,-0.0135633,-0.00185452,3.75727,0.765086,0.545463,0.917992,1
800,76137.3,-56438.2,7130.93,1.05727,0.972261,1.00585,1.02266,1.28112,-0.00682122,-0.0012962,3.86564,0.767804,0.563911,0.899752,1
801,100605,33314.6,-16319.6,1.2919,1.01779,1.00114,0.962986,0.91983,0.129818,0.00086752,5.22483,0.803392,0.552945,1.01854,1
802,89667.5,-37472.2,-4271.23,1.06552,0.980183,1.00489,1.07211,1.01951,0.038383,-0.000810955,3.53129,0.813341,0.531833,1.02932,1
803,77027,-94964.9,14354.9,0.607737,0.997135,0.99905,0.988403,0.647387,-0.0815617,-0.000563984,4.30211,0.797638,0.542829,0.964696,1
804,59691.7,-158872,18390.1,1.08969,1.07207,1.00134,1.01828,1.13007,-0.292982,-0.000491835,18.6056,0.91159,0.764454,0.984989,1
805,97506.7,-2807.2,-14340.9,0.963647,0.997753,0.994113,0.979946,1.00922,0.0875102,-0.000172877,4.6619,0.817825,0.559711,1.03306,1
806,85689.9,46240.6,-20105.6,1.04285,0.975557,0.999792,0.997775,0.851955,0.117218,0.000430615,6.35546,0.79513,0.566148,0.96266,1
807,86906,32656.9,-10905.8,0.998176,0.990212,0.997841,1.04458,1.07723,0.0754489,0.000895319,5.24745,0.801646,0.556887,0.983016,1
808,86558,34010.1,-19249.1,1.24077,0.998639,1.02363,0.984439,1.1594,0.145253,0.000818423,5.47519,0.821576,0.561897,1.01368,1
809,80605.3,59574,-22036.6,0.848774,0.99792,1.01634,1.04035,1.09324,0.272215,0.000204671,9.30374,0.787124,0.632341,0.893827,1
810,86589.5,-18208.7,-13164.6,0.824873,0.99761,1.00642,0.963986,0.460797,0.0620498,-0.000870095,3.30227,0.776106,0.531423,0.956914,1
811,17.98,-36.0184,6.55175,0.653632,1.02052,1.00386,0.938902,0.831222,0.0323429,0.0010532,59.5746,0.670137,1.76921,0.464061,1
812,96188.8,36655.1,-17522.7,1.39259,1.01973,0.992581,1.00146,1.28983,0.141435,0.000295883,4.40427,0.770556,0.546797,0.954156,1
813,81085.7,5931.04,-11485.5,0.670404,0.99543,0.997578,0.967757,0.88864,0.0958437,-0.000586753,3.29419,0.735011,0.529949,0.876656,1
814,99239.1,20042.7,-20004.9,1.0011,1.02058,1.00231,0.992642,0.822482,0.159919,0.000733781,4.69709,0.830634,0.556487,1.06278,1
815,91416.1,-8624.04,-5718.72,0.956123,1.02025,0.996282,1.03998,0.843325,-0.0107527,0.000890856,3.68881,0.842708,0.536399,1.0822,1
816,93944.5,27401.2,-13843.2,0.896708,1.00717,0.999961,0.972926,1.02538,0.0714603,0.00100333,3.89793,0.775203,0.539858,0.963875,1
817,94372.4,-11700.5,4768.09,1.16248,1.00822,0.998917,1.03583,1.15249,0.0143295,0.000861462,9.1337,0.847458,0.625397,1.02666,1
818,88633.1,12003,-2710.48,0.764485,1.03317,0.997347,1.01443,0.98308,-0.110081,0.00292304,4.01939,0.889515,0.545976,1.1489,1
819,93646.6,31791.1,-13025.9,1.06652,0.975488,0.985107,0.983792,1.05176,0.15323,0.000161136,5.11534,0.785942,0.556115,0.969965,1
820,92669.9,23565.6,1739.2,1.29375,1.02678,0.996929,1.05406,0.694989,0.0920409,0.00120488,4.56502,0.799362,0.558774,0.988893,1
821,88194.9,-100924,26943.3,0.707341,0.995065,1.0029,0.928718,1.11302,-0.236943,0.00101191,4.86898,0.787376,0.557354,0.961364,1
822,78750.9,-141369,21182.6,1.03581,1.01442,0.990605,0.931584,1.36148,-0.279902,-0.000105199,11.1382,0.821832,0.66243,0.9291,1
823,89135.2,-58973.7,-6854.41,0.553944,1.02261,1.02261,0.975135,1.15266,0.030009,-0.00162607,3.12107,0.721331,0.515992,0.877681,1
824,84974.2,-59578.9,-16779.3,1.04125,0.992603,1.00877,1.02291,1.01465,0.0397769,-0.00180418,2.63546,0.78845,0.509844,0.990928,1
825,82843.9,-10930.6,-3409.38,1.35251,0.987053,0.993185,0.968355,0.825533,0.0227002,7.91195e-05,4.12653,0.894776,0.545729,1.1412,1
826,102520,-47803,-6435.95,0.802644,1.02649,0.980781,0.98772,0.710356,0.0603088,-0.0013594,2.09739,0.75146,0.518743,0.955096,1
827,75523.6,-116841,14282.6,0.856358,0.998789,1.00058,0.966554,0.970458,-0.195332,-0.000766297,10.5232,0.846059,0.635038,0.981978,1
828,17.0034,-35.0762,-7.82743,1.03141,0.968017,0.982491,1.03083,1.12813,0.0348888,0.00190124,38.696,1.17938,1.30833,1.1552,1
829,80765.1,3807.56,-12887.1,0.93204,1.00934,1.00671,0.945067,0.634606,0.0474736,-0.000361508,4.38089,0.789646,0.543942,0.959845,1
830,31.1557,-54.3672,11.9692,0.967392,1.01769,0.97929,0.994935,1.04288,0.0961349,-0.000688864,12.6832,0.867087,0.919452,0.857113,1
831,12.8925,30.481,12.6365,0.935589,1.04912,0.980487,0.947802,1.19904,-0.221111,-0.0024737,247.389,1.49328,6.22329,0.642944,1
832,27.7531,-68.4499,6.59264,0.902682,0.997437,1.00614,0.996024,1.15638,-0.0291151,-0.000636258,13.0076,1.02821,0.989584,1.03529,1
833,71399.6,-86121.6,3953.69,1.05965,0.981542,1.00519,0.977533,1.02444,-0.0775266,-0.000638658,5.60275,0.782855,0.575165,0.908829,1
834,81851,27097.2,-12287.4,0.884948,0.961601,0.99373,1.04087,1.19662,0.0323079,0.00112066,5.09704,0.889824,0.563653,1.11742,1
835,88207,-50725.9,18576.1,0.995972,1.01327,1.01861,1.01869,0.797866,-0.120743,0.00150794,2.90807,0.818055,0.539246,1.02874,1
836,84872.6,-89272.8,4900.66,1.09871,1.03763,0.977521,1.06187,1.0175,-0.0963369,-8.26858e-05,5.34222,0.819523,0.569955,1.0023,1
837,78197.6,51162.7,-26497.2,1.00132,1.00054,1.02088,1.01706,1.6301,0.339063,-0.00191474,10.4186,0.852484,0.642255,0.992602,1
838,87691,-37151.1,1705.07,1.03686,0.980979,1.00004,1.00631,0.913825,-0.0441505,5.33065e-05,3.30827,0.765004,0.52768,0.942966,1
839,84041.8,-60002.3,7991.37,1.10757,0.981464,0.999429,0.973469,1.10352,-0.0414616,-0.000343666,3.50309,0.816644,0.552571,1.00598,1
840,84503.8,-24677.3,14432.4,1.04976,0.979012,1.005,1.00756,0.927321,-0.00928561,0.000258474,3.65476,0.83783,0.523296,1.06518,1
841,97750.3,-35379.2,4159.63,1.0572,0.99136,0.981083,0.968561,0.975238,-0.147118,0.00207595,3.02567,0.785304,0.524921,1.00307,1
842,89483.7,2721.99,-5951.88,0.751403,0.979848,0.999022,0.981919,0.851147,0.00363352,0.000546077,2.8652,0.799416,0.520844,1.01244,1
843,18.3815,34.3827,11.0901,1.06734,0.990384,0.987917,0.912195,0.961945,-0.140813,2.3435e-05,39.6762,1.26631,1.45597,1.23064,1
844,78025.9,-77592.1,14883.2,0.720771,0.971352,1.01487,1.02627,0.734692,-0.195135,0.000258105,5.39408,0.804886,0.561213,0.967095,1
845,15.3112,-27.5533,0.230837,0.94026,0.969466,1.00562,1.00865,1.07302,0.0953875,0.00225959,103.567,1.01159,2.79928,0.690203,1
846,13.2092,-24.9211,-5.30368,0.649996,0.990253,1.00103,1.01396,0.846097,0.268922,0.000803391,161.582,1.10169,4.15176,0.55704,1
847,90713.4,24689.3,-5403.94,1.21965,0.975123,1.00538,0.988179,1.22155,0.0787266,0.00153141,6.85615,0.780083,0.586718,0.930174,1
848,12.8866,-29.0371,-1.86452,0.952648,0.99469,1.00205,1.02313,1.59313,0.0955903,0.00257454,106.341,0.977378,2.66995,0.663939,1
849,89141.1,54037.5,-13785.4,1.00891,1.00026,1.00138,0.98637,0.784912,0.124079,0.00169742,8.2797,0.738454,0.593922,0.848584,1
850,81888.6,-14847.9,-13221.9,1.2774,0.991765,1.00847,0.940667,0.977198,0.110335,-0.00150007,2.96597,0.746964,0.527847,0.900546,1
851,75496.8,-95358.2,-1150.11,0.927018,0.979828,1.00686,0.961753,0.759635,-0.00377068,-0.00187011,4.48935,0.882038,0.56078,1.08853,1
852,94207.3,-16757.4,4341.46,0.788631,1.00875,1.00093,0.946888,0.98673,-0.0396642,0.00129779,4.22183,0.792861,0.539435,0.997416,1
853,90175.8,-69475.8,5068.86,0.957179,1.01636,0.992342,1.00807,0.702812,0.0150722,-0.000376931,4.14403,0.733611,0.523148,0.895707,1
854,93271.3,-58959.1,10730.4,1.10842,1.01312,1.0086,0.981492,1.23918,-0.0248797,-0.000881705,2.82161,0.761067,0.532979,0.942944,1
855,79480.8,-22686,596.219,1.09332,0.966218,1.01363,1.03739,0.875428,0.0624401,-0.000785445,3.14025,0.770522,0.527161,0.935901,1
856,82814.8,48438.3,-2736.1,1.1331,0.997783,0.987971,1.02155,1.21879,0.0778105,0.000334831,5.18111,0.752979,0.553016,0.894665,1
857,98838.1,-38035.7,-4197.69,0.794181,1.01688,0.9971,1.03421,1.04319,0.0100853,-0.000675714,2.91202,0.737747,0.528314,0.914819,1
858,101620,39382.6,-17157.3,1.38907,1.03996,1.00162,1.00194,1.18746,0.178194,0.000752763,6.25091,0.825435,0.562689,1.05303,1
859,88471.4,18580.6,-16523.6,0.748174,1.00467,1.02148,1.02253,1.1755,0.121803,-0.000591889,4.55718,0.83099,0.541833,1.04946,1
860,88603.6,36662,-15185,1.26972,1.00612,1.0049,1.03735,0.881072,0.17133,-0.00105607,4.6613,0.728859,0.534198,0.876045,1
861,75345.8,-83454,8413.5,1.02853,0.968182,1.00714,1.03481,0.891142,-0.175961,0.000558661,5.87533,0.738363,0.575729,0.842681,1
862,95218,-112703,17346,1.22021,1.02435,0.991097,1.01759,0.752037,-0.241999,0.000331217,4.94533,0.861771,0.548655,1.11712,1
863,14.0906,27.0654,3.60867,1.15734,1.02131,0.991889,1.00159,0.842527,-0.186856,-0.00107261,99.893,1.18178,2.8054,0.891849,1
864,82319.6,-72013,7911.6,1.05614,0.993491,1.00795,1.04044,1.00088,-0.0798184,-0.000738774,4.35643,0.824014,0.556702,1.01171,1
865,91343.9,-80327.5,6843.8,0.776369,1.00716,1.00381,1.0168,0.890016,-0.106983,0.000442519,5.06532,0.770981,0.549557,0.943944,1
866,86504.2,32025,5621.97,0.976847,0.972077,0.99648,1.02009,0.993012,0.0965075,0.00117905,3.8603,0.783384,0.534445,0.967304,1
867,78700.1,-94319.7,29714,1.05986,1.00137,1.01517,1.01435,0.617899,-0.232464,4.99412e-05,7.82017,0.846568,0.612739,1.00367,1
868,101961,-10506.6,-2944.59,0.960657,1.03624,0.990775,0.960503,1.04415,0.0573145,6.5276e-05,3.44145,0.747827,0.548296,0.921002,1
869,72170.8,-61044.3,17317.9,0.689512,1.01419,0.992865,0.990382,1.05603,-0.0780851,2.30671e-05,4.55581,0.780086,0.552568,0.920276,1
870,88266.4,-96361,23312.8,0.655136,1.00795,0.983274,1.03679,1.0468,-0.0884203,-0.0011715,5.66628,0.802452,0.571787,0.976345,1
871,24.5728,-42.602,24.8401,1.45303,1.00719,1.00237,0.998983,0.774769,0.0844122,0.00121261,42.8122,0.451466,1.32693,0.286024,1
872,82910.8,65722.5,-17957.1,1.0976,1.01696,0.975874,1.02135,1.13318,0.282972,0.000291848,15.3307,0.840255,0.724761,0.922212,1
873,84960.7,54085.3,-23062.2,1.09065,1.00151,0.997979,1.03198,1.17561,0.244366,-0.000147554,8.8867,0.849993,0.62807,1.0107,1
874,79708.9,29147.2,-17860.4,0.881338,0.983132,0.998611,1.05303,1.18595,0.0585564,0.00116164,5.1726,0.788939,0.576467,0.933283,1
875,91316.3,-38854.4,-10813.7,1.02312,1.0378,1.01422,1.00305,1.28257,-0.0258175,0.000533073,3.41563,0.723114,0.5299,0.874088,1
876,86763.3,-21828.6,-8582.94,0.766833,0.978379,1.00021,1.02736,1.09373,0.104082,-0.00111634,4.26086,0.796165,0.528763,0.994484,1
877,86646.2,-40242.6,11537.7,0.777821,1.02635,1.00183,0.984754,0.618318,0.0207806,-0.000422105,2.34105,0.737361,0.515259,0.9013,1
878,15.1301,-31.2724,-0.885208,1.17092,1.01526,1.01175,1.02191,1.19305,0.23739,5.96453e-05,107.234,0.950103,2.80511,0.612828,1
879,94416.4,-25495.3,4473.47,0.899641,1.01173,1.00693,0.932146,1.15019,0.0192733,0.0003265,5.30942,0.774744,0.566547,0.942674,1
880,93239.2,-96470.5,13721.6,1.06062,1.02703,1.00912,0.987051,0.682705,-0.200502,-0.000273954,5.82219,0.832708,0.558348,1.05172,1
881,87703.8,-45712.7,36139.2,1.27063,1.02076,1.01151,0.979268,1.1832,-0.130567,0.00154259,3.94019,0.81453,0.538017,1.0217,1
882,15.8382,32.0667,11.139,1.10986,1.01052,1.00195,0.965545,1.02204,-0.19134,-0.00075626,78.9842,0.968961,2.27245,0.735705,1
883,96370.6,-4316.94,-15461.9,1.24806,1.02007,0.984334,0.93513,0.959901,0.00138197,0.00106425,5.05723,0.852241,0.568805,1.08631,1
884,91181.9,30403.7,-20934.6,0.814978,1.00932,1.00361,1.03659,0.972976,0.139456,-0.00077481,5.09068,0.81908,0.561635,1.01934,1
885,77617.9,-22271,-8566.32,0.977124,1.00479,1.01159,1.02703,0.683813,-0.203929,0.00269752,7.49078,0.861096,0.613991,1.0254,1
886,40.5361,-83.4634,3.80493,1.19957,0.99586,1.00119,1.00413,1.33257,-0.00906696,0.000146922,11.3665,0.611871,0.809596,0.574538,1
887,88134,-105289,-1214.11,1.21912,1.02964,0.993488,0.956413,1.15356,0.0339723,-0.0032154,4.71359,0.884432,0.546107,1.139,1
888,94746.6,12963.1,-8744.71,1.25223,1.01908,0.984112,0.966582,1.1395,0.0613685,7.73639e-05,3.64999,0.830184,0.541487,1.06419,1
889,16.5481,42.8663,16.214,1.13173,0.988885,1.00339,0.960046,1.17829,-0.162678,0.00118752,46.1093,1.49138,1.66308,1.45971,1
890,91887,3339.84,4185.5,1.16359,0.989992,1.00332,0.983991,0.794063,-0.0294833,0.00176053,2.63737,0.759868,0.531947,0.938716,1
891,84488.4,-128150,25152.4,0.757096,1.04129,0.998859,1.00886,0.871922,-0.25068,7.33774e-05,9.4396,0.84566,0.612421,1.01405,1
892,77116.4,104881,-24886.8,0.731758,0.991882,0.988968,0.981069,0.854702,0.290122,0.0010604,13.8088,0.843512,0.708575,0.932259,1
893,88312.1,-47057.5,1603.34,1.33463,0.980951,1.00778,0.991326,0.577606,0.0379112,-0.00127999,3.28782,0.778034,0.521635,0.971822,1
894,85617.9,-6297.73,-26004.1,1.0249,1.00867,0.988373,1.02635,1.18528,0.118166,-0.00137079,3.41454,0.864872,0.542354,1.1,1
895,98020.8,-36789.5,-11287.8,1.10021,1.01665,0.995254,0.983048,0.500153,-0.00753904,0.000481022,2.4908,0.793855,0.522115,1.02186,1
896,81296.4,56992.2,-20247.5,1.22138,0.970727,1.00562,0.997611,1.23997,0.213484,0.000534198,8.32447,0.848288,0.604576,1.0173,1
897,92915.8,24532.4,-8618.28,0.935014,0.979644,1.0033,0.976736,0.992873,0.249414,-0.00155687,4.39534,0.804438,0.554023,1.00359,1
898,89453.5,-54500.5,17146.5,1.32091,1.0135,0.991426,1.04215,1.07937,-0.057944,4.79035e-05,2.84573,0.825434,0.511988,1.06506,1
899,88474.4,-42055.8,-6013.07,1.11767,0.976641,1.01395,1.0205,0.984481,0.0765487,-0.000905296,3.12187,0.762858,0.526398,0.942158,1
900,76079.1,-28993.9,-3628.61,0.574387,0.969993,1.01726,0.982694,0.886836,0.0348877,-0.000743802,2.4706,0.795023,0.524808,0.970137,1
901,76214,-83230.9,6922.62,1.09169,0.961404,0.996539,1.02283,0.956661,-0.163541,-0.000789759,7.03017,0.855555,0.574474,1.0384,1
902,79570.7,-67532.9,10984.7,0.819583,0.975191,1.00425,0.975064,1.0958,-0.0702855,-0.000371274,3.81927,0.734169,0.527211,0.874875,1
903,91237.8,-37140.7,12777.6,1.23354,1.002,1.02068,0.979931,0.580341,-0.0105477,3.63368e-05,2.41883,0.792501,0.508501,1.01426,1
904,15.056,-34.5544,-19.5931,0.761106,0.997323,0.988594,0.999559,1.02459,0.178063,0.000937668,94.4493,1.07566,2.83679,0.750791,1
905,81831.2,-53419.2,-8848.7,0.809671,0.998815,0.993554,1.02306,1.10236,-0.00650139,-0.000612028,5.45558,0.770006,0.568645,0.91024,1
906,82918.6,31369.2,-11158,0.995319,0.986245,0.988621,1.0176,1.21491,0.103506,-0.000313556,4.58509,0.721682,0.557022,0.83838,1
907,63218,-10632.8,3674.16,0.747062,1.01512,0.996622,1.02932,0.883987,0.127629,-0.00200609,2.78805,0.752652,0.522117,0.874363,1
908,58070,-13042.6,-933.461,1.1569,0.936537,1.01329,1.02896,0.826606,0.0363876,0.000121803,3.85718,0.806304,0.553108,0.929529,1
909,96572.9,-48800,1786.48,0.973763,1.01846,1.00774,0.985214,1.30631,0.0219562,-0.000321488,3.11364,0.719831,0.537791,0.870331,1
910,91243.4,-40135.8,-2432,1.2168,1.00125,1.01908,1.00201,1.0087,-0.0739582,0.00168446,3.39324,0.805999,0.530861,1.02091,1
911,74386,41601.3,-5815.84,0.784301,1.0025,1.00453,0.99828,0.987811,0.0284303,0.00256913,4.64749,0.81522,0.549663,0.9828,1
912,85617,-83352.1,18164.5,0.528939,1.00057,1.00018,1.04328,0.822066,-0.0999305,-0.00151651,6.54801,0.862067,0.577126,1.07113,1
913,87698.3,-51374,7264.41,0.717384,0.991415,1.00838,1.02672,1.06726,0.0343941,-0.000853256,3.94294,0.771251,0.540698,0.942996,1
914,76568.6,-125320,23773.2,0.979305,0.995488,0.998325,0.99412,0.938911,-0.237411,-1.09832e-05,9.73785,0.804343,0.617407,0.926522,1
915,82635.7,25545.5,-11023.7,0.861959,0.990946,1.00504,0.961538,0.752458,0.0774869,0.000658899,4.94597,0.811052,0.555174,0.991813,1
916,75581.6,55643.4,-19275.6,1.04767,0.996064,1.01014,1.00373,1.53684,0.207129,0.00136196,13.8181,0.897756,0.728217,1.00698,1
917,77682.7,28286.3,-24320.3,0.632674,1.03764,0.996211,1.00988,0.610462,0.0223132,0.000898634,4.57647,0.847039,0.559124,1.03823,1
918,51662.7,-13215.4,-3011.48,0.843134,0.98377,1.00598,0.989432,1.03406,-0.0625942,0.00108572,3.36248,0.843053,0.52852,0.974451,1
919,89555,-88065.8,11490.2,0.918295,1.01341,1.00374,1.02601,1.20803,-0.0950514,-0.0001198,4.43521,0.776448,0.553469,0.947473,1
920,84926.8,-86262.4,17516.7,0.994973,1.01955,1.00811,1.01027,1.31541,-0.211861,1.0321e-05,7.47802,0.779285,0.592701,0.914577,1
921,85204.3,63294.8,-21009.9,1.19832,0.989765,0.993286,0.982804,1.09757,0.230963,0.000512353,9.71195,0.852443,0.643424,1.00431,1
922,77725.9,-23203.7,7992.02,1.13178,0.951626,1.01023,0.978056,1.01201,0.0601035,-0.00129499,2.32421,0.748006,0.525971,0.895013,1
923,109771,36417.4,-8919.84,1.2383,1.04216,1.00406,0.955015,1.11138,0.126531,0.000261284,6.26443,1.25132,0.620543,1.84254,1
924,84413.4,-103998,12566.2,1.11096,1.0037,1.01427,0.983748,1.12993,-0.161621,-0.000530003,5.60327,0.854951,0.564481,1.06477,1
925,94519.5,-51684.6,17414.3,0.841395,1.00998,1.00963,0.988603,1.06969,-0.176905,0.00219469,3.32402,0.775419,0.524645,0.978202,1
926,77240.3,-96692.9,19823.3,0.695291,0.981701,1.00195,1.01952,1.02239,-0.205611,0.000964008,6.49809,0.82907,0.572046,0.998448,1
927,68552.1,-111454,13191.7,1.1526,1.00227,0.985299,0.990731,1.13566,-0.128423,-0.00291764,14.5273,0.853904,0.727474,0.927537,1
928,96678.6,-46511.3,11578.1,1.1569,1.01718,1.00559,1.0051,1.02365,0.0061141,5.09864e-05,2.02545,0.802569,0.520407,1.036,1
929,93021.5,-55441.6,47.9401,0.928606,0.994868,1.00171,0.979609,1.06945,0.0355821,-0.000346601,2.57652,0.760814,0.525466,0.948403,1
930,93995.8,-16132.2,-1192.86,1.1973,1.02735,1.00244,0.967044,0.872747,0.00928585,0.000149339,3.32223,0.832598,0.526005,1.07827,1
931,93855,33754.4,-25330.7,1.1152,0.993716,0.980889,1.01289,1.00848,0.195367,-0.000180357,5.37027,0.789054,0.551146,0.979664,1
932,11.5066,21.5573,4.16111,0.847839,0.996989,0.99999,0.992571,1.18294,-0.288162,-0.00202226,233.143,1.70434,5.97555,0.947411,1
933,96472.2,-17757.7,6416.54,0.883929,1.01387,0.994862,1.02838,1.13043,0.025921,-0.000637428,1.98631,0.681106,0.505887,0.82568,1
934,89216.6,-46460.2,24745.8,0.827751,1.01102,0.996211,0.984294,0.782404,-0.00636176,-0.000877883,2.7714,0.793739,0.524433,0.999377,1
935,90303.3,-11827.4,8141.03,1.05007,1.00159,0.995226,1.01229,0.969764,-0.0348721,0.00124561,4.34103,0.806578,0.548985,1.00513,1
936,76056.5,130056,-28243.6,0.90838,1.02119,1.00489,1.01195,1.08299,0.3304,0.000830338,25.0967,0.929304,0.911162,0.941057,1
937,58763,-44510.7,-5515.41,1.01938,0.959315,1.00502,0.962212,0.929187,-0.0938701,0.000438903,3.11126,0.838113,0.530206,0.989874,1
938,91675.2,-35632.7,942.928,0.86425,1.01857,0.9935,1.01033,0.880384,-0.0604149,0.000808991,3.79552,0.739366,0.535704,0.898961,1
939,88435.1,36195.1,6310.71,0.979645,1.00506,0.99233,0.949169,1.09727,0.0511309,0.000592467,6.11633,0.816079,0.574753,0.997864,1
940,56583.1,-49935.7,-467.14,1.41621,0.994411,1.01396,1.02795,0.82193,-0.0572341,-0.000626539,7.04013,0.847374,0.597405,0.964656,1
941,92861.5,-10925,-2366.02,0.351082,1.02715,0.999248,1.01263,1.15861,0.0964464,-0.0005088,2.31285,0.770891,0.527485,0.96348,1
942,76349.1,-99857.3,9464.03,1.34696,0.964544,0.988874,1.00472,0.881597,-0.159111,0.000541881,5.09209,0.818333,0.567014,0.981908,1
943,84656.2,50962.6,-19662.8,0.912026,1.0277,1.00242,1.03293,0.953579,0.18842,0.00070568,6.85119,0.848821,0.595715,1.03208,1
944,85117.5,-91197,10191,0.581877,1.02078,1.01095,0.974248,0.911426,-0.105462,0.000101774,3.77078,0.758734,0.559419,0.903869,1
945,87110.4,-75746.9,10058.2,0.884899,1.00172,1.00659,1.02578,0.839901,-0.0946682,-0.000185713,3.128,0.769831,0.531097,0.947741,1
946,88837.7,-67786.8,9294.63,0.940276,0.994189,0.997557,0.998857,0.691941,-0.110781,0.000829931,5.39889,0.821874,0.560981,1.02001,1
947,83784.2,21298.7,13392.1,1.12338,0.986944,0.994483,1.00029,0.763257,0.161023,3.39785e-05,4.96023,0.76633,0.55369,0.917944,1
948,86517.5,-63004.9,-4833.78,1.13774,1.00478,0.994746,1.03771,1.19119,0.032602,-0.00161034,3.28241,0.828535,0.555205,1.0302,1
949,88945.7,-21726.5,9509.6,0.848599,1.00089,1.02105,0.976562,1.22079,-0.00899515,-0.000401732,2.12897,0.746783,0.522641,0.917563,1
950,93922.4,-53021.4,35052.5,0.806803,0.998003,0.979647,0.965586,1.02943,-0.0986904,0.000960785,4.21488,0.712128,0.525498,0.862604,1
951,76762.4,63240.2,-24008.5,1.02344,0.975001,0.999599,0.990377,0.768265,0.288545,2.74682e-05,10.6936,0.890728,0.639442,1.05537,1
952,89996.5,17876.8,-16854.5,1.18251,1.0081,1.00358,1.04706,1.11976,0.13826,-0.000954302,5.59722,0.830511,0.561593,1.03698,1
953,90610,80894,-28031.9,0.97893,1.01163,0.992868,0.993845,0.756696,0.285614,-0.000315934,8.91735,0.839625,0.608644,1.01824,1
954,88747.5,-91235.3,13695.6,0.949906,1.00525,0.991614,1.0171,1.21695,-0.136359,-0.00137534,6.41727,0.853983,0.561278,1.076,1
955,87587.1,27876.1,-28105.8,0.771149,0.996436,0.989531,1.02047,1.53042,0.181469,-0.00088317,5.76394,0.761002,0.562574,0.909201,1
956,83276.3,23602.1,-10137.5,0.928937,0.958927,0.996099,1.01533,1.1917,0.110221,0.000736783,4.23104,0.743967,0.544955,0.885235,1
957,85984,30481.1,-11090.7,1.21402,0.973526,1.0104,0.96826,1.46837,0.0715333,0.000530921,3.99267,0.820452,0.535503,1.02976,1
958,23.2875,-40.2555,1.24635,0.904083,0.993146,0.99727,0.996892,1.04265,0.0554001,0.00107749,30.7111,0.998277,1.19121,0.962216,1
959,94271.2,-50072.7,13632.8,0.851902,1.03318,1.00409,0.995298,0.687104,-0.0259338,0.000306006,3.00369,0.755242,0.529046,0.937343,1
960,95987,14390.4,-7383.31,1.09005,1.0119,0.989937,1.01924,0.660546,0.0116514,0.00118588,4.81207,0.764877,0.552446,0.938759,1
961,99137.4,22209.4,-17711.3,1.30053,1.01111,0.994981,0.967461,1.00054,0.133919,-0.00053154,6.00468,0.830978,0.572857,1.04958,1
962,87227.8,35847.5,-15247.1,0.944846,1.0002,0.994781,0.988107,1.16875,0.1248,0.000942793,6.44003,0.831542,0.589019,1.01201,1
963,90323.1,56181.3,-20138.2,1.08845,0.996289,0.99452,0.974906,1.20092,0.198644,0.000703154,7.66684,0.849792,0.597207,1.04457,1
964,94960.9,33753.6,3657.44,0.727045,1.02054,0.987745,0.940037,0.791441,0.115639,0.000106124,4.37195,0.824042,0.560648,1.03711,1
965,71474.9,-102704,22296.8,0.763242,0.966467,1.01108,0.976376,0.913123,-0.172837,-0.000849343,9.34639,0.85068,0.626071,0.987225,1
966,76481.9,-5284.99,-2120.85,0.566727,0.964123,0.99057,1.04496,0.898673,0.0347181,0.000326153,5.007,0.826258,0.559094,0.999919,1
967,70781.6,-46738.6,10487.8,1.05087,0.982894,1.0125,1.03641,1.08336,-0.0515671,-0.000213728,3.93781,0.931791,0.546306,1.16328,1
968,74949.9,-121429,19653.2,1.12416,0.983133,1.01343,0.938024,1.27144,-0.151388,-0.00183401,7.79852,0.79517,0.612,0.912461,1
969,88146.4,-40947.2,6552.76,1.01689,0.96856,0.988984,1.03531,1.34602,-0.101363,0.00174629,2.53516,0.882118,0.517874,1.15698,1
970,70428.6,-113673,22360.9,1.36703,0.970833,0.986683,1.03163,1.17388,-0.19814,-0.00103016,9.13605,0.781241,0.62143,0.876905,1
971,82885.3,-75937.1,8160.01,0.549554,1.00972,0.999055,1.00128,0.953041,-0.0916431,0.000208935,4.57972,0.845588,0.55072,1.0538,1
972,73609.4,29879.4,9684.68,0.799247,1.02695,1.00054,0.966045,0.657328,-0.0564065,0.0022589,4.43986,0.777156,0.546013,0.92236,1
973,84290.7,-30209.7,-21316.3,1.12989,1.00312,0.998479,0.969544,0.634656,0.0452855,-0.000671515,3.40672,0.832761,0.525754,1.05339,1
974,90480.3,-220.797,3488.75,1.22734,1.00324,1.00546,0.995718,1.2986,0.0537048,-0.000100398,3.56129,0.72806,0.522316,0.887412,1
975,92573,-88173.4,15829.9,1.1437,0.999496,1.01114,0.986745,0.888389,-0.170958,-6.65548e-05,3.50712,0.809571,0.537916,1.02541,1
976,91951.6,-28841.9,-6503.48,0.538152,0.990804,0.988207,1.00221,0.772415,-0.0171363,0.000521614,2.6815,0.795087,0.510886,1.0184,1
977,92649,24222.6,-8040.37,0.975994,1.00335,1.00028,0.992316,1.12449,0.106966,7.02509e-05,3.62349,0.839249,0.535407,1.07944,1
978,79864.7,-78616.5,3884.45,1.10532,0.992123,0.999114,0.97992,1.19994,-0.134098,0.00054031,5.65617,0.792656,0.563947,0.949064,1
979,87091.6,-73469.3,18814,1.18454,0.994714,0.999733,1.03926,0.794591,-0.153051,-0.000374907,4.57488,0.875694,0.557342,1.11356,1
980,82480.8,27651.8,-17728.7,0.769667,1.00088,1.00134,1.02419,0.961589,0.151333,-0.000471138,5.82146,0.783676,0.563409,0.938634,1
981,18.3446,36.0582,8.12887,1.07304,0.955613,0.994198,1.00048,0.822049,-0.157569,0.000165052,37.2323,1.11711,1.35001,1.0733,1
982,94486.6,34640.1,3567.49,1.10551,1.03306,0.999562,1.02607,1.15638,0.116561,0.000689171,5.47833,0.767178,0.544784,0.945986,1
983,73074.6,-86730.1,21730,0.635717,0.974072,0.981403,1.03895,0.805524,-0.143596,0.000700717,3.98234,0.791482,0.554011,0.938876,1
984,19465.1,-68462.4,20897.4,1.38388,0.993051,1.00729,1.01883,1.37609,-0.472504,-0.000330561,48.3538,0.989334,1.32709,0.921858,1
985,79752.3,-40181.2,18166.6,1.01251,0.989544,1.00153,0.990544,0.651053,-0.106826,0.00108189,5.21047,0.748741,0.571572,0.869769,1
986,86143.8,38902.3,-19636.2,0.727261,0.996226,0.986047,1.03142,0.979496,0.203395,0.000184892,6.56424,0.822812,0.591679,0.992584,1
987,67204.3,-149335,21997.2,1.28449,1.01196,0.990644,1.01129,1.14044,-0.248947,-0.000873187,11.9334,0.925377,0.660956,1.07598,1
988,85175.7,-33909.3,-2566.56,0.712528,1.01045,1.00099,1.02418,1.15973,0.048735,-0.00112758,3.06848,0.798611,0.529911,0.994118,1
989,72223.2,-37104,17440.6,1.02087,1.02986,0.991046,0.964206,0.942912,-0.0554792,5.98572e-05,4.12349,0.763501,0.54859,0.896154,1
990,80793.1,-97800.1,14677.5,0.696432,0.983499,0.998521,1.02684,1.10756,-0.119121,0.000141431,5.46732,0.83336,0.56848,1.0161,1
991,86670.8,-86873.6,19661.8,1.09159,1.01667,1.00307,1.0119,0.938708,-0.194131,-0.00011589,6.37926,0.77585,0.57073,0.927807,1
992,94163.4,-26733.7,23766.3,0.933974,0.997092,1.00724,0.969585,0.747269,-0.0735532,0.000984074,2.09911,0.688385,0.513297,0.829671,1
993,92810.1,-108714,20852.1,1.09133,1.01987,0.994367,1.00202,1.16799,-0.202219,0.000376702,3.59981,0.768889,0.538671,0.951892,1
994,85946.9,-36928.7,-3956.32,0.788725,0.963166,0.985677,0.984018,0.701293,-0.0736015,0.000764839,2.68297,0.74635,0.52149,0.911551,1
995,99214,-62523.5,1044,1.2105,1.01951,0.992664,0.922837,1.13926,0.0159963,-0.00152406,2.84263,0.714741,0.51684,0.882319,1
996,87838.8,118381,-49165.8,1.02746,1.0388,0.992165,0.996349,1.32212,0.393694,-8.92623e-05,16.2299,0.85539,0.735428,0.945408,1
997,101802,22590.8,-10899,1.06944,1.01138,1.00352,1.00056,0.888837,0.126336,0.000934634,4.5625,0.768901,0.56293,0.948227,1
998,85228.7,-78571.1,22911.1,1.14756,1.00229,0.986543,1.01223,1.02785,-0.103446,-0.000544342,4.59405,0.772335,0.552039,0.932644,1
999,88997.9,9103.98,-7461.92,0.935674,0.99749,0.997459,0.983445,1.0275,0.0703552,6.14774e-05,3.62559,0.73602,0.543769,0.882343,1
