run,apogee_m,impact_x_m,impact_y_m,wind_scale,thrust_scale,dry_mass_scale,aero_scale,sensor_bias_scale,thrust_misalignment_deg,cg_offset_m,impact_valid
0,136.541,-335.703,343.621,1.15258,0.992899,0.984655,1.00628,1.00486,0.246613,-0.023934,1
1,650.563,1735,-1546.12,1.00094,0.987614,1.00138,1.02921,1.24504,-0.0833747,-0.0141602,1
2,1668.23,4408.48,-3230.05,1.30151,0.954495,1.00721,1.02483,1.26442,0.0643437,0.00661944,1
3,681.361,-1562.45,1763.23,1.20812,0.963716,0.99615,1.04575,0.971638,0.179256,-0.00620665,1
4,59339.8,167978,-89692.4,0.804658,1.01513,1.0174,1.01784,1.04582,-0.00742495,-0.00309882,1
5,898.628,-2069.42,2425.35,1.115,1.00897,1.01448,1.00086,0.963469,-0.0611881,0.0139284,1
6,1477.2,3875.26,-2951.26,0.931595,0.985336,0.99596,1.01704,0.968927,-0.218384,-0.00234971,1
7,1390.85,4272.51,-3294.9,0.525986,0.993719,0.993067,1.00609,0.92552,-0.115603,-0.00476912,1
8,3610.88,-4884.71,9831.26,0.802148,1.02476,0.991226,0.975985,1.07412,0.0424889,-0.00501766,1
9,540.397,-1269.47,1395.08,0.833305,0.980018,1.00895,0.962927,0.758054,0.109443,-0.0128454,1
10,1442.06,-3169.87,4152.47,0.907483,1.01155,1.00545,1.02014,0.780458,-0.0480475,0.0110757,1
11,3796.85,-4457.93,8311.7,1.12501,1.00229,1.00255,0.996076,0.768567,0.0262035,-0.00724693,1
12,2002.25,6193.53,-4384.75,1.07088,0.996032,1.00007,1.03952,1.00289,0.121487,0.00302493,1
13,1823.97,-4010.96,5524.48,0.778689,1.04963,1.0029,1.00139,1.12407,0.0333768,-0.0130425,1
14,948.822,-2064.4,2447.15,1.0295,0.99009,0.995295,0.985274,0.929607,0.135314,-0.00604536,1
15,200.867,521.842,-504.047,1.0382,0.974115,0.99225,0.990215,0.748689,0.312474,0.0121506,1
16,1227.21,3493.06,-2778.59,0.918869,1.01429,1.01388,1.02816,0.816364,-0.20553,-0.0030453,1
17,395.522,-948.164,1015.05,0.863183,1.01386,1.00632,1.0025,1.03227,0.131057,-0.0152853,1
18,3287.84,-5643.7,10356.1,0.9108,0.993092,0.999341,1.00458,1.03829,0.0279415,-0.00833159,1
19,426.938,-1033.32,1112.71,1.43019,1.00372,1.01244,1.02093,0.724235,-0.195667,0.00918156,1
20,3527.37,8858.01,-4766.48,0.769761,0.988891,1.00102,0.980047,0.827374,-0.0777046,-0.00255593,1
21,2230.48,7930.22,-5127.55,1.37881,1.01458,0.996992,0.97094,0.776302,0.211822,0.00158218,1
22,3129,-4730.3,8840.22,1.24943,0.95255,0.980463,1.01609,1.03498,0.0149759,-0.0154849,1
23,821.29,-1881.08,2176.69,0.900109,1.02513,0.993749,0.977047,0.837241,-0.119874,0.00812364,1
24,30933.7,-47489.7,109839,0.881012,1.01101,1.00611,0.965469,1.28344,-0.0265026,0.00140144,1
25,1271.03,-2718.87,3444.97,0.947307,1.02323,1.0073,1.00621,1.15323,0.229485,-0.00269664,1
26,331.528,-806.851,854.692,1.06892,0.979506,0.999388,1.00728,1.29414,-0.133441,0.0172768,1
27,8765.09,31681.9,-11393.4,0.695278,1.01192,1.02033,0.984489,1.12539,-0.234765,-0.000268608,1
28,687.423,1825.93,-1614.54,1.33947,0.994693,0.982095,1.01091,1.07093,-0.258848,-0.00449429,1
29,2459.84,-3768.92,5775.15,0.972754,0.987579,1.00666,1.00138,0.760122,0.0839362,-0.00354335,1
30,42598,-59758.7,126363,0.943839,1.00679,1.00519,0.985413,1.0626,-0.185318,0.000174354,1
31,4167.49,12124.7,-6395.93,0.793367,1.0191,0.984286,1.01024,1.06337,-0.0137155,-0.0124123,1
32,1585.73,-3187.81,4174.34,1.23982,1.00251,1.00378,0.982491,0.858477,-0.0492922,0.00973114,1
33,498.172,1325.24,-1214.12,0.787356,0.992297,1.00436,1.006,0.795983,0.180812,0.00847798,1
34,136.529,-344.719,352.837,0.806619,1.00012,1.00281,0.995973,1.03948,-0.427328,0.0132144,1
35,117.246,293.825,-288.15,0.836847,0.975217,1.01754,1.00348,0.630826,-0.308931,-0.0209156,1
36,912.397,2481.48,-2105.51,1.08142,0.97522,0.993622,1.01224,0.850494,0.211481,0.00389038,1
37,646.972,-1510.38,1693.95,0.835662,0.96186,0.997376,1.00049,0.989399,-0.0864646,0.0133752,1
38,671.9,1809.04,-1607.6,1.46428,1.01889,1.01045,0.979647,0.931098,0.0872956,0.0132732,1
39,2229.94,6008.2,-3950.36,0.7045,0.97873,1.01892,0.969252,1.30591,0.294707,0.00106398,1
40,1658.62,-3470.43,4607.11,0.935563,1.01417,0.993376,1.06311,1.27047,-0.19596,0.00237277,1
41,5605.78,15169.7,-5129.84,1.31347,0.990141,1.00668,0.999287,1.42399,0.0229148,0.00447998,1
42,9567.81,41939.7,-13167.4,1.0288,1.00362,1.00522,1.01235,0.999443,-0.00971045,-0.00590276,1
43,643.785,1729.13,-1541.98,0.997079,1.01468,0.99226,1.00066,1.23991,0.0952804,0.0129485,1
44,1684.91,-3772.71,5149.23,1.22237,0.991928,0.999406,0.960817,1.3053,0.0396197,-0.0113598,1
45,307.296,801.905,-760.521,0.705536,0.973672,1.00847,1.00848,1.23989,0.167836,0.0145007,1
46,583.783,1569.94,-1414.53,1.0823,0.98785,0.990351,0.919558,1.09803,0.174758,0.00759059,1
47,841.424,-1894.78,2199.9,1.1377,1.00945,1.01138,1.00866,0.736717,0.0680466,-0.0135217,1
48,91145.1,-51474.2,134212,0.981431,1.02488,0.986417,0.99417,1.30384,-0.0567931,0.000327225,1
49,10009.1,-11079.4,32137.6,1.07176,1.03804,1.00716,0.947867,0.788542,-0.00866742,0.00695009,1
50,635.115,-1486.7,1662.65,0.85839,0.986804,1.00685,0.980257,0.753933,-0.0787484,0.0151956,1
51,2087.58,7247.88,-4881.67,1.30377,0.981948,0.991508,0.981949,0.864895,-0.0553747,-0.00639771,1
52,1646.08,-3702.63,4991.1,1.02609,0.989735,1.00725,1.03201,0.968023,0.02691,-0.0168493,1
53,1143.9,3092.91,-2509.24,1.12329,1.02451,0.98703,1.05876,1.00173,0.262994,0.0026227,1
54,10692.8,-12523.4,38905.3,0.937461,1.00073,0.996488,0.969358,1.16083,-0.0523597,0.00108984,1
55,305.672,790.016,-749.388,1.04403,1.0051,0.996849,1.01279,1.17966,-0.1137,-0.0228805,1
56,1547.7,-2943.21,3880.72,0.903016,1.01102,1.00328,0.988494,0.975038,-0.131884,0.00375116,1
57,1238.82,3444.45,-2779.2,1.04984,0.980793,1.01151,1.04411,1.25326,0.0800663,0.00739177,1
58,381.557,1007.9,-943.179,0.979906,1.01131,1.00212,1.00293,0.688961,0.217674,0.00942175,1
59,5871.05,22387.9,-8602.35,1.10807,0.994157,0.987441,0.976119,1.41618,0.0283428,0.00487358,1
60,5304.02,-8190.87,18707.4,1.05647,1.00993,1.00172,1.01808,1.22617,0.0726352,-0.00198948,1
61,2411.31,6859.67,-4286.46,0.848405,1.02231,1.00307,0.984881,0.962519,0.329005,0.000929314,1
62,1164.78,3196.21,-2568.08,0.863294,0.977643,1.00409,1.00591,1.10652,0.0859694,0.00739612,1
63,870.777,-1956.43,2292.46,1.01998,1.01253,0.981835,1.03322,1.18988,0.282051,-0.00331158,1
64,301.095,788.567,-748.25,1.11591,0.985211,0.995884,0.965967,1.09647,0.255324,0.00999564,1
65,2430.68,-3790.62,5732.06,1.09391,0.997279,1.03006,0.992492,1.18335,-0.0246511,0.0119424,1
66,285.308,-691.8,726.857,0.661654,0.980176,0.993676,0.954791,0.90116,0.133792,-0.0204435,1
67,194.622,504.709,-488.151,1.35964,0.995109,1.00276,1.05251,0.963151,0.269947,0.0146603,1
68,354.072,-864.388,919.445,0.951807,1.00689,0.991534,1.0019,0.480524,-0.172761,0.0129729,1
69,95348.6,-22948.3,98768.5,1.02599,0.989387,0.995542,1.04195,0.788312,0.00304367,-0.00464063,1
70,858.337,2317.06,-1986.5,0.774708,1.01825,1.00721,0.98684,1.1857,-0.0804563,-0.0113365,1
71,2669.86,-4518.81,6906.45,0.744393,1.00895,1.01503,1.01303,1.17882,-0.0311013,0.00881014,1
72,2060.41,-4432.31,6347.13,0.907817,0.991305,1.00235,1.03245,1.04113,-0.0494366,0.00728073,1
73,848.371,2340.42,-2009.65,1.05045,0.979049,0.991491,1.03257,1.2517,0.16398,0.00545379,1
74,670.407,1785.02,-1584.43,0.910036,1.00759,0.99117,1.01834,0.967143,-0.146729,-0.00810153,1
75,4796.01,19343.4,-8617.93,1.0265,1.00349,1.00117,0.987642,0.832479,0.0165213,0.00900642,1
76,323.486,-790.663,836.694,1.00215,0.983855,0.990096,0.991545,0.910536,-0.165033,0.0145556,1
77,10208.7,-12161.1,35991.9,1.13873,0.975226,1.00188,1.0436,0.964544,-0.036531,0.00160237,1
78,357.83,-873.636,928.845,0.513913,1.00391,1.02331,1.01225,0.881208,-0.240348,0.00878695,1
79,548.033,1462.74,-1328.89,0.914742,1.01829,1.00606,0.991362,0.847999,0.13379,0.0106849,1
80,105806,117964,-60362.1,1.07855,1.00414,1.00591,0.931306,1.13695,0.0688863,0.000120856,1
81,1088.48,-2318.34,2809.08,0.957705,0.986195,0.996763,0.981195,0.879572,0.0770751,-0.00914707,1
82,922.186,2513.41,-2119.43,0.786493,0.98774,0.986569,1.02392,0.871025,0.0636567,0.0131673,1
83,834.045,2254.7,-1940.03,0.786806,0.991225,0.993072,1.01733,0.883101,0.0426132,0.0217161,1
84,56387.5,167167,-87510.9,1.15814,0.996735,0.989626,1.03898,1.2227,0.0838651,0.000288024,1
85,718.376,-1675.35,1905.76,0.992209,1.00632,0.982887,1.02522,1.53514,-0.263308,0.00419231,1
86,6180.51,-7936.81,20077.6,1.01195,0.998241,0.995877,1.00476,0.59187,0.0313364,-0.00435699,1
87,6649.6,16652.8,-6441,1.18079,1.00508,1.00513,0.945402,0.999994,0.127843,0.000670975,1
88,276.128,-670.786,703.053,1.15815,1.01919,1.0114,1.01107,1.56295,0.157561,-0.0182437,1
89,4260.83,-5220.33,10039.6,1.16065,1.03203,0.979922,0.979875,0.633551,-0.0115183,0.0151892,1
90,1263.46,3487.03,-2794.09,1.24951,0.975254,0.993033,1.01075,0.998443,-0.0894118,-0.00667038,1
91,5961.82,-3524.65,12778.1,0.99246,0.97273,0.980602,0.975101,0.760273,-0.00764067,0.0139744,1
92,573.646,1531.64,-1383.65,0.800494,1.0247,0.994189,1.03048,1.2234,0.1053,0.0132571,1
93,12115.2,57489.7,-16376.2,0.928003,1.01766,1.00169,1.00116,0.84534,0.00757557,0.00669405,1
94,2584.9,-4282.12,6509.7,0.670439,0.995866,1.00664,1.01708,0.611769,-0.153941,0.001828,1
95,4115.66,12060.8,-6443.09,0.881276,1.00879,0.993977,1.00198,0.919968,-0.153244,-0.0011149,1
96,1656.04,-3723.61,5017.22,1.34597,0.993541,1.00686,0.994026,1.05134,0.0516764,-0.00878482,1
97,1102.2,3069.53,-2497.28,0.920712,0.960158,1.01175,1.0388,1.39394,-0.0563575,-0.0116431,1
98,445.917,1181.97,-1093.2,1.04626,0.995993,1.00407,0.914565,0.904361,0.155814,0.0110799,1
99,7461.99,-6124.07,15720.3,0.813808,0.996188,1.01209,0.985678,0.972351,0.0389843,-0.00206317,1
100,7400.55,-5511.53,14883.4,1.14369,1.02249,1.00902,1.06151,1.36542,0.0830173,-0.000981711,1
101,2466.71,-3742.33,5798.28,1.18743,0.997983,1.01011,0.978433,0.976966,0.0453889,-0.00657781,1
102,847.438,-1924.72,2240.88,1.13843,1.01135,1.00144,0.993165,0.812296,-0.156457,0.00587674,1
103,527.221,1405.7,-1280.99,0.907532,0.996455,1.00086,0.99996,0.635689,0.134262,0.0109023,1
104,10414.2,-11639.9,34865.2,0.976684,1.04607,0.998455,0.987969,0.895898,0.00577073,-0.0100824,1
105,1680.02,-3832.73,5191.08,0.93143,1.01153,1.0098,1.02025,1.02227,-0.391237,0.00113787,1
106,1797.09,-3219.91,4494.2,0.866577,0.994591,1.01328,0.982902,0.915746,-0.125817,0.00326644,1
107,3304.44,-4189.59,7832.77,1.11278,0.979355,1.01404,1.02901,1.36113,-0.138568,0.00153477,1
108,716.512,-1641.16,1861.72,1.00302,0.993552,1.00402,1.04921,1.08899,0.21499,-0.00503176,1
109,1122.35,-2389.73,2900.03,0.768916,1.00732,1.01182,1.05267,0.921244,0.163254,-0.00419711,1
110,405.145,-975.807,1046.51,0.825615,1.05136,1.00618,1.02577,1.03296,0.110521,-0.0183157,1
111,1542.34,4503.07,-3336.55,1.04922,1.02875,0.989265,1.0228,1.16728,-0.0678181,-0.00757673,1
112,932.043,2612.44,-2211.24,0.974162,1.02269,1.01018,0.966164,0.617176,-0.0402304,-0.0208248,1
113,381.682,-915.635,977.612,1.06969,0.999582,1.01635,1.03034,0.822574,0.141525,-0.0142679,1
114,148.6,374.324,-365.028,1.04473,1.00713,0.9957,1.01437,1.16572,-0.345038,-0.0157613,1
115,552.497,-1310.24,1443.48,1.13255,0.997825,1.00456,1.0262,0.465721,-0.0906728,0.0154035,1
116,208.145,-523.97,542.929,1.01717,0.970682,1.01819,0.95145,0.922465,-0.48673,0.00718715,1
117,286.698,-706.075,742.016,0.960831,0.997405,0.998081,0.928532,0.991766,-0.182262,0.0149294,1
118,1572.89,-2974.54,3925.69,1.02681,1.0083,0.999302,0.979075,1.25999,0.0740029,-0.00664781,1
119,92594.3,156677,-83348.9,1.16683,1.00136,0.984776,1.00738,1.1269,-0.00209218,-0.00635456,1
120,1633.35,5050.35,-3778.31,0.98513,0.994915,0.995667,0.985672,1.26577,-0.0565356,-0.00820706,1
121,1409.25,-3128.81,4000.04,0.754761,1.01438,1.00125,1.04154,0.709134,0.198084,-0.00279905,1
122,1391.93,3670.71,-2861.98,1.432,0.965432,1.01537,0.998033,0.571491,-0.0842156,-0.00614035,1
123,36886.7,143682,-67816.8,0.77822,1.02059,1.0027,0.978521,0.965431,0.00299065,0.0106694,1
124,760.422,2092.44,-1828.25,0.9172,1.03101,1.00905,0.924648,1.24591,0.399349,0.00256261,1
125,13971.9,66032,-19303.8,0.931591,0.969069,1.02075,0.95811,0.627835,0.00794716,0.00608673,1
126,579.491,-1356.23,1501.24,1.0369,0.986276,1.00619,1.03086,1.23948,0.0937567,-0.0140948,1
127,157.25,-384.86,395.273,0.598936,0.999639,0.994715,0.951226,1.31787,0.30727,-0.0166065,1
128,184.923,470.513,-455.893,0.890783,0.992759,0.997109,1.0046,0.934433,-0.20254,-0.0210864,1
129,652.262,1726.11,-1539.43,0.755228,1.02065,1.00643,1.02222,1.08436,-0.22837,-0.00533109,1
130,1000.63,-2214.35,2642.56,0.845206,0.99511,0.983621,1.03924,0.91105,0.0737795,-0.0106795,1
131,1266.66,-2773.8,3523.06,1.04224,1.01578,0.988008,1.01683,0.678003,0.050017,-0.0125492,1
132,51668.7,-63180.8,133307,1.00692,1.00499,1.00025,0.971975,0.827532,0.15138,-0.000195437,1
133,316.465,813.785,-770.567,0.919583,0.993178,1.0013,1.00099,1.23983,-0.252153,-0.00983818,1
134,5685.78,-8040.94,19141.6,1.03197,0.97748,1.01204,0.947434,0.697026,-0.229527,0.000613563,1
135,1486.93,-2860.49,3743.34,0.974721,0.988649,0.998176,0.959739,1.22061,-0.163424,0.00310438,1
136,1363.33,-3078.95,3955.49,1.02803,0.993694,1.01696,0.970706,0.952814,-0.0465646,0.0117332,1
137,64235,-67676.6,143527,1.08559,1.02106,0.989493,1.00418,0.948541,-0.0721196,0.000360404,1
138,5073.33,20372.6,-8768.34,1.02108,1.01221,1.00239,1.01567,1.51692,-0.0640699,-0.00226122,1
139,79443,180280,-97961.1,0.847741,1.02404,0.996756,0.94365,0.775584,0.0152507,0.00119582,1
140,265.924,-656.287,686.87,0.558394,1.00184,1.01172,0.998836,1.13951,-0.211897,0.0136339,1
141,117709,15368.6,45152.7,0.698213,1.0061,0.992181,0.96137,1.2292,-0.0763136,6.6499e-05,1
142,2080.84,6226.31,-4374.29,1.02735,1.0153,1.00108,1.01323,1.04177,-0.118253,-0.00307963,1
143,3053.93,11166.7,-6259.45,1.11136,0.984168,1.00814,1.00258,0.73659,-0.151425,-0.00158575,1
144,680.822,-1580.97,1785.66,0.773567,0.95862,0.98835,1.01049,0.970891,-0.0967608,0.0114437,1
145,5076.92,20513.5,-8795.15,1.13673,1.03958,0.993747,1.03083,1.21832,0.0321583,0.00447482,1
146,18395.2,89768.1,-28373.3,0.479841,1.02104,1.00167,1.00552,0.942186,-0.00449756,-0.00945704,1
147,630.606,1677.78,-1501.01,1.61529,0.987611,1.00496,0.988184,0.802034,-0.105654,-0.0114985,1
148,474.04,1246.32,-1146.13,0.852309,0.983483,0.98837,0.947651,0.827882,-0.103278,-0.0160074,1
149,499.14,1326.15,-1213.91,1.11554,1.00706,0.986358,0.970173,1.17197,0.107566,0.014854,1
150,1579.09,-3339.55,4368.18,1.16345,0.988571,1.00566,1.02821,0.739998,0.0927973,-0.00512158,1
151,29079.2,-44074.1,103054,0.812852,1.01165,1.01279,1.06609,0.756337,0.015686,-0.00238778,1
152,1555.47,4254.26,-3256.95,0.945087,1.00278,1.00795,1.05213,1.113,-0.0288012,-0.016748,1
153,331.14,855.621,-807.878,1.21206,0.99775,0.994447,1.05641,0.901129,-0.170422,-0.0140487,1
154,10288.6,-11556.4,34767.3,1.23882,1.02435,0.995544,0.973849,0.897727,0.041582,-0.00141716,1
155,1214.65,3301.84,-2669.62,0.578641,0.977576,1.0113,0.994186,0.694141,0.091533,0.00658624,1
156,100551,90284.9,-41411.4,1.28131,0.980819,1.01007,1.0356,0.679839,-0.116333,-5.83416e-05,1
157,1223.28,-2794.27,3474.95,1.40885,1.02326,0.99715,1.03542,1.02871,-0.0577206,0.0111636,1
158,2687.22,7323.05,-4711.33,1.1945,1.03124,1.0112,1.00027,1.12559,0.0956661,0.00286244,1
159,131.14,337.865,-330.449,1.25259,1.00629,1.00582,1.03351,1.02961,0.221487,0.0268114,1
160,1990.66,-3876.2,5413,1.4158,0.987926,0.995011,1.02101,0.970831,0.040229,-0.00937805,1
161,562.779,1497.71,-1358.18,0.8838,0.989206,1.02407,0.956421,0.914187,0.10767,0.0122553,1
162,634.941,1692.51,-1513,1.25725,1.00574,0.998824,0.99758,0.835758,-0.0773855,-0.0159994,1
163,478.16,1256.76,-1154.69,1.00567,1.01062,0.982698,1.00534,0.924459,-0.0762455,-0.022228,1
164,21428.6,-29949.3,82338.4,0.858845,0.975001,0.99287,0.972323,0.893985,0.00389837,-0.0110531,1
165,6198.41,14893.8,-5956.12,0.855409,0.96406,1.00345,1.00688,0.885115,0.0579736,0.00157343,1
166,1162.36,3083.2,-2507.48,0.715741,1.02134,0.996858,0.997655,0.506761,-0.279687,-0.00244825,1
167,7205.71,18851.7,-7479.33,0.878938,0.995769,0.983273,1.00083,1.12175,0.0502978,0.00157943,1
168,840.861,-1892.94,2200.92,1.15419,0.969511,0.981578,1.0014,0.964646,0.117154,-0.00786256,1
169,1334.42,4119.89,-3215.13,1.28689,0.984578,0.997759,1.02198,0.863361,0.19402,0.00287676,1
170,7915.36,26009,-10102.7,1.16133,0.951739,0.998402,0.991869,1.22082,0.0820175,0.000850112,1
171,969.812,2623.53,-2202.58,0.879062,1.01197,0.999879,0.966066,1.21793,0.134413,0.0059569,1
172,2667.26,8667.85,-5507.08,0.873979,0.983679,0.998424,0.967469,1.21036,0.0493113,0.00544135,1
173,375.101,974.139,-912.752,0.982393,0.987777,1.00462,0.943426,1.26825,-0.131441,-0.015672,1
174,854.873,-1921.97,2239.39,1.14041,1.01578,1.00489,1.04026,0.797252,0.0896151,-0.0102554,1
175,1021.96,2911.39,-2425.61,1.00981,1.00978,1.0113,1.04131,0.839096,-0.0622123,-0.0120586,1
176,104032,100999,-47452.4,0.957885,0.988601,0.996676,1.01761,1.201,0.00199695,0.0036343,1
177,2744.37,-4778.67,7429.26,1.10003,1.00431,0.999084,0.971062,0.987967,-0.0435006,0.00623205,1
178,5994.1,16833.2,-5364.43,1.07243,1.003,1.00265,1.00629,1.03654,-0.0179164,-0.00604065,1
179,671.976,1794.53,-1591.31,0.988304,1.01805,0.987231,0.968552,0.921499,-0.14366,-0.00839199,1
180,2184.31,7092.85,-4588.18,1.22649,0.985119,0.998381,1.03584,1.17419,-0.0405608,-0.008231,1
181,339.172,890.4,-839.831,0.605287,1.01421,1.00908,0.949988,1.07957,0.15722,0.0146404,1
182,13209.6,-16830.7,53562.1,0.931309,0.971875,1.00851,0.986314,0.821668,0.0126263,-0.0040526,1
183,440.509,-1045.38,1128.69,1.32727,1.00224,0.996797,0.999375,0.928995,0.234325,-0.0077088,1
184,3639.01,9228.78,-5138.28,1.03794,0.973122,0.997805,0.976221,1.31836,-0.175635,-0.00108785,1
185,2624.59,-3926.64,6133.44,0.793059,1.01682,1.00709,1.00774,0.992908,0.21155,-0.00135739,1
186,2528.65,6988.01,-4283.92,0.668811,1.03469,0.995711,1.01933,0.801545,0.0196456,0.0152931,1
187,576.119,1545.16,-1394.33,0.984038,0.989592,0.990121,1.00551,0.82337,0.159867,0.00842005,1
188,5951.05,16560.4,-5420,0.894005,0.989223,1.00192,1.0636,0.750412,-0.170105,-0.000656328,1
189,984.012,-2259.38,2689.99,0.871931,0.987949,1.00189,0.990817,0.720379,-0.060909,0.0126932,1
190,118239,10770.9,-2493.95,1.10661,1.00655,0.997254,1.01479,1.10357,0.000184963,0.00197834,1
191,742.801,1993.83,-1748.18,0.92182,1.03,1.00521,1.01266,1.14609,-0.114872,-0.00934247,1
192,2182.07,-4704.38,6912.02,0.759032,1.01638,1.00972,1.03168,0.682459,0.10088,-0.00343335,1
193,1803,5502.83,-3848.18,0.980118,1.00329,0.984876,1.00233,1.20469,-0.0476533,-0.00896503,1
194,537.804,-1268.86,1392.76,1.09532,1.01173,1.01248,1.02153,0.924493,0.0931318,-0.0155835,1
195,1613.99,-3052.64,4063.76,1.06786,1.01302,0.98505,0.984664,1.05439,-0.0546633,0.00892166,1
196,10269.5,47043.1,-14007.6,1.37948,0.986242,1.00019,0.995142,0.946901,0.00816166,0.00680099,1
197,101305,-18536.6,95878,1.11162,0.990985,0.9845,0.987988,0.940355,-0.0323649,0.000403273,1
198,2030.73,7009.88,-4742.74,0.827618,0.961722,0.985749,1.03203,1.036,-0.116632,-0.00307935,1
199,781.377,-1785.43,2051.62,0.911198,0.988298,0.997859,0.994385,0.866846,0.0748882,-0.0132061,1
200,5685.52,15685,-5036.78,0.84851,0.991638,0.988805,0.972613,0.975556,-0.0150737,-0.00682795,1
201,701.626,-1643.27,1860.73,0.922951,1.01793,0.998545,0.975828,0.986515,-0.265191,0.00422779,1
202,3563.11,8971.43,-4980.45,1.23112,0.984431,1.00826,0.969922,1.07623,0.0685277,0.0028202,1
203,1399.27,-2854.7,3718.75,1.45075,0.985821,1.01133,1.00616,1.25963,-0.0449201,0.0118135,1
204,2660.27,9403.85,-5850.84,1.23162,0.958563,1.00507,0.978105,0.861993,-0.251829,-0.00105211,1
205,118807,14113.5,18265,0.788246,1.01671,1.00399,1.02801,0.671219,-0.00156462,0.00122744,1
206,195.352,498.173,-481.675,0.911608,0.989878,0.983452,0.997388,1.23467,-0.191309,-0.0214521,1
207,3920.64,-5010.77,9108.78,1.39735,0.991099,0.997567,1.00049,0.586948,-0.0485021,0.00376397,1
208,3339.16,-5595.49,10338.3,0.943443,1.00061,1.01054,0.939826,0.932271,0.0298694,-0.00766864,1
209,1012.57,2763.79,-2311.26,0.863286,1.02288,0.99974,1.00178,1.0093,0.101619,0.00762431,1
210,3387.85,-4314.27,8376.62,1.23432,0.987911,0.995443,0.998646,0.943076,-0.0317638,0.00672875,1
211,410.003,-990.969,1065.02,0.886251,0.953442,0.992408,0.961275,1.33874,-0.133179,0.0137111,1
212,985.056,2726.5,-2287.7,1.12632,0.984211,0.986717,0.958119,1.57406,-0.148742,-0.00530424,1
213,499.483,-1185,1292.69,1.52381,1.00671,1.00406,0.959223,1.1242,0.0904523,-0.0174114,1
214,722.001,1962.81,-1726.05,0.846288,0.965086,1.00623,0.957911,1.04696,0.194925,0.00522022,1
215,1191.16,3412.85,-2721.38,1.18634,0.993774,0.997448,1.00428,0.879411,0.140626,0.00452738,1
216,1350.72,4179.18,-3258.05,0.859584,0.992159,1.00009,0.959967,1.24952,0.167237,0.00332518,1
217,1778.82,5565.48,-3927.29,0.888206,1.00382,0.992641,0.978875,1.24487,-0.132502,-0.00325567,1
218,2475.68,7259.12,-4430.55,1.37307,1.0243,0.986562,0.973578,0.816141,0.0167456,0.0184639,1
219,359.322,-876.664,933.6,1.10452,0.988123,0.993256,0.985032,0.736524,-0.210803,0.0102358,1
220,20328.9,97610.9,-32349.8,1.10709,0.999428,0.998865,0.966879,0.949501,0.0027435,0.0150966,1
221,3560.16,-4164.58,8122.61,0.806643,0.999376,0.996299,0.990916,0.9609,-0.0659463,0.00309249,1
222,257.118,-626.176,654.499,1.1231,0.998245,0.995133,1.05344,0.541652,0.149857,-0.0206076,1
223,4400.28,-7449.95,14794.4,1.12688,0.983599,1.0097,1.03099,1.42664,-0.179855,0.000876795,1
224,2768.85,-5196.47,8183.44,1.24363,0.995867,0.999107,0.957367,0.843919,-0.107596,0.00247017,1
225,1850.31,4869.06,-3516.44,0.736985,0.980335,0.997966,1.0212,1.05368,-0.124033,-0.00321867,1
226,2415.02,6667.53,-4177.1,0.732979,1.01065,0.996752,0.967649,0.99803,0.208441,0.00146918,1
227,855.612,-1921.85,2239.38,1.15799,1.01425,1.0053,0.988772,0.807374,0.102548,-0.0089519,1
228,845.489,-1907.31,2220.16,0.760702,1.00047,0.994663,0.995107,0.88041,-0.0557506,0.0165639,1
229,312.461,816.129,-772.98,0.806827,0.983266,0.99953,1.00596,1.12707,0.191961,0.0127457,1
230,697.432,-1619.55,1834.82,1.31342,0.981712,0.989821,0.998607,0.745523,-0.078534,0.0141012,1
231,16479,-22092.2,68536.6,0.946037,1.03078,0.989611,0.968728,0.522068,-0.075853,0.000612706,1
232,795.829,2144.47,-1860.79,1.28468,0.990616,1.0034,1.0144,1.24456,-0.170592,-0.00566034,1
233,397.121,-945.433,1011.96,1.23239,0.995955,1.02047,0.965659,1.19701,0.279946,-0.00690956,1
234,13330.1,-16914.5,55105.1,1.22486,0.969895,1.00627,0.914077,0.9594,-0.0799839,0.00064184,1
235,2046.59,-4485.76,6461.46,0.96256,0.981677,1.00372,1.00335,1.36488,-0.0357358,0.0100445,1
236,1095.2,3228.1,-2649.94,1.38173,0.983082,1.01319,1.00624,1.11824,0.287267,0.00232277,1
237,3604.97,9432.24,-4762.43,0.953356,1.00555,0.974545,1.00234,1.0944,0.015764,0.0127317,1
238,343.381,-824.771,874.958,0.698956,0.994342,1.0063,0.977995,1.32542,0.239603,-0.00949295,1
239,2444.6,6675.86,-4135.17,1.28495,1.00123,0.976457,0.996002,1.10727,0.112137,0.00274785,1
240,291.808,761.096,-723.816,1.16308,1.0105,1.0049,0.987509,1.00749,0.115456,0.0232718,1
241,1803.67,-3201.16,4489.47,1.02608,0.988815,1.00494,0.996105,1.20951,0.0912557,-0.00454542,1
242,533.897,-1271.06,1395.2,1.11698,0.973894,1.01176,0.988674,0.967061,-0.177588,0.00783212,1
243,750.062,-1736.34,1982.65,1.10166,1.01316,1.00175,0.989312,1.35373,-0.136175,0.00766219,1
244,1078.72,2882.94,-2364.87,1.07482,0.993727,0.992796,0.987773,1.05196,-0.0961359,-0.00746448,1
245,518.79,1366.95,-1248.64,0.928038,0.996621,1.00914,0.977191,1.18447,-0.117868,-0.012622,1
246,3624.32,-4215.86,8411.25,0.667031,1.01505,0.993928,1.01241,1.34556,-0.0117879,0.0171884,1
247,723.457,-1657.56,1884.75,1.12348,1.0173,0.993415,1.00238,1.10427,0.168529,-0.00659755,1
248,1310.31,-2987.65,3765.51,0.72024,0.982183,1.00453,0.974984,0.96522,-0.1134,0.00502573,1
249,54221.7,164837,-85720.4,0.72602,1.00521,0.992975,0.997041,1.25567,-0.414957,-6.17806e-05,1
250,1738.25,-3865.13,5251.53,1.11222,1.02394,1.00744,0.971761,1.20387,0.0350797,-0.0126845,1
251,5649.31,21676.3,-8638.19,0.960842,0.993862,0.993746,1.01868,0.614674,-0.048215,-0.00289966,1
252,2005.07,6086.74,-4308.89,1.17229,0.98943,0.993453,1.03197,1.14611,-0.0906878,-0.0040964,1
253,566.397,-1344.51,1483.38,1.06208,1.01462,1.01643,1.06209,1.25432,-0.14419,0.00943244,1
254,719.37,-1682.96,1911.22,1.22112,1.00586,1.00541,0.99496,0.740017,-0.267784,0.00399397,1
255,1814.14,-3735.65,5306.81,1.37561,1.00822,0.989277,0.993976,0.95857,0.069484,-0.00617628,1
256,121.266,311.934,-305.544,0.826076,0.968054,0.991812,0.979349,1.07835,0.253455,0.0247593,1
257,61680.8,-61310.3,133669,1.20215,0.998504,1.01736,1.00534,0.814008,0.0466397,-0.000548272,1
258,3141.62,-6039.59,10652.1,1.18858,1.00463,1.00454,1.04972,0.390759,0.0225527,-0.0106144,1
259,1010.47,2735.49,-2286.31,0.880152,0.973558,1.01447,1.00963,1.01933,0.196708,0.00365403,1
260,648.242,-1499.63,1681.21,0.889178,0.980508,1.00281,1.03784,0.907479,0.131448,-0.00897131,1
261,376.284,989.553,-926.49,1.26602,0.992535,0.996192,1.00961,0.891625,0.142534,0.0144702,1
262,474.012,-1131.44,1228.8,1.00612,1.047,1.00047,1.06043,0.885632,0.099836,-0.0173495,1
263,522.599,-1247.55,1367.53,0.993084,0.970561,1.00218,1.05244,1.00643,-0.242679,0.0058903,1
264,3535.46,9039.92,-4747.44,0.8111,1.00407,0.997983,1.02939,1.0989,0.0199987,0.00996612,1
265,1300.53,-2655.25,3332.57,1.04566,0.998525,0.997656,1.02977,1.30693,0.0480361,-0.0123327,1
266,898.316,-2039.22,2394.3,0.91933,0.998952,1.01624,1.00159,0.700993,0.0534996,-0.0158065,1
267,1226.99,3244.06,-2599.56,1.00204,0.989086,1.00885,1.00386,1.13221,-0.132087,-0.0046353,1
268,837.462,2252.93,-1941.38,1.2343,1.0054,1.01243,0.969878,0.608256,-0.0851708,-0.0107713,1
269,427.297,1128.92,-1047.07,1.08373,0.995564,0.98979,0.993346,0.823998,0.112552,0.0163332,1
270,4499.68,-7437.04,15187.2,0.873244,0.98153,0.989696,0.959819,1.20627,-0.0558345,0.00284117,1
271,6259.53,-4269.11,14094,0.977391,0.979614,1.00081,1.03669,0.722366,0.0441131,-0.0025887,1
272,2324.58,8250.58,-5312.09,1.45035,1.04114,0.999682,1.0092,1.31427,-0.0694141,-0.00477637,1
273,41937.9,147165,-71680.5,0.820383,0.983667,1.00006,1.00437,0.434558,-0.00735939,-0.00399399,1
274,221.011,-548.604,569.702,0.9173,1.01401,1.00541,0.993249,0.852452,-0.179068,0.019867,1
275,407.404,1061.89,-989.435,1.33032,0.998569,1.00473,1.00974,1.27081,-0.135425,-0.014144,1
276,3167.33,10386,-5612.4,1.26625,0.988468,1.01291,1.01152,0.700624,0.00969982,0.023315,1
277,884.356,-1984.14,2313.73,0.848483,1.01457,1.01436,0.974967,0.806184,0.142831,-0.00615436,1
278,1485.55,3996.91,-3074,0.75187,0.980531,0.997593,0.982298,1.25388,0.0649921,0.00770197,1
279,3464.18,-6015.07,11305.3,1.39369,1.01923,0.987424,1.02144,0.945978,0.054303,-0.00425006,1
280,232.654,596.014,-572.588,1.1003,1.02797,0.99143,1.01274,0.998231,-0.195202,-0.0181255,1
281,1173.49,-2424.42,2991.47,1.2824,0.970251,1.01345,0.999698,1.12604,-0.0491749,0.012676,1
282,1511.11,-3085.33,3982.1,0.868707,0.985627,1.01581,1.01414,0.609155,-0.0354591,0.0137331,1
283,13880.9,-17341.2,56539.7,1.02789,0.955489,0.984028,0.985761,0.717415,-0.0381842,0.00133222,1
284,15137.8,-19581.8,61225.2,0.768964,0.981897,0.985773,1.04797,0.70578,-0.100425,0.000482085,1
285,818.441,-1860.25,2152.11,1.15972,1.00279,0.991471,1.0124,1.6673,0.191157,-0.00507423,1
286,1061.95,2839.35,-2340.7,1.36695,0.994005,1.00375,1.00553,1.18115,-0.0514481,-0.0139359,1
287,1018.24,-2314.75,2777.99,0.893431,0.995446,1.00481,1.01235,0.933425,0.210693,-0.00359425,1
288,763.146,2082.54,-1817.98,0.949036,0.987033,1.00994,1.01752,1.20046,0.287154,0.0033968,1
289,1081.46,3028.2,-2476.47,1.01254,1.01622,1.00203,0.993218,0.52,-0.13025,-0.00556169,1
290,737.139,-1687.61,1924.62,1.11805,0.967567,0.995463,1.02932,0.822956,0.0440601,-0.0233137,1
291,881.774,-1977.86,2314.87,0.979502,1.02649,1.00386,0.998288,0.846635,-0.101245,0.00884221,1
292,365.497,960.798,-901.553,0.993045,1.01066,0.99683,1.01126,1.1004,0.146087,0.0147984,1
293,6896.22,20313.3,-6325.25,1.02461,1.03645,1.0024,1.00462,1.12591,-0.0497418,-0.00225876,1
294,542.3,1446.99,-1315.07,1.11121,1.00662,0.997413,0.993533,0.859223,0.116006,0.0124613,1
295,280.19,-677.1,710.638,1.20838,1.01039,0.991928,0.996802,1.0326,0.25146,-0.0115041,1
296,418.359,-1011.05,1087.93,0.9205,0.998693,0.992304,1.00946,1.08057,-0.121713,0.0154492,1
297,595.305,-1403.25,1560.4,1.16969,1.00632,0.981531,0.983153,1.08702,-0.108959,0.0123671,1
298,103186,124460,-62776.6,0.995338,0.996958,0.990976,0.992273,1.11702,0.0231685,0.000392956,1
299,103609,96427.2,-44812.2,0.924328,0.981326,1.00255,0.948176,1.15082,-0.0140968,-0.000498467,1
300,517.027,1380.13,-1261.23,0.895084,1.01014,1.0144,1.00219,0.813801,0.188711,0.00786179,1
301,655.246,-1532.36,1722.96,1.05542,1.01055,0.981651,1.00988,0.520996,-0.129544,0.00946368,1
302,337.262,-823.867,873.502,1.12012,0.996095,1.00229,1.04721,1.08226,-0.174165,0.0131644,1
303,10140.1,-11182.2,32746,0.676916,1.04136,1.00005,0.968817,0.869127,0.0111822,-0.00533913,1
304,440.023,1164.63,-1078.27,0.672961,1.02916,0.998579,1.04168,1.03626,0.180049,0.0100962,1
305,6505.39,18489.1,-5560.85,0.758606,1.0192,0.991166,0.995753,1.22837,-0.121683,-0.000901415,1
306,190.402,484.961,-469.591,0.835043,0.99851,1.01306,1.05036,1.15302,-0.156229,-0.0260803,1
307,1636.62,5243.42,-3825.57,1.01845,0.971562,0.989038,1.04257,1.12376,-0.086961,-0.00522733,1
308,350.806,910.602,-857.298,1.00784,1.0069,1.00983,1.0165,1.23322,-0.107616,-0.0207098,1
309,19969.6,-27684.8,77688.2,1.07073,0.983166,0.999789,1.00617,1.10802,0.00802735,-0.00545946,1
310,1590.05,-3380.86,4447.1,0.761241,0.984518,0.990648,0.99493,1.02932,-0.0748098,0.00637448,1
311,996.211,2745.33,-2280.4,1.26369,0.971029,0.995978,1.03288,1.05967,-0.082609,-0.00913941,1
312,264.072,-652.129,682.895,1.03888,0.990373,0.983905,0.985547,0.730365,-0.19503,0.0153207,1
313,2695.76,-4657.09,7152.9,1.04276,1.00672,1.01355,0.944113,1.09515,-0.044474,0.00612671,1
314,3624.71,-4158.04,7989.14,1.13073,0.997521,0.999069,0.998309,1.07355,0.0484568,-0.00412357,1
315,468.659,-1123.24,1220.12,1.08591,0.993382,0.98608,0.984653,0.81743,-0.0744154,0.0226514,1
316,1853.8,-3788.42,5164.08,1.13147,0.95443,1.00903,1.0209,0.93057,-0.0737722,0.00523164,1
317,1100.86,-2323.67,2820.63,1.06992,0.913652,0.994339,0.990746,0.686152,-0.0972655,0.00666045,1
318,111788,17173.1,43524.1,1.15762,0.982543,0.985707,0.986736,1.03696,0.00183829,-0.00289488,1
319,758.445,-1756.37,2011.14,1.00234,1.02936,0.993151,0.959998,0.896467,-0.137719,0.0077017,1
320,3009.81,10840.9,-6034.13,0.972088,0.966129,0.99044,1.05891,0.995911,-0.0173216,-0.0139595,1
321,323.013,848.498,-802.177,1.1347,0.993381,1.00257,1.00357,1.13535,0.268302,0.00885057,1
322,734.714,1986.19,-1741.13,1.03219,1.00739,0.988359,1.03052,0.904081,0.0684354,0.015732,1
323,1665.33,4883.16,-3530.31,0.858962,0.978774,1.00967,1.04581,0.810796,0.0992359,0.00436812,1
324,1154.23,-2578.97,3138.65,1.17001,1.02309,1.02755,0.975257,1.31058,-0.0492227,0.0133831,1
325,7201.95,18568.3,-7142.71,0.590745,1.01522,0.982071,0.989063,1.0131,0.0376876,0.00212685,1
326,1228.25,-2660.96,3353.85,0.868675,0.996021,0.988286,1.04434,0.903918,0.227583,-0.00280695,1
327,69893.2,-44723.1,114665,1.1016,0.952727,1.01634,0.926263,1.00839,-0.0204628,0.00106814,1
328,557.697,-1311.37,1446.12,1.0403,0.985362,1.00489,0.956359,0.941515,0.0763623,-0.0180146,1
329,2797.83,-5323.96,8387.42,0.780149,1.00608,1.01315,1.01617,0.7924,0.0389409,-0.00670283,1
330,7841.43,22877.4,-8983.21,1.52316,1.00256,0.990162,1.01919,0.881075,-0.0485837,-0.00148625,1
331,150.187,-379.824,389.708,1.4041,1.02426,0.99604,0.976949,0.914132,-0.43513,0.0121963,1
332,383.953,-922.792,986.063,1.24346,0.997928,1.00736,0.984544,1.1179,0.113057,-0.0179289,1
333,6639.57,-6826.11,18561.5,1.1023,0.989735,1.00867,1.01499,0.990077,0.0101917,-0.0125464,1
334,1215.58,-2520.68,3114.55,1.22935,0.97265,1.01052,1.00899,1.32911,0.0867929,-0.00701025,1
335,301.949,-743.934,783.625,1.00966,1.03266,1.00537,1.0144,0.787016,-0.25333,0.0104217,1
336,220.053,-536.427,556.911,0.990189,1.00627,1.0019,0.985568,0.951734,0.236652,-0.0153032,1
337,950.253,2562.08,-2160.87,0.774627,1.00181,1.00388,0.970834,0.738511,0.065731,0.0122777,1
338,603.267,-1405.77,1565.22,0.986065,1.05458,0.979608,1.0444,1.09948,0.267998,-0.00527153,1
339,895.939,2434.01,-2072.65,1.02951,1.01738,0.990649,0.935254,1.08093,0.0658658,0.0134715,1
340,757.354,-1737.66,1985.07,0.956739,1.03631,1.00977,0.981702,0.893618,0.110805,-0.00952989,1
341,525.686,-1236.93,1355.2,0.863509,0.991269,1.01283,1.01678,1.09358,0.15307,-0.00951775,1
342,742.908,-1714.17,1952.98,1.43727,1.04527,1.01087,0.974905,1.10074,0.0809033,-0.013389,1
343,1023.51,2891.93,-2407.87,0.749349,1.00027,0.997752,1.02083,1.37149,-0.236683,-0.00321695,1
344,583.476,-1352.92,1498.56,1.4008,1.00047,0.997798,0.986422,1.0237,0.348167,-0.00391165,1
345,2546.16,6973.3,-4310.49,0.917592,1.04857,1.01234,0.987243,1.15513,0.197483,0.0014896,1
346,283.417,-699.191,734.189,0.895433,1.02181,1.00001,1.07697,0.989043,-0.237497,0.0118081,1
347,3007.64,-6045.92,10290.5,1.17273,1.00749,1.01128,1.02071,0.85635,0.124756,-0.00196609,1
348,2091.22,-4056.91,5757.65,1.25174,1.01563,0.992538,1.00974,1.22551,-0.170614,0.00214982,1
349,2327.46,-3746.59,5853.34,1.14828,0.989633,1.00328,0.984931,0.866955,-0.268775,0.00116632,1
350,1584.22,-3190.06,4184.03,1.13767,0.995472,0.993657,1.01642,1.54573,-0.0566197,0.00851643,1
351,1351.05,-2987.73,3780.7,0.922299,0.994064,0.99595,0.982643,1.03812,0.0830093,-0.00686793,1
352,1022.53,-2254.09,2722.37,1.07238,0.983756,1.0014,0.959276,0.961127,0.0744419,-0.0100125,1
353,706.49,1906.39,-1681.43,0.900668,1.00224,0.99876,1.05143,0.835201,0.0685042,0.0160374,1
354,1029.4,2769.88,-2309.26,1.19968,0.967404,1.00693,0.970629,0.694249,-0.0882656,-0.00813023,1
355,217.388,548.953,-529.018,0.898123,0.957937,1.00483,0.990141,1.00865,-0.394345,-0.0088359,1
356,6162.37,-3579.64,12703.6,1.02799,0.999302,0.992512,0.996201,0.842214,-0.0639961,0.00155852,1
357,1736.79,-3847.3,5238.15,0.982913,1.01808,0.992989,1.02244,0.761412,-0.0537829,0.00833883,1
358,178.236,449.109,-435.82,0.877734,0.979287,1.01305,1.01088,0.826911,-0.311141,-0.0137956,1
359,449.189,1184.44,-1094.31,0.461041,0.970832,0.994967,0.967407,0.818521,0.110157,0.0153442,1
360,126.705,-312.06,318.775,1.36193,1.01382,1.00397,1.00392,1.06763,0.227774,-0.0277736,1
361,110035,-12337,88540.7,0.927887,1.0248,1.00239,1.02983,0.806164,-0.00773789,0.00135731,1
362,3443.76,-4367.97,8508.23,1.10969,1.00646,1.00628,1.02794,0.90196,-0.0223821,0.00937347,1
363,6805.56,-7401.98,20299.1,1.37728,1.01183,0.996402,1.01683,0.923932,-0.0922668,0.00139661,1
364,18496.9,-25861.2,75364.7,1.13829,1.02731,1.00419,0.976715,1.16747,-0.0450488,0.000986438,1
365,2482.69,-4579.65,7498.48,0.564446,1.02918,0.970949,1.03639,0.710068,-0.0402494,0.00793223,1
366,1946.66,6137.7,-4366.13,1.05568,0.972293,1.00118,0.975128,0.803651,-0.0630001,-0.00592086,1
367,7191.76,-4627.32,16720.1,0.898808,1.02351,0.980133,1.05257,1.10725,0.107711,-0.00105025,1
368,1367.17,4041.92,-3184.87,0.638182,1.01652,1.01196,0.960248,0.998278,0.0408916,0.0136377,1
369,61968,157390,-82044.4,1.0214,0.974908,0.993996,1.04614,1.10321,0.00620816,0.00345937,1
370,286.879,-692.439,727.248,1.20609,0.987186,1.01212,0.996893,0.922144,0.213743,-0.0125387,1
371,221.679,-549.811,571.202,1.34256,0.985747,1.0005,1.05651,0.969129,-0.275356,0.0125341,1
372,329.347,870.005,-821.71,0.876935,1.03,1.0015,0.974393,1.01104,0.347018,0.00695461,1
373,428.305,1117.27,-1036.21,1.12668,1.01532,0.987095,1.02034,0.877882,-0.145438,-0.0130431,1
374,1808.2,5935.09,-4225.99,0.987025,1.03695,1.00498,1.03407,1.41726,-0.067544,-0.00634762,1
375,1021.46,-2327.58,2784.28,1.25158,1.00965,1.00925,1.02544,0.902958,0.0919592,-0.00823777,1
376,327.174,856.873,-809.798,0.925973,1.0069,1.00608,0.992271,0.960504,0.136998,0.0173698,1
377,5740.24,20359.5,-8054.38,0.969149,0.960952,0.99452,1.07003,1.38036,0.0168153,0.00819537,1
378,1949.92,-4094.99,5720.24,0.800323,0.967923,0.996369,0.98421,1.02385,-0.101206,0.00371015,1
379,2604.81,-3913.25,6444.64,0.98135,1.037,0.990686,1.0179,1.00576,0.0290242,-0.0103049,1
380,1527.48,-3133.95,4205.22,0.730969,1.01374,0.983708,1.00569,1.0963,0.233066,-0.0022442,1
381,3690.34,9387.21,-5137.43,1.36775,0.996011,0.998694,0.991648,1.1008,0.0833782,0.00226562,1
382,355.143,-867.588,922.954,0.870035,1.01227,0.993081,0.978561,0.88297,-0.192333,0.0116497,1
383,1088.64,3175.72,-2598.39,0.907927,1.03523,1.00305,0.981571,0.474767,0.202992,0.0035567,1
384,1456.34,4155.11,-3243.07,0.954825,0.967796,1.02454,1.0076,1.00129,-0.0863489,-0.00566205,1
385,26897.4,-37490.4,92318.7,0.925721,0.948626,1.00339,1.00134,0.878296,0.00377175,-0.0104678,1
386,355.158,-867.957,923.068,0.998289,1.00165,1.00466,1.00681,1.10795,-0.207022,0.0105311,1
387,1291.79,-2847.56,3631.21,1.25137,1.03161,0.991713,1.02863,1.03841,-0.0372162,0.0166352,1
388,2618.07,-4648.18,7074.99,0.795553,0.980221,1.00396,1.03037,0.878475,0.0325022,-0.00851579,1
389,11023.6,51656.6,-15007.2,1.20479,1.00745,1.01196,0.947535,1.10344,-0.080754,-0.000661402,1
390,3978,12144.5,-6667.21,1.13163,0.991278,1.01472,1.03676,1.20544,-0.0277017,-0.00613796,1
391,1297.98,3490.01,-2760.47,1.05125,1.01355,0.998303,0.966873,1.23108,0.191741,0.00309498,1
392,1300.46,3450.62,-2722.55,0.801744,1.01176,0.997285,0.988126,1.02156,-0.0860365,-0.00695915,1
393,5998.57,-8247.3,20130.7,0.734093,1.01885,1.00765,1.0275,0.804821,0.0663073,-0.0020647,1
394,694.756,1878.29,-1660.4,0.91192,0.96613,1.00691,0.991585,0.808836,0.147755,0.00717353,1
395,2251.73,-3796.27,5893.04,1.16738,0.973584,1.00134,0.954142,0.85331,0.0273143,-0.0118882,1
396,1188.57,3305.8,-2685.54,0.909679,1.02253,0.996295,0.991166,0.87457,-0.0982744,-0.00677128,1
397,540.107,1426.07,-1296.98,1.05432,0.992446,1.00195,1.02262,1.15076,-0.105378,-0.0136087,1
398,727.947,-1695.85,1930.47,1.35906,1.00453,0.994683,1.02445,0.564645,-0.229143,0.00467644,1
399,5773.97,14476.5,-5266.06,0.9843,0.972424,1.01018,0.959644,1.05363,-0.039568,-0.00250076,1
400,483.147,1267.37,-1166.02,0.824606,1.02472,1.01645,1.03005,1.26974,-0.0987116,-0.0164805,1
401,18409.8,-25359.4,73192.2,0.622879,0.993589,1.00405,0.990709,1.19506,0.00439744,-0.0102244,1
402,3316.06,9687.01,-5006.08,1.01668,0.994089,0.996348,0.98758,1.04368,-0.0449879,-0.00476082,1
403,11655.6,54506.6,-15668,1.25604,0.995229,0.998431,1.02226,1.33603,-0.0533797,-0.000974839,1
404,951.497,2536.28,-2137.82,1.0105,1.0015,1.00414,1.01998,1.28379,-0.169127,-0.00480358,1
405,2142.28,-4579.39,6900.62,0.957704,0.978798,0.987754,1.01627,1.05354,-0.0868187,0.00400019,1
406,12423.6,-15549.9,50105.5,0.977533,1.0128,1.00659,0.982575,0.79579,0.013569,-0.00382677,1
407,404.446,-961.983,1031.16,1.03618,0.999254,1.01413,1.02194,1.08049,0.292876,-0.00656105,1
408,114642,21087,-5626.85,0.937879,0.999174,0.998431,1.05406,1.03896,-0.00552965,-0.000197203,1
409,5804.28,14824.2,-5130.67,0.74939,0.98519,0.989505,1.02276,0.875632,0.319701,0.000309879,1
410,3315.94,-5599.79,10228,1.13124,1.0081,1.02077,1.01579,1.10986,0.0375415,-0.00606456,1
411,4284.77,14707.4,-7520.28,0.993663,1.01057,1.00894,0.960635,1.14053,-0.0722005,-0.00223015,1
412,452.981,1200.72,-1108.51,1.27057,1.00103,0.989251,0.998533,1.12704,0.138804,0.0125505,1
413,1745.44,-3868.49,5285.74,0.906519,1.01585,0.993202,1.00176,1.01257,0.0647922,-0.00690854,1
414,3992.61,10527.1,-5589.29,0.753205,1.02024,0.99017,0.946196,1.41528,-0.114118,-0.00157447,1
415,4460.78,17737.1,-8335.23,0.849761,0.975137,1.00812,0.969588,0.91455,-0.0275139,-0.00561529,1
416,3365.47,-5274.52,9870.06,0.662159,0.996371,1.01027,0.939315,0.885766,0.245033,-0.000922877,1
417,170.46,443.441,-430.733,0.700702,0.991699,1.00594,1.00367,0.922756,0.42484,0.0104911,1
418,19573.8,91803.4,-30167.9,0.842122,0.978923,1.00927,0.977471,1.03737,-0.00490515,-0.00857435,1
419,876.222,2384.31,-2031.75,1.63915,1.01803,0.988063,0.977021,1.08253,0.0571323,0.0159423,1
420,89.2687,230.844,-227.398,0.879827,1.01115,1.00293,1.00042,0.980752,0.398356,0.021955,1
421,827.986,2277.19,-1964.28,0.609925,1.0408,0.997961,1.01354,0.72346,0.319149,0.00301469,1
422,4017.55,11478.6,-6193.6,0.876244,1.0047,0.99161,0.963995,1.0263,0.125187,0.00139132,1
423,392.916,-942.352,1008.71,1.2608,1.03108,1.00307,1.017,1.00536,0.138631,-0.0148579,1
424,323.295,-794.707,840.369,1.02134,0.972833,1.00794,1.02356,1.14465,-0.304512,0.00756114,1
425,3715.97,9428.76,-4950.16,0.847448,1.01086,0.986473,1.00217,1.33289,0.100613,0.00190411,1
426,1919.86,5199.04,-3738.17,0.545974,0.999377,1.0049,0.969243,0.733944,0.0580928,0.00664802,1
427,745.671,1996.43,-1747.83,0.761156,1.00707,0.992451,1.00009,1.05307,-0.172662,-0.00617247,1
428,11299.2,-13341.9,43035.6,0.972839,1.00583,0.995469,0.959883,0.646675,0.0196883,-0.00280064,1
429,267.195,695.91,-664.75,0.904626,0.990705,1.01284,0.957503,0.990904,0.229424,0.0123433,1
430,743.799,-1707.95,1950.82,1.06684,0.991575,0.985998,1.0207,0.75384,0.0523369,-0.0202282,1
431,1415.12,-2734.28,3559.32,0.834891,0.963251,0.990699,0.990764,0.942045,0.0302401,-0.0174628,1
432,1571.77,-3385.2,4559.63,0.822054,1.05225,0.998246,1.01007,1.11248,-0.12587,0.00404627,1
433,7872.15,24068,-9551.38,1.29117,0.986629,1.00384,1.0117,0.595082,-0.00630378,-0.0112185,1
434,2003.47,-4027.22,5651.32,1.0232,0.989557,0.99153,1.01897,1.16212,-0.223033,0.00167292,1
435,490.796,1291.12,-1185.07,1.04143,1.01693,1.0018,1.00569,0.461474,-0.0667866,-0.024234,1
436,334.116,-812.22,860.358,1.11836,1.04825,1.00325,0.948943,0.694514,0.110546,-0.0222752,1
437,825.61,-1877.09,2174.9,0.954314,1.00348,0.999018,1.0116,0.975024,0.159808,-0.0059524,1
438,340.576,-819.536,869.027,0.974987,0.997193,1.00465,1.00111,1.14242,0.206758,-0.0111329,1
439,735.408,-1691.66,1925.34,1.22432,0.992618,1.01186,0.995423,0.886648,0.0589009,-0.0175916,1
440,458.58,-1083.43,1173.01,0.748405,1.02256,1.0049,0.953363,0.962929,0.291874,-0.00601575,1
441,814.297,-1845.89,2127.16,0.841649,0.982223,1.02198,0.999039,0.94846,0.109938,-0.00830443,1
442,3806.96,-4346.47,8266.4,0.908828,1.01868,1.01282,0.983943,0.791511,0.224134,-0.000850594,1
443,496.748,1317.83,-1207.39,0.482189,0.956535,1.00074,1.04353,0.966166,0.101923,0.0146018,1
444,242.913,-600.634,626.266,0.88963,1.02997,0.998028,1.00882,0.987353,-0.171443,0.0193637,1
445,2664.88,-3907.17,6219.72,0.844741,1.02209,0.990316,1.0417,0.91619,0.075066,-0.00383395,1
446,9971.54,-11260.7,33258,1.12559,0.998685,0.99468,0.970222,1.03644,0.0782162,-0.00077384,1
447,6442.61,-3725.01,12778.4,0.924892,1.00177,0.984555,1.01107,1.16832,-0.0351323,0.00272819,1
448,627.336,-1451.25,1623.8,1.25223,0.948287,0.980764,0.99808,1.30661,0.160754,-0.00755681,1
449,695.883,1882.03,-1664.06,1.42067,1.00088,1.00887,1.02708,1.27684,0.140232,0.00781753,1
450,5722.57,21983.8,-8772.7,0.994954,1.00467,1.00479,0.989634,1.33371,-0.152924,-0.000906669,1
451,1068.39,-2325.64,2793.36,0.957247,0.982872,1.01922,1.0506,0.988567,0.174229,-0.00399337,1
452,5892.85,-3794.97,12722.5,0.857518,0.975737,1.00824,0.990963,0.711814,0.0375585,-0.00288418,1
453,2387.52,-3738.45,5629.88,1.18341,0.973634,1.01242,0.99923,1.01751,-0.0527947,0.00568921,1
454,2203.55,7739.96,-5100.41,1.14951,1.01471,1.00517,0.992604,1.31949,-0.0558751,-0.00608117,1
455,1315.09,-2967.03,3799.02,1.03123,0.960421,0.989252,1.03818,0.95193,-0.0629045,0.00899208,1
456,902.212,-2063.12,2427.76,0.802824,1.00222,1.01305,0.983728,0.868296,-0.313753,0.00266533,1
457,764.398,2071.29,-1805.29,1.27295,0.983776,0.992536,1.01655,1.09184,0.0346677,0.0289833,1
458,389.832,-933.869,999.69,0.947704,0.995757,0.987774,0.981031,0.792589,0.166571,-0.0123046,1
459,2173.74,7594.55,-5042.94,1.0548,1.00501,0.986577,1.00335,1.15388,0.047157,0.0073761,1
460,2068.04,6172.41,-4357.05,0.841504,1.01797,1.011,0.969004,0.985214,-0.104563,-0.00347787,1
461,117840,22622.6,-6128.12,1.02899,0.985958,0.973923,0.985199,0.947994,-0.00149721,-0.000785321,1
462,727.172,1963.31,-1724.13,0.92216,1.02245,0.994297,0.985917,0.736585,0.0392374,0.0279865,1
463,930.331,2565.8,-2177.95,0.948823,1.02453,1.00415,1.00595,1.11661,-0.191205,-0.00445617,1
464,246.244,-597.652,623.33,0.82014,0.995627,1.00331,1.00938,1.06059,0.259846,-0.0122999,1
465,869.473,2393.69,-2048.97,1.13953,0.986475,1.01243,0.984392,0.825556,-0.0925037,-0.00935246,1
466,1701.91,5501.42,-4023.15,0.846322,1.00772,1.00157,0.996658,0.98841,-0.110848,-0.00403839,1
467,9681.59,-10342.9,29304.7,1.22805,1.02907,1.00018,0.974254,0.961875,0.0222186,-0.00281083,1
468,591.815,-1393.35,1548.32,1.17323,0.998914,0.981122,1.00147,1.10975,-0.0625529,0.0215546,1
469,1047.14,2969.01,-2451.93,0.978327,1.01207,1.01104,1.01941,0.499431,-0.115301,-0.0063814,1
470,1855.73,-3232.9,4547.01,0.953767,0.981662,0.983859,0.988244,1.15242,-0.0788211,0.00518062,1
471,200.164,-498.355,515.76,1.02592,1.02328,0.995952,0.952187,1.38158,-0.208817,0.0192147,1
472,6322.78,-7429.03,19312.6,1.34345,0.976953,1.00177,0.953485,1.07408,-0.132432,0.00101277,1
473,4240.08,-6717.56,12437.9,0.743565,1.00128,1.029,0.993151,0.41277,-0.052409,0.00311826,1
474,2842.5,-4921.82,7753.71,0.766602,1.0232,0.997174,1.0155,0.989089,-0.0725694,0.00365609,1
475,384.799,1001.94,-936.874,0.729412,0.998819,0.992502,0.984334,0.804881,-0.123603,-0.0166909,1
476,689.697,1868.58,-1654.47,1.06381,1.02424,1.00773,1.00491,0.931888,0.215373,0.00525448,1
477,1718.17,-3663.03,5083.65,0.797634,0.993899,1.00196,1.00024,0.946726,-0.0689129,0.00634952,1
478,891.668,-2030.15,2388.97,0.886481,0.981386,0.993295,0.95993,1.0491,-0.0956288,0.00897669,1
479,216.094,-529.061,548.976,0.832261,0.989138,1.00291,0.980388,1.10495,0.0969868,-0.0370995,1
480,659.644,1773.49,-1577.43,0.597952,1.00813,0.99516,1.04894,0.991019,0.0902016,0.0131937,1
481,781.18,-1806.87,2077.04,0.985908,1.00156,0.994868,0.989915,0.867467,-0.211757,0.00470157,1
482,107807,13917.8,-3549.46,1.02129,0.973162,1.01201,0.965681,1.12273,0.000135781,0.00464203,1
483,2323.1,-4909.63,7487.86,1.00381,1.02933,0.981351,1.04048,0.631552,0.133329,-0.00255439,1
484,4316.41,16436,-8033.1,1.26406,0.993802,1.00423,0.955091,0.893434,0.110482,0.00142515,1
485,3898.61,-4451.63,8521.75,1.08897,1.01334,0.993135,0.988382,1.13521,0.133292,-0.00141397,1
486,5248.82,20650,-8666.1,1.34582,0.987033,0.999645,1.0205,0.806784,-0.0794271,-0.00181311,1
487,95842,-26982.8,103855,0.842336,1.00457,1.01108,1.01503,0.765119,0.00679309,-0.00211466,1
488,1793.54,-3582.54,5069.33,1.01567,1.0023,0.994659,1.02581,0.745611,0.0400565,-0.0106706,1
489,1103.08,-2332.73,2866.46,1.08201,1.00028,0.978414,1.02014,0.904827,-0.0451125,0.0159346,1
490,6266.11,22741,-8315.15,1.17814,0.993849,0.984924,0.968642,0.788153,0.11998,0.00111295,1
491,6211.25,15024.1,-5817.57,1.11647,0.962358,0.992452,0.984743,0.994061,-0.0888255,-0.00103928,1
492,924.944,2598.53,-2192.67,0.910343,1.00958,0.996725,1.02097,1.07308,0.24636,0.00339619,1
493,39036.1,143295,-68684,0.618301,0.993686,1.01195,0.958596,0.997441,-0.0120908,-0.00254268,1
494,71277.4,171419,-92241.2,1.00018,1.00162,0.993186,0.982237,0.920768,0.260651,7.50523e-05,1
495,36452.1,-53261.4,117608,0.945482,0.997607,0.999931,0.999808,1.0146,-0.00554164,0.00627652,1
496,59315.2,165593,-85832.5,0.812797,0.979375,0.995366,0.97945,0.748977,-0.00315372,-0.00727367,1
497,1493.84,4025.81,-3023.62,0.900206,0.990593,0.980771,0.983926,1.43426,-0.0739634,-0.0070042,1
498,1124.84,-2549.69,3145.52,0.724875,0.961732,0.984488,1.03392,0.71633,-0.0373265,0.0179639,1
499,165.326,426.182,-414.334,0.994325,0.986481,1.00319,0.991573,1.05035,0.225934,0.0204746,1
500,1788.19,4776.3,-3486.75,0.937459,0.967788,1.00063,0.983824,0.880648,0.106945,0.00376979,1
501,1378.3,-2868.12,3648.47,1.05135,1.01325,0.981881,0.994255,1.22503,-0.0990584,0.00581152,1
502,896.84,2506.87,-2129.9,1.07088,0.996715,1.00033,0.980502,0.568213,0.128547,0.00663813,1
503,132.679,-325.513,332.928,1.36377,0.988858,0.994657,0.960379,1.13668,0.290371,-0.0205894,1
504,402.537,-961.902,1031.53,1.25826,1.0092,0.997282,0.991138,1.18384,0.17623,-0.0112723,1
505,949.984,-2088.64,2481.75,1.25538,0.996113,0.992073,0.946711,1.13862,-0.096663,0.00847263,1
506,1142.11,-2506.06,3104.22,0.871306,0.965777,0.99614,0.996222,0.718029,0.153524,-0.00428961,1
507,111911,20485.5,27193.1,1.08999,0.99024,0.998255,1.02915,0.70715,0.0191913,-0.000173763,1
508,939.986,-2140.57,2524.99,0.756181,0.977342,1.00294,1.05333,1.19341,-0.178592,0.00444805,1
509,112029,122729,-62327.9,1.00869,1.00462,0.966724,0.994146,1.07504,0.00190728,0.00426322,1
510,738.8,-1696.25,1933.87,0.783343,1.00175,0.992925,1.02705,0.887747,0.0679696,-0.0157074,1
511,805.267,-1854.89,2136.83,0.710425,0.970926,1.01746,0.974406,1.24984,-0.13873,0.00654915,1
512,2955.19,11147.5,-6470.56,1.25786,1.00775,1.00447,0.926605,1.10937,-0.134588,-0.0018411,1
513,849.279,-1903.7,2210.36,0.898051,1.01724,1.02135,0.97817,0.82106,0.156707,-0.00581005,1
514,104509,2988.47,64931,1.25808,0.991119,1.00851,1.02083,1.22021,-0.00198043,0.00444889,1
515,1338.46,-2992.5,3829.37,0.878326,0.983043,1.01941,0.996852,1.2689,0.04109,-0.0133845,1
516,1022.14,2923.22,-2433.3,1.33652,1.00628,1.00018,1.01617,0.719427,0.0328453,0.023018,1
517,1535.01,4229.93,-3152.49,1.37038,1.02119,0.994069,1.03159,0.843182,0.0270431,0.0187496,1
518,122207,3569.71,914.911,0.994421,1.00708,0.981783,0.99435,1.09482,-0.00578867,1.42175e-05,1
519,16341.9,-21512.3,66446.7,1.16359,0.986887,0.987319,1.00505,1.59003,-0.146322,0.000322252,1
520,762.728,-1765.78,2020.67,1.49086,1.00737,1.00582,1.00061,0.892564,-0.160283,0.00632048,1
521,1676.45,5231.49,-3873.59,1.00156,0.999362,0.990996,0.997805,0.998158,-0.224797,-0.00204461,1
522,6059.51,14670.8,-5538.23,1.1311,0.972024,0.995846,1.02686,0.958567,-0.00613239,-0.0153914,1
523,832.293,2268.82,-1953.26,1.27433,0.98913,0.993923,0.971188,1.40032,0.195215,0.00470905,1
524,9835.11,44185.4,-13418.9,1.16589,0.999117,0.999349,0.986157,0.626351,-0.0331698,-0.00171004,1
525,302.462,789.964,-749.957,1.08519,0.984101,1.01329,1.03844,1.08611,0.227396,0.010899,1
526,1988.63,-3370.79,4842.98,0.774594,1.02662,0.997983,0.982411,0.745555,0.0828462,-0.00474032,1
527,608.939,-1435.78,1598.01,0.720809,0.996705,1.00507,0.990096,1.17246,-0.117908,0.0107097,1
528,32758.9,-49229.2,112969,1.3464,0.998543,0.99572,0.972692,1.2365,-0.0502551,0.000727173,1
529,51148.9,153019,-76816.7,0.807018,0.959747,1.00072,1.00307,1.32279,0.00355452,0.00707768,1
530,6001.07,18262.3,-6707.52,0.728359,0.968431,1.01924,1.01564,1.04626,0.0719136,0.00171634,1
531,1769.72,5680.72,-4053.64,0.79273,1.02021,1.00824,1.0356,0.881089,-0.0939007,-0.00457954,1
532,480.124,1252.63,-1151.44,0.636053,0.977234,0.999861,1.01302,0.931946,-0.202561,-0.00790224,1
533,136.137,-333.768,341.572,1.0285,0.989839,0.994365,0.967975,0.404447,0.302731,-0.0192827,1
534,1144.44,-2430.48,3009.15,1.04941,1.02966,0.990656,0.982688,1.02679,0.0443093,-0.0158923,1
535,354.212,930.644,-874.676,1.13354,0.982505,0.995586,0.997388,0.870116,0.224984,0.00961516,1
536,3809.08,10506.1,-5868.11,1.16852,0.980941,1.00062,0.997469,0.801612,0.046306,0.00388786,1
537,1764.28,-3486.37,4898.07,0.792763,0.994408,1.00119,1.00655,0.912358,0.0979339,-0.00438065,1
538,4636.43,-7555.3,15437.9,0.992123,1.01241,1.00743,1.00592,1.00013,0.191088,-0.000807689,1
539,55309.3,-63785.6,135043,1.15166,1.00427,0.999824,1.01856,0.971775,-0.00651776,0.00431109,1
540,731.898,-1691.6,1923.18,1.04412,1.05423,1.00819,1.0215,0.94947,0.08442,-0.013168,1
541,345.985,-831.132,882.679,0.835168,0.989765,0.990064,0.978384,0.824927,0.232387,-0.00987965,1
542,661.423,1783.77,-1586.31,0.632144,1.03085,1.00074,0.98518,0.883274,0.142465,0.00844955,1
543,3389.63,8648.21,-4631.92,1.07894,0.978031,0.993551,1.04123,0.986818,0.0549312,0.00373982,1
544,830.809,2263.02,-1949.23,1.16057,1.00729,1.00468,1.02697,0.86986,0.132459,0.00699361,1
545,765.321,-1743.07,1997.68,1.01728,0.992013,0.989803,0.965803,0.974745,0.207122,-0.00497885,1
546,301.459,788.392,-748.541,0.747487,1.01193,1.00739,1.02122,0.961483,0.164452,0.0157452,1
547,9384.49,-10044.8,27673,0.979903,1.00494,0.995922,1.03834,0.700504,0.0521298,-0.0012268,1
548,6847.11,22206.7,-7470.74,1.09107,1.01067,0.997544,0.936577,0.777197,0.0378028,0.00325267,1
549,313.42,805.357,-762.767,1.18919,0.966598,0.996909,0.976892,1.04658,-0.182384,-0.0133884,1
550,160.705,-402.211,413.393,0.637542,0.997871,1.0021,0.966078,0.977238,-0.267211,0.0180434,1
551,114.091,-280.574,285.987,1.10659,0.999905,1.00874,0.967327,0.851033,0.283335,-0.0243511,1
552,992.376,-2163.54,2573.32,0.981139,1.0098,1.00465,1.00782,0.856901,0.14977,-0.00525701,1
553,3419,-4092.65,7764.36,1.04884,0.978737,1.00095,1.01766,1.19603,-0.0314137,0.00664541,1
554,62768.7,-68820.3,143054,0.900177,1.03764,1.00431,1.02288,0.913979,0.0128481,-0.00203839,1
555,74548.8,-61535.6,139866,1.05604,1.01212,1.00066,0.998709,0.842739,-0.00348491,0.00645301,1
556,5914.28,17150.4,-6002.29,1.23573,0.959359,1.00915,0.986112,1.07477,-0.153836,-0.000780876,1
557,3333.62,-5474.85,10249,1.13825,0.997094,0.992674,1.02851,0.743066,-0.278206,0.000821391,1
558,7044.65,18241.1,-7545.07,0.864986,0.990861,0.996643,1.046,1.13166,0.340931,0.000233202,1
559,189.221,478.806,-463.754,0.90693,0.98209,1.01437,1.0128,1.01846,-0.240474,-0.0167825,1
560,1338.07,4085.02,-3206.59,0.870678,0.992198,1.00424,0.985471,0.828209,0.0726016,0.00771662,1
561,3776.18,9491.78,-4987.69,1.01119,1.00527,0.981373,1.01204,1.46594,-0.187118,-0.00101798,1
562,2374,6158.2,-4016.8,1.13324,0.989633,1.01368,0.960956,0.950964,-0.0346037,-0.0087227,1
563,9123.94,33447.9,-11447.6,1.24902,1.04206,0.99991,0.97963,1.24004,-0.0630645,-0.000977126,1
564,650.824,-1519.93,1706.35,0.939854,0.9762,0.996353,0.992806,0.922391,-0.118985,0.00982035,1
565,243.328,-591.458,616.548,1.22873,0.981,1.00859,0.976875,1.15268,0.145557,-0.0216263,1
566,1405.98,-3195.89,4107.83,0.886058,1.00983,0.999479,0.982223,1.01135,-0.0344283,0.0159993,1
567,362.753,958.633,-899.474,1.06615,0.990862,0.993297,1.00292,0.806862,0.293862,0.00725303,1
568,979.342,-2128.93,2532.73,1.07859,0.948011,1.00584,1.0424,1.0685,-0.0959854,0.00770131,1
569,240.652,-582.703,606.707,0.8931,0.995879,1.03155,0.913203,1.16233,0.266469,-0.0118291,1
570,6913.03,17728,-7165.44,1.19433,0.988733,1.00847,0.939104,0.512664,-0.127053,-0.000646533,1
571,1302.63,3797.51,-3012.49,0.721586,0.978076,0.985491,1.02337,0.93026,0.0487404,0.0119338,1
572,4372.12,14844.6,-7408.07,0.681167,1.0143,0.980512,1.00116,1.05161,-0.0231605,-0.00697031,1
573,937.128,2587.42,-2189.3,0.906621,0.962476,0.993331,1.01299,1.09428,-0.164097,-0.00489032,1
574,365.558,-888.768,947.297,1.01336,0.982463,0.998834,0.997665,0.925883,-0.19726,0.0106081,1
575,370.753,-889.766,948.621,0.560642,1.01623,1.00032,0.948712,1.10739,0.173625,-0.0124704,1
576,87036.7,156159,-83236.2,0.830932,0.990685,0.984485,1.03253,0.97058,0.0439986,0.000323451,1
577,547.902,1457.13,-1324.53,0.920814,1.00499,1.01715,1.02658,1.22016,0.0617744,0.0225518,1
578,62506.8,-57975.8,131826,0.554516,0.966162,0.984299,0.988042,0.946485,-0.0013802,0.0186006,1
579,43819.1,151824,-75252.8,1.22673,0.99383,0.997451,0.986503,0.972888,-0.0672392,-0.000431019,1
580,1161.86,-2540.71,3165.12,0.916252,0.972413,0.991706,0.963575,1.03133,-0.0612472,0.0106273,1
581,5729.32,16005.8,-5297.68,0.943623,0.985766,1.0036,1.03689,0.743802,0.0611478,0.00179366,1
582,1006.49,2896.06,-2416.51,1.25919,1.00474,1.00946,0.980213,1.18768,0.186219,0.00404473,1
583,6182.2,-8255.21,20687.9,0.819771,1.02682,1.00096,1.01392,0.757921,0.168232,-0.000806885,1
584,3420.69,-5427.24,10260.8,0.870755,1.00398,1.00123,0.962485,1.08337,0.0238627,-0.0094592,1
585,914.158,2533.11,-2144.78,0.907865,1.00003,1.00076,0.984687,0.885877,-0.0735904,-0.0115018,1
586,2113.33,-4602.74,6806.32,1.10568,0.989926,1.00728,1.05569,1.11257,-0.0569903,0.00608823,1
587,830.022,2253.53,-1941.58,0.923984,0.981562,0.993702,0.933687,0.957741,0.0599812,0.0153529,1
588,505.868,1346.57,-1230.85,1.40137,0.98445,0.990385,0.945961,0.955059,0.12941,0.0118259,1
589,826.917,2261.14,-1945.41,1.15241,0.997497,0.990075,0.978766,0.780497,0.112026,0.0084063,1
590,109364,12405.6,13600.5,1.0487,0.970519,0.994365,0.99731,1.0854,0.00171407,-0.000819253,1
591,773.062,-1759.01,2013.23,1.07254,0.99763,1.01997,0.983893,0.814258,0.23612,-0.00417865,1
592,467.165,-1111.07,1206.63,1.0209,0.98307,0.984796,1.02762,0.443992,0.0856943,-0.0196701,1
593,2422.64,6436.8,-4321.2,1.18751,0.976495,1.02424,0.973155,0.911522,-0.209636,-0.00138496,1
594,206.155,522.588,-504.482,0.946406,0.98146,0.998796,1.01421,1.27724,-0.285379,-0.0132714,1
595,3593.01,-4167.05,7785.96,0.974688,0.988694,1.00638,1.02456,1.00725,0.094229,-0.00210986,1
596,285.473,-688.629,723.419,0.939008,0.990014,0.992753,0.98506,0.925414,0.301901,-0.00922036,1
597,1142.11,3196.9,-2619,0.919792,1.00869,1.00298,1.03248,1.01981,0.0525,0.0128081,1
598,3746.59,10570.2,-6029.45,1.20826,0.974581,1.01752,1.04482,1.06423,0.0646738,0.0027565,1
599,936.403,2608.69,-2210.22,0.992359,1.02809,1.00943,1.03334,1.01056,-0.125453,-0.00669976,1
600,598.982,-1409.17,1564.67,0.882057,0.987832,1.01494,0.970389,0.885008,-0.0988415,0.0127116,1
601,711.414,-1645.92,1867.68,0.907176,0.980793,1.00008,1.03285,0.855087,-0.0879573,0.012141,1
602,1225.13,-2530.21,3139.5,0.851618,0.982829,1.0069,1.04348,0.949346,-0.13996,0.00433648,1
603,2417.88,-3814.26,6084.56,0.97506,1.00152,0.995507,0.990787,0.893118,0.0376143,-0.0082854,1
604,6214.15,-3744.31,13392.5,1.14619,1.01072,1.01127,0.984963,0.993964,0.0330702,-0.0031446,1
605,574.925,1513.91,-1367.17,1.01654,0.972789,0.994454,0.958301,0.954699,-0.217166,-0.00616602,1
606,996.029,2773.34,-2324.28,1.19381,0.993089,0.993649,0.989213,1.05944,-0.12981,-0.00599857,1
607,1867.34,-3337.56,4615.99,1.2182,0.985938,1.00319,0.997124,1.07318,-0.0732854,0.0054172,1
608,5696.48,21954.7,-8690.07,0.917987,1.00023,0.992885,1.01149,0.861748,-0.0690245,-0.00201875,1
609,7756.66,21919.7,-8660.63,0.807713,1.02421,1.00324,0.985581,0.510153,-0.0158788,-0.00459498,1
610,5890.19,-3723.82,12518.9,1.3338,0.993316,1.01612,1.0079,1.24083,-0.0686997,0.00150136,1
611,414.917,-990.805,1064.2,1.0989,0.993654,1.01633,1.01746,1.16157,0.124955,-0.014756,1
612,3631.73,-4232.3,7944.38,0.975197,0.990444,1.00563,0.946955,1.20849,0.0495636,-0.00399213,1
613,3815.95,-5826.28,11774.8,0.98614,1.04907,0.978321,0.969064,1.12275,-0.329372,0.000660747,1
614,1626.38,-3425.54,4698.01,0.979328,0.959914,0.996056,0.955778,0.886883,-0.249071,0.00180098,1
615,831.699,-1884.48,2185.8,0.883756,0.988367,0.997192,0.998683,1.17065,-0.100006,0.00922337,1
616,3161.99,11976.9,-6613.81,1.10493,1.01587,1.00211,0.99828,1.35899,0.0475134,0.00499071,1
617,864.297,2340.18,-2010.53,1.15019,1.0185,1.017,1.04134,1.02069,0.095061,0.0093237,1
618,1441.14,-2806.63,3655.12,0.668756,0.989436,1.01394,0.942803,0.883935,-0.10846,0.00474784,1
619,289.587,-713.027,749.571,1.01929,1.00578,1.00082,0.995528,0.989791,-0.180483,0.0149915,1
620,92.9084,239.736,-236.017,1.01825,0.97182,1.00716,0.982199,0.772642,0.36525,0.0219464,1
621,245.381,627.703,-601.591,1.24543,0.984866,0.986673,1.04745,0.754238,-0.214949,-0.0150472,1
622,1292.52,3544.86,-2793.9,0.640072,1.04263,1.02745,0.940772,1.04358,0.0596008,0.00997473,1
623,6004.36,-3669.54,12039.2,1.02224,0.978054,1.00429,1.01669,0.950127,0.141421,-0.000714803,1
624,6585.62,20006.2,-6504.04,0.856503,0.988398,0.982379,0.984714,0.961186,-0.053585,-0.002251,1
625,769.922,-1771.62,2031.71,1.1157,1.00703,0.993876,1.06565,0.830637,-0.10764,0.00947469,1
626,345.83,-844.078,895.651,0.944585,1.0498,1.01519,1.01338,0.43329,-0.0925844,0.0251168,1
627,3090.24,-4732.89,8730.41,0.991993,0.9588,0.992863,1.03429,1.13646,-0.205085,0.00112018,1
628,1513.16,-2957.06,3924.35,0.994579,1.01988,1.01327,0.993533,1.43447,0.103735,-0.0049061,1
629,1034.51,-2298.14,2752.52,0.749129,0.965546,1.0073,1.0044,1.12623,-0.17607,0.00401873,1
630,6331.66,-4060.44,14046.2,1.07782,1.00037,1.00304,1.04972,1.17289,-0.104787,0.00104912,1
631,1599.94,4604.35,-3496.85,0.728977,1.00669,1.00431,0.96038,0.979492,0.0890191,0.00530307,1
632,953.948,-2102.37,2486.91,1.26423,0.988781,1.00088,0.976802,1.273,0.0581472,-0.0138275,1
633,3090.38,-6093.81,10602.7,0.955463,1.00632,1.0059,1.009,0.904846,0.0941409,-0.00257378,1
634,7153.93,18955.4,-8039.54,0.731609,0.996278,1.0213,1.04905,0.946461,0.198715,0.00038777,1
635,1424.33,-3188.46,4139.83,0.900638,1.00178,0.997362,1.00369,0.944142,0.264292,-0.002068,1
636,897.785,-1964.57,2309.92,1.08847,0.962271,0.993248,0.965054,0.807718,0.282058,-0.00300498,1
637,1570.85,5011.68,-3747.65,1.11154,0.96536,0.99551,0.989381,0.565991,-0.0623543,-0.00750358,1
638,585.599,1547.1,-1393.1,1.11996,0.972379,0.981316,1.05495,1.04889,-0.174913,-0.00762095,1
639,1999.52,5392.99,-3807.63,1.09698,1.01699,0.991493,0.992274,0.980636,0.134524,0.00283666,1
640,1442.71,4370.6,-3318.88,1.17624,1.00864,0.999676,0.994823,1.01452,-0.0588465,-0.00906095,1
641,23884.9,107761,-40107.8,0.942688,0.995977,1.0022,1.04191,0.449525,-0.0210936,-0.00182304,1
642,1436.71,4358.07,-3320.84,1.17222,1.00948,1.00543,0.975182,0.997211,-0.135072,-0.00395475,1
643,203.846,528.579,-510.263,0.998666,0.962664,0.989569,1.0066,1.2537,0.234574,0.0158523,1
644,349.311,-839.653,891.875,0.873552,1.03014,1.00075,1.01416,0.924077,0.224818,-0.0103718,1
645,1197.07,-2667.1,3279.74,0.980832,1.02394,1.00683,1.00294,1.53075,0.0798567,-0.00820546,1
646,91975.1,-48113.8,128844,0.806378,1.0252,0.995104,0.993974,0.984845,-0.00705394,0.00254667,1
647,1619.71,-3434.44,4531.17,1.05184,0.993951,0.999029,0.996419,1.16372,0.132194,-0.00356369,1
648,533.332,1403.72,-1279.12,1.11581,1.00518,1.00763,1.01874,1.00018,-0.160631,-0.00911525,1
649,506.848,-1207.56,1321.3,0.994397,1.00407,0.979377,0.995467,1.09951,-0.0871359,0.0182207,1
650,449.73,-1081.85,1171.47,1.49513,0.978832,0.988725,0.970135,1.26627,-0.170407,0.0100804,1
651,381.566,-926.285,989.398,1.07197,1.01009,1.00751,1.01281,1.06897,-0.10956,0.0186744,1
652,1243.6,3498.35,-2770.51,0.905694,1.02019,1.01394,0.973374,0.793317,0.053103,0.0115874,1
653,179.572,-437.825,451.431,1.00134,1.02,0.99481,1.03938,0.812689,0.316932,-0.0143792,1
654,567.087,-1337.5,1478.55,1.11073,0.973684,0.996946,1.02189,0.84972,-0.110556,0.0121052,1
655,4403.14,16480.5,-7944.3,0.786649,1.00311,0.989729,0.942353,1.02429,0.0787175,0.00200326,1
656,825.947,-1885.91,2189.42,0.88224,0.99341,0.991192,0.949782,0.814241,-0.15621,0.00602085,1
657,516.861,-1232.45,1349.96,0.928352,1.00816,0.990569,1.04279,1.12181,-0.132693,0.0115733,1
658,3874.66,-4930.96,8926.41,1.34268,0.984879,0.999347,0.982376,1.2271,0.0296012,-0.00623253,1
659,1455.82,3820.98,-2924.09,0.67641,0.9703,0.988265,1.00083,1.26853,-0.187285,-0.00276296,1
660,2596.25,6926.63,-4493.63,0.778008,1.01026,1.00682,1.00023,0.686635,-0.0558881,-0.00504384,1
661,7207.05,-5566.42,17946.6,0.78015,1.01708,0.995864,0.986803,1.09776,0.0633898,-0.00185545,1
662,1250.4,3453.33,-2771,0.944368,0.979668,0.996665,0.961247,1.23953,0.156059,0.00382774,1
663,928.462,2607.44,-2209.4,1.38039,0.967605,1.01142,1.03894,0.711245,0.0485005,0.01622,1
664,1217.52,-2589.44,3250.63,0.931412,0.998684,1.0057,0.993984,0.993169,0.124111,-0.00507683,1
665,677.747,-1567,1766.88,1.35086,1.009,0.993343,0.951979,1.09192,0.113573,-0.010365,1
666,94908.8,-22478.2,98033.1,1.0843,0.983774,0.997409,0.998991,0.908338,-0.0154726,0.000916416,1
667,218.016,-540.848,561.488,0.988378,0.999319,0.999822,0.977202,1.36663,-0.178663,0.0200378,1
668,6059.31,-4198.52,13578.5,1.015,0.965788,1.00222,1.02821,1.34288,0.0383457,-0.00300306,1
669,358.028,930.538,-874.172,1.03452,1.06716,0.990249,1.02419,0.63273,-0.243478,-0.00978602,1
670,576.207,1524.45,-1377.53,1.10493,0.991877,1.00321,1.03892,1.20647,-0.122165,-0.0109719,1
671,1414.92,-3060.03,3980.72,1.0192,1.00001,1.01391,1.02428,1.17383,0.264696,-0.00202863,1
672,1471.03,4449.8,-3352.42,1.16339,1.02034,0.999655,0.98953,0.837416,0.163406,0.00320466,1
673,2617.94,7024.09,-4499.01,0.513476,1.01537,0.993781,0.975337,1.10642,0.231835,0.0012173,1
674,1357.93,-3081.87,3927.11,0.851907,0.993035,1.00727,1.01961,1.39099,0.112549,-0.00495629,1
675,1455.88,3898.57,-2971.5,0.793086,0.991243,1.00218,0.988176,1.16582,0.0632315,0.00812956,1
676,94138.8,147759,-76437.2,1.17478,0.997034,0.990032,0.986117,1.18225,0.00469316,0.00264832,1
677,392.408,1033.82,-964.868,1.16262,1.02281,0.987858,0.982171,1.14816,0.139978,0.0147336,1
678,410.227,-994.903,1068.62,1.00845,0.958565,1.00698,0.965928,1.12818,-0.185653,0.0096664,1
679,929.2,2524.59,-2136.31,1.11704,0.975863,0.989382,0.978117,1.12676,0.108054,0.0075644,1
680,3711.38,-4252.11,8274.88,0.931693,1.02219,1.00925,0.981154,0.84793,-0.0304408,0.00642666,1
681,9197.25,39338.3,-12514.7,1.15373,0.973275,1.00013,0.973539,1.05543,0.0115953,0.00514691,1
682,704.855,1914.93,-1688.55,1.06458,1.05396,0.991767,0.979045,0.603499,0.103281,0.011313,1
683,548.613,1472.86,-1337.67,0.963562,1.00435,1.01018,0.97274,1.23541,0.247196,0.00563837,1
684,8759.71,-9084.96,23620.8,1.27407,0.995334,1.00951,1.03893,1.12949,0.00708282,-0.0095667,1
685,1052.07,-2401.74,2913.94,0.845413,1.00295,0.989277,0.987007,0.961121,-0.0457261,0.0163244,1
686,196.041,-489.072,505.703,1.10006,1.01667,1.00381,1.00843,0.689569,-0.232619,0.0172928,1
687,2215.85,7492.93,-4821.73,1.27866,0.999074,0.999622,0.977255,0.923932,0.103377,0.00321531,1
688,1102.69,-2529.78,3078.96,1.30299,0.97434,1.00375,1.01875,0.968738,-0.0387584,0.0174482,1
689,8788.4,31010.1,-11108.1,1.10229,1.01638,0.998502,1.03816,1.48391,-0.0293093,-0.00216138,1
690,1291.85,3511.88,-2762.32,1.15148,1.02075,0.99644,0.977454,0.79252,0.311635,0.00192139,1
691,3434.28,12161,-6423.34,1.23098,1.03128,1.01303,0.981243,1.04582,-0.0205306,-0.0109485,1
692,426.8,1138.85,-1056.05,1.0954,1.00415,0.986079,0.966275,0.821865,0.332358,0.00556601,1
693,4776.49,-7813.71,16825.9,1.06857,0.975279,0.991874,1.055,0.954586,-0.044952,0.00338757,1
694,487.715,-1165.38,1268.99,0.847498,0.990146,1.00716,1.01083,0.957561,-0.12023,0.0130124,1
695,1928.09,-3307.74,4687.21,1.22741,1.01164,1.00123,1.01569,0.883226,0.0439733,-0.00902298,1
696,1686.28,-3744.8,5041.95,1.13361,1.00682,0.998627,0.980932,1.0834,-0.0570402,0.007975,1
697,374.784,984.015,-922.031,0.547986,0.992928,1.00869,0.999234,1.06505,0.157761,0.0129026,1
698,427.911,-1003.22,1079.67,0.783555,0.980526,1.01739,1.06206,0.995518,0.464726,-0.00383635,1
699,503.923,1349.14,-1234.38,1.0032,0.994341,1.00177,0.989826,0.748168,0.29965,0.00506128,1
700,37094.1,142417,-66762.9,0.939456,1.00136,0.99835,0.976842,0.929342,0.012621,0.00252107,1
701,1644.93,4994.53,-3603.95,0.976893,0.971127,0.99534,0.998756,1.05604,0.358921,0.00122479,1
702,81489.4,159551,-85660.9,0.911209,1.00439,0.99602,1.04659,1.24429,-0.0107396,-0.00150319,1
703,351.149,910.622,-856.769,0.844481,0.988356,1.00086,0.998443,0.780608,-0.111981,-0.0197459,1
704,1650.82,5357.03,-3951.82,1.31269,0.996469,0.997037,0.971522,1.00506,0.167786,0.00270799,1
705,104123,126907,-63692.8,1.21411,1.0031,0.988665,1.01268,0.757984,0.00192649,0.00480036,1
706,776.549,-1786.1,2049.44,0.713469,0.991788,1.00643,0.982818,0.944864,-0.0700072,0.0140254,1
707,320.867,-775.029,819.489,0.950287,0.996121,0.987277,1.05835,1.10515,0.155434,-0.0160386,1
708,68724.3,179792,-97483.7,1.17506,1.0227,0.999924,0.990735,0.997754,0.00265178,0.00790048,1
709,2314.24,6624.01,-4188.11,0.804327,0.993023,0.993941,1.0416,0.655295,-0.0504325,-0.00630824,1
710,1432.95,4318.36,-3284.29,1.17443,1.0126,1.00792,0.990622,0.809292,0.170864,0.00308991,1
711,2837.97,10579.9,-6286.07,1.00148,0.997214,1.003,1.02748,1.03657,0.0286482,0.00877248,1
712,7808.75,-6402.03,16753.3,0.762006,1.01207,0.997721,1.03737,0.843834,0.0318697,-0.00243487,1
713,2272.2,-4626.2,7179.06,0.719893,0.99654,0.982058,1.03289,0.875091,0.141012,-0.00239417,1
714,3143.01,9864.4,-5327.39,1.00609,0.981251,1.01375,1.02574,0.9956,-0.224803,-0.000999422,1
715,450.513,-1071.59,1160.26,0.87104,1.01722,0.982566,0.965508,1.095,0.174425,-0.010452,1
716,292.792,-720.606,758.253,1.02994,1.00302,0.989467,0.970362,1.23169,-0.17805,0.0152237,1
717,4551.24,-6745.78,13279.2,1.29267,1.02895,0.989035,1.03568,1.02506,-0.0252564,0.00633665,1
718,415.234,-1006.31,1082.05,0.990028,0.986348,1.00258,0.970865,1.02695,-0.252069,0.0072807,1
719,256.937,-624.806,653.152,1.17495,0.991935,0.99047,1.01561,1.09207,0.187637,-0.0164966,1
720,292.637,766.291,-728.19,0.9418,1.00115,0.989222,1.00907,0.939056,0.198667,0.0135945,1
721,1126.35,-2581.48,3142.86,0.544384,0.998799,1.00908,1.01908,0.60831,-0.300494,0.00222073,1
722,327.621,842.306,-796.041,0.779868,0.984606,1.00622,1.00504,1.0142,-0.224169,-0.0105063,1
723,104240,162911,-88812.8,1.16891,1.03804,0.985869,0.995795,0.431522,0.171047,6.96235e-05,1
724,2568.22,6747.92,-4251.17,1.34046,1.03492,1.01194,0.942378,0.825617,0.140024,0.00206745,1
725,1148.8,3273.66,-2674.04,0.959175,0.99894,0.999139,1.00482,1.06404,-0.112189,-0.00597646,1
726,127.009,-310.882,317.665,1.2948,0.987128,0.990798,0.984503,1.12493,0.361076,-0.0174044,1
727,1602.42,4573.99,-3457.57,0.787075,0.995669,0.983513,1.00639,1.10642,0.0562997,0.0085018,1
728,773.416,-1764.06,2024.01,0.999047,0.994325,0.994086,0.967188,0.731947,0.15585,-0.00651082,1
729,3358.5,9637.36,-4983.39,0.718923,1.00769,1.00263,1.02693,0.993743,0.124117,0.00168955,1
730,1619.92,5056.05,-3676.62,1.33315,0.962369,0.995656,0.933473,1.05208,0.0563801,0.0079831,1
731,3227.47,-5720.13,10388.1,0.640448,0.98644,0.994213,1.01062,0.811529,0.0255078,-0.00927094,1
732,723.8,1966.57,-1728.11,0.997375,0.99925,0.996878,0.98007,1.12459,0.149281,0.00716259,1
733,9695.15,-10979.5,31331.1,1.0981,0.994592,1.0022,0.992095,1.29844,0.0526485,-0.0011703,1
734,552.035,1458.95,-1323.51,1.12242,0.999252,0.992753,0.971015,0.924808,-0.128513,-0.0111505,1
735,10981.7,-13023.5,40777.3,1.35332,1.00452,1.0021,1.00072,0.890266,-0.0186008,0.00299643,1
736,242.023,-584.932,609.857,0.877469,0.968189,0.992727,0.983522,1.34195,0.273998,-0.0117011,1
737,317.279,-779.161,823.547,1.01159,0.993625,0.990526,0.983401,0.603481,-0.212087,0.011641,1
738,418.404,1088.37,-1011.95,1.15342,0.988597,1.00373,0.990737,0.907502,-0.188736,-0.00981309,1
739,9128.8,37044.5,-12284.8,0.84579,0.993228,1.01067,0.984478,1.35366,-0.156558,-0.000384964,1
740,4046.29,11345.7,-6163.06,0.940734,1.02269,1.00801,1.0054,1.04328,0.0143079,0.0120266,1
741,185.072,-460.956,475.683,0.669811,1.0106,1.00765,1.0224,1.09055,-0.17297,0.0244189,1
742,178.742,451.566,-438.091,1.02617,1.00341,0.999626,0.997001,1.07995,-0.355312,-0.0126094,1
743,1169.38,3086.9,-2509.5,1.2337,1.05265,1.02269,1.11769,0.966176,-0.189767,-0.00354524,1
744,836.669,2274.85,-1953.25,0.934134,0.995033,0.986137,1.01626,0.895111,0.105544,0.00883436,1
745,775.944,-1761.73,2022.12,0.996925,1.00788,0.993085,0.999365,0.75156,0.202411,-0.00507789,1
746,370.654,-905.933,966.662,1.02578,1.01465,0.989289,0.991634,0.990303,-0.261646,0.00824004,1
747,580.536,1544.4,-1395.24,1.03781,0.979825,1.01477,1.04239,0.992392,0.0818422,0.0156514,1
748,238.23,620.552,-595.771,1.06328,1.01574,1.0069,0.97144,0.800668,0.200559,0.0164173,1
749,623.24,1641.74,-1470.47,0.76693,1.00288,0.992719,1.00576,1.28767,-0.305952,-0.00418449,1
750,288.481,739.704,-704.121,0.697928,1.0052,1.00758,0.997684,1.19701,-0.257923,-0.0106025,1
751,371.627,-892.914,951.677,0.678338,1.00378,1.0129,0.994082,0.849799,0.162589,-0.0128893,1
752,1233.81,-2612.21,3302.63,0.764491,0.994566,0.986758,0.974548,1.03672,-0.0621066,0.0101523,1
753,750.291,-1732.45,1977.17,0.989901,1.01777,1.00582,1.03153,1.23731,-0.0970436,0.0107462,1
754,3670.16,9229.94,-5046.21,1.02252,1.0046,1.00822,1.01754,0.894139,0.0185674,0.0101983,1
755,1539.67,4118.52,-3144.21,1.19371,0.99559,1.00109,0.946372,1.00201,-0.118512,-0.00415841,1
756,1660.59,5358.1,-3923.35,0.646196,0.99508,1.00727,1.05412,1.02724,-0.0262628,-0.0170094,1
757,3244.4,-5158.67,9555.66,0.949925,0.981449,0.99662,1.06139,1.03558,0.0259476,-0.00884907,1
758,2223.85,-4449.17,6878.86,0.953969,0.987971,0.986972,1.03595,1.43376,-0.145722,0.00230689,1
759,651.19,1734.3,-1546.52,0.935036,0.994036,1.00885,1.01513,1.07045,-0.121763,-0.00967322,1
760,336.442,-809.623,858.369,0.851898,1.00239,0.988361,0.98291,1.04268,0.202311,-0.0118366,1
761,3379.52,-6142.32,11293.8,1.16216,1.02208,0.999782,0.985439,1.14443,0.0314301,-0.00739657,1
762,12555.5,61220.5,-16796.3,1.08414,1.0436,0.995326,0.939656,0.85097,0.00373284,0.0133611,1
763,648.889,1748.35,-1559.31,1.02838,1.00501,1.00784,1.05777,0.992203,0.154835,0.00763698,1
764,386.717,1018.6,-951.958,0.744408,0.99498,0.997303,0.984306,0.974325,0.143601,0.0139898,1
765,760.176,-1771.65,2029.01,0.908547,1.00195,0.99577,1.06471,0.735454,-0.360584,0.00281431,1
766,182.756,-448.941,463.227,0.95721,1.03236,0.990009,1.00973,1.13507,0.221871,-0.0204772,1
767,331.661,-798.769,845.146,0.902907,1.02031,1.01643,0.991468,1.08069,0.210961,-0.0112956,1
768,943.684,2528.18,-2136.67,0.896452,1.00149,1.00997,1.01409,1.22642,-0.0421015,-0.0192066,1
769,381.3,-918.899,981.67,0.997131,1.03319,1.00188,0.980131,0.914602,0.0811396,-0.0262104,1
770,2014.21,-4407.35,6290.85,0.951483,0.977279,1.00373,0.992654,0.972874,-0.0802992,0.00451865,1
771,104429,-13246.8,85509.4,0.701518,1.00722,1.01684,0.973667,1.32849,-0.14308,7.51784e-05,1
772,5492.78,-8100.93,18903.2,0.884223,0.984583,1.00343,0.995597,0.795516,0.0135545,-0.0105854,1
773,65720.6,167439,-89592.8,0.82373,1.00868,1.01476,1.0301,0.730331,-0.02239,-0.000926759,1
774,380.372,980.67,-918.08,1.21043,0.980343,1.00427,1.01082,0.807936,-0.264789,-0.00764906,1
775,32932.6,-49715.6,113314,0.969054,1.00287,0.994,0.997837,1.16992,-0.0666991,0.000544832,1
776,33761.5,133078,-59485.3,1.07045,0.984876,0.996413,1.03645,1.0733,0.00452984,0.00728663,1
777,4259.32,-5508.24,10381,0.838056,1.02593,0.990671,1.00061,1.04383,0.0460772,-0.00374107,1
778,245.158,-612.041,638.764,0.916197,0.998058,0.986425,1.01906,0.696811,-0.396607,0.00808631,1
779,393.276,-940.966,1007.03,1.37937,1.02658,1.00667,1.00497,1.07154,0.171487,-0.0119092,1
780,364.215,-876.545,933.933,0.903878,1.03421,0.990394,1.06877,0.72407,0.206182,-0.0110189,1
781,1156.23,3363.56,-2735.97,0.860817,0.99654,1.00473,0.974428,0.791922,-0.180785,-0.00366215,1
782,8170.53,-7776.3,19660.2,1.06839,0.990627,1.00859,1.00531,1.18407,-0.0100374,0.00727774,1
783,2022.74,-4424.43,6324.06,0.981348,0.977943,1.00701,0.96271,1.06375,0.0186346,-0.0194288,1
784,1937.96,-3318.15,4689.3,0.678771,1.01037,1.00166,1.0142,0.877453,0.118233,-0.00334151,1
785,1194.56,-2548.19,3139.25,1.1663,1.02369,0.991375,0.95126,1.24345,0.0731277,-0.00917482,1
786,541.008,-1289.11,1417.29,1.07596,1.02762,1.00245,0.970229,1.10471,-0.167611,0.00877574,1
787,3620.86,-4172.26,8172.95,1.09149,1.01087,1.00272,1.00977,1.03988,0.0647228,-0.00310473,1
788,574.652,1526.85,-1379.29,1.09661,1.02883,0.995324,0.955838,1.00372,-0.0865724,-0.0162844,1
789,6699.45,-5816.41,17108.4,0.882793,0.982317,1.00071,1.00102,0.968466,0.0354233,-0.00347898,1
790,194.682,-470.811,486.628,1.23763,0.972814,1.00611,1.03765,1.05252,0.374268,-0.0105544,1
791,823.356,2256.46,-1946.82,0.957202,1.01272,0.993505,1.03571,0.645466,0.0497714,0.0192371,1
792,8578.45,-8898.18,23214.7,0.993472,0.965601,0.996827,0.991361,1.16944,-0.0127544,0.00546257,1
793,1190.88,-2736.13,3399.97,1.14973,0.998787,0.988192,0.968834,1.19134,-0.0973656,0.00672396,1
794,906.225,-1985.54,2335.18,1.3161,0.981665,1.00942,1.02061,0.591207,0.253452,-0.00330117,1
795,771.204,-1783.7,2043.87,1.22798,1.01193,1.00658,0.968954,1.05446,-0.15408,0.00653135,1
796,1054.57,-2343.63,2847.38,0.973006,0.998432,0.995672,1.00084,0.789894,0.184922,-0.00400911,1
797,993.028,2737.57,-2295.31,1.2992,1.00807,0.994178,0.97928,0.828073,0.194787,0.00401453,1
798,992.161,2756.73,-2318.36,1.05216,1.01704,1.01265,1.06312,0.966316,0.21405,0.00358807,1
799,1958.58,5375.38,-3859.67,0.895795,1.01205,1.01031,1.04669,0.937939,0.0904238,0.00418122,1
800,1012.92,-2239.23,2675.45,0.717435,1.01467,0.993575,1.0227,1.07494,-0.107149,0.00725975,1
801,568.693,-1343.89,1487.15,1.29759,1.01329,0.982206,0.99427,0.936334,-0.0885191,0.0160493,1
802,794.519,-1809.24,2085.68,0.513034,0.993471,0.983739,1.04528,0.875614,0.0839175,-0.0118637,1
803,63860.8,-68744.5,144084,1.06521,1.0328,0.996013,1.01503,1.05322,0.00569951,-0.00457609,1
804,2568.03,-3818.99,6191.26,1.27581,1.02119,0.989432,0.993475,1.01185,-0.0704184,0.00424653,1
805,781.516,-1781.68,2048.51,1.18534,0.999134,0.987957,1.04688,0.822273,0.0735685,-0.0137576,1
806,9288.93,-10023.8,28083.5,1.10826,0.984352,0.993479,0.938058,1.24783,0.0388311,-0.00167482,1
807,545.97,-1284.7,1412.88,1.19514,0.987741,1.01349,0.99375,0.901933,0.0659681,-0.0210899,1
808,6203.46,22519.1,-8375.12,1.44116,1.00361,0.996553,1.00016,0.541461,0.485984,0.000270338,1
809,1770.28,5097.21,-3593.14,0.502442,0.988828,0.989322,0.976311,1.22331,0.0261051,0.0162998,1
810,3346.99,11209.4,-5813.39,1.19925,0.999058,0.990713,0.95814,1.13852,0.11322,0.00198453,1
811,1797.1,-3701.93,5226.67,1.29389,1.00979,1.00051,0.98061,0.934491,0.0540186,-0.00791901,1
812,767.264,2083.28,-1815.58,1.60643,0.987689,0.997288,1.0131,1.14737,0.0791261,0.0125985,1
813,2285.08,6078.1,-3922.51,0.769288,0.968834,0.988609,1.01151,0.410224,0.0953857,0.0033058,1
814,926.483,2479.35,-2095.63,0.718412,0.980019,0.991295,0.987044,0.875347,-0.123063,-0.00674062,1
815,413.529,-985.949,1059.32,0.906529,1.00528,0.997386,1.05891,1.14119,0.186668,-0.0103103,1
816,8576.83,31587,-11268.3,0.857014,0.970749,0.999955,1.00939,0.896751,0.0136972,0.00468386,1
817,324.657,-780.804,825.337,1.29834,0.99963,1.01438,1.01791,1.07142,0.255692,-0.00936381,1
818,197.174,-480.926,497.408,1.08319,0.963274,0.998135,1.00927,1.06223,0.191729,-0.0202019,1
819,4618.54,-7705.4,15837,1.24636,1.00146,1.01054,1.05012,0.812451,-0.0166476,0.00919634,1
820,488.323,-1153.23,1254.27,1.06021,0.981015,1.0234,1.01521,0.897699,0.129136,-0.0118366,1
821,985.26,2682.76,-2252.75,1.1401,1.00542,0.995469,1.02617,1.2151,0.0694783,0.011341,1
822,4356.86,-7187.18,13945.6,0.9958,0.989658,1.01366,0.996604,0.934998,-0.0146363,0.0109398,1
823,1150.36,-2404.81,2955.83,0.686307,1.03422,1.00609,1.01647,1.21504,-0.0576859,0.0118914,1
824,444.256,-1067.36,1153.77,1.0361,0.96773,0.998302,1.00251,1.23539,-0.148248,0.01144,1
825,4780.31,-7522.52,15586.4,0.97262,1.0439,0.998626,1.00116,1.08669,-0.0321391,0.00473217,1
826,708.46,1916.86,-1692.05,1.1478,1.02473,1.01064,1.02204,0.827178,0.16049,0.00685138,1
827,253.085,-625.137,653.264,1.07359,0.982094,0.991011,0.9838,1.52176,-0.241938,0.0126274,1
828,237.189,-585.165,609.236,1.21595,0.992777,1.01885,0.998417,1.12332,-0.182967,0.017392,1
829,306.027,-755.785,797.305,1.46361,0.987602,0.994104,1.00029,1.03178,-0.379516,0.00662359,1
830,685.997,-1584.75,1791.34,0.837393,1.01258,0.983417,1.03592,1.36719,0.0601467,-0.0195843,1
831,2773.05,9261.1,-5749.45,1.36672,0.996544,0.994183,0.987439,0.592543,-0.0421884,-0.00622484,1
832,609.909,-1432.7,1596.96,1.13936,0.974685,0.992816,0.963618,0.848059,-0.116524,0.0107512,1
833,1335.03,-2837.5,3573.99,0.94504,1.0017,0.994516,0.990732,0.984618,-0.0929908,0.00622167,1
834,156.638,-380.923,391.14,1.16659,0.981676,1.00657,1.01838,0.727458,0.362905,-0.0136553,1
835,17825,-23892.5,71560.9,0.922907,0.984763,0.98832,0.982831,1.06308,0.0196165,-0.0023415,1
836,142.048,-348.092,356.407,0.845433,1.02346,1.02181,1.04052,1.10553,0.304694,-0.0183082,1
837,2991.4,11250.7,-6440.65,1.14895,0.99958,1.01075,1.03383,0.776843,-0.125703,-0.00193232,1
838,1522.07,-2897.4,3846.44,1.15605,0.998307,0.985201,0.988573,1.03828,-0.182601,0.00278178,1
839,1112.08,3163.37,-2597.2,0.758226,0.980067,0.994437,0.98323,1.02979,-0.0788243,-0.0086686,1
840,1796.47,-3164.44,4361.01,0.995094,0.972517,1.00442,1.02401,1.06506,0.114158,-0.00358465,1
841,2342.17,6056.18,-3985.65,1.33761,0.96493,0.997641,0.956469,1.13176,-0.0504172,-0.00606463,1
842,517.335,-1207.28,1322.48,0.996713,0.972058,0.992001,0.997071,0.94496,0.347695,-0.00432652,1
843,253.768,-629.749,658.043,1.17677,1.03901,0.99407,0.956247,1.20975,-0.221982,0.0144877,1
844,3169.77,9486.6,-5070.09,1.04246,0.983412,1.00985,1.01002,1.14937,0.0445004,0.00491954,1
845,5612.49,-8136.45,19446.8,1.2274,0.985052,0.999493,0.933486,1.15039,-0.0426529,0.00335037,1
846,267.942,681.937,-651.051,0.683801,1.01077,0.986632,0.972685,0.729395,-0.378655,-0.0080855,1
847,1260.85,3568.51,-2865.74,1.51362,0.975676,1.00555,0.968322,1.41044,-0.0898649,-0.00655215,1
848,116206,26486.8,-8504.76,0.912767,1.01406,1.01625,1.00929,0.891339,0.00199369,0.000743282,1
849,939.806,-2116.62,2498.59,0.755829,1.03615,0.991263,1.02555,1.02169,-0.141103,0.00608524,1
850,9827.38,44089.6,-13425.8,1.00363,1.02082,1.0037,0.962818,0.967008,0.0476795,0.0011832,1
851,272.321,-663.582,695.465,1.3036,1.04934,0.993315,1.00545,1.04917,0.229872,-0.013396,1
852,2418.07,6373.96,-4241.71,1.30734,0.986457,1.01981,0.969826,1.1944,0.0515706,0.00565669,1
853,3716.37,-4541.11,8228.13,0.833931,0.975932,1.00201,0.946638,0.563908,0.0725628,-0.00264586,1
854,609.196,1639.68,-1471.28,0.702379,0.989404,0.998448,1.00078,1.21964,0.206122,0.00608768,1
855,4071.09,13706.2,-7185.45,0.98052,0.975418,0.991839,1.01908,1.13335,0.0829923,0.00201397,1
856,551.922,1473.28,-1336.5,0.82773,1.02259,0.996821,0.974185,1.24833,0.130993,0.0110202,1
857,4496.16,17336.5,-8224.46,1.2769,1.01557,1.00248,0.971975,0.952917,0.0464422,0.00330591,1
858,838.834,2326.3,-2002.08,0.700628,1.02775,1.00195,0.979054,0.856553,0.200357,0.00468254,1
859,5134.25,20277.2,-8622.24,0.942161,0.977663,1.00176,1.00475,0.464182,0.0144725,0.0100413,1
860,1168.11,-2533.49,3101.34,1.26497,1.0215,1.0039,0.94967,1.33698,-0.0748249,0.00895502,1
861,88850.1,163041,-87250.1,0.981179,1.01224,0.993309,0.988936,1.02151,-0.00517845,-0.00285758,1
862,417.807,1105.15,-1027.45,1.2992,1.02936,1.00129,0.991528,1.08269,0.200179,0.00953527,1
863,287.218,-694.852,730.304,1.35432,1.018,0.989744,0.986847,1.23308,0.219193,-0.0129916,1
864,6278.89,-7692.56,19602.4,1.07123,0.99122,1.00448,1.00742,0.813819,-0.0779403,0.00172381,1
865,204.306,-495.866,513.395,1.07001,1.01605,1.00044,0.962591,0.990552,0.361744,-0.0109674,1
866,101169,-13969.6,89433.8,0.908504,0.994688,1.00876,0.95445,0.724195,-0.00112169,0.0106926,1
867,7276.2,-5253.9,14826.7,0.89306,0.998882,0.989828,0.914713,1.22644,0.0200302,-0.00422771,1
868,598.001,1604.37,-1444.24,0.878876,1.00659,1.00726,1.01168,0.738268,0.137263,0.0093991,1
869,1034.3,-2230.65,2681.25,1.05496,1.02952,0.993349,0.950272,1.53735,0.0593046,-0.0131425,1
870,1003.7,-2279.87,2720.25,1.19107,0.998494,0.999703,1.02869,0.943254,0.0327051,-0.0235553,1
871,280.546,735.009,-700.4,0.854656,0.970297,1.01242,0.978361,1.02944,0.274309,0.00959227,1
872,5327.44,-8187.95,18673.9,1.11898,0.987863,1.0146,0.96244,1.33591,-0.114639,0.00125914,1
873,1986.36,-4233.27,5926.52,1.26803,0.99008,1.01929,1.00778,1.24411,-0.116257,0.0031385,1
874,577.171,-1352.38,1498.53,1.44705,1.01236,0.983657,0.98835,0.782073,0.0948378,-0.0148234,1
875,835.158,2258.16,-1942.29,0.895344,1.00231,0.997583,1.04261,0.825817,-0.0644972,-0.0144644,1
876,4176.24,12535.6,-6669.41,0.872604,1.02526,1.00638,0.963042,1.25089,0.0301465,0.00554624,1
877,440.418,1169.7,-1081.48,1.20653,0.985845,0.979767,1.00002,1.09644,0.203921,0.00873984,1
878,1074.98,-2308.03,2790.39,1.04509,0.983023,0.997784,0.989768,1.0286,-0.0472059,0.0149752,1
879,771.199,2087.91,-1818.71,1.27159,1.03207,0.993478,0.983773,1.2755,-0.0676543,-0.0155149,1
880,1636.89,-3689.92,4964.76,0.756165,0.989894,1.0104,1.05469,1.04982,-0.0283383,0.0159743,1
881,622.292,1665.44,-1492.1,1.07848,1.02124,0.999851,1.03219,1.27493,0.079147,0.0160785,1
882,341.556,-824.071,874.776,0.933144,0.985674,0.985052,1.00446,1.14953,0.131339,-0.0176779,1
883,462.705,1232.25,-1135.45,0.586034,1.0063,0.987523,1.02161,1.15157,0.24011,0.00712341,1
884,738.02,1977.42,-1734.45,0.764932,0.967811,1.00461,1.0294,0.737075,-0.0844071,-0.0119789,1
885,2167.47,-4701.76,6987.28,1.00971,1.00442,1.01479,0.99664,0.847786,0.0892282,-0.00384361,1
886,61450.2,179937,-98198.8,1.01653,1.04233,0.992645,0.987015,0.997849,0.0471067,0.000504649,1
887,1046.74,-2311.03,2773.78,1.30002,1.03941,1.00283,1.02918,1.2341,-0.15963,0.00475645,1
888,521.91,-1249.29,1369.42,1.11778,0.996084,1.00026,0.965923,1.10914,-0.203582,0.00727014,1
889,59238.4,162965,-84764.4,1.11305,0.980742,0.997693,1.02016,0.988121,0.0395484,0.000572888,1
890,104515,126885,-63682.2,1.33178,1.01374,1.00802,0.963572,1.27072,-0.0392628,-0.000235604,1
891,758.227,2056.09,-1795.87,0.863247,0.992161,1.00173,1.0173,0.765216,0.0720251,0.0139941,1
892,318.029,-763.17,806.058,0.914692,1.01921,1.00096,0.994738,1.51555,0.313628,-0.00811305,1
893,3367.76,-5625.56,10486.6,0.902824,0.997113,0.991912,1.01659,1.25698,0.109931,-0.00210428,1
894,1571.31,4727.82,-3590.04,0.98528,0.98252,1.00024,0.992801,0.819225,-0.0629387,-0.00752823,1
895,1056.05,-2235.85,2705.46,1.041,0.988044,1.00476,0.998516,0.928563,0.11276,-0.00639784,1
896,1194.78,3339.83,-2663.26,0.718982,0.992672,1.00071,0.982447,0.906939,0.224021,0.00280887,1
897,1563.43,-3216.58,4191.66,0.707069,0.993669,1.00536,1.03521,0.68007,-0.0681599,0.00703784,1
898,3948.66,10536.3,-5664.31,0.746138,1.01483,0.985927,1.0166,0.823692,0.159077,0.00112382,1
899,18714.6,88260.5,-28147.1,1.37288,0.978961,1.00199,1.00685,1.11385,-0.00797826,-0.00536423,1
900,1552.25,4112.97,-3113.49,1.14062,1.00158,0.993591,0.950903,0.812284,-0.0831589,-0.00596223,1
901,844.146,2298.68,-1974.04,0.756461,1.0134,1.00041,1.00983,1.21326,-0.0575057,-0.0161761,1
902,6639.03,16410.1,-6506.82,1.10969,0.979285,0.991023,0.992927,1.0422,0.0284165,0.00302866,1
903,1622.24,-3013.97,4027.27,0.921352,1.02752,0.998227,0.97626,0.930827,0.103452,-0.00470511,1
904,1904.61,5106.69,-3550.82,0.873731,1.00675,0.980207,0.992245,0.850163,0.11632,0.00347405,1
905,821.123,-1875.94,2165.96,1.09051,1.01132,1.02782,1.01814,0.92663,-0.184163,0.00496893,1
906,1144.67,-2484.88,3035.06,0.814028,0.991962,0.987383,1.00658,1.30406,0.205541,-0.00333309,1
907,3473.14,-4484.58,8792.78,1.49752,1.02066,1.01232,1.03661,0.951755,-0.0291162,0.00715558,1
908,293.501,749.711,-712.731,1.1354,0.973776,1.00154,0.992425,1.16352,-0.270343,-0.009699,1
909,126.335,319.294,-312.564,1.12183,0.957003,1.00592,0.998751,1.03911,-0.192,-0.0309315,1
910,243.188,-604.482,630.329,1.15552,1.01104,0.999255,1.01488,0.866923,-0.275042,0.0117651,1
911,8797.14,33016.8,-11626.2,0.999922,0.991113,1.00796,1.02282,1.06004,-0.0238795,-0.00261315,1
912,1229.59,-2613.04,3233.31,0.827204,1.04304,0.996801,0.99643,1.20253,0.0890449,-0.00738839,1
913,3362.48,10320.8,-5325.7,0.869097,1.01096,1.00458,1.0329,0.845931,-0.141231,-0.00152584,1
914,268.514,-647.331,677.9,1.00896,1.01539,0.995555,0.976005,1.12538,0.34442,-0.00879996,1
915,1911.63,-3602.6,4936.05,0.975483,0.998614,1.02663,0.986792,1.03205,-0.0406164,0.00938847,1
916,1371.27,-3116.64,3991.13,1.16457,0.996516,1.00997,0.992749,0.780065,0.0874128,-0.00631853,1
917,1242.99,-2689.57,3333.47,1.18074,1.05094,1.00041,0.985437,0.864553,-0.0626761,0.0103505,1
918,3599.1,8970.71,-4875.49,0.693435,0.999667,1.00315,1.06135,1.20341,0.0164178,0.0117642,1
919,248.45,646.803,-619.324,1.04741,1.01542,0.978738,0.991556,0.709714,0.177813,0.018444,1
920,1535.59,-3056.84,4081.95,0.947576,1.03134,1.01134,0.989341,0.70355,0.0441811,-0.011476,1
921,818.179,2242.76,-1937.84,0.887329,1.01075,1.01268,1.01239,1.32956,0.236436,0.00393534,1
922,2701.69,7692.35,-4919.03,1.12366,1.01551,0.994881,0.953407,0.601191,0.181955,0.00150295,1
923,577.862,-1378.53,1525.54,0.592447,0.998274,1.01128,1.03244,1.08423,-0.35369,0.00370061,1
924,1208.08,3436.11,-2725.55,0.893312,0.991816,0.988062,0.987103,1.19253,0.104427,0.00608622,1
925,452.385,-1078.61,1167.51,0.941883,0.990887,0.994608,1.03849,0.906068,0.079208,-0.021861,1
926,7270.23,19462.9,-8052.28,0.746036,0.983226,1.00236,1.05134,1.25663,-0.163629,-0.000472074,1
927,10146.4,46016.4,-13951.3,0.418457,0.992106,1.00555,1.00506,0.861933,0.0100275,0.00554188,1
928,11647.5,-13906.6,45436.9,0.781049,0.996975,0.990767,0.965831,0.994791,-0.0485939,0.00111715,1
929,6027.68,23402.6,-8935.31,1.13986,1.03239,0.995759,0.98928,1.04418,-0.0494259,-0.0027355,1
930,2938.02,-5058.37,8825.47,1.2106,0.94622,1.01621,1.0387,1.33191,0.30495,-0.000787992,1
931,898.916,2486.2,-2109.46,1.18889,0.987268,0.992539,1.00396,1.01631,-0.0778329,-0.011034,1
932,12154.4,57342.8,-16485.6,0.662919,0.99244,1.0091,0.986687,1.03856,-0.00790197,-0.00645952,1
933,2871.69,10650.2,-6258.74,1.26938,0.992682,0.984631,1.05867,1.21145,-0.0607704,-0.00416532,1
934,652.949,1738.03,-1548.25,1.14002,0.99202,0.998036,0.983307,0.711402,-0.172346,-0.00692052,1
935,773.053,2078.37,-1811.31,1.12775,0.955237,1.00587,0.924754,0.637786,-0.180995,-0.00527722,1
936,7314.22,23189.9,-7046.59,0.854025,1.04387,0.971121,1.01213,1.14971,0.265374,0.000440753,1
937,1282.68,-2588.12,3244.93,1.13218,0.998245,1.00212,1.03668,0.795917,0.107896,-0.00554654,1
938,736.016,1997.75,-1753.67,1.21866,1.00171,1.01057,1.01186,1.20517,0.138643,0.00746003,1
939,287.541,737.553,-701.828,0.904685,0.986821,0.997508,1.0201,0.845312,-0.230739,-0.0118094,1
940,1632.77,-3293.54,4361.69,1.00262,0.998284,0.981341,1.03151,0.937806,0.045475,-0.0105104,1
941,463.904,1230.8,-1134.83,1.24454,1.04348,1.002,1.01332,0.642472,0.0982332,0.0177672,1
942,580.035,1537.66,-1386.89,1.03503,1.00363,0.984348,1.0215,1.10922,-0.0800868,-0.0172379,1
943,216.005,549.97,-530.128,1.13535,0.981653,1.00964,1.04096,1.03543,-0.160109,-0.0221248,1
944,1927.34,-3774.45,5205.34,0.862631,0.983287,1.00543,1.01383,0.599481,-0.121621,0.00312943,1
945,22253.1,-32190,86078.8,1.1737,1.00245,1.00711,0.968177,1.05443,0.0084832,-0.00494831,1
946,1370.88,3800.61,-2999.78,1.04057,1.02639,1.00485,1.03607,0.987599,-0.0287166,-0.0197422,1
947,94053.1,-38523.8,116859,0.85286,1.01602,1.01535,0.979943,1.14158,0.0286453,-0.00055512,1
948,10619.6,-12616.3,38584.2,0.854842,0.974532,0.994073,1.03984,1.05518,-0.00533063,0.0107365,1
949,1414.76,3778.52,-2919.33,0.909991,0.985066,1.01712,0.982061,0.999723,0.166446,0.00308309,1
950,5992.34,-3514.02,12595.6,1.10972,0.992611,0.994211,1.03086,1.10084,0.0520075,-0.00197901,1
951,2216.36,7597.39,-4899.71,1.24295,0.998361,0.994104,1.01244,0.859109,-0.026282,-0.0127754,1
952,231.335,-572.995,596.429,1.28617,1.02409,0.987509,1.0249,1.04982,-0.18444,0.0190501,1
953,6377.93,-3919.72,14133.7,1.22841,0.998763,0.996496,0.980394,0.997961,-0.0564115,0.00193396,1
954,60536.3,166701,-87432.6,1.00202,0.992201,1.00218,1.01767,0.72871,-0.00363049,-0.00618249,1
955,624.015,-1446.51,1612.43,1.15472,0.995544,1.01541,0.998882,1.2699,0.245042,-0.00502375,1
956,264.553,-640.486,670.184,0.901213,1.03209,1.00138,1.05099,0.901771,0.301353,-0.010271,1
957,446.599,1155.67,-1070.38,0.964655,1.03134,1.01789,1.01986,1.19617,-0.338113,-0.0052855,1
958,476.584,1244.57,-1145.95,1.40705,0.987541,1.01728,0.965932,1.44027,-0.167714,-0.00948875,1
959,699.472,1896.81,-1676,1.43149,1.03789,1.00727,1.00946,0.911586,0.206295,0.00548486,1
960,198.028,-477.033,493.442,0.767761,1.01792,0.993436,1.00137,0.848465,0.570449,-0.00731301,1
961,1015.96,2851.92,-2380.53,0.908813,1.0023,0.991451,1.00082,1.29668,-0.0594187,-0.0129587,1
962,2686.05,8783.34,-5567.86,0.847143,0.989568,1.0033,0.977269,1.04407,0.0241355,0.0110255,1
963,2746.01,9139.28,-5732.99,1.14859,1.00139,1.00825,1.0062,0.783175,-0.0238501,-0.0109544,1
964,3688.67,9391.97,-5184.93,1.13436,0.99268,1.00168,1.00161,0.810343,0.0339746,0.0055372,1
965,1363.64,-3064.92,3887.87,1.03315,1.00614,1.00367,0.998671,1.08446,-0.13654,0.00410561,1
966,1110.97,3107.58,-2557.1,1.09505,0.998419,1.00161,0.995538,0.878545,0.210618,0.00323752,1
967,7913.31,23589.5,-9376.32,0.956217,1.00949,1.00902,1.01407,1.05245,-0.0363885,-0.00193951,1
968,103386,8808.86,53612.8,0.95414,0.976292,1.01816,0.951826,1.02966,-0.00184936,0.00382797,1
969,6524.89,-3380.33,13733.4,1.07077,1.03726,0.989981,0.980755,0.920235,0.30799,-0.00031863,1
970,6724.76,22957.1,-8191.95,0.640797,1.02825,1.0084,1.00504,1.20599,0.089357,0.00140352,1
971,1973.33,-3365.22,4872.32,0.957446,1.02369,0.988711,1.00679,0.931916,0.0331658,-0.0120079,1
972,648.098,1759.2,-1569.15,0.693937,1.0343,1.00836,0.971754,1.26868,0.333335,0.00363409,1
973,31027.7,-48413.4,111547,0.671542,1.02528,0.997159,0.994175,1.14131,-0.00375235,0.00987371,1
974,3592.87,-4220.85,7760.98,0.598303,0.976546,1.0011,1.01537,1.11853,0.0635124,-0.00312054,1
975,51540.4,161695,-84511.2,0.919203,1.01218,1.00728,1.02547,1.33125,0.00891245,0.00289761,1
976,2149.02,7478.36,-4945.74,1.09984,0.997032,1.00794,0.98247,0.903135,-0.0614823,-0.00555612,1
977,904.127,-2075.26,2438.01,1.15653,1.00294,0.992408,1.01598,0.904408,-0.0803385,0.0107783,1
978,11238.9,-13398.6,42498.5,1.11445,0.966501,0.989358,1.04986,1.22287,-0.00429179,0.0129161,1
979,3321.48,-4436.18,8566.99,1.22539,0.979958,0.993026,0.973515,0.983588,0.0417716,-0.00523238,1
980,458.845,-1086.77,1176.49,1.12817,1.00246,1.00841,0.973692,0.871916,0.251847,-0.00678562,1
981,82275.6,-39293,113917,1.00091,0.973959,1.00994,0.973458,0.788892,-0.0200616,0.000902838,1
982,270.922,-668.556,700.516,0.728976,0.994491,1.00503,0.973045,0.983732,-0.240979,0.0117707,1
983,482.192,-1135.17,1235.85,1.04831,1.01158,0.984801,1.01666,1.04914,0.274424,-0.00617041,1
984,3265.09,12398,-6811.73,0.811454,1.04474,1.01724,0.983998,0.782263,0.0508798,0.00455249,1
985,659.947,1779.17,-1582.09,0.838398,1.01789,0.994936,0.965741,1.22097,0.13705,0.00876527,1
986,719.203,1918.07,-1689.38,0.731911,1.02555,1.00545,0.996389,1.04509,-0.209935,-0.00528111,1
987,5682.13,15699.5,-5034.41,1.04172,0.993766,0.98792,0.990305,1.5812,0.0321958,0.00319538,1
988,362.561,953.975,-895.688,1.14432,0.998026,1.00444,0.995087,0.938758,0.190762,0.0111433,1
989,501.498,-1199.07,1308.99,1.18476,1.0287,1.00138,1.06846,1.35768,-0.161684,0.00983388,1
990,990.316,2712.82,-2261.09,0.891996,0.976309,1.0108,0.980504,0.780346,0.160409,0.00462463,1
991,3708.62,10105.1,-5757.48,0.671367,0.97672,1.01313,1.00864,0.966945,0.136839,0.00132657,1
992,359.977,928.81,-872.441,1.11398,0.977369,0.998841,0.995885,1.04588,-0.206803,-0.0103741,1
993,457.351,-1088.81,1179.3,0.503621,1.00132,0.994577,1.00458,1.06138,0.111482,-0.0155561,1
994,140.697,352.347,-344.234,1.31358,1.00779,1.02575,1.00378,0.718656,-0.450207,-0.012316,1
995,108754,82687.2,-36905.6,1.1095,0.994344,0.999414,1.01298,1.13859,0.00165586,0.00330272,1
996,1861.47,-3265,4562.97,1.21717,1.00909,1.02174,0.971287,0.760288,-0.0235953,0.0169378,1
997,677.675,-1581.74,1782.59,1.11542,1.01192,1.00041,0.988305,1.02247,-0.100014,0.0115879,1
998,669.785,1798.92,-1596.99,0.935126,0.977694,1.00242,1.01551,0.785256,0.100943,0.0111298,1
999,331.004,849.299,-802.989,0.535169,0.995187,1.03073,1.03152,0.882086,-0.229478,-0.00993713,1
1000,161.076,-402.894,414.094,0.935563,1.00543,1.00355,1.04735,0.710878,-0.226157,0.0214224,1
1001,718.029,1939.85,-1704.4,0.939814,0.979701,0.987467,1.03406,1.09553,0.0706275,0.0151739,1
1002,368.856,975.154,-914.661,0.788279,1.02645,1.00282,1.04067,0.997076,0.297018,0.00721989,1
1003,8413.23,27982.9,-10556.3,0.926575,1.00623,1.00593,1.03527,0.729965,-0.0321399,-0.00205058,1
1004,125376,12345.3,16405.9,1.00941,1.02532,0.995115,0.958259,0.664845,0.00171272,-0.000851631,1
1005,200.094,-487.309,504.273,1.01206,0.988991,0.995808,1.05135,1.24476,0.286221,-0.0138082,1
1006,870.975,2398.68,-2050.16,1.18976,1.03227,0.997434,0.984321,1.29758,-0.127874,-0.00723067,1
1007,538.134,-1268.99,1393.82,1.08194,1.00324,1.00472,0.983228,1.21704,0.113264,-0.0128462,1
1008,6064.41,14493.7,-5483.74,1.10985,0.972517,0.994939,1.07375,1.03108,-0.111293,-0.000847383,1
1009,830.301,-1877.76,2177.46,1.09935,1.02356,0.986615,0.994032,1.40841,0.105001,-0.00932249,1
1010,259.251,-643.577,673.185,1.02282,1.00138,0.992446,0.974285,1.36757,-0.289093,0.0104875,1
1011,357.677,-859.49,915.235,1.04721,0.970895,0.98423,1.00594,0.843472,0.107917,-0.0202194,1
1012,9262.49,-9652.95,26689.3,0.977823,0.997091,0.983416,1.02619,1.04806,-0.0354833,0.00184163,1
1013,1457.26,-2789.96,3624.26,0.89191,0.975704,1.00157,0.999921,1.17242,0.103364,-0.00496403,1
1014,4679.02,-7807.18,16424.2,1.10091,0.987706,1.00391,0.980031,1.1336,-0.0129131,0.011872,1
1015,2284.74,6015.94,-3923.72,0.538137,0.975816,1.00651,0.991241,1.26467,0.054132,0.00575573,1
1016,9593.3,42601.7,-13075.3,1.32711,0.977671,0.988108,1.03905,0.952243,0.100557,0.000572259,1
1017,3996.04,11006.7,-6010,0.901229,1.01782,1.00757,1.00846,0.651644,-0.0180816,-0.00963378,1
1018,262.261,672.647,-643.306,1.05968,1.01678,1.01093,1.01324,0.845907,-0.18204,-0.0166004,1
1019,1199.99,3335.7,-2660.05,1.00751,0.9863,0.999105,1.01721,1.28063,-0.402298,-0.00159129,1
1020,403.877,1049.96,-980.121,1.2699,1.00772,1.03075,0.996462,1.22286,-0.152026,-0.012402,1
1021,1634.41,-3368.39,4461.17,0.704722,1.0003,0.984898,0.980304,0.933515,-0.106746,0.0044447,1
1022,1165.31,3128.19,-2548.45,1.13766,0.959419,1.01346,1.00592,0.714343,-0.0391148,-0.0157976,1
1023,1030.34,-2360.63,2835.06,0.91728,1.01105,1.01312,1.01869,1.03756,0.0500373,-0.0149282,1
1024,4215.47,14373.8,-7423.92,1.15101,1.00101,1.0058,0.996165,1.07193,-0.0300593,-0.00540728,1
1025,2220.72,-4811.59,7235.13,1.23025,1.00794,0.994835,0.927373,0.882435,0.0257922,-0.0133779,1
1026,1840.58,5090.96,-3567.42,0.730973,1.00664,0.999199,0.97997,1.24689,-0.0941505,-0.00438527,1
1027,1843.4,4896.96,-3471.23,0.930476,0.994651,0.991253,1.00542,0.929466,0.169843,0.00238851,1
1028,509.84,1357.41,-1240.07,1.12608,0.997706,0.987481,0.976368,1.1929,0.1121,0.0137929,1
1029,535.342,1422.8,-1296.52,1.19282,0.991664,1.02337,0.983636,0.429723,0.141192,0.00984866,1
1030,690.377,-1609.46,1818.8,1.25296,1.00456,0.997032,0.988477,1.38698,-0.105288,0.0107685,1
1031,1783.17,-3937.79,5505.59,0.731172,1.0143,0.986671,1.02379,0.947013,-0.0959175,0.00456108,1
1032,89156.3,-42711.7,121636,0.916281,1.00358,0.991725,1.02227,0.944266,0.000639574,-0.0277605,1
1033,95719.8,-1481.37,70160.3,1.07775,0.959284,1.01061,0.976927,1.38209,-0.0297043,0.000348509,1
1034,6393.13,20835.7,-7518.43,1.30137,0.987331,1.00058,1.02574,0.947923,0.0107773,0.0118075,1
1035,216.811,-542.34,563.132,1.00099,1.01949,0.98516,1.00629,0.850497,-0.371918,0.00999607,1
1036,704.604,-1623.94,1839.33,1.18426,1.02275,0.999515,0.94459,0.892517,0.131233,-0.00867638,1
1037,1697.51,5048.98,-3630.03,1.08193,0.986033,1.01031,0.985705,1.21983,-0.0639577,-0.00676513,1
1038,2595.81,6666.83,-4166.07,1.13312,1.02617,1.00088,1.00353,1.11719,-0.311825,-0.000938118,1
1039,844.778,2269.77,-1953.7,0.522272,1.00097,1.00668,1.03983,1.36307,-0.059435,-0.0153008,1
1040,3380.2,-4750.6,9159.71,0.874671,1.01041,1.00937,1.00258,0.604266,-0.162433,0.001322,1
1041,3698.84,-4297.05,8812.32,1.01597,1.03166,0.990629,1.01109,1.22183,0.0235057,-0.00856185,1
1042,4660.77,-6666.01,13245.2,1.03839,1.0515,0.990362,0.989582,1.09084,0.0184516,-0.00860359,1
1043,4042.87,11058.1,-5970.6,0.690712,1.02896,1.00665,0.973246,0.878796,0.0164858,0.0105402,1
1044,3369.75,9358.88,-4790.99,1.17715,0.987216,0.978703,1.04036,0.80717,0.0254156,0.00833641,1
1045,1837.11,4769.66,-3438.81,0.971323,0.990898,1.01083,1.02428,0.899693,-0.182212,-0.00220121,1
1046,6052.09,-7806.04,19384.7,0.741511,0.981476,1.00354,0.987414,1.16157,-0.0651347,0.0021084,1
1047,755.811,-1741.95,1988.37,0.922897,0.955808,1.02413,1.00577,1.20192,-0.0846381,0.0111988,1
1048,361.327,939.103,-882.231,0.573986,1.01175,1.00191,1.02621,0.915127,-0.0885971,-0.0247769,1
1049,89361.6,-53251.5,136455,1.0829,1.02512,0.987252,0.998134,1.01514,0.00727061,-0.00262552,1
1050,285.218,-700.241,735.541,1.17513,1.0212,0.998516,1.00808,0.946818,-0.123587,0.0226949,1
1051,693.029,1848.81,-1636.66,0.869898,0.986245,1.01558,1.01042,0.875385,-0.101941,-0.0106474,1
1052,4947.56,19942.7,-8709.33,1.04215,1.00489,1.00223,1.00842,0.720619,0.0193455,0.0075727,1
1053,252.891,649.287,-621.551,1.26801,1.03892,0.988968,0.991947,1.15996,-0.271975,-0.0121628,1
1054,967.573,2607.44,-2194.93,0.979975,1.01735,1.01211,1.00157,1.09885,0.0887849,0.00895062,1
1055,934.404,-2149.21,2536.82,1.33648,0.966423,1.00575,0.99457,1.05309,-0.0830741,0.00952104,1
1056,611.955,1612.76,-1449.84,1.21788,1.01166,1.01291,1.02833,0.681217,-0.260916,-0.0048981,1
1057,2004.85,-3835.58,5357.07,0.948664,1.00273,0.999402,1.05261,1.36864,-0.133515,0.00280643,1
1058,2675.44,-4600.61,7078.74,1.26553,1.00071,1.00322,0.95039,1.07228,-0.189441,0.00145134,1
1059,3082.56,-6144.15,10674.5,1.13311,1.01089,1.00511,0.983396,0.744206,-0.0421093,0.00575951,1
1060,4915.22,-7896.92,17292.6,1.06273,0.992135,0.992497,1.02451,0.777342,0.155366,-0.00096859,1
1061,916.665,-2084.77,2461.34,1.13482,0.993759,0.988183,0.989281,0.89198,0.164193,-0.00523551,1
1062,471.956,-1122.82,1218.31,0.992118,1.02049,1.0091,1.03719,0.895343,0.0673357,-0.0248908,1
1063,145.571,-356.266,365.24,1.15511,1.00313,0.983331,1.00185,0.684076,0.314891,-0.0178428,1
1064,1140.42,3092.52,-2538.07,0.690801,1.00762,1.00764,1.02359,0.856632,-0.313211,-0.00216922,1
1065,756.262,2065.74,-1805.41,0.961027,1.00314,1.00437,1.00426,1.20296,0.227311,0.00445329,1
1066,784.067,-1804.06,2074.98,1.30233,0.999319,0.993443,0.941961,0.899353,-0.0751854,0.0132752,1
1067,287.094,-704.987,740.948,0.983629,0.967055,0.997581,0.995315,0.85711,-0.191271,0.0137407,1
1068,260.486,-633.798,662.759,1.01813,1.0376,1.0002,1.02541,1.08083,0.236181,-0.0133694,1
1069,65880.2,-60227.8,133805,0.819843,0.997546,1.00807,1.0423,1.2508,-0.0362492,0.000668199,1
1070,1079.93,-2294.44,2785.55,0.784769,0.987736,0.991918,0.98668,0.66475,-0.0736747,0.00966526,1
1071,1139.6,3210.24,-2595.13,1.03762,0.974736,1.0119,0.983457,0.680297,-0.229433,-0.00283742,1
1072,226.86,589.064,-566.542,0.888147,1.00401,1.00014,1.01359,1.20899,0.161253,0.0214143,1
1073,807.226,-1830.19,2114.65,1.02563,1.00663,0.982877,1.026,1.33688,0.110054,-0.00904412,1
1074,2830.66,9536.07,-5900.6,1.02894,1.01974,1.01004,1.0337,1.49764,0.0243578,0.0105011,1
1075,1967.01,5188.79,-3628.21,1.138,1.03016,1.001,1.00623,1.22482,0.0934778,0.00416257,1
1076,598.419,-1381.66,1534.52,0.832259,1.00506,0.995921,1.02915,0.949803,0.369018,-0.00362321,1
1077,8388.54,27614.4,-10342.6,0.720319,0.996014,0.996737,1.04383,1.09929,-0.315524,-0.000211793,1
1078,2795.9,-5063.23,8000.78,0.857513,0.998341,0.984979,1.03339,1.35242,-0.0506905,0.00527576,1
1079,4477.23,-7309.29,14516.1,1.08788,1.00209,1.0056,1.00466,1.39219,-0.0569422,0.00277092,1
1080,275.947,-679.344,712.583,1.04312,0.977462,0.998931,0.981302,1.26361,-0.241805,0.0113992,1
1081,1372.26,3842.91,-3037.24,0.817945,1.02869,1.01417,0.949452,0.981061,-0.0559652,-0.0100667,1
1082,4649.63,-7022.7,14114.8,0.91109,1.03166,0.991366,0.974434,0.618478,0.111203,-0.00141898,1
1083,256.338,-633.363,661.926,1.01953,1.00651,1.00039,1.00956,0.98159,-0.172792,0.0177275,1
1084,1751.1,5704.41,-4135.42,1.36745,1.02387,1.00089,0.992218,0.971424,-0.0570876,-0.00772583,1
1085,303.425,794.895,-754.291,1.1743,1.02097,1.00061,1.01017,1.20469,0.210526,0.0124207,1
1086,538.803,1421.4,-1293.57,0.827137,1.01562,1.0035,0.954221,0.858623,-0.115226,-0.0127697,1
1087,751.984,-1735.81,1980.86,0.823817,1.00808,1.01066,1.00508,1.07521,-0.0487682,0.0210458,1
1088,454.168,1201.12,-1109.81,1.41864,0.999113,1.01178,0.981893,1.05969,0.120525,0.0139682,1
1089,518.86,-1233.27,1350.22,0.952601,0.987326,1.01013,0.99802,1.12683,-0.106008,0.0137763,1
1090,1784.77,-3802.37,5346.15,0.565293,1.00503,0.990827,0.982405,0.925065,0.0997582,-0.00436045,1
1091,2523.19,6564.21,-4138.12,1.05648,1.02789,1.01168,1.03712,0.948802,-0.12566,-0.00234474,1
1092,106803,-15154.1,93021.9,0.817403,1.01657,0.996531,1.02173,1.02037,-0.00229982,0.00509296,1
1093,2024.19,5344.24,-3759.93,0.731369,1.0311,1.00144,1.03514,1.04278,-0.0569975,-0.00665627,1
1094,4208.69,12968.6,-6919.06,0.795433,1.0294,1.01938,1.03417,0.952221,-0.130667,-0.00125406,1
1095,2422.95,6493.63,-4304.1,0.857722,0.965381,0.994781,0.963701,1.37738,0.0561624,0.00524564,1
1096,978.559,-2161.25,2568.75,1.22171,1.00116,0.996532,0.9844,1.02986,-0.091302,0.00868828,1
1097,4884.89,-8009,17331.1,0.944164,1.00072,1.0053,1.01214,0.864999,-0.124286,0.00119971,1
1098,3515.99,-4570.81,7853.4,1.06991,0.948673,1.02002,1.01385,0.686789,-0.0151861,0.0127921,1
1099,606.348,-1430.14,1591.18,1.10273,0.99738,1.00378,1.00011,1.31294,-0.118605,0.010717,1
1100,531.739,1397.23,-1271.86,0.878326,0.98706,0.989158,1.01331,1.15229,-0.218057,-0.00679304,1
1101,3441.89,-5474.11,10438.6,0.630238,1.00364,0.986253,1.0171,1.01416,-0.13031,0.00173883,1
1102,3404.29,10876.7,-5648.44,1.19174,1.02935,1.01783,1.01449,0.767885,0.153352,0.00139675,1
1103,92944.3,133292,-69333.8,0.805076,1.00602,1.01348,1.0675,1.60703,-0.00206494,-0.00556573,1
1104,2769.11,-4913.65,7669.34,0.97163,1.00332,0.999785,0.993445,0.725138,0.0782348,-0.00343527,1
1105,567.878,-1333.95,1474,1.12691,1.02887,0.997635,1.00835,0.987972,0.117187,-0.0121696,1
1106,79.5527,-195.751,198.38,0.760414,0.999948,0.994083,0.99672,0.878796,0.358017,-0.0282831,1
1107,1467.17,4069.23,-3077.41,1.03709,1.00682,1.00593,0.982037,0.302132,0.0880441,0.00585447,1
1108,2541.94,7173.13,-4714.97,0.971873,0.983368,1.00147,1.02234,0.665469,-0.0252682,-0.0111381,1
1109,450.207,1174.31,-1087.06,1.15624,1.02192,1.02069,0.970502,1.22,-0.185314,-0.00939108,1
1110,529.328,-1244.22,1364.89,1.15143,0.990834,1.00199,1.01082,1.18042,0.193143,-0.00761079,1
1111,1284.23,-2825.21,3547.1,1.00035,1.03407,0.971805,1.04682,0.729796,0.25789,-0.00251066,1
1112,4629.94,-7587.92,15636.7,0.960463,1.00404,0.998574,1.047,0.960412,0.0400377,-0.00385322,1
1113,788.227,2120.73,-1843.14,1.08793,1.00349,0.997538,0.971978,1.10595,-0.175448,-0.00568486,1
1114,2508.52,-3772.88,5911.88,1.04947,0.989712,0.985166,0.986866,1.18654,-0.0481435,0.0062119,1
1115,579.876,-1372.91,1522.79,0.991795,0.976706,0.986121,0.985578,0.746854,-0.201365,0.00659726,1
1116,3734.25,-4231.87,8158.49,0.872799,1.01224,0.999975,1.02625,0.947079,0.035742,-0.00544682,1
1117,96538.8,-12642.4,85347.8,1.07768,0.973772,1.00346,0.998863,1.02472,0.0140678,-0.000854086,1
1118,8304.89,26898.2,-10316.8,1.29883,1.01507,1.0133,1.00661,0.997352,0.010151,0.00657901,1
1119,102564,110695,-53961.6,0.718721,0.99424,0.999006,1.04435,0.943014,-0.076722,-0.000104422,1
1120,2159.36,-4333.92,6222.4,1.00101,1.028,0.998792,1.04793,1.07195,-0.0742666,0.00479957,1
1121,3145.89,11026.1,-6061.45,1.01989,0.988562,1.00745,1.04931,1.07097,-0.111513,-0.00209899,1
1122,1013.42,-2215.35,2652.95,1.21104,1.01152,0.984163,1.03011,1.18029,-0.0655077,0.0119982,1
1123,505.141,1325.63,-1212.94,0.91163,0.965698,0.999222,0.971443,1.23316,-0.11445,-0.013086,1
1124,6860.77,21706.8,-7186.21,0.894077,1.01227,0.990407,0.995299,0.673724,0.0143353,0.00847559,1
1125,616.73,1636.75,-1468.05,0.803754,1.00497,0.998128,0.970741,1.09872,-0.148072,-0.00864345,1
1126,1846.3,5808.46,-4037.75,1.20243,1.02109,0.986661,1.0156,1.02924,-0.092827,-0.00456506,1
1127,71126.5,-65231.6,143927,1.18883,1.01499,0.991239,0.975447,1.36972,-0.00674615,0.00356309,1
1128,6222.32,18758.7,-6688.29,1.13953,0.98879,1.02376,1.00323,1.00853,0.0351216,0.00341678,1
1129,2306.19,8220.75,-5288.12,1.36524,1.0383,1.00658,0.966055,1.1965,0.0476391,0.00692172,1
1130,762.923,2076.75,-1814.15,0.683538,1.02818,1.00712,1.04409,0.752198,0.213313,0.00480488,1
1131,359.223,929.815,-873.327,1.09162,1.01549,0.989581,1.00773,1.00106,-0.178149,-0.0126959,1
1132,1298.77,-2822.89,3523.43,1.59779,0.997434,1.0156,0.996011,1.12469,-0.0720877,0.00799765,1
1133,2742.49,8058.02,-5159,0.73092,1.01539,1.00748,1.02292,1.18078,-0.211722,-0.00126608,1
1134,582.309,-1365.82,1512.15,1.02648,1.0205,1.00444,0.96777,1.00823,0.0783731,-0.0174265,1
1135,605.441,1608.69,-1447.5,0.934349,1.01297,1.0132,1.04013,0.886577,-0.0678312,-0.0189086,1
1136,4888.76,19894.4,-8748.42,0.563817,1.01226,1.0062,0.969102,1.49114,0.173279,0.000845795,1
1137,746.064,-1726.2,1970.26,0.999893,0.993391,1.00428,1.0406,0.817816,-0.143048,0.00715153,1
1138,2646.24,-4125.75,6394.61,0.603895,1.01878,1.00507,1.01013,0.92502,-0.17087,0.00164757,1
1139,281.466,-692.108,725.899,0.746367,1.0231,1.02351,0.976652,0.742359,-0.112877,0.0244216,1
1140,689.376,1844.25,-1633.55,1.05209,1.00368,1.0085,1.023,1.08366,-0.0972616,-0.0115356,1
1141,580.549,-1371.55,1518.31,0.894943,0.999135,1.00721,0.997784,0.603845,-0.0714824,0.018566,1
1142,1102.88,2941.24,-2404.26,0.624006,1.01323,1.00604,0.974294,1.27294,-0.242412,-0.00291998,1
1143,90560.7,-26701.9,102302,1.09249,0.977247,1.00774,0.959749,1.21791,-0.00158913,0.0096047,1
1144,930.276,-2036.93,2408.92,1.21267,0.990439,1.00183,0.978386,1.34577,0.144637,-0.00572556,1
1145,1357,3857.16,-3042.74,1.37333,1.01389,0.995328,0.930671,1.12225,0.168116,0.00339374,1
1146,703.561,-1637.13,1855.01,1.07317,0.966171,1.00086,0.984466,0.952548,-0.181055,0.0058462,1
1147,56978.3,156393,-80979.3,0.910316,0.974387,1.00825,1.00939,0.743875,0.0625051,0.000368058,1
1148,879.97,2424.82,-2074.05,1.18807,0.995899,1.00762,1.03125,1.07462,-0.0953629,-0.00910173,1
1149,1014.55,2816.47,-2357.79,0.95316,1.01947,1.00463,1.03825,1.0078,0.0833809,0.0091793,1
1150,1274.7,3396.78,-2677.53,1.12939,1.00255,0.990402,1.03771,1.00099,-0.159987,-0.00382513,1
1151,510.014,-1205.75,1317.62,0.924591,0.993844,1.00939,1.01857,0.94379,0.104973,-0.0143876,1
1152,708.605,-1642.25,1861.73,0.818233,1.04596,0.993784,0.992153,0.973088,0.0888467,-0.0130841,1
1153,1663.49,-3701.63,5056.81,0.945987,0.976808,0.985548,1.03057,1.14417,0.0336441,-0.0135394,1
1154,4363.5,-6029.21,11470.9,0.947485,1.01781,0.983791,1.05687,0.990591,0.106298,-0.00157722,1
1155,1693.64,4859.51,-3495.1,1.02681,0.979629,1.00768,0.997141,0.879727,0.0330066,0.0130243,1
1156,5987.67,15488.3,-5202.06,0.800805,1.02366,1.00927,1.04151,1.0298,-0.0222416,-0.00432197,1
1157,1245.21,3559.3,-2822.44,0.713296,1.02107,1.01401,1.00762,0.762703,-0.268785,-0.00231717,1
1158,112650,80835,-35842.2,0.801759,0.991922,0.983346,0.989119,1.24556,0.00466589,0.00107382,1
1159,2175.4,-4697.02,7029.47,1.40334,1.00284,1.00779,1.03321,0.946833,-0.01599,0.021387,1
1160,5802.32,16156.7,-5137.4,1.13455,1.00014,0.998863,0.986374,0.835138,-0.00871152,-0.0120745,1
1161,779.036,2104.17,-1830.14,1.13081,0.983819,0.997471,0.971768,0.854882,-0.0852475,-0.0115551,1
1162,424.039,-1006.11,1082.42,0.889996,0.993518,1.01146,1.02857,1.01383,0.275983,-0.00661729,1
1163,433.436,-1047.42,1129.62,1.08499,1.0029,1.00241,0.984884,1.0642,-0.152789,0.0117542,1
1164,117867,5751.34,2498,1.16462,1.00623,0.999117,1.01265,1.1623,-0.000192761,0.00137756,1
1165,382.494,-930.228,995.032,0.619871,0.962609,0.986961,1.00815,0.94165,-0.256193,0.00774032,1
1166,4767.4,19192.8,-8548.99,0.97253,0.980297,1.00024,0.984436,1.11458,-0.025149,-0.00597318,1
1167,143.803,369.469,-360.632,1.27463,0.98435,1.01545,0.987872,0.984106,0.19074,0.0274012,1
1168,786.773,2120.04,-1843.64,0.944875,0.959514,1.00855,0.997148,1.14561,-0.119361,-0.00783421,1
1169,2172.7,-4653.94,6798.2,0.829498,1.01739,1.00471,0.9969,1.35354,-0.028569,0.0122349,1
1170,1657.62,-3638.7,4858.06,1.31705,1.00349,0.99756,1.02847,1.13167,-0.111571,0.0041239,1
1171,166.371,432.164,-420.066,1.27766,0.975713,1.00347,0.989876,1.00886,0.367069,0.012296,1
1172,6498.62,19630.3,-6737.13,0.865991,0.994741,1.00158,1.05408,0.923752,-0.159866,-0.000756739,1
1173,346.506,-842.655,894.851,0.850581,0.988427,1.0035,1.00792,1.3189,-0.128081,0.0172901,1
1174,983.95,2636.91,-2212.86,1.04308,1.00627,0.997753,0.946286,0.921267,-0.146255,-0.00544615,1
1175,2377.76,-3653.4,5749.43,1.19909,0.981621,0.993745,0.987272,1.08965,0.204752,-0.00153162,1
1176,4066.43,12010.8,-6478.94,1.24661,1.00722,0.998826,1.01975,0.775299,0.0313752,0.00543496,1
1177,3895.1,10708.8,-5883.82,1.15502,1.00158,0.994728,1.02428,0.946594,0.240664,0.000737411,1
1178,13361.2,-17315.9,53798.3,0.925125,0.986787,1.015,1.04588,0.963586,-0.0629348,0.000798127,1
1179,7000.78,-5123.31,13896.3,0.610664,0.998448,1.01307,0.978026,0.74819,0.0194452,-0.00442221,1
1180,1957.95,-3427.01,4817.12,0.912179,1.00873,1.00028,0.975893,1.12121,-0.0464905,0.00837187,1
1181,7257.38,19287.3,-7842.96,0.913952,1.00887,0.998321,1.0094,0.972852,0.424555,0.000182204,1
1182,102422,-15161.7,92073.2,1.0854,0.994948,0.996575,0.958543,1.31718,0.000678239,-0.0182209,1
1183,5465.33,21361.8,-8947.89,1.05853,1.01341,1.03026,0.984742,1.09319,0.0763869,0.00181541,1
1184,1076.67,-2435.65,2965.55,1.34076,1.01766,1.00126,0.958637,0.899376,0.107719,-0.00680662,1
1185,1138.29,3206.82,-2625.91,0.715552,1.00288,0.998476,0.991929,1.13996,0.08134,0.00829666,1
1186,6435.3,18230.3,-5408.37,0.87451,1.02521,0.991476,0.979943,1.09855,-0.0695254,-0.00154076,1
1187,7510.29,21014.2,-8501.76,0.99787,0.983316,0.988357,1.04469,1.06765,0.0173689,0.00432057,1
1188,539.649,1422.35,-1293.28,1.11392,1.01549,0.993831,0.982173,1.18232,-0.132623,-0.0112219,1
1189,491.316,1288.65,-1182.2,0.959077,0.985521,1.0002,1.00467,1.08513,-0.146013,-0.0107778,1
1190,191.717,-477.287,493.299,0.97718,0.992402,0.995119,1.00877,0.97981,-0.225722,0.0179902,1
1191,606.78,-1439.45,1604.65,0.909492,0.975329,0.987292,1.00358,1.27642,-0.369912,0.00339452,1
1192,474.986,1243.17,-1144.51,1.34793,1.00529,1.00331,1.01214,0.98802,-0.172479,-0.00960826,1
1193,5788.52,14205.7,-5301.7,1.23389,0.968793,1.00656,1.0227,1.21602,0.074549,0.00131586,1
1194,6850.49,-5015.43,16406.5,1.10387,1.00182,0.99114,1.04915,1.30032,-0.0864409,0.00135168,1
1195,701.582,1882.73,-1661.29,1.01819,0.986066,0.996573,1.0065,1.20611,-0.0659918,-0.0166429,1
1196,1227.39,-2519.83,3165.49,0.657929,0.985599,0.990324,0.980282,0.849166,-0.164961,0.00377206,1
1197,12265.1,-15191.9,48747.3,0.765213,0.972393,0.999867,1.00496,1.35396,0.00721271,-0.00733194,1
1198,1069.98,3019.18,-2504.96,1.07179,0.981225,1.01535,0.993313,1.06355,0.094341,0.00727474,1
1199,213.568,541.967,-522.496,1.44511,0.968974,0.997773,1.01161,1.06244,-0.237218,-0.0151908,1
1200,841.259,-1894.43,2201.49,1.18328,1.00766,1.00069,1.01179,0.63489,0.331031,-0.00284385,1
1201,826.146,-1871.09,2169.62,0.943751,0.988252,0.995814,0.967742,0.934256,-0.0466364,0.0200074,1
1202,4238.15,-6441.79,12023.2,0.787424,0.991529,1.00334,1.00783,0.814781,0.0264669,-0.00631124,1
1203,3630,9142.46,-5080.07,1.09257,0.985976,1.00731,0.988245,0.89392,-0.0902329,-0.00211258,1
1204,19615.1,-27621,77178.3,0.715697,1.00477,1.00742,1.0126,0.84186,0.0287919,-0.00151656,1
1205,15145.4,74723.2,-20961.3,0.994974,1.02311,0.989002,0.988449,1.00638,-0.0124903,-0.00369964,1
1206,11236.1,52382.2,-15259.4,1.29357,1.01862,1.00206,1.02462,1.15417,0.0273734,0.00191312,1
1207,1805.96,-3720.87,5273.08,0.800486,1.01125,0.995027,0.982036,0.805704,-0.0972811,0.00438553,1
1208,1786.3,4711.79,-3404.32,1.13872,0.975904,0.997629,1.00745,0.935029,0.119223,0.00342374,1
1209,3326.3,-4947.05,9251.12,1.06772,1.00767,1.02805,1.00056,0.935419,0.104301,-0.00209721,1
1210,121077,18161.8,-4873.66,0.905979,1.02257,1.0026,1.02802,1.05317,-0.00651771,-0.00012548,1
1211,342.905,898.609,-846.323,0.964837,1.02501,0.990381,1.02006,1.00607,0.133264,0.0177071,1
1212,642.345,1729.27,-1540.74,1.05622,1.0168,0.98182,0.992867,1.13656,0.125688,0.00998616,1
1213,323.172,-792.443,838.084,0.896081,1.00958,0.997355,1.00012,0.79999,-0.181093,0.0134938,1
1214,3611.2,9278.39,-4850.19,0.82952,1.01997,1.00422,1.00314,0.690198,0.119454,0.00163412,1
1215,168.62,438.356,-425.893,1.47341,0.986947,1.00132,0.984627,0.819734,0.409708,0.0110189,1
1216,96.5643,241.028,-237.178,1.1702,1.00294,1.00216,0.973128,0.910766,-0.439708,-0.0188762,1
1217,1038.05,2965.98,-2456.1,0.884676,1.0095,1.00722,1.00572,0.843878,-0.0750452,-0.00990421,1
1218,6913.74,17202.4,-6661.37,1.07153,1.01823,0.996686,1.03228,0.822811,-0.0214804,-0.00385432,1
1219,758.062,-1719.71,1967.95,0.563138,0.995819,0.98812,0.988253,0.90555,0.294089,-0.00357288,1
1220,1348.96,4125.19,-3188.08,0.915317,0.983355,0.999172,1.00181,0.819685,0.264039,0.00207823,1
1221,491.333,-1161.28,1265.42,1.26486,1.04253,0.994227,1.01983,1.25863,0.294735,-0.00573629,1
1222,1807.58,-3208.92,4515.86,0.807215,0.986353,0.997867,0.994534,0.891422,0.0809077,-0.00514826,1
1223,1103.54,-2421.43,2928.62,0.835831,0.989345,1.00987,0.98689,0.898723,0.1347,-0.00509816,1
1224,7183.88,22902.2,-7153.71,1.10566,1.02174,0.980049,0.925941,1.0809,-0.0248549,-0.00483351,1
1225,2022.91,5695.74,-4035.61,0.74934,1.01598,0.995464,1.00928,0.901477,0.16325,0.00228823,1
1226,6763.91,21314.8,-7203.41,0.755458,1.01921,1.00479,0.998786,1.20599,0.205195,0.000583866,1
1227,267.284,698.567,-667.007,1.08353,1.0319,0.996628,1.04581,0.762304,0.240674,0.0125235,1
1228,1136.58,3071.83,-2514.16,1.14274,1.01168,0.999122,1.0092,1.09306,-0.0362262,-0.0188973,1
1229,632.576,-1481.45,1656.29,1.07357,0.990616,1.00347,1.01303,0.651513,-0.0621196,0.0195113,1
1230,451.269,1178.54,-1089.38,1.00741,1.00032,0.99976,0.975198,1.01306,-0.191698,-0.00911348,1
1231,581.494,1536.43,-1388.33,0.992328,1.02669,1.01172,0.981991,1.34307,-0.140632,-0.00969042,1
1232,110468,16584.3,-3698.71,0.717695,0.984284,1.00309,1.03389,0.821958,-0.0836341,-9.55726e-06,1
1233,882.159,-2000.86,2337.42,1.07267,1.00623,0.999399,0.992866,1.15959,-0.0913321,0.00966521,1
1234,147.591,381.614,-372.143,0.976805,0.994485,1.00328,0.978474,0.882294,0.318038,0.0163761,1
1235,1757.23,5680.02,-4101.11,1.12861,1.01198,0.987728,1.0093,1.24679,-0.29025,-0.00153662,1
1236,26013.9,119289,-44627.5,1.1239,0.991194,0.968892,0.95683,0.842768,-0.00405815,-0.00939085,1
1237,1165.39,-2486.24,3087.58,0.95911,0.981322,1.01208,0.962828,0.876153,-0.076696,0.00830424,1
1238,359.379,-877.839,934.562,1.04854,0.986323,1.00155,0.965464,0.752284,-0.277073,0.00766419,1
1239,7463.96,22055.3,-9105.83,0.863663,0.956678,1.00836,1.00188,1.19595,0.0127597,0.00579815,1
1240,375.389,-909.039,969.974,0.756596,0.983268,1.01056,0.93134,0.880293,-0.119107,0.0169141,1
1241,4600.64,18389.8,-8327.98,0.80684,0.972023,0.984614,1.02221,1.07069,-0.0375763,-0.00408994,1
1242,512.774,-1230.72,1348.81,0.977352,0.955735,0.981259,1.02869,0.788559,-0.336355,0.00437067,1
1243,3423.5,-6073.14,11237.4,1.10983,1.02416,1.00303,0.994576,1.08651,0.0516632,-0.00445516,1
1244,874.17,2439.42,-2082.09,1.40934,0.98442,0.991616,0.986113,1.19391,0.146215,0.00597782,1
1245,1225.95,3265.98,-2618.76,0.902614,0.999522,1.01665,1.04135,1.16578,0.0672914,0.00902021,1
1246,1047.91,-2252.85,2735.67,1.1175,0.985377,0.988457,1.08811,0.946379,-0.17063,0.00428255,1
1247,5310.44,21597.2,-8899.78,0.748136,1.02363,0.997284,0.957708,1.10326,0.059111,0.00240559,1
1248,476.475,-1143.26,1243.59,1.20279,0.994175,0.988116,0.958531,1.39022,-0.114678,0.0144095,1
1249,5698.17,15881.4,-5407.76,1.09464,0.98478,1.01891,1.01454,1.29686,-0.0194711,-0.00565528,1
1250,548.388,1432.05,-1301.8,0.736723,1.00298,1.00811,0.970905,0.684424,-0.377367,-0.00379779,1
1251,118210,11907,14188.7,1.08336,0.990955,0.978322,0.992762,1.03571,-0.00788409,0.000167955,1
1252,1648.69,-3661.26,4909.45,1.25107,0.988069,0.994918,0.999605,1.15129,0.119435,-0.00386708,1
1253,3998.61,-4649.28,8856.46,1.17679,1.02659,0.999134,0.986741,0.998395,0.0686383,-0.00267258,1
1254,685.573,1815.75,-1611.2,1.03595,1.01935,1.01622,0.943704,0.925304,-0.301851,-0.00379747,1
1255,3735.01,-4690.53,8464.63,1.14595,0.968756,0.991214,0.955359,1.10646,-0.184418,0.00103348,1
1256,829.573,2273.24,-1954.37,1.12558,0.999385,0.987887,0.968336,1.2092,0.085724,0.0110189,1
1257,3629.16,-4233.59,7899.42,1.17859,0.98242,0.996616,0.992231,0.739196,-0.0226356,0.00873405,1
1258,386.178,1008,-943.246,0.687481,1.05103,1.01417,1.03467,0.662875,-0.119856,-0.0175201,1
1259,14198,67950.2,-19015.8,1.07248,0.982153,0.986162,0.999957,1.17048,-0.0258653,-0.00186227,1
1260,138.434,348.8,-340.66,1.06335,0.96035,0.988585,0.982578,1.38509,-0.239128,-0.0233579,1
1261,2887.52,8526.69,-5272.68,1.11541,1.02603,0.975991,0.971239,1.13836,-0.0914088,-0.00291398,1
1262,1186.04,3234.4,-2592.93,0.715587,0.988499,1.01202,1.00619,1.14411,-0.0689574,-0.00912432,1
1263,366.542,961.637,-902.622,1.08976,1.01453,1.00712,0.998709,1.25843,0.0995971,0.0214746,1
1264,1862.82,5392.41,-3926.57,1.19775,0.965693,1.00338,1.01981,1.09047,-0.0631738,-0.00611402,1
1265,1579.51,4363.84,-3312.53,0.709029,1.00061,0.989728,1.01592,0.817533,0.10268,0.00470577,1
1266,951.054,-2167.45,2568.01,0.965117,0.964595,1.00144,1.00359,1.14393,0.172137,-0.00457686,1
1267,119.663,-304.305,310.519,0.619613,1.00869,1.01624,0.987473,1.0577,-0.569654,0.0111427,1
1268,115895,11507.2,13700.7,0.856586,0.999826,1.00836,0.948893,1.21234,-0.00972797,0.000134128,1
1269,530.568,-1259.38,1384.4,1.20774,0.959009,0.982644,0.979337,1.05152,-0.141246,0.0101644,1
1270,373.113,-909.772,970.279,1.23023,0.997679,1.01613,0.973226,0.765627,-0.256435,0.00791897,1
1271,1317.79,-2724.89,3426.18,1.01707,0.989265,0.989726,0.966755,0.751062,0.23289,-0.00253672,1
1272,240.768,614.639,-589.884,1.20315,0.992353,1.00688,1.00313,0.890645,-0.229057,-0.0141249,1
1273,434.441,-1029.9,1110.51,1.04686,0.980668,1.00771,0.990293,0.978617,0.208981,-0.00843574,1
1274,887.066,2452.28,-2091.98,1.12125,0.992632,0.996687,1.00514,1.00908,-0.086993,-0.0100118,1
1275,69813.3,-64208.1,139993,1.34211,1.02831,1.01647,1.0542,1.18979,0.0662885,-0.000354497,1
1276,59238.1,-66050.6,140285,0.964046,1.00772,0.982841,0.989694,1.07042,-0.00378898,0.00726996,1
1277,4791.55,-7856.83,16846.3,1.61969,0.960812,1.0099,1.02719,0.792163,-0.0106357,0.0142578,1
1278,367.56,-883.188,941.102,1.25832,1.00306,1.00137,1.05657,1.32993,0.152513,-0.0140852,1
1279,1317.86,3993.2,-3138.44,1.28387,0.971218,0.990332,0.936017,0.954983,-0.108727,-0.00526698,1
1280,3684.2,9319.32,-5071.48,1.33592,0.990239,0.993579,0.980231,0.913075,-0.0540949,-0.00352644,1
1281,184.776,478.301,-463.531,0.983356,0.984235,1.01272,1.03062,1.15969,0.272588,0.0149101,1
1282,465.721,-1108.31,1201.92,1.10888,0.995721,1.0034,0.992854,1.05674,0.105441,-0.0158654,1
1283,245.079,-593.971,619.338,0.780921,1.00096,1.00215,1.0566,0.955908,0.295638,-0.0109511,1
1284,13607.1,-17041.6,56219,1.38608,0.98453,0.98934,0.955755,1.1367,0.0240698,-0.00211284,1
1285,112940,17906,44407.4,1.31294,1.00544,1.00395,1.03096,1.03671,0.181011,-2.9719e-05,1
1286,3500.8,-4081.19,7770.62,1.22092,0.98152,0.997025,1.01766,0.92766,0.036229,-0.00566499,1
1287,519.604,-1237.1,1354.56,0.901369,1.02218,1.00307,0.991839,1.05554,-0.089224,0.0171151,1
1288,624.598,1656.93,-1484.38,1.12508,1.01135,1.00018,1.05842,1.20034,-0.12367,-0.0102272,1
1289,718.631,-1666.85,1892.54,0.886475,0.965332,1.0072,1.02633,1.41031,-0.141248,0.00726795,1
1290,3197.9,-6149.61,10940.4,0.874916,1.01041,1.00175,0.970611,1.20734,0.102533,-0.00233355,1
1291,1570.68,4432.01,-3379.31,0.910095,0.996777,1.00049,0.936851,0.864852,0.0435015,0.0110407,1
1292,562.604,-1319.9,1458.15,0.953889,1.00465,0.98501,0.979442,0.778853,0.110016,-0.0129999,1
1293,351.2,-853.225,907.016,1.0103,0.977409,0.998833,1.02345,0.800457,-0.155407,0.0139619,1
1294,726.016,1964.23,-1722.23,0.937106,0.957072,0.982252,1.01684,0.961592,0.120247,0.00863841,1
1295,1159.42,-2662.08,3293.59,1.07432,0.98832,0.993953,1.03067,0.968324,-0.170933,0.00384408,1
1296,1018.72,2862.67,-2365.79,1.21243,0.985926,0.993061,1.02036,1.20376,0.0999171,0.00747973,1
1297,1505.92,4241.83,-3193.09,0.920682,1.03306,1.0222,0.975731,1.25311,0.0363995,0.01389,1
1298,997.497,-2258.21,2702.76,1.08485,0.97413,0.971608,0.953087,1.00114,0.114314,-0.00690561,1
1299,1098.87,2927.07,-2405.3,0.874012,0.997235,0.997947,1.00248,0.873769,-0.137673,-0.00510388,1
1300,1523.86,4027.7,-3091.54,1.17642,1.00591,1.01999,1.01119,0.973739,-0.151406,-0.00323866,1
1301,2974.22,-5735.95,9986.59,1.0388,0.964151,0.994781,1.02343,0.965225,-0.030588,0.00805564,1
1302,1279.54,-2856.15,3569.92,1.31739,0.974157,1.00182,0.998667,1.29619,-0.0457424,0.0127264,1
1303,658.388,1744.91,-1552.57,1.1928,1.01468,0.993407,1.03811,1.4549,-0.218499,-0.00557847,1
1304,401.993,1063.44,-991.046,1.0253,0.996361,0.996385,0.995532,1.12829,0.21017,0.00919009,1
1305,6591.77,-4660.17,12802.3,1.27204,0.966111,1.00371,0.98248,0.80389,-0.0332688,0.00274479,1
1306,712.407,1910.16,-1679.67,0.88294,0.957056,0.983826,0.954116,0.987723,-0.0735121,-0.0145172,1
1307,316.603,815.154,-771.965,0.751048,1.02027,1.00302,1.02226,1.30086,-0.194654,-0.0130302,1
1308,965.84,-2130.71,2552.78,0.877239,0.942786,0.980912,0.991583,1.42234,0.132267,-0.00587613,1
1309,2330.93,7949.32,-4997.81,1.05258,1.02572,0.999878,0.951576,1.27513,0.166761,0.00193769,1
1310,1650.58,5212.44,-3783.45,1.2016,0.983213,1.00568,0.999006,1.08921,0.156105,0.00283252,1
1311,2081.7,-4582.52,6689.82,0.906718,0.98366,0.997349,0.976451,1.14391,-0.121218,0.00293446,1
1312,326.67,-785.39,831.049,0.922759,0.991399,0.99546,1.00721,1.16002,0.26148,-0.00925864,1
1313,5529.43,-8476.35,19685.2,0.859425,1.04069,1.0157,0.967171,1.15133,0.00836878,-0.0167702,1
1314,14388.6,69896.5,-19598.7,1.03505,1.00422,0.993396,0.981042,0.953654,0.0291946,0.00162545,1
1315,2820.66,-5787.1,9416.75,0.788374,0.990756,1.01729,0.983319,0.967894,-0.0345496,0.00735862,1
1316,1624.66,-3463.44,4599.4,1.15007,0.981256,0.979628,1.00074,0.786091,0.125568,-0.00378573,1
1317,338.755,890.621,-839.685,0.840814,1.01473,0.996734,0.991073,0.751471,0.205079,0.0114042,1
1318,2054.51,-3585.18,5117.26,0.914584,1.02499,0.987164,0.98928,0.729856,-0.168977,0.00225042,1
1319,9277.95,-10558.7,29014.5,0.957481,0.97989,1.01134,0.957048,0.954475,-0.112214,0.000568346,1
1320,1282.75,-2582.41,3270.07,1.15849,1.01347,1.00623,0.986225,0.976856,0.200787,-0.00302715,1
1321,1228.4,-2705.51,3414.64,0.94417,0.999949,0.986388,0.97846,0.861842,-0.0815921,0.00780244,1
1322,2062.02,6889.21,-4582.5,0.968405,0.963829,1.00149,1.00701,0.835152,0.0651247,0.00531001,1
1323,1871.56,-3428.26,4892.43,0.824911,1.02321,1.00956,0.99084,0.949267,-0.127327,0.00319954,1
1324,424.005,-1023.48,1102.35,1.01054,1.01041,0.991811,0.973902,1.00048,-0.117356,0.0160171,1
1325,5192.57,20961.3,-8727.45,0.612649,1.01458,0.983673,1.01431,0.763956,-0.0304903,-0.00473756,1
1326,2599.12,7005.75,-4529.89,0.765401,1.00858,0.998683,1.00319,1.01352,0.0992334,0.00283966,1
1327,355.877,-865.219,919.528,1.0838,1.00622,1.02276,1.04244,1.06512,-0.113564,0.01885,1
1328,1284.1,-2688.71,3357.05,0.961415,0.997077,1.00702,0.959605,0.999088,-0.13546,0.00434879,1
1329,645.822,-1494.08,1674.82,0.730803,1.02215,0.993249,0.984189,1.00246,0.235877,-0.00533093,1
1330,408.899,-986.656,1059.57,0.977655,1.01006,0.99496,1.0444,0.954334,-0.0770146,0.0252191,1
1331,2917.66,-5805.15,9583.18,1.27343,1.00454,1.00223,0.989944,1.06758,0.0602393,-0.0042066,1
1332,3879.85,11890,-6585.22,0.850625,0.968357,1.00996,1.01286,0.905897,-0.0765646,-0.0022655,1
1333,1826.19,-3219.84,4442.74,1.23263,0.986129,1.01339,1.02211,0.741106,0.0570626,-0.00705448,1
1334,353.95,923.201,-867.982,1.2358,0.982239,0.999587,1.07027,1.31258,0.0806226,0.0268374,1
1335,2160.56,7162.3,-4695.04,1.28572,0.993948,1.01559,1.02569,0.912449,-0.0525247,-0.00635615,1
1336,189.046,-472.126,487.657,0.824811,1.02887,0.997651,0.960127,0.641375,-0.252979,0.0168186,1
1337,817.122,2226.73,-1923.88,0.645336,1.00563,1.00049,0.995712,0.933917,-0.0605083,-0.0157745,1
1338,4409.97,17432.9,-8186.25,0.851984,0.981042,0.990883,0.940406,0.815635,0.096568,0.0016208,1
1339,658.668,1754.32,-1560.67,0.808079,0.98651,0.997238,1.05345,1.16769,-0.130781,-0.00896761,1
1340,2282.3,-4840.78,7421.72,0.918819,1.01472,0.992141,0.997389,1.06883,0.0995206,-0.00339647,1
1341,1119.69,-2571.78,3132.54,1.15947,0.989981,1.01238,1.02524,0.903399,-0.108537,0.0061479,1
1342,1352.69,-3052.77,3922.37,1.03696,0.975804,0.994339,0.993227,1.38627,0.0917074,-0.00610211,1
1343,3895.56,10139.4,-5471.22,0.871786,1.01454,0.994438,1.00791,0.630588,-0.013578,-0.0133553,1
1344,6416.92,15604.7,-6370.09,0.983407,0.97392,1.0141,0.991135,0.856471,-0.0486136,-0.00180433,1
1345,110468,6660.46,3994.24,1.33545,0.980488,1.00056,1.01896,0.9241,-0.00877535,5.08742e-05,1
1346,6273.97,-3426.97,13352.7,1.17911,1.0059,0.980424,1.03082,0.575719,0.0569,-0.00182449,1
1347,799.703,-1834.98,2115.86,1.2878,1.00416,0.993968,0.990295,1.14084,-0.0557465,0.0176161,1
1348,1991.74,-4141.54,5789.12,0.615628,0.989117,1.01107,0.991099,0.89838,-0.0609409,0.00604874,1
1349,3858.34,-4403.85,8459.93,1.18313,1.00999,0.990465,0.973598,1.10225,0.0159923,-0.0118987,1
1350,6491.96,24824.2,-9159.73,1.0122,1.0651,1.0097,0.962394,0.943125,-0.0841312,-0.00154223,1
1351,1116.43,2974.67,-2431.86,0.70759,1.02081,1.00908,1.00581,0.896732,-0.0935638,-0.00744233,1
1352,1981.17,5450.42,-3879.94,1.02439,1.00368,0.992046,1.01816,1.10062,0.0299161,0.0127368,1
1353,116466,80417.5,-36291.2,1.00209,1.02664,1.01001,1.0097,1.08128,-0.00525185,-0.000903323,1
1354,6442.66,-3817.86,12876.2,0.974929,0.999977,0.992018,0.958181,0.898312,0.0433377,-0.0022088,1
1355,107594,45540.4,-16867.3,1.36803,0.968815,0.996115,0.983401,1.00757,-0.00126284,-0.00226037,1
1356,4314.1,-6636.69,12461.4,1.2747,1.00706,1.01861,0.986732,1.01662,0.0876274,-0.00186694,1
1357,920.913,2539.82,-2156.44,0.865561,0.971914,0.999844,0.97929,0.964066,0.175501,0.00459816,1
1358,342.356,-837.575,888.995,1.025,0.999102,0.996669,0.988907,0.891816,-0.186145,0.0122658,1
1359,767.147,2078.26,-1813.99,0.752709,1.02807,1.00644,0.985688,1.17787,0.0639749,0.0160658,1
1360,1796.97,4816.4,-3425.85,0.926028,0.99253,1.00534,1.00852,1.10714,-0.154703,-0.00267776,1
1361,248.797,-615.841,643.084,1.1127,0.995267,0.985626,0.983768,0.987463,-0.197686,0.0160898,1
1362,1187.04,-2635.02,3233.63,0.7449,1.02537,1.00559,1.04241,0.987837,-0.0846884,0.00776656,1
1363,1101.03,-2375.15,2874.24,0.916402,1.00165,1.01119,1.04791,1.18037,-0.0704298,0.00978217,1
1364,1417.46,-3048.97,3986.53,1.12578,0.995088,1.00302,0.993655,0.980672,0.0387016,-0.013871,1
1365,267.938,682.546,-651.454,0.905806,0.963335,0.98453,1.05505,0.981624,-0.274045,-0.0106092,1
1366,662.04,-1548.27,1738.59,1.18199,0.997723,1.01628,1.01166,1.00877,-0.116994,0.00977444,1
1367,592.375,1563.33,-1406.65,1.146,0.975313,0.986269,0.943048,0.984483,-0.262942,-0.00502142,1
1368,1894.42,5019.01,-3507.01,0.867952,1.00039,0.982609,0.992276,0.814505,-0.0530373,-0.00764778,1
1369,7359.58,-5299.11,18155.2,0.862831,1.02154,0.977258,1.00662,0.960189,-0.048372,0.00240712,1
1370,29813.1,-45411.7,107454,0.958119,1.0035,1.00194,0.942513,1.01062,0.0443698,-0.000855112,1
1371,1505.33,4033.61,-3087.53,0.877762,0.985753,0.993052,1.01315,0.674817,0.0563503,0.00885704,1
1372,3316.66,-4409.67,8386.31,0.900036,0.990871,1.00983,1.05899,0.889695,0.12421,-0.00173733,1
1373,1280.12,3702.22,-2955.68,0.749551,0.987538,0.996326,1.03567,1.05303,0.368835,0.0015749,1
1374,1420.96,-3010.81,3934.32,1.13731,1.00025,1.0105,1.05838,0.752456,0.0415001,-0.0128105,1
1375,467.836,1248.13,-1149.69,0.785538,0.996806,1.00435,1.03439,1.16365,0.312258,0.00522555,1
1376,933.365,2573.72,-2181.91,0.683291,1.03438,0.996478,1.02352,1.11474,0.0937759,0.00912043,1
1377,510.368,1359.23,-1240.84,0.852489,0.943135,0.986905,1.00063,1.04884,0.113411,0.0128172,1
1378,1636.93,-3365.11,4581.11,1.16026,0.977418,1.02956,1.00621,1.10935,0.0818862,-0.00535596,1
1379,6776.36,17171.5,-7127.54,0.952736,0.983317,1.01606,0.968631,1.04447,0.0495583,0.00166854,1
1380,109170,8825.14,12019.9,0.729526,0.977312,1.00605,0.993687,0.638354,-0.0864689,1.34874e-05,1
1381,122211,16266.1,22889.9,0.792951,1.02085,0.999478,0.975144,0.705584,0.00705721,-0.000320479,1
1382,436.127,1135.22,-1052.3,0.992019,0.96251,1.00634,0.984511,0.927583,-0.173695,-0.00989185,1
1383,7983.41,-7065.79,18241.4,1.01207,0.979808,0.983883,1.02025,1.09136,0.0107099,-0.00710528,1
1384,672.179,-1549.57,1746.22,1.10938,1.02271,0.988205,0.951309,1.00852,0.286951,-0.00424934,1
1385,3977.14,10932.9,-5982.46,1.09143,1.01585,1.01137,0.96243,0.804141,-0.0271744,-0.0064423,1
1386,3118.46,11587.4,-6418.11,0.618601,1.00105,1.00542,1.01227,0.825052,0.0932625,0.00254059,1
1387,5709.42,22236.6,-8674.02,1.00789,1.00145,0.981307,1.01009,1.00489,-0.0369619,-0.00378363,1
1388,634.42,1690.08,-1508.73,1.20808,0.974768,0.989096,0.985236,0.845257,-0.0878757,-0.0138376,1
1389,62205.9,-53744.5,123560,1.19721,0.966826,1.01436,0.989701,0.530707,-0.196127,0.000125967,1
1390,773.731,2112.61,-1839.61,1.04233,1.04028,0.997421,0.97707,1.50392,0.115025,0.00905116,1
1391,443.607,-1055.05,1138.09,0.876286,1.01566,1.0229,0.988197,1.05713,0.204588,-0.00857402,1
1392,72120.2,-60974.2,138156,0.566207,1.00416,1.00363,0.966001,1.02214,0.0380174,-0.000607378,1
1393,584.226,-1375.46,1525.61,1.06064,0.979518,0.994504,1.0193,0.79885,-0.0889771,0.0147513,1
1394,113034,110108,-53280.3,1.43103,1.01416,1.00114,0.900078,0.883787,0.0281029,0.000253499,1
1395,1070.51,2886.42,-2382.55,0.715189,0.987053,0.995254,1.03116,0.972959,0.11592,0.00610804,1
1396,244.058,-603.226,629.461,1.14396,0.965927,0.984099,1.04781,0.774568,-0.256995,0.0122142,1
1397,972.503,2652.31,-2216.66,1.23564,1.01688,0.994056,0.973922,1.17336,-0.0719307,-0.0113383,1
1398,330.967,-811.75,860.249,1.13438,1.00672,0.982686,1.00952,0.91761,-0.228674,0.0105894,1
1399,1388.39,3962.92,-3031.5,1.02955,0.980823,0.998776,1.01754,1.37758,0.0390922,0.0137217,1
1400,3992.63,12564.8,-6712.67,0.831502,0.966011,0.98015,1.01323,0.893904,-0.0429123,-0.00402768,1
1401,700.413,-1625.48,1838.89,0.89463,0.991659,1.01001,1.01186,0.86974,-0.0682584,0.0158857,1
1402,575.464,1518.1,-1372.1,1.45397,0.994106,1.00136,1.02378,1.07833,-0.201411,-0.00672034,1
1403,980.47,-2209.41,2624.19,1.07162,1.00021,0.99936,1.0113,1.52817,-0.228941,0.0034197,1
1404,305.79,-751.037,791.962,0.733208,0.988893,1.00016,0.998746,0.899136,-0.245533,0.0102315,1
1405,327.305,844.292,-797.847,0.825459,1.00056,0.997179,1.0148,0.237567,-0.205503,-0.0118002,1
1406,6294.18,15534.2,-5886.99,0.637875,0.989346,1.00486,0.95352,0.900541,0.00561344,0.0161885,1
1407,4874.49,-7842.17,17124.5,1.21024,0.999924,0.989284,0.945875,1.32022,0.225991,-0.000672544,1
1408,430.986,-1045.88,1126.97,1.08278,1.01739,1.0093,0.925036,0.861226,-0.221576,0.00817997,1
1409,126.096,-317.221,324.191,0.927216,0.992921,0.979221,1.00741,1.29,-0.265217,0.0237912,1
1410,309.022,-756.051,797.463,0.835707,0.974428,1.00542,0.970533,0.805309,-0.170675,0.0142792,1
1411,1158.09,3125.9,-2551.59,0.855711,1.03367,1.01148,1.00275,1.22755,0.0449169,0.0149827,1
1412,551.955,-1309.7,1444.59,0.969098,0.982199,0.990208,1.01721,0.794682,-0.151783,0.0092169,1
1413,453.833,-1088.89,1178.61,1.15371,1.00236,1.00027,1.0636,1.21926,-0.0688955,0.0250009,1
1414,3578.8,-4262.14,7853.3,0.886791,0.969543,0.995035,0.931645,0.87169,-0.138028,0.00144495,1
1415,1318.66,3576.79,-2784.48,1.20276,1.02083,0.984328,1.01688,0.946933,-0.105218,-0.00575625,1
1416,531.793,-1253.52,1375.48,0.82512,0.992144,1.00553,1.02034,0.887266,0.109924,-0.0132182,1
1417,3116.16,-5278.56,9483.4,0.971485,0.970184,1.00728,1.02588,0.814741,0.0596161,-0.00393978,1
1418,227.377,-554.068,575.944,1.01135,0.999639,1.0055,1.04037,1.36354,0.215993,-0.0160184,1
1419,662.272,1786.16,-1588.88,0.766379,0.999097,1.00835,0.98841,1.02894,0.129209,0.00892407,1
1420,246.497,630.03,-604.187,0.457374,1.00277,1.01196,0.963168,1.10184,-0.241595,-0.0131427,1
1421,940.367,2534.59,-2142.55,0.861823,1.0013,1.00863,1.01035,0.92001,0.0873128,0.00925866,1
1422,880.791,2449.38,-2092.85,1.4806,0.998647,0.997284,0.97239,1.20791,0.161451,0.00541084,1
1423,735.444,1962.73,-1721.59,1.1213,1.01188,0.992334,1.03984,1.12177,-0.203659,-0.00533592,1
1424,4388.44,-5773.39,10951.4,0.757792,1.05078,1.0023,1.00812,1.06193,-0.0372861,0.00447455,1
1425,3824.27,9831.48,-5307.24,1.34838,1.01343,1.00259,0.951146,0.757348,-0.0268379,-0.00687643,1
1426,1120.96,-2392.85,2947.94,1.27081,1.01923,0.990759,0.938437,0.847269,-0.149261,0.00474154,1
1427,289.629,-699.402,735.141,1.22779,1.02032,0.998122,0.988303,0.934858,0.249987,-0.0112094,1
1428,416.55,1103.57,-1025.43,1.02325,1.03027,0.988992,1.05639,0.881471,0.216055,0.00900168,1
1429,1625.8,-3369.92,4426.78,1.01749,1.01677,1.0151,0.988766,0.932445,-0.0741006,0.00629653,1
1430,3750.16,-4427.29,8253.76,1.07281,0.989358,0.994001,0.953706,1.12767,-0.0660995,0.00291449,1
1431,438.493,1157.07,-1073.01,0.954223,1.01964,1.02124,1.00856,0.838814,0.0927557,0.0189826,1
1432,713.923,1929.24,-1700.03,1.19115,1.0194,1.0021,1.08182,0.835406,0.141584,0.00774838,1
1433,496.082,-1172.21,1279.94,1.23159,0.982192,0.980806,0.997981,1.38472,0.163892,-0.00975833,1
1434,1364.64,3629.78,-2842.78,0.896897,1.03911,1.00458,0.97352,1.18114,-0.0568694,-0.0101825,1
1435,2403.16,6267.97,-4047.23,1.50492,0.991948,1.00316,0.965136,1.65029,0.0462881,0.00651558,1
1436,8587.82,-8396.33,22103.3,0.953053,0.983033,0.989595,1.01404,0.942848,0.223566,-0.000315431,1
1437,241.17,-586.235,611.299,1.10522,0.975161,0.984756,0.956927,0.922687,0.198363,-0.016479,1
1438,6898.02,-5327.7,17080.2,0.61038,0.996408,0.985008,1.00234,0.871465,-0.261293,0.000454997,1
1439,289.426,745.173,-708.893,0.85455,1.0273,0.998427,0.983163,1.19369,-0.173306,-0.0162192,1
1440,3333.72,10401.4,-5361.83,0.943304,1.00632,0.995677,1.0507,1.14261,0.0454074,0.00478268,1
1441,107158,66115.4,-29760.6,0.714679,0.964683,0.989015,0.939467,1.28239,-0.00198345,-0.0021402,1
1442,911.885,2501.84,-2132.03,0.980622,0.979951,1.01716,0.9959,0.90941,0.166709,0.00481771,1
1443,309.995,798.691,-756.949,0.702693,0.985422,0.998596,1.00793,1.21312,-0.165668,-0.0151646,1
1444,12657.1,-16059.9,50381.3,0.795437,0.996667,1.01045,1.05251,0.866248,0.12765,-0.000402813,1
1445,751.802,-1722.89,1971.47,1.14975,0.987769,0.983275,1.00453,1.07774,0.0782891,-0.0133918,1
1446,1359.84,-2727.15,3519.87,1.17249,1.037,0.986808,0.975094,1.39227,-0.0979081,0.0060639,1
1447,3766.39,9605.08,-4960.06,1.27075,1.03637,1.00644,0.974607,0.739898,-0.0874807,-0.00217161,1
1448,363.953,-877.881,935.332,0.962434,0.992342,0.992955,1.00332,0.957529,0.0794582,-0.0272507,1
1449,517.224,-1241.01,1358.56,1.46081,0.997149,1.01103,1.05413,0.705561,-0.317687,0.00461041,1
1450,6940.16,-4753.28,13694.9,0.882585,0.979619,0.979617,0.958196,1.26235,-0.062491,0.00142087,1
1451,905.341,2513.45,-2132.65,0.839485,0.94013,1.00144,1.03233,0.775288,-0.100067,-0.00799589,1
1452,1270.58,-2906.85,3641.08,0.964388,0.967489,1.00691,0.991656,1.05733,-0.0797872,0.00723486,1
1453,667.084,-1558.56,1759.26,0.953203,1.01069,0.965524,1.00207,0.778219,-0.116548,0.0105634,1
1454,740.4,-1697.17,1937.29,0.784148,1.00461,0.984625,0.982412,1.32908,0.0869771,-0.012442,1
1455,5327.47,-7951.33,18693.1,0.998744,0.987485,0.969151,1.03132,0.833977,0.240483,-0.000613573,1
1456,7124.96,22274.5,-7219.6,0.489875,1.03892,1.00613,0.958839,1.2531,0.0156836,0.00747952,1
1457,349.826,915.527,-861.046,0.704313,0.980667,0.991657,1.03066,0.979745,0.139575,0.0157994,1
1458,3949.39,-4982.61,9105.74,1.08504,1.00601,1.00789,0.951143,0.851471,-0.0767267,0.0023661,1
1459,491.832,-1174.48,1279.92,0.921243,0.986874,1.00693,0.980087,0.880934,-0.125493,0.0123249,1
1460,6324.55,-3654.02,12854.1,0.609048,1.00894,0.991182,0.999224,0.915584,-0.121535,0.000800553,1
1461,6483.2,-7365.96,19203.9,0.877353,0.988995,1.01151,0.98572,1.02055,0.179958,-0.000732335,1
1462,946.562,2566.57,-2170.19,0.810388,0.99289,1.00332,1.00201,1.00435,0.0787505,0.0101844,1
1463,225.383,-562.066,584.13,0.954152,1.01131,1.0104,0.994637,0.804616,-0.310433,0.011072,1
1464,1715.93,5126.81,-3678.97,0.974125,0.996775,1.01423,1.03884,1.08122,-0.0308746,-0.013885,1
1465,106923,12097.1,18280.9,0.693425,0.971011,1.00461,1.0127,1.02976,-0.0986498,2.14601e-05,1
1466,2317.71,8133.81,-5297.54,0.697753,1.04543,0.997751,0.985588,0.949563,-0.0678965,-0.00493855,1
1467,462.323,1211.37,-1117.06,1.13125,0.983159,1.00051,0.993147,1.04299,-0.0922716,-0.0180463,1
1468,3556.8,-5511.75,10623.7,1.17709,1.0238,1.00187,0.980739,0.948293,-0.0115365,0.0191735,1
1469,116221,79247.3,-37152.3,0.999347,1.02176,1.00249,1.02924,0.697963,0.149936,3.09462e-05,1
1470,676.131,1801.66,-1599.66,1.16807,0.976447,1.01357,1.00216,0.827609,-0.0837584,-0.0131732,1
1471,405.988,1056.61,-985.266,1.21718,1.0131,1.01148,0.991494,1.26773,-0.157267,-0.012308,1
1472,431.591,-1043.61,1125.2,1.08384,0.990398,1.00665,0.967395,0.802809,-0.23306,0.00757102,1
1473,111596,-11423.7,88039.5,0.766217,1.02488,1.00657,0.955357,0.606554,0.0020986,-0.00493573,1
1474,267.681,-649.536,679.988,1.14142,1.02749,1.00378,0.954137,1.02704,0.213808,-0.0141621,1
1475,1722.59,-3850.79,5280.55,1.13686,1.00599,0.993365,1.04912,0.983486,-0.0493972,0.009033,1
1476,6823.64,-6664.26,18767.8,0.947265,0.996969,1.0023,1.00625,0.906378,-0.0215697,0.00583762,1
1477,457.963,-1082.85,1171.59,0.869041,0.996082,1.01848,0.943681,1.08765,0.28539,-0.00589027,1
1478,2438.21,-3740.16,5942.96,1.0083,1.00032,0.997056,0.994168,1.15836,0.0617908,-0.00498605,1
1479,284.968,-701.319,737.407,1.04528,0.986596,0.973257,1.01648,0.873237,-0.174064,0.0160814,1
1480,484.355,-1166.44,1268.39,1.39583,1.03704,1.01625,0.994305,0.959223,-0.241508,0.00672692,1
1481,6035.73,22258.9,-8479.78,0.756572,0.995877,0.991694,1.01065,1.23752,-0.0112958,-0.012013,1
1482,1256.86,-2608.15,3254.38,1.37807,1.05559,0.987422,1.03547,0.848838,0.0683641,-0.00960987,1
1483,2626.29,-4446.9,6790.83,0.863974,0.993803,1.00435,0.97444,0.851516,-0.0737811,0.00377799,1
1484,7776.2,-6636.06,17097.6,0.915489,1.0071,1.00587,0.974652,0.88213,-0.226825,0.000341091,1
1485,818.257,-1878.3,2176.44,0.924061,0.996335,0.994048,0.944121,1.00275,-0.127431,0.00745467,1
1486,43313.4,-63487,133155,1.11678,1.03692,0.981596,0.969163,1.16632,0.0309709,-0.00105967,1
1487,13440.9,64137.6,-18480.4,0.847284,0.998531,1.0138,0.97836,1.03941,-0.0127433,-0.00382197,1
1488,1123.29,3255.62,-2670.34,0.644936,0.997415,1.01334,1.03141,0.582965,0.0898174,0.00741,1
1489,3360.42,-4124.35,7284.32,0.991511,0.947601,1.01623,0.968,1.13627,-0.029004,0.00707414,1
1490,3073.19,9342.21,-5041.76,0.649756,0.960437,0.997385,1.0207,1.1102,-0.0252978,-0.00893413,1
1491,248.907,-604.081,630.322,0.990004,1.00276,1.00162,1.02861,1.08683,0.257486,-0.0123953,1
1492,923.394,2541.37,-2142.22,0.722841,0.993514,0.989554,0.97612,1.13334,0.0927095,0.00904864,1
1493,1570.19,4590.47,-3504.5,0.874175,0.997545,1.00861,1.06165,0.698468,0.0686708,0.0068753,1
1494,3122.25,11935.6,-6736.89,1.24935,1.03999,1.00773,0.966267,1.02887,0.0419728,0.00568924,1
1495,2629.04,8208.93,-5259.64,1.21674,0.971076,0.986732,1.0023,1.07943,-0.121657,-0.00225815,1
1496,714.941,-1641.07,1862.22,1.06545,0.98205,1.0039,1.00691,1.07382,0.13091,-0.00816258,1
1497,819.452,2179.31,-1884.95,1.07642,0.982237,1.00745,1.02026,1.33164,-0.312544,-0.00297266,1
1498,1902.65,5505.82,-3815.93,1.04111,1.04466,1.01381,0.991456,0.765983,0.108336,0.00371355,1
1499,1213.5,-2796.84,3480.4,1.02921,1.02454,1.01195,1.00243,1.09283,-0.19111,0.00332466,1
1500,1649.96,4474.37,-3362.97,1.26874,1.04145,1.00713,1.01739,1.06607,0.123296,0.00380825,1
1501,1593.63,4968.92,-3730.78,1.06128,0.978648,0.994445,1.01144,1.04126,-0.0874071,-0.00536111,1
1502,7317.58,-6030.25,15404.4,1.02193,0.975441,1.00476,0.960879,0.682084,-0.0239589,0.00342997,1
1503,369.522,-900.293,960.525,1.01627,0.990879,0.991483,1.01177,1.05332,-0.192252,0.0109749,1
1504,2841.38,10446.9,-6284.69,1.15581,1.00983,1.01801,1.01853,0.789519,0.0190081,0.0131398,1
1505,6139.03,-3727.11,12160.1,0.964293,0.983895,0.998758,1.03464,0.961425,-0.00795752,0.0124395,1
1506,18539.1,-25214.1,72896.8,0.889283,0.969857,1.00123,0.986141,1.27551,-0.072063,0.000627396,1
1507,1221.77,-2777.33,3461.09,0.993934,1.01386,0.9988,0.981344,1.00255,0.172151,-0.00374617,1
1508,2675.36,-4080.02,6405.16,1.10839,1.01328,0.988399,1.02739,1.25793,-0.0402501,0.00705211,1
1509,57846.1,170469,-90189.8,0.881372,1.00682,0.995176,0.959958,1.06535,-0.0179817,-0.00135054,1
1510,525.428,1384.1,-1264.17,1.11768,1.00585,1.02553,0.95844,1.13252,-0.125708,-0.0115472,1
1511,1745.47,-3890.05,5317.23,0.776938,1.01851,0.99155,0.985482,1.1226,-0.111387,0.00401294,1
1512,111953,62353.4,-27318.2,1.0226,0.998145,1.00769,0.984726,1.01548,-0.0128978,-0.000285039,1
1513,539.913,1422.58,-1294.19,0.65939,1.01356,1.00073,0.989075,0.688208,-0.134679,-0.0109226,1
1514,851.616,-1940.57,2256.53,1.4064,0.97758,1.0021,1.04573,0.664124,0.0858812,-0.0103599,1
1515,6311.55,-4050.39,13848.3,0.660992,1.00767,1.01684,1.02601,1.28022,0.0196277,-0.00551446,1
1516,343.112,886.267,-835.693,0.923535,0.991567,1.01932,0.97673,0.972575,-0.132623,-0.016718,1
1517,9689.23,-10992.3,31690.6,1.12535,0.982558,0.99454,0.990571,1.01234,-0.011579,0.00533736,1
1518,4162.03,16307.4,-7966.5,1.19611,0.940888,0.995595,1.02161,0.863963,0.0120072,0.0134105,1
1519,352.886,-851.416,904.593,1.2592,1.04167,1.01126,1.01052,0.566611,0.15572,-0.0147393,1
1520,85131.6,147268,-76991.6,0.990401,0.987593,1.01231,0.983192,0.956945,-0.091698,-0.000151118,1
1521,1716.29,5560.04,-4058.69,0.810603,1.01581,1.00658,1.01246,1.13406,-0.0856252,-0.00518042,1
1522,2502.15,6824.32,-4197.35,0.977627,1.01536,0.985561,0.964705,1.16158,-0.0553581,-0.00549987,1
1523,3308.89,9017.8,-4779.13,1.28268,0.988044,1.00722,1.00924,1.13775,-0.0243328,-0.00865976,1
1524,3678.96,-4291.74,7938.44,0.824648,0.991412,1.00449,1.0464,0.775693,0.0912933,-0.00212722,1
1525,415.012,1081.59,-1006.71,0.912266,1.00324,1.00891,0.952128,0.968971,-0.16703,-0.0112693,1
1526,459.189,-1087.96,1179.87,1.11332,0.961331,0.986548,0.978918,0.967042,0.115261,-0.0145242,1
1527,38031.2,143526,-67519.5,1.14611,0.98945,0.997961,0.940353,1.06375,0.00373831,0.008442,1
1528,359.39,926.119,-870.264,1.01031,0.9696,1.00407,0.978665,0.780545,-0.211905,-0.00998531,1
1529,920.992,-2129,2505.12,1.22607,1.02307,1.01595,0.972684,0.74437,-0.119348,0.00703884,1
1530,1672.84,4496.65,-3276.76,0.863219,0.960858,1.00389,1.02842,1.05998,0.23991,0.00177399,1
1531,327.951,-792.143,837.792,0.747439,0.95651,1.02275,1.04518,0.896168,0.139307,-0.0159478,1
1532,846.445,-1912.71,2226.99,1.04456,0.959758,1.00059,1.04208,0.940687,0.223367,-0.00395943,1
1533,21995.5,105091,-36413.9,1.19328,1.01036,0.993746,0.970161,0.734256,-0.0111642,-0.00359464,1
1534,1084.7,2909.15,-2397.55,1.04255,1.00885,1.01269,1.03115,1.07694,0.100328,0.00696486,1
1535,6247.19,-7561.27,19194.8,1.11013,0.980068,1.0122,0.958718,1.1694,0.0245695,-0.00547861,1
1536,437.713,1161.62,-1076.09,0.932073,1.01119,1.00131,0.984469,1.07783,0.203688,0.00878021,1
1537,1131.74,3327.42,-2703.51,0.847809,0.990195,1.01418,1.02647,1.51391,0.138779,0.00470648,1
1538,2378.05,-3694.31,5625.29,0.672589,0.983072,1.01437,0.967867,0.548401,-0.123591,0.00244987,1
1539,472.78,1242.44,-1144.36,0.957652,0.998939,1.00965,1.00937,0.775322,-0.0737376,-0.0221521,1
1540,693.405,1849.87,-1636.09,1.07554,1.00776,0.997476,1.03818,0.986649,-0.140769,-0.00808688,1
1541,109.724,282.069,-276.872,1.28296,0.9941,1.00053,1.00227,1.37106,0.273163,0.0257953,1
1542,117494,13639.5,48946.7,1.01059,1.0073,0.993468,0.956508,1.2266,-0.0213323,0.000257256,1
1543,919.649,-2033.3,2397.82,0.791757,1.01895,0.979249,1.00295,0.657787,0.0898164,-0.0098643,1
1544,1030.49,2949.33,-2428.05,0.557828,0.988862,0.980262,1.0203,0.806384,0.207106,0.00362317,1
1545,517.454,-1218.05,1333.13,1.01235,0.968162,1.00655,1.01389,0.86921,0.110112,-0.0131976,1
1546,1811.57,-4032.73,5667.09,0.807032,1.02774,0.986676,1.01899,1.31545,-0.296474,0.00145912,1
1547,15103.6,-19968.1,60735.2,0.771572,0.976694,1.01704,1.0003,1.12677,0.0372766,-0.00129715,1
1548,4409.36,-7074.25,13861,0.821675,0.992009,0.998837,0.989603,0.862462,0.027696,-0.00581628,1
1549,4030.53,-4804.61,9007.72,1.00232,1.04252,1.0187,0.997314,1.0143,-0.0225799,0.00794173,1
1550,582.527,-1383.15,1532.71,0.729488,1.00267,0.997727,0.919495,0.809357,-0.165026,0.00812774,1
1551,40417.7,152514,-75272.2,0.741305,1.04431,1.00042,1.02024,0.831576,0.0029884,0.0101756,1
1552,6799.26,-7874.33,21802.3,1.25033,1.02453,0.975519,0.983892,0.589674,-0.010047,0.0131165,1
1553,260.703,669.651,-640.167,0.582412,0.998411,0.99046,0.986706,0.958406,-0.16823,-0.0182265,1
1554,78030.4,162352,-87718.2,1.23782,1.00887,1.01456,0.950393,1.0049,-0.078319,-0.000222573,1
1555,4082.75,-5272.54,9667.7,1.05767,1.00994,1.00455,1.02361,1.08131,0.210969,-0.000837288,1
1556,585.203,-1382.06,1532.77,1.09285,0.97589,0.998905,1.02125,1.079,-0.196959,0.00655681,1
1557,2680.86,9708.85,-5968,1.11675,0.959626,1.00441,0.963899,0.959139,-0.152433,-0.00172142,1
1558,602.77,-1425.8,1584.89,1.02065,1.00922,1.00417,1.01584,0.851464,-0.170985,0.00754814,1
1559,281.154,-682.542,716.554,1.16135,0.951187,0.996918,1.03844,1.12097,0.119607,-0.0223303,1
1560,1231.27,3610.15,-2861.27,1.23704,1.00633,0.991547,0.963001,0.850906,-0.149202,-0.00427173,1
1561,6784.82,-7427.03,20339.3,1.23991,1.01107,0.988328,1.05215,1.05916,0.0365432,-0.00355435,1
1562,1260.9,-2705.4,3358.36,0.99967,1.05908,1.00605,0.971361,1.04841,0.118499,-0.00543532,1
1563,133.464,335.013,-327.569,1.0538,1.02474,1.00064,1.01668,1.083,-0.390765,-0.0156942,1
1564,2463.05,-3992.13,6471.87,0.799758,1.01706,0.987197,1.04442,1.21479,-0.0801437,0.00388074,1
1565,1127.95,-2434.36,2961.28,1.25513,0.9986,0.999613,1.01854,0.777093,0.0980931,-0.00699055,1
1566,3004.32,10142.9,-6072.29,1.09685,1.03862,0.991141,1.03913,0.903582,-0.104171,-0.00241443,1
1567,431.696,-1038.08,1120.1,0.999411,0.981407,0.990806,1.04422,1.12238,-0.117829,0.0152087,1
1568,6348.43,-4766.36,14912.8,0.867366,0.967923,0.999992,0.988561,1.1456,0.0526266,-0.0022592,1
1569,1945.71,-3705.02,5149.76,0.982034,0.97495,0.984896,1.04109,1.0217,0.0471215,-0.00818996,1
1570,402.276,-959.128,1029.23,0.790681,0.983865,0.984979,0.994596,0.870126,0.236872,-0.00833355,1
1571,481.737,-1141.33,1241.89,1.07608,1.01162,0.991958,1.03419,1.22328,0.114814,-0.0145283,1
1572,4360.65,-6620.05,12546.7,0.728713,1.01288,1.00788,0.977148,0.956562,-0.0949637,0.00172,1
1573,1370.4,-3052.44,3874.01,0.796319,1.00763,0.99946,0.993925,1.09023,-0.121374,0.00463144,1
1574,3280.94,10037.3,-5188.71,1.00176,0.998319,0.99661,0.997361,1.34458,0.0740984,0.00291663,1
1575,3226.02,-5398.39,9835.48,0.932883,0.985899,1.00832,1.0142,1.05149,0.0539568,-0.00429035,1
1576,1297.63,-2908.53,3662.27,1.13519,0.967533,0.983244,0.972847,0.79303,-0.0754893,0.00773826,1
1577,384.303,994.058,-930.652,1.41691,0.96995,1.01949,1.00086,0.766656,-0.19826,-0.00975983,1
1578,110526,91450.2,-44197.9,0.944367,1.00327,1.0012,0.968174,0.895313,0.0889444,6.87826e-05,1
1579,3296.11,8619.48,-4609.47,0.639896,0.971601,1.00005,1.0375,1.0982,-0.22678,-0.000934079,1
1580,5977.21,16767.9,-5244.5,1.1265,1.00806,1.00139,0.963059,1.29793,-0.0414727,-0.00254803,1
1581,529.718,-1247.44,1369.31,0.793268,0.977338,0.997854,0.997174,1.0845,0.0785356,-0.0184576,1
1582,1641.71,5330.79,-3905.09,0.727686,0.990084,1.00877,0.978351,0.697193,0.135807,0.00329255,1
1583,2967.8,11279.9,-6457.47,0.935618,1.00285,0.988766,1.03581,1.2001,0.0208246,0.0118561,1
1584,278.638,712.781,-679.432,1.00993,0.974952,1.00343,0.998083,0.908054,-0.199699,-0.0137758,1
1585,733.102,1990.04,-1746.07,0.848309,1.00151,0.99754,1.07229,0.987482,0.158749,0.00664132,1
1586,119074,7883.21,5574.11,0.672023,1.013,1.0104,0.955466,1.02478,0.000182897,-0.0031148,1
1587,3337.4,8406.36,-4670.47,1.10564,0.972318,1.01717,0.972002,1.13146,0.0750328,0.00271621,1
1588,1489.5,-2845.22,3771.41,0.960109,0.989014,0.987181,1.01138,1.12649,0.167834,-0.0030975,1
1589,4194.53,-5974.17,11005.8,0.812077,1.00451,1.0039,1.00662,0.890553,-0.0118078,0.014408,1
1590,66869.5,173309,-92330,1.004,1.00319,0.996888,1.00699,1.07699,-0.00410686,-0.00509354,1
1591,662.013,-1551.79,1743.5,0.871543,1.03651,1.00551,0.992638,0.794638,-0.128325,0.00939665,1
1592,803.967,-1828.22,2108.55,0.670474,1.0407,0.998432,1.03835,1.01468,0.232042,-0.0043785,1
1593,110353,-6072.21,79507,1.13558,1.02875,1.01979,1.01566,1.16233,-0.0188381,0.00050054,1
1594,1590.74,-3186.9,4183.04,0.803899,1.0041,0.996025,1.04698,1.10487,-0.183583,0.00261311,1
1595,4473.01,-6143.79,11645,0.731549,1.05398,1.01882,0.982622,0.895762,0.307365,-0.000530456,1
1596,285.558,733.591,-698.96,1.42629,1.01383,1.02127,1.01458,0.846589,-0.200027,-0.0136476,1
1597,4606.61,-7576.89,15584.2,0.44471,0.999412,0.997174,0.996113,1.26527,0.0102025,-0.0152249,1
1598,7645.02,-6429.74,16528.6,1.08974,0.976432,0.992861,1.01594,0.945293,0.255242,-0.000310871,1
1599,513.069,-1230.25,1347.38,1.04682,0.996125,0.986642,1.04359,0.636935,-0.241053,0.00634623,1
1600,6268.47,15563.7,-5350.4,1.13018,1.02526,0.994028,1.07956,1.29677,-0.00891268,-0.0103518,1
1601,538.74,1434.19,-1303.43,0.6804,0.9737,0.995047,0.978441,1.01871,0.143275,0.00982893,1
1602,5970.91,21619.9,-8308.45,1.12849,0.98024,0.997044,0.99185,0.783045,0.0136313,0.00997906,1
1603,4143.85,14065.7,-7334.19,1.13706,0.988344,1.00461,0.994572,0.82553,-0.055317,-0.00297551,1
1604,2445.24,-3765.66,5753.93,1.05294,0.982812,1.00547,0.992007,1.39015,0.0672385,-0.00443715,1
1605,6332.93,18834.5,-6356.45,0.887693,1.00002,1.00865,1.01773,0.420678,0.167602,0.000695847,1
1606,4041.82,-5479.8,9944.81,0.933544,0.99525,1.00239,0.998108,1.03774,-0.017262,0.0102198,1
1607,3333.98,-4796.64,9240.44,0.723952,0.990175,0.987998,1.03243,1.03025,-0.134637,0.00164463,1
1608,558.223,-1326.81,1463.03,1.01183,0.997583,1.00921,0.972416,1.29464,-0.154197,0.00889054,1
1609,996.397,2697.43,-2246.51,1.04963,0.974006,1.00998,1.01418,0.900654,-0.136084,-0.00547532,1
1610,415.495,1094.53,-1018.43,1.01749,0.989774,1.0143,0.978711,1.11166,0.173475,0.0104529,1
1611,1743.29,5191.45,-3829.81,0.809929,1.0323,0.984566,1.04632,0.730846,-0.052932,-0.00859636,1
1612,429.532,1122.77,-1041.72,0.684896,0.995863,0.999555,1.01866,1.49544,-0.117346,-0.015525,1
1613,1796.41,-3979.29,5548.45,1.07585,1.0219,0.993505,0.983384,0.978104,0.0465383,-0.00938687,1
1614,544.331,-1279.07,1407.98,0.911895,0.989672,0.989446,0.912604,1.0373,0.188715,-0.00770391,1
1615,601.239,-1414.69,1571.55,1.08829,1.02001,1.00583,1.01651,0.63627,-0.0653722,0.0200482,1
1616,112.506,281.554,-276.319,1.06069,0.999765,1.0086,0.940191,1.03853,-0.412978,-0.0170262,1
1617,88.7625,228.36,-224.958,1.24116,0.987489,0.997508,1.01287,0.89452,0.36588,0.023652,1
1618,7049.81,-6593.93,19444.8,1.07138,0.998467,0.983417,0.987373,1.54386,0.136662,-0.000923641,1
1619,8696.01,29218.7,-10575.9,0.897305,1.02592,0.98704,1.03502,1.21203,0.0117432,0.00551753,1
1620,1326.26,-2652.43,3350.35,1.12337,1.02336,1.0114,0.984908,0.841928,0.0933658,-0.00628291,1
1621,12220.4,56973,-16480.2,0.927162,0.95842,1.0069,1.00484,1.32054,0.00903123,0.00569721,1
1622,549.329,-1302.5,1434.91,1.2764,0.992347,0.99769,1.02455,1.11942,-0.0867785,0.0162495,1
1623,3775.65,-4596.14,8371.33,1.18384,0.996331,1.0127,0.967595,1.4552,-0.01699,0.0110913,1
1624,2049.9,-3566.3,5081.5,1.17816,1.01707,0.985046,0.999337,0.784862,0.0382193,-0.0100005,1
1625,2741.62,8816.15,-5573.81,0.957349,1.00617,1.00711,1.00062,0.698861,0.0119407,0.0220396,1
1626,1833.29,-3391.98,4631.37,0.985255,0.960964,0.998511,1.03267,0.874743,0.106572,-0.00374458,1
1627,800.42,-1813.11,2092.6,1.20107,0.996966,0.981895,1.0379,1.04216,0.175569,-0.00568389,1
1628,1192.05,-2712.3,3361.59,0.885513,1.00052,0.993084,1.0171,1.03964,0.123142,-0.00532324,1
1629,639.892,1706.12,-1523.87,0.491546,0.990763,1.00551,0.997239,1.00862,-0.0781935,-0.0153265,1
1630,830.821,2276.19,-1961.97,0.921065,1.03861,0.994624,1.0117,1.06987,0.226355,0.00426232,1
1631,739.223,-1708.17,1945.31,0.567758,1.00466,1.0078,1.02524,1.30388,-0.0466962,0.0223638,1
1632,306.214,-752.144,793.202,0.905167,1.0134,0.992505,0.958143,1.06017,-0.178017,0.0146498,1
1633,157.834,-393.715,404.431,0.921214,0.999249,1.0041,1.00088,0.760294,-0.176677,0.0278491,1
1634,370.296,948.409,-889.39,0.918774,0.996425,0.992072,1.03741,1.28853,-0.442904,-0.00489294,1
1635,583.983,-1371.38,1517.64,0.803195,1.01567,1.01292,0.9853,0.923588,0.0695782,-0.0192493,1
1636,2544.08,7954.46,-5224.91,0.994192,0.97376,1.01902,0.965206,1.44519,0.100757,0.00271376,1
1637,77790,-50970,126571,0.937445,0.99971,1.00611,1.02064,0.837397,0.0068326,-0.00303098,1
1638,860.328,-1946.63,2268.05,1.25921,1.00041,0.997496,0.979007,1.08657,-0.138546,0.00650423,1
1639,3907.97,10330.4,-5591.86,0.942477,1.00749,0.992911,0.977893,0.909251,-0.0291198,-0.00620638,1
1640,420.212,1107.96,-1030.23,0.941876,1.01957,1.00978,1.01797,0.95234,0.117472,0.0158691,1
1641,360.819,936.396,-880.088,0.833885,1.02024,1.0097,0.950992,1.25054,-0.124554,-0.0176556,1
1642,329.782,-807.339,854.623,0.998071,1.01206,1.00354,1.01386,0.993256,-0.161065,0.0147895,1
1643,1551.01,-2959.78,3926.55,1.18549,1.02967,1.01396,1.01072,0.77769,-0.220747,0.00223612,1
1644,245.863,638.549,-612.366,1.03129,1.02141,1.01238,0.972899,1.17925,0.124118,0.0257381,1
1645,373.82,966.696,-905.984,1.06377,0.993101,0.998712,1.00023,1.1215,-0.251108,-0.00838087,1
1646,2589.27,6952.29,-4542.03,1.00353,1.0189,1.02336,0.95911,0.958576,0.0250068,0.011162,1
1647,6724,-4651.56,13013.4,1.0333,0.981573,1.00185,1.01531,0.968954,0.00558632,-0.01608,1
1648,267.907,701.808,-669.512,0.922115,0.977367,0.980146,1.01075,1.28428,0.333582,0.0086879,1
1649,918.787,2475.39,-2100.2,0.859059,0.99082,1.00933,1.00767,0.869717,0.0649458,0.0126064,1
1650,1007.51,2844.88,-2382.32,1.07056,1.00878,1.01206,1.00739,0.891927,-0.0387722,-0.0195947,1
1651,341.4,882.162,-831.531,0.874756,1.0337,0.998168,0.962158,0.629197,-0.268671,-0.0089516,1
1652,3865.62,-5233.58,9333.96,1.42787,0.961876,0.996834,0.985262,1.35888,0.192024,-0.000954808,1
1653,9557.87,39434.8,-12444.3,1.24242,1.02634,0.988644,1.01334,1.2011,0.00313289,0.0186611,1
1654,447.069,1187.8,-1098.14,0.9483,0.990795,1.00308,0.940753,1.17142,0.249146,0.00685266,1
1655,195.065,507.086,-490.357,1.27805,1.01025,0.992858,1.01141,1.0513,0.25024,0.0162631,1
1656,112595,35214.4,-14197.3,0.955137,0.99339,1.0041,1.00727,0.95395,-0.00368107,-0.000574837,1
1657,3412.86,9276.85,-4844.84,0.944669,1.00444,1.00923,0.966288,0.69355,0.0323513,0.00636367,1
1658,25025.7,-36812.1,92925.4,0.771988,1.00064,0.998887,1.03412,0.918574,0.104847,-0.000382885,1
1659,96.184,-236.837,240.684,0.688543,0.957394,1.0071,1.02461,0.748717,0.26173,-0.0298762,1
1660,1498.5,4250.08,-3191.91,0.757226,1.02062,1.00628,1.04291,0.980075,-0.134372,-0.00383124,1
1661,6851.82,-5163.74,16420.5,0.767008,1.0091,1.00765,1.02634,1.01864,-0.0274877,0.00422217,1
1662,262.893,-637.839,667.401,0.869774,1.02015,0.992946,1.02819,0.513172,0.210902,-0.0147165,1
1663,7025.74,17647.1,-6599.07,0.732379,1.03319,0.987808,1.01803,1.11652,0.0241562,0.00340603,1
1664,93560.6,119098,-59805.8,1.01305,0.985208,1.019,1.02334,0.853126,0.0150264,0.000650461,1
1665,623.46,1672.42,-1497.08,1.37073,1.00298,0.992811,1.05292,0.495128,0.0952228,0.0132058,1
1666,2061.64,-3790.62,5347.64,0.998635,1.01846,0.996613,1.03884,1.37126,-0.0234244,0.0159206,1
1667,827.494,2244.85,-1933.08,0.877285,0.999534,0.989209,1.04925,0.888108,-0.181835,-0.00524803,1
1668,671.319,-1549.5,1743.47,0.827957,1.01474,1.00121,1.00758,1.29569,0.159326,-0.0074297,1
1669,7688.23,21665.3,-8789.59,1.0041,1.02488,1.02013,1.00926,1.16046,-0.00582529,-0.0124549,1
1670,860.63,2350.33,-2017.21,1.06069,0.995807,0.998861,1.05676,0.559914,0.0898053,0.00991802,1
1671,819.327,-1853.46,2145.03,1.19861,1.01681,0.987069,1.0171,1.00469,0.127046,-0.00775735,1
1672,949.252,2675.58,-2253.19,0.508773,0.964465,0.986595,1.01585,1.05856,0.064977,0.0122052,1
1673,1206.54,-2512.93,3139.5,1.18785,1.05481,0.987139,1.03706,1.16221,-0.249792,0.00270859,1
1674,41960.1,-59498.1,125770,1.04392,1.01649,1.00317,1.03278,0.841398,-0.00905368,0.00358711,1
1675,1421.84,3793.74,-2912.62,0.969557,0.976657,0.999143,1.01043,0.942338,0.0904176,0.00574476,1
1676,323.264,851.343,-804.664,1.34125,1.00959,0.991542,1.06134,1.21616,0.280744,0.00871564,1
1677,33152.7,134735,-59889,0.809662,1.00272,0.993765,1.00631,1.09197,0.00743736,0.00451236,1
1678,2102.37,6814.52,-4517.72,1.30174,0.977023,1.01744,1.02781,0.804145,-0.10246,-0.00329814,1
1679,350.23,907.247,-854.227,0.858834,0.999544,1.01179,0.990449,1.2208,-0.148032,-0.0149551,1
1680,3157.25,-6022.97,10773.9,1.0637,0.996562,0.985417,1.04859,1.15812,-0.136711,0.00176234,1
1681,73841.1,-58451.7,135497,1.09777,1.00334,1.00619,0.979196,1.27281,0.00213989,-0.0104534,1
1682,582.508,1539.63,-1389.25,0.801064,1.00043,0.994455,1.0383,0.778695,-0.157417,-0.00861086,1
1683,487.906,-1169.43,1273.42,1.12609,0.994433,1.00871,1.00077,0.957731,-0.175001,0.0089397,1
1684,1408.33,-3123.07,4067.5,0.976311,0.994212,0.998967,0.964915,1.06013,0.0335252,-0.0162087,1
1685,1907.12,-3305.14,4658.49,0.570725,1.00126,0.996021,0.988552,0.455589,-0.0579272,0.00688479,1
1686,422.378,-1004.21,1081.05,1.2262,0.980285,0.998156,1.08299,0.953786,0.167676,-0.0109229,1
1687,106586,13729.1,46961.8,1.00473,0.975524,0.993719,1.03215,0.648245,0.0166171,-0.000359568,1
1688,1277.16,-2944.48,3705.16,1.16518,1.04808,1.00126,0.988213,0.755387,-0.204091,0.00306272,1
1689,747.777,2028.98,-1775.53,1.11696,0.991296,1.00275,1.0439,0.745984,0.133022,0.00764257,1
1690,6526.27,-4086.47,12821.7,1.07047,1.01444,1.01382,1.01071,0.659201,-0.01786,0.00518648,1
1691,316.237,826.475,-782.644,0.797895,1.02455,1.005,0.9902,0.808366,0.133253,0.0188416,1
1692,139.388,-350.491,358.907,0.918953,1.02432,0.996465,0.958972,0.919066,-0.279392,0.0205891,1
1693,142.185,-349.166,357.643,0.975588,1.0309,1.00349,1.02515,0.945546,0.261111,-0.0219874,1
1694,392.567,-939.41,1005.1,0.702732,1.00371,1.00779,0.999255,1.06189,0.195963,-0.0102017,1
1695,1126.69,3095.24,-2538.95,1.31251,1.00452,0.998511,0.973243,0.884902,0.0735023,0.0093041,1
1696,413.201,1095.36,-1018.37,0.824167,0.988236,0.992554,0.95964,0.737345,0.246118,0.00759898,1
1697,139.079,348.992,-340.946,1.10637,1.00788,1.0051,0.979843,0.932081,-0.416555,-0.0138278,1
1698,1343.39,3958.98,-3125,1.18674,1.00198,0.99839,0.994545,1.18434,0.12294,0.00461035,1
1699,2326.61,6324.38,-4030.36,1.1143,0.985307,0.994212,0.983696,1.25042,0.0478502,0.00654866,1
1700,6184.64,-3555.74,12715.1,0.857211,1.01189,0.997263,1.04832,0.834574,-0.0551167,0.0017953,1
1701,6420.15,-7419.15,19540.8,1.26164,0.979461,0.997255,0.94915,0.996875,0.0640556,-0.0020933,1
1702,1732.76,5386.74,-3878.16,1.2998,1.01697,1.02993,1.00515,1.28752,-0.0510712,-0.00833832,1
1703,545.161,1453.08,-1319.68,1.26902,1.01288,0.993728,1.02194,1.22928,0.115535,0.012581,1
1704,206.403,-502.157,520.082,0.941695,0.966903,1.00698,0.998583,1.00037,0.233482,-0.0157437,1
1705,259.132,-629.884,658.323,1.19674,1.02112,1.00701,1.01719,1.34526,0.178285,-0.0173325,1
1706,246.331,-608.493,634.358,0.944784,1.03103,1.02149,0.969064,1.23877,-0.132907,0.0239461,1
1707,1420.41,4249.25,-3236.7,0.879659,0.991322,0.99416,0.954152,0.859182,-0.259683,-0.00208675,1
1708,7270.96,19868.2,-8340.29,0.680271,0.972158,1.00349,1.07098,1.34405,0.00866315,0.00881769,1
1709,651.399,-1512.53,1697.04,1.09761,0.995776,0.995064,0.970935,0.738075,0.122134,-0.00987721,1
1710,2482.16,6660.4,-4363.9,1.09495,0.97543,0.99181,0.945715,1.06218,-0.0474971,-0.00614475,1
1711,1389.44,-2854.84,3722.28,1.32756,0.976444,1.00034,0.991188,0.854619,-0.0575708,0.00932889,1
1712,2473.36,-4358.88,7017.43,0.952041,1.04322,1.01063,1.02778,1.16151,0.0556305,-0.00557632,1
1713,1919.32,5205.96,-3732.65,1.05206,0.998153,0.996994,0.994759,0.888516,0.168298,0.0023013,1
1714,106976,120832,-61475.2,0.806777,1.00457,0.989961,0.988988,1.5336,-0.00214894,-0.00392314,1
1715,564.747,-1317.8,1454.84,1.01296,0.984244,1.00375,1.01004,1.17212,0.229459,-0.00595262,1
1716,4015.12,11431.8,-6261.77,0.962582,1.01382,1.00979,1.04944,1.10847,-0.0113629,-0.0151028,1
1717,105654,15058.7,17467.8,1.04848,0.964831,0.994958,1.06495,1.21017,0.011763,-0.000180031,1
1718,283.211,722.685,-688.266,0.829874,1.01176,0.993817,0.982347,0.75145,-0.340584,-0.00841562,1
1719,2877.09,10709.9,-6288.99,0.796071,0.993079,0.992303,1.03538,0.817158,-0.142833,-0.0017642,1
1720,1354.69,-2826.82,3560.57,0.539398,1.01091,1.00581,1.00486,1.423,0.259488,-0.00221331,1
1721,1218.05,-2742.37,3431.48,1.06875,1.01607,1.01185,0.968089,0.864166,-0.0711583,0.00887474,1
1722,242.609,-600.744,626.572,1.33129,0.997617,0.988369,0.973113,1.11469,-0.185277,0.0175942,1
1723,1729.39,5461.15,-4008.95,1.23847,1.02192,0.995606,0.99702,1.16082,-0.0768988,-0.00584424,1
1724,618.845,1667.77,-1494.63,1.33131,0.990507,1.00607,0.97538,1.12022,0.235199,0.00519843,1
1725,752.253,2024.12,-1770.19,0.482762,0.988295,1.00072,1.03561,1.00855,-0.0832011,-0.0122546,1
1726,1530.52,4245.91,-3165.07,1.09273,1.02137,0.994734,1.01364,0.947445,0.0620472,0.00818519,1
1727,955.182,2662.91,-2251.4,1.02259,0.984547,1.01554,0.998727,0.784727,-0.0890409,-0.00876237,1
1728,2170.57,7506.33,-5033.22,1.04844,1.0156,1.00554,1.01488,0.705495,-0.0435225,-0.0079218,1
1729,1347.8,-3053.12,3875.35,1.293,0.992183,0.995461,0.936368,1.05574,-0.149138,0.00379888,1
1730,1859.1,-3303.03,4653.69,0.874566,1.021,1.02683,1.01114,0.884754,0.0799352,-0.00504367,1
1731,1358.84,3784.39,-2918.41,1.02332,0.970811,1.00595,0.995369,0.650028,0.0731658,0.00733578,1
1732,519.47,-1237.04,1354.87,1.08733,1.02052,0.999417,0.972516,1.18846,-0.091529,0.0167458,1
1733,1061.75,3072.78,-2532.99,1.22899,1.02489,1.00824,0.975556,0.870444,0.0754947,0.00970311,1
1734,767.851,-1751.47,2009.8,0.734386,0.981963,0.984981,0.990043,1.25168,0.147012,-0.00694282,1
1735,2035.06,-4005.08,5621.66,0.894449,1.0025,1.00222,0.968677,0.981212,-0.0469851,0.00788634,1
1736,1017.35,-2190.67,2626.34,1.09917,1.03549,1.00626,0.985373,1.02814,0.0781379,-0.0100289,1
1737,42915.5,154756,-77451.7,1.23908,1.02578,0.997992,1.00088,1.23909,0.00800342,0.00368637,1
1738,87490.5,-37657.2,115330,1.07686,0.978283,0.997169,0.946237,0.979382,0.0320027,-0.000540818,1
1739,5912.28,14916,-5336.79,0.997314,0.99227,1.00652,0.987414,0.796382,0.170562,0.000566474,1
1740,6071.35,22562.3,-8673.36,0.926904,1.01245,1.00309,1.01637,0.976129,0.00960074,0.0139781,1
1741,1347.06,-2746.14,3482.07,0.996759,0.999945,0.977958,0.997921,0.684929,0.067757,-0.00868651,1
1742,125.827,-310.213,316.884,0.798066,0.998359,0.997362,0.991017,0.645556,0.208946,-0.0302601,1
1743,3231.43,-6248.32,11131.8,1.05218,1.0265,1.00061,1.01162,0.986641,0.0122886,-0.0193262,1
1744,342.182,895.578,-843.91,1.10321,0.977953,1.00337,1.01714,1.12256,0.18421,0.0119874,1
1745,1301.9,-2945.1,3711.25,1.23897,0.972452,0.990653,0.974258,0.905024,-0.112045,0.00516347,1
1746,3320.14,-4014.43,7189.46,0.957906,0.945462,1.0088,1.00723,0.989262,0.0275698,-0.00757926,1
1747,1939.88,5386.83,-3884.91,0.706744,1.00723,1.01566,0.984689,0.99893,0.114656,0.0032998,1
1748,1938.21,-3681.53,5102.76,0.793627,0.984416,0.995504,0.973655,1.35601,-0.140876,0.0027295,1
1749,146.894,371.543,-362.45,1.25481,1.01553,1.00198,0.983564,0.623855,-0.247125,-0.0221784,1
1750,404.79,1065.86,-992.877,0.643209,1.00061,0.993125,1.00716,1.01066,0.0907498,0.0214261,1
1751,3947.41,-4485.84,8682.01,1.00521,1.02039,0.986921,0.991525,1.31189,-0.0148466,0.012603,1
1752,113211,18668.8,33549.6,1.14741,0.996645,1.00038,1.00354,1.08325,-0.00291358,0.00146255,1
1753,5018.15,19732.3,-8615.09,0.980259,0.978706,1.01016,1.02765,1.15199,-0.158936,-0.000921479,1
1754,722.849,1933.81,-1701.74,0.868679,0.986803,1.00972,1.02664,1.12455,-0.121891,-0.00860838,1
1755,13124,62802.5,-17528.2,1.04545,0.989966,0.992437,0.984623,0.870084,0.0223618,0.00221888,1
1756,2088.11,7200.65,-4903.82,0.708601,0.999508,1.00271,0.959862,0.632641,0.170712,0.00206397,1
1757,3296.4,8298.13,-4570.89,1.15815,0.966379,1.00559,1.05708,0.725314,0.0236179,0.00877558,1
1758,739.605,1984.84,-1740.19,1.06035,1.02663,0.99857,1.03796,1.13172,-0.114325,-0.0094749,1
1759,660.419,-1548.76,1741.96,1.16584,0.975826,0.997336,0.976837,1.17669,-0.250865,0.00455774,1
1760,118324,6943.15,3833.62,1.02806,1.00751,1.00398,0.974727,1.01541,0.0119386,-3.48091e-05,1
1761,276.536,704.282,-671.726,0.787253,0.971164,1.00751,0.967266,1.32683,-0.298752,-0.00922773,1
1762,1470.59,4590.51,-3482.2,1.08595,1.02947,1.00279,0.983754,1.20375,0.0758224,0.00697178,1
1763,567.534,1506.16,-1362.72,0.856344,1.03717,0.996484,1.00482,1.03427,-0.12653,-0.0113641,1
1764,4271.88,15999.4,-7867.17,0.867174,0.982021,0.995122,0.954756,1.06559,-0.0086228,-0.0185749,1
1765,3295.64,10725.1,-5643.97,1.12181,1.00268,1.00803,0.972667,0.78094,0.0654112,0.00338798,1
1766,80683.5,-51714.1,128978,1.06701,1.00939,1.01136,0.979358,0.576036,0.0198382,-0.00102024,1
1767,495.148,1298.79,-1191.97,0.918633,1.03041,1.01227,1.03412,1.42014,-0.121537,-0.0132139,1
1768,21977.2,101511,-35776.8,1.21034,0.990595,1.00241,1.01735,1.02334,-0.0052311,-0.0076359,1
1769,1349.83,3743.42,-2887.82,0.785355,0.961742,0.998446,1.0435,0.894544,-0.069227,-0.00784059,1
1770,177.633,-434.65,447.988,0.90592,1.01888,0.996679,1.03106,1.10915,0.234818,-0.0194889,1
1771,2113.62,6022.68,-4220.27,1.22602,1.03348,0.99832,1.06053,0.595118,-0.071689,-0.00507964,1
1772,414.734,1079.71,-1005.43,1.14644,1.001,1.02041,1.02213,1.00371,-0.141909,-0.0130137,1
1773,1668.39,-3752.45,5094.91,0.830481,0.993361,1.00219,1.02666,1.27546,-0.0668376,0.00673644,1
1774,2174.17,-4736.77,6959.21,0.916615,1.02122,1.00629,1.03866,0.657838,-0.282001,0.00122495,1
1775,122940,23986.4,-7307.42,0.759315,1.02295,0.999982,0.97994,1.06096,0.00808865,0.000152053,1
1776,240.733,-595.234,620.341,0.881091,0.967381,1.00576,1.02889,1.04666,-0.202165,0.0153339,1
1777,1691.05,-3745.68,5059.72,1.09708,0.999284,0.996813,0.961714,1.09304,0.19081,-0.00239024,1
1778,1291.09,-2648.28,3311.05,0.826221,1.00384,1.0105,1.0228,1.15771,0.0170107,-0.0346483,1
1779,2956.17,10783.7,-6136.53,1.19013,0.976146,1.01468,1.02479,1.43304,0.0267304,0.00900866,1
1780,8194.97,26944.7,-9989.5,0.988386,0.970103,0.975079,0.989867,1.03432,-0.0168931,-0.00408386,1
1781,495.904,1320.76,-1209.89,0.987208,0.990985,0.995369,0.978772,1.02689,0.170467,0.00914106,1
1782,176.547,445.686,-432.601,0.855056,0.964513,1.01055,0.999796,0.810584,-0.30396,-0.0140665,1
1783,349.664,-851.621,904.792,0.833501,0.995736,1.00481,0.98398,1.1753,-0.126161,0.017504,1
1784,1026.07,2741.6,-2264.55,1.01215,0.956629,0.97659,0.923207,0.944263,-0.191906,-0.00388953,1
1785,1806.96,-3983.36,5534.51,0.889421,1.02613,0.992396,1.01674,1.25232,0.203707,-0.00215251,1
1786,1927.47,-3310.82,4704.08,0.810686,1.01533,1.00356,0.995156,0.981864,0.0514529,-0.00772955,1
1787,84979.6,-50102.8,130552,0.641921,1.00238,0.98366,0.982964,0.986229,0.035906,-0.000549358,1
1788,459.499,-1086.15,1177.25,1.20945,0.98188,0.993622,0.970908,0.750771,0.266372,-0.00640072,1
1789,357.191,-858.567,912.782,0.740405,1.03189,1.01133,0.975086,0.961567,0.18526,-0.0121437,1
1790,306.188,-745.24,785.315,1.24556,1.04836,1.01121,0.989522,1.21088,0.125728,-0.0211699,1
1791,8408.94,29020.8,-10535.3,0.782494,0.973067,0.980279,1.0118,1.0703,0.0340398,0.00195637,1
1792,415.468,-985.82,1059.93,1.0336,0.963527,0.996776,0.996599,1.31567,0.215051,-0.00854278,1
1793,60508.9,170861,-90736.1,0.997653,1.00798,0.994012,1.06026,1.00833,-0.00648249,-0.00352707,1
1794,479.687,-1144.25,1244.35,0.735323,0.980542,1.00406,1.04452,1.18595,-0.106278,0.0148783,1
1795,7193.07,25117.6,-8514.59,1.03855,1.06211,1.00336,0.9614,0.702446,0.019622,0.0062591,1
1796,2787.79,10196.6,-6094.25,0.53604,0.97636,0.978716,1.00729,0.780513,0.0405862,0.00639123,1
1797,2762.21,-4623.78,7182.88,0.854057,1.01974,1.00709,0.9538,0.88828,-0.0378225,0.00716697,1
1798,1422.1,-3229.12,4201.4,0.746276,1.0023,0.988105,0.997267,0.948373,-0.0904727,0.00604483,1
1799,3979.77,-4962.34,9091.37,1.06043,1.01331,1.0049,1.05572,1.26785,-0.0405749,0.00443739,1
1800,5620.81,-8326.61,19471.3,1.14228,1.01563,1.01695,1.00389,1.18186,0.0482945,-0.00290335,1
1801,1450.01,-2996.81,3958.43,1.01358,0.991975,0.990307,1.00566,1.12342,0.126397,-0.0042186,1
1802,622.054,1646.99,-1475.55,1.18118,0.989431,0.998418,1.04215,1.00043,-0.204818,-0.00609888,1
1803,267.991,-658.04,689.144,0.96421,0.981457,1.00289,1.00892,1.03208,-0.163865,0.0173557,1
1804,328.437,-803.069,850.031,1.22776,0.999632,1.00364,1.00753,1.17302,-0.145761,0.0162107,1
1805,735.182,-1695.51,1931.04,0.944682,0.980201,1.00708,1.00227,0.582396,-0.0859087,0.0119092,1
1806,2027.77,6363.29,-4477.55,0.95972,0.993831,1.0028,0.980034,0.751104,-0.115782,-0.00315988,1
1807,179.221,457.102,-443.307,0.986537,0.99469,0.994036,1.03641,1.31441,-0.138147,-0.0320123,1
1808,297.138,-732.794,771.521,0.848402,1.00231,0.99758,0.948872,1.42884,-0.234212,0.0112469,1
1809,603.219,-1413.48,1569.13,0.686408,1.01035,1.0184,1.0191,1.09677,0.0672515,-0.0190172,1
1810,776.341,-1784.62,2047.95,1.17607,0.956965,1.00825,0.99675,0.894443,-0.064548,0.0145973,1
1811,88095.5,-29264.7,105011,1.10792,0.967767,1.00057,0.963479,1.07393,0.00960016,-0.00166791,1
1812,1730.66,-3764.19,5200.79,0.956341,1.00266,1.00509,1.03961,0.843474,0.133465,-0.0032902,1
1813,842.375,2330.87,-2005.93,1.03378,1.0319,1.0086,1.01509,0.854569,0.15821,0.00588189,1
1814,921.279,2514.66,-2139.32,1.28825,0.97083,1.01093,0.999046,1.49918,-0.136743,-0.00587984,1
1815,781.893,-1801.02,2065.4,0.784606,1.00959,1.01694,1.039,0.654839,-0.100709,0.00970047,1
1816,1197.65,3144.47,-2539.99,1.21688,0.981138,1.01963,1.03347,0.821122,-0.257195,-0.00239505,1
1817,118964,92757.8,-44336.2,0.765543,1.03012,0.995758,0.986901,0.619772,-0.00602144,-0.000942799,1
1818,419.312,-1016.49,1093.06,0.76845,1.00442,1.01167,1.00115,0.979925,-0.200032,0.00916277,1
1819,10940.7,-13144.3,41466.1,1.11899,0.956896,0.998012,0.977074,0.988952,-0.0665239,0.000849481,1
1820,6942.09,-5074.5,13660.9,0.902627,0.979625,0.998627,1.02165,0.904069,0.0123669,-0.00703651,1
1821,1187.71,-2485.62,3099.48,1.2373,0.984156,1.0069,1.00173,1.12166,-0.0520644,0.0121151,1
1822,1302.5,3535.81,-2801.64,0.929973,1.00222,0.988814,0.97133,0.925024,0.183049,0.00323421,1
1823,2970.85,11181.9,-6466.27,1.13042,1.0131,0.99644,1.00525,1.10346,-0.027891,-0.00885036,1
1824,453.782,1203.07,-1110.85,1.11317,0.975732,1.00023,0.988816,1.17561,0.232062,0.00715645,1
1825,3657.83,-4286.57,7895.63,0.746009,0.991464,1.01148,1.01815,0.667832,0.138304,-0.00140765,1
1826,400.08,-959.356,1027.85,0.98508,1.00912,1.00772,0.979758,0.645342,0.128693,-0.0152886,1
1827,2423.72,-3736.11,5734.43,1.29576,0.995529,1.01986,0.941089,1.10868,-0.0296719,0.010093,1
1828,1236.88,-2575.78,3252.66,1.02108,0.997272,0.989923,1.02999,1.214,-0.244143,0.00254828,1
1829,721.937,-1671.49,1901.97,0.927308,0.979705,0.991952,0.969214,0.901599,-0.0886343,0.0120055,1
1830,459.422,-1108.5,1200.83,1.26103,1.00594,1.0068,1.00208,0.811989,-0.196044,0.00859705,1
1831,1077.35,-2330.95,2822.07,1.09077,0.964862,0.97958,1.01515,1.21865,0.0648366,-0.0109749,1
1832,827.405,-1872.61,2169.99,0.922224,0.951062,1.01377,1.02028,0.720717,-0.0702866,0.0124091,1
1833,5139.52,20595.8,-8718.83,0.599846,1.00056,0.995988,1.01951,1.0517,0.0531276,0.00272062,1
1834,479.081,-1152.89,1255.44,1.18382,0.987841,0.981191,1.02338,1.07317,-0.226158,0.00724738,1
1835,1536.75,-2901.86,3859.7,1.38166,1.00755,0.992657,1.03087,0.733676,-0.0241694,0.0208898,1
1836,11831.9,56233.1,-15747.7,1.16368,0.995978,0.994179,0.969777,1.19054,0.0108553,0.00478393,1
1837,776.906,2110.99,-1836.35,1.27076,0.99327,0.99358,1.03879,0.779858,0.0713201,0.0139488,1
1838,4770.24,-7774.8,16469.6,0.860784,1.01134,0.995422,1.02985,0.889779,-0.0165553,0.00916044,1
1839,6702.34,20814.6,-7137.53,0.691383,1.01502,1.01267,1.00007,0.891093,0.0254497,0.00471152,1
1840,109196,99744.9,-47163.4,0.891824,1.00721,1.00224,0.995291,0.992982,0.000419018,0.0161683,1
1841,717.125,-1684.84,1913.9,0.887935,1.03433,0.999279,0.967264,0.688029,-0.375687,0.00295018,1
1842,989.687,-2281.05,2728.48,0.876441,0.990524,1.01192,0.99614,0.718409,-0.243805,0.00309482,1
1843,2874.64,10714.8,-6317.76,1.21714,1.00418,0.994504,1.07,1.03596,0.118999,0.00210188,1
1844,844.325,-1889,2194.2,0.86877,1.00514,1.00963,0.948505,1.0425,0.220307,-0.00418473,1
1845,1045.51,-2242.75,2706.77,1.05745,1.04326,0.996509,0.942459,1.14356,0.0509127,-0.0152706,1
1846,21893.2,-30795.6,83984.3,0.818068,0.977603,0.992846,0.962391,1.13926,0.0265692,-0.00161036,1
1847,480.665,-1141.37,1241.23,1.29086,0.992707,1.003,1.00045,0.954114,0.101106,-0.0159802,1
1848,538.084,1434.95,-1304.78,0.658737,1.00489,0.993394,0.989005,0.746824,0.109741,0.0133301,1
1849,365.922,-869.521,926.081,1.13737,0.989901,1.00551,0.96607,0.707822,0.428966,-0.00499397,1
1850,382.705,-924.86,988.678,0.637954,0.976543,0.998916,0.983114,0.81938,-0.11196,0.0177949,1
1851,7223.58,-7191.15,20812.5,0.628821,1.02662,0.990565,0.994367,1.15472,0.0956967,-0.00131089,1
1852,866.899,2298.53,-1974.73,0.822005,1.01014,1.01588,0.993093,0.915856,-0.383161,-0.00233968,1
1853,333.996,-805.879,853.715,0.570342,0.992086,1.0017,1.01878,1.67186,0.143356,-0.0163085,1
1854,537.818,-1279.77,1405.75,0.877356,0.999272,1.00998,0.978498,0.798734,-0.111838,0.0127579,1
1855,12892.4,-16269.4,52543.8,0.888933,0.998765,1.00187,0.98342,0.760153,0.0126811,-0.00405011,1
1856,861.131,2345.46,-2005.11,1.09515,1.01529,0.991624,0.997826,1.25933,-0.0783292,-0.0118092,1
1857,7266.61,-5703.46,18363.1,0.743607,1.02228,0.997024,0.962167,1.05069,-0.11416,0.00102734,1
1858,5648.12,15631.7,-5110.21,1.06762,0.995573,0.999885,0.997213,1.05659,0.056557,0.00183373,1
1859,997.447,-2170.74,2611.44,1.0647,0.961229,0.993344,0.954067,1.44674,0.19266,-0.00393325,1
1860,1219.61,-2794.86,3485.75,1.22472,1.0118,0.983943,0.996708,1.20114,-0.107045,0.00607238,1
1861,1195.96,-2523.53,3110.56,0.633843,1.03094,0.994178,0.97877,1.18598,0.0423767,-0.0158297,1
1862,670.051,1814.44,-1613.13,1.12749,1.02088,1.01418,0.986936,0.862239,0.218125,0.00528124,1
1863,2943.3,-5845.57,9629.36,0.765872,1.01861,1.00654,0.988098,1.13567,-0.155972,0.00160948,1
1864,1536.3,4816,-3575.86,1.22718,1.03391,0.978805,0.985505,1.12063,0.0829377,0.00630726,1
1865,672.149,-1551.08,1746.09,1.06718,0.984497,1.00524,1.02592,0.863431,0.142486,-0.00799133,1
1866,131.138,-322.6,329.839,0.996542,0.994968,0.997929,1.01548,0.87043,0.237698,-0.0254381,1
1867,1189.39,-2462.54,3055.46,0.692093,0.973554,1.00174,0.988534,0.71055,-0.225624,0.00276003,1
1868,791.714,2156.57,-1873.44,1.248,0.998276,1.01196,1.0358,1.16613,0.138958,0.00686633,1
1869,7097.66,-4976.85,13982.3,0.990347,1.02393,1.01496,1.02447,0.853802,-0.020767,0.00408665,1
1870,622.961,1681.4,-1505.85,0.603792,1.022,0.9999,0.969447,1.1343,0.240008,0.00527073,1
1871,483.005,-1153.28,1254.56,0.889577,0.989303,1.00964,0.938464,0.714304,-0.0686369,0.022993,1
1872,37098.2,138445,-63563.3,1.21546,0.961145,0.99831,0.941441,1.07084,-0.00305567,-0.0103912,1
1873,8777.61,30958,-11107.1,0.904602,1.02084,1.00467,1.00317,1.24702,-0.0356628,-0.00177914,1
1874,6731.16,-5128.43,15996.2,0.724477,1.00715,1.02299,0.981135,0.955598,0.0413328,-0.00279165,1
1875,6976.69,-5505.82,14159.5,1.18259,0.970179,1.00557,0.978893,0.841971,-0.271386,0.000315652,1
1876,2500.95,-3780.55,5856.25,1.18886,0.984116,0.993985,0.967996,0.998067,0.203552,-0.00146517,1
1877,1320.37,3934.48,-3109.98,0.916786,0.983432,1.00034,0.923234,1.17689,-0.106772,-0.00535423,1
1878,5896.01,-3696.26,12600.1,1.18528,0.982581,1.00703,1.00568,0.929324,0.0201965,-0.0052455,1
1879,1055.51,-2235.03,2707.86,0.681831,0.978499,0.990404,1.02077,1.28078,0.0446739,-0.0162501,1
1880,816.61,2242.68,-1934.45,1.05395,1.00081,0.993961,1.05703,0.958371,0.231147,0.00409002,1
1881,2605.03,6830.18,-4386.8,1.03651,1.02599,1.01075,0.989983,1.01294,0.0670565,0.00421533,1
1882,226.085,-551.451,573.264,1.11432,0.999271,0.993305,0.953542,1.08667,0.211625,-0.0167164,1
1883,292.556,754.674,-717.278,0.817597,1.02156,0.989478,0.967786,1.35052,-0.143706,-0.0194523,1
1884,1367.63,4202.2,-3256.34,1.16361,0.989746,1.00062,0.956502,0.93759,-0.0514482,-0.0107417,1
1885,954.351,-2092.65,2490.28,1.01,1.00241,0.992398,1.04169,1.00931,-0.0358753,0.0228522,1
1886,1112.38,3213.37,-2633.24,1.10975,0.977432,0.995368,0.962844,1.28604,-0.033502,-0.0202793,1
1887,897.636,-2032.73,2385.44,1.3003,1.00269,1.02486,1.0059,0.566865,-0.0439552,0.0190309,1
1888,2739.72,-5215.18,8160.79,0.706479,0.99298,1.00643,0.988521,1.3312,-0.0629565,0.00421462,1
1889,1043.62,2952.48,-2458.01,0.838707,1.02886,1.00708,1.00949,0.8667,0.0463727,0.016169,1
1890,660.478,1762.97,-1567.68,0.753283,0.984224,0.99839,1.01119,1.05489,-0.0896656,-0.0129792,1
1891,8094.44,-6984.45,18041,0.902522,1.02471,1.00525,1.06337,0.778159,0.0354787,-0.00209559,1
1892,1059.52,2935.03,-2409.04,0.898734,1.00652,1.00078,1.00542,1.11663,0.243668,0.00296189,1
1893,428.116,-1027.79,1107.03,0.661603,1.04435,1.00233,1.01392,1.05196,0.103055,-0.0185513,1
1894,616.846,-1427.7,1591.33,0.978668,0.961811,1.00189,1.02605,1.41051,0.19533,-0.00624367,1
1895,1404.89,-3202.72,4117.06,0.839581,1.01506,1.01959,0.940631,0.598049,0.054584,-0.0099394,1
1896,169.32,-426.626,439.334,0.904118,0.955746,0.986826,0.994115,0.905231,-0.431708,0.0102593,1
1897,1687.64,-3602.59,4806.49,0.887857,1.01916,1.0013,1.02007,1.13958,-0.0363873,0.0125871,1
1898,1078.63,-2427.38,2953.93,0.773393,1.02191,1.00416,1.08458,1.23511,0.11774,-0.00619552,1
1899,221.266,576.914,-555.361,0.873053,1.04634,0.998299,1.03171,0.925415,0.205817,0.017939,1
1900,1437.13,3781.33,-2924.62,0.79622,0.972001,1.00555,1.01139,0.898203,-0.142267,-0.00359795,1
1901,9068.8,34149.8,-11372.3,1.01189,1.01235,0.985802,0.95956,1.0538,-0.0932377,-0.000668502,1
1902,952.924,-2170.59,2565.37,1.09983,1.04225,1.00015,1.00366,1.03387,-0.10498,0.00803314,1
1903,3264.5,10691.5,-5641.42,0.862236,0.995588,0.998351,1.03496,0.814545,0.0622787,0.00360145,1
1904,560.847,-1317.63,1455.29,0.968671,0.988511,0.985631,1.02527,0.928839,0.0966271,-0.0145748,1
1905,123195,25728.6,23960.8,1.03134,1.02193,0.983317,1.05035,1.11181,0.265744,-9.88443e-06,1
1906,286.863,752.359,-716.094,1.10664,1.02002,1.00418,1.02998,1.20598,0.266745,0.0102882,1
1907,94076.2,-37398.4,116843,0.92644,0.994339,0.981752,1.02077,0.951536,-0.114257,0.000139947,1
1908,1090,3024.62,-2498.17,1.06382,1.05137,0.996939,1.00711,1.11437,-0.0335766,-0.0221786,1
1909,342.324,-836.927,888.499,1.18898,1.00071,0.989512,1.03486,1.2203,-0.17727,0.0130266,1
1910,1352.71,3563.94,-2786.31,1.04257,1.02036,0.988607,0.977592,0.93678,-0.27803,-0.00212754,1
1911,869.952,2358.41,-2019.7,1.05352,1.04463,0.9875,1.02995,1.0259,-0.17521,-0.00541836,1
1912,436.675,1139.33,-1056.22,1.36816,1.01948,1.00507,0.928256,1.27898,-0.162819,-0.0112223,1
1913,182.565,-457.446,472.072,0.905939,1.02194,0.987759,1.00416,0.908367,-0.318906,0.0138668,1
1914,7459.52,-5236.89,15236.6,0.944367,1.03237,0.997236,0.928272,1.04646,-0.0269556,0.00306401,1
1915,461.398,1234.21,-1138.14,1.24821,1.02287,0.997764,1.01763,0.709307,0.365596,0.00468087,1
1916,754.481,-1739.02,1993.37,1.22396,0.973025,0.98055,0.956252,0.559847,-0.0932134,0.0110099,1
1917,175.526,-430.066,443.139,1.03958,1.0345,0.994691,1.01518,1.32548,0.303115,-0.0155912,1
1918,2916.87,-5203.06,8422.87,1.09071,1.00492,0.972173,1.03015,1.2278,0.233105,-0.00113465,1
1919,1018.84,-2259.98,2729.98,1.09303,0.984347,0.998521,0.984503,0.794913,-0.186761,0.00397831,1
1920,757.921,2040.48,-1782.81,1.44335,0.990233,1.00052,1.01529,1.20473,-0.101703,-0.00998526,1
1921,1909.75,5395.27,-3902.18,1.11048,0.99304,1.0081,0.982564,0.967056,0.187747,0.0020313,1
1922,1973.35,5528.84,-3938.3,0.98221,0.996143,0.988452,0.979127,0.801233,0.0796567,0.00478874,1
1923,620.024,-1454,1622.43,1.01934,0.965874,1.00027,0.938825,0.873099,-0.0894985,0.0135133,1
1924,238.752,621.944,-596.722,1.03354,0.993938,0.992072,1.03451,0.773908,0.226179,0.014469,1
1925,558.584,-1327.42,1465.3,0.975129,0.991041,0.994307,0.986044,1.01576,-0.157782,0.00879596,1
1926,6437.37,22348.4,-8169.8,1.25715,1.00488,0.99855,1.01914,0.817784,0.0259851,0.00499106,1
1927,10996.8,-12852.7,40101.8,0.94215,1.02213,0.998176,1.01725,0.798924,0.114771,-0.000485254,1
1928,1508.67,-2834.44,3714.02,0.898713,1.00175,1.01526,1.00465,0.983182,0.305819,-0.00164702,1
1929,6450.17,19302.5,-6293.69,0.768094,0.982713,0.980738,1.01617,0.914006,-0.0635698,-0.00189024,1
1930,112788,95827.8,-46206.5,0.780826,1.00896,0.995144,0.965899,0.982437,0.114427,5.48853e-05,1
1931,341.128,880.82,-830.452,1.15853,0.98994,1.00647,1.01859,0.889002,-0.175627,-0.0129172,1
1932,675.522,1821.72,-1616.92,0.956262,1.0081,1.00614,0.976615,1.32292,0.0901754,0.0127119,1
1933,6126.07,17455.2,-5535.93,0.904025,0.992053,0.991538,1.00381,0.707808,0.0105348,0.0106617,1
1934,329.943,850.255,-802.991,1.03589,0.993103,0.994534,0.988164,0.933802,-0.244191,-0.00982825,1
1935,9563.03,-10680.5,30165.2,0.997973,0.991403,0.99714,1.0013,1.3215,-0.025945,0.00241081,1
1936,1532.38,4047.78,-3035.13,1.02227,1.00297,0.992008,0.987238,0.972158,-0.354788,-0.0014363,1
1937,316.099,-760.19,803.163,0.692926,0.984386,0.986221,1.00262,0.885614,0.279627,-0.009003,1
1938,109835,98843.9,-46450.8,1.18079,1.01647,1.00753,1.0329,0.835634,-0.0613637,-0.000108342,1
1939,237.732,617.75,-592.846,1.05029,1.00412,0.989301,0.998468,0.734283,0.143357,0.0233431,1
1940,625.187,1690.92,-1513.73,1.10124,1.00742,1.00145,0.998709,0.86595,0.256506,0.00482615,1
1941,1566.33,5051.82,-3771.69,1.14382,0.977618,1.02006,1.0005,1.01112,0.171966,0.0026455,1
1942,267.816,-661.597,693.282,0.920269,0.97769,0.987253,1.02974,1.16631,-0.307607,0.00935785,1
1943,478.011,1272.27,-1169.52,0.867762,1.01103,0.993046,1.01617,0.831252,0.203604,0.00811972,1
1944,1317.66,4013.74,-3134.68,1.18977,0.980501,1.01284,1.00439,1.14214,0.164727,0.00335463,1
1945,15343.9,76086.3,-21287.4,1.19785,1.01684,0.989061,0.969463,0.613502,0.0725086,0.000635445,1
1946,259.465,-630.234,658.809,1.20904,1.01061,1.00275,1.0059,0.722557,0.206466,-0.0148943,1
1947,904.642,-2068.03,2425.19,1.29567,1.00893,1.00653,0.993579,0.976003,0.0699587,-0.0122945,1
1948,8829.74,31437.6,-11118.1,0.898852,1.01254,0.994433,1.03006,1.03556,-0.114326,-0.00055399,1
1949,422.064,1101.25,-1023.27,0.95334,1.0306,1.00155,1.03526,1.10943,-0.138317,-0.0138518,1
1950,1010.4,-2200.79,2647.85,1.13601,0.974213,1.00221,0.956501,0.871651,-0.216988,0.00339677,1
1951,525.037,-1240.57,1360.04,1.38456,1.02867,1.00026,1.00805,1.21166,0.0933058,-0.0164713,1
1952,1947.41,5241,-3748.04,1.04404,1.00784,1.00115,1.04277,0.88924,0.069372,0.00553305,1
1953,770.273,2080.23,-1813.49,1.34068,0.993545,1.00051,0.932971,1.02343,-0.100219,-0.0100213,1
1954,80763.1,161779,-87039,0.956313,1.00382,1.00057,0.972725,1.00154,-0.051941,-0.000321788,1
1955,8226.27,-7798.76,19987.2,1.22532,0.985345,1.00002,0.993451,0.956969,0.0322816,-0.00226378,1
1956,2104.84,6942.98,-4552.13,1.1158,0.963219,0.99055,1.01051,0.674884,-0.0597237,-0.00575884,1
1957,437.731,1146.87,-1061.42,1.00914,0.995828,0.979596,0.984489,0.951792,-0.0909878,-0.0201693,1
1958,450.178,-1080.38,1168.16,1.15005,0.968297,1.01205,1.01457,0.70275,-0.100192,0.0164263,1
1959,1619.14,4393.21,-3305.53,0.872859,1.02388,0.996254,0.949171,0.878179,0.141339,0.00338692,1
1960,2029.17,-4428.89,6451.51,1.03281,0.963756,1.00808,1.00874,1.37043,0.0293423,-0.0121207,1
1961,1313.42,3747.96,-2978.34,0.947897,0.995083,0.995484,1.01284,1.19606,0.114169,0.00506333,1
1962,487.063,-1170.32,1272.92,0.924032,0.999169,1.02559,0.992396,0.954217,-0.257208,0.005966,1
1963,102402,-24265.1,103980,0.814441,1.01144,0.997433,0.974643,1.06249,-0.00346747,0.0039102,1
1964,1198.41,-2559.49,3199.82,0.823266,0.996818,1.01073,0.971486,1.14735,-0.174851,0.00359029,1
1965,6580.68,-7457.45,19783.3,1.04855,0.996239,1.00563,0.967773,0.613413,0.0132343,-0.00991426,1
1966,507.955,-1211.16,1322.82,0.842298,1.0308,1.00986,1.01341,0.506236,-0.0909115,0.0171698,1
1967,95035.2,140043,-71908.3,1.34002,0.993357,0.990036,0.994465,1.21834,-0.0017518,-0.00674877,1
1968,919.809,2503.92,-2125.67,0.975756,0.988363,1.00537,1.09026,1.11625,0.284522,0.00284738,1
1969,3270.51,-5480.1,10010.6,0.761606,0.995994,1.00764,1.07134,0.933605,0.0243269,-0.00945421,1
1970,598.303,-1415.51,1571.3,0.668201,1.00421,1.01407,1.01787,0.885716,-0.164961,0.00774054,1
1971,4622.01,18455.6,-8443.81,1.11681,0.984804,1.00093,1.01328,0.926097,-0.0379519,-0.00400162,1
1972,632.13,-1462.29,1632.83,0.950975,1.01742,1.00724,0.968219,0.903408,0.253933,-0.0049504,1
1973,275.024,701.624,-669.271,0.929993,0.992058,0.99999,0.982855,0.64693,-0.348796,-0.00822978,1
1974,2880.58,-5893.63,9915.69,1.0421,0.982596,0.989578,1.00478,1.17047,-0.179649,0.00141026,1
1975,319.324,-782.086,826.289,1.19767,1.00241,1.01038,0.984893,0.958893,-0.159696,0.0151215,1
1976,1385.41,-3106.54,4014.09,0.94467,0.990662,1.00099,1.01519,1.01177,0.0953343,-0.00576245,1
1977,351.496,-846.479,899.294,1.10017,0.995311,1.00858,1.00007,0.858755,0.142417,-0.0155038,1
1978,721.795,-1656.23,1881.25,1.12008,0.996796,1.0002,1.01164,0.861432,0.169291,-0.00639034,1
1979,95265.6,-35661.7,113356,1.09154,1.01703,1.01222,1.03464,0.97314,0.0191684,-0.000794513,1
1980,359.963,932.811,-875.786,1.1329,0.986551,0.98462,1.01576,1.24239,-0.181612,-0.0121505,1
1981,3411.7,9584.54,-4925.46,0.766615,1.01227,1.00168,1.04709,1.07473,0.0110727,0.0187437,1
1982,1569.86,4495.87,-3320.49,1.28522,1.03897,0.996025,1.01732,0.927172,-0.0913752,-0.00553272,1
1983,7818.81,22562.3,-8816.84,0.816603,1.01696,0.999567,0.954445,1.16718,-0.0569976,-0.00127488,1
1984,4228.62,15837.3,-7923.13,0.864791,0.986791,1.01213,0.986641,1.20617,0.040797,0.0038931,1
1985,1139.18,3210.26,-2625.89,1.47819,0.989651,0.992523,1.04425,1.26843,-0.233799,-0.00290172,1
1986,6472.6,23154.4,-8550.37,1.20374,1.0275,1.00528,1.03041,0.827128,0.0575877,0.00224325,1
1987,3404.91,-4880.9,9446.04,0.954801,1.00621,0.997742,1.02673,0.717815,-0.150568,0.001448,1
1988,613.119,-1451.14,1617.79,1.23046,0.997443,0.994734,0.94895,0.890158,-0.20107,0.00631319,1
1989,2922.98,-5604.75,9132.66,1.44173,1.01349,0.998092,1.05184,1.24794,0.0908827,-0.00281146,1
1990,1840.45,-3404.92,4857.01,1.16381,1.00641,0.996495,1.02125,0.971325,0.0365182,-0.0114132,1
1991,819.159,2220.63,-1919.47,1.14593,0.98357,1.00527,0.971249,0.898355,0.0587712,0.0156516,1
1992,3467.93,-4166.73,8215.96,0.837657,0.985361,0.98261,1.01542,1.07202,0.0825302,-0.00256194,1
1993,2103.81,-4382.89,6551.73,1.0939,0.973087,1.00877,0.996591,1.3312,-0.0441693,0.00778889,1
1994,1311.22,3690.66,-2948.1,1.43589,1.00646,1.01872,0.975773,0.851432,-0.0491398,-0.0116642,1
1995,983.985,2681.6,-2249.82,0.96158,1.0002,0.98804,1.02866,0.92865,0.0826347,0.00958589,1
1996,896.688,2481.26,-2106.99,0.834066,0.991609,0.998667,1.05276,0.66028,0.0341963,0.0249294,1
1997,77691,-62529.4,142607,1.047,1.02071,1.00046,0.972881,1.30318,0.0410285,-0.000536333,1
1998,1395.71,-3122.84,4032.45,1.1201,1.01208,1.0261,1.05042,1.34714,-0.0991842,0.00538614,1
1999,114.685,296.481,-290.801,1.04376,0.980925,1.00793,0.982188,1.00088,0.385322,0.0169901,1
2000,102181,-11443.7,87580.7,1.15815,0.978405,0.99127,0.921919,0.761123,-0.000424795,0.027428,1
2001,202.764,516.035,-498.768,1.34136,1.03198,1.02034,0.970374,1.22518,-0.219891,-0.0178738,1
2002,1218.7,3519.8,-2788.66,0.91725,0.993378,0.98254,1.02519,0.989273,-0.15424,-0.0041621,1
2003,4621.74,18293.8,-8436.79,1.12616,1.01221,1.00201,0.996548,0.869402,0.0182956,0.00825434,1
2004,495.917,-1193.01,1301.14,0.894164,1.00747,1.00217,0.996912,0.969232,-0.233668,0.00671944,1
2005,8294,-7307.13,19350.4,0.880274,1.01738,0.994159,0.967525,0.781286,-0.00881102,0.00834991,1
2006,25345.3,-36525,90660.8,1.04099,0.977447,1.01862,1.00391,0.895602,0.0242593,-0.00164531,1
2007,353.965,-850.511,903.842,0.694649,0.991168,1.01249,1.04409,1.18478,0.141734,-0.0153122,1
2008,435.252,-1051.21,1132.88,1.03248,1.01296,1.0214,0.982983,0.97275,-0.134074,0.0131483,1
2009,4005.78,14464.3,-7517.21,0.949109,0.954267,1.00455,0.964589,0.696456,0.064933,0.00255912,1
2010,785.396,-1796.61,2063.56,1.16774,1.00561,1.00532,1.02422,0.755619,0.0390397,-0.0253478,1
2011,8440.55,28371.7,-10340.3,1.36501,0.999898,0.987583,0.958085,0.979403,0.0536198,0.00124692,1
2012,1379.41,-3115.05,3961.44,1.02353,1.01307,1.01158,0.984438,1.09387,-0.0559841,0.00989881,1
2013,868.05,-1993.86,2331.24,1.13251,0.976026,0.984709,0.975706,1.02767,-0.077718,0.0114232,1
2014,2023.52,7063.45,-4791.88,1.20609,0.97319,1.00255,0.998825,1.37146,0.211507,0.00166943,1
2015,603.346,-1436.79,1597.72,1.03389,1.01757,1.00238,0.971029,1.23906,-0.327329,0.00395997,1
2016,850.481,-1925.57,2243.09,0.925784,1.01387,1.00067,1.06399,1.06712,-0.0996851,0.00922693,1
2017,352.446,926.462,-870.811,0.576027,0.98761,0.98862,1.02874,1.19698,0.189475,0.0116627,1
2018,5945.32,-3642.44,12655.8,1.04954,0.984394,1.00345,0.956535,0.623738,0.0806967,-0.00129232,1
2019,1886.38,-3293.66,4603.83,0.82751,0.985281,0.990617,1.00177,0.773447,0.0372544,-0.0107598,1
2020,899.542,2506.42,-2128.64,1.18338,0.998332,1.00115,1.04482,1.04848,0.103415,0.00822502,1
2021,1749.55,4565.77,-3316.44,0.978485,0.963674,0.998711,1.025,0.867575,-0.105384,-0.00393614,1
2022,281.923,723.732,-689.317,0.81516,0.968677,0.997819,0.95274,1.05014,-0.138706,-0.0195742,1
2023,2262.2,-4072.64,6341.38,1.25871,0.991738,1.00178,1.05715,0.892088,-0.0791671,0.00411019,1
2024,541.323,1451.01,-1318.31,1.125,1.03361,0.994357,0.988372,0.943554,0.204381,0.00728042,1
2025,2042.09,-3659.08,5163.83,0.983354,1.01445,0.995339,0.99157,0.803163,0.0815486,-0.00464116,1
2026,116545,54528.3,-22244.2,1.11371,1.01071,1.00201,1.0093,0.940186,-0.00470273,-0.000649433,1
2027,681.413,1853.18,-1642.67,1.09168,0.99899,1.0128,0.979961,0.945252,0.31086,0.0035539,1
2028,7962.41,24396.3,-9607.6,0.943083,0.994944,1.00253,1.01836,0.755507,-0.02996,-0.00233927,1
2029,2889.81,-5484.63,8856.83,1.2652,1.01015,0.995645,1.0093,1.15257,-0.00938334,0.0275562,1
2030,1332.74,-2678.51,3377.4,0.997041,1.01905,1.01069,0.959814,1.05735,0.180274,-0.00324108,1
2031,1325.54,-2733.16,3515.79,0.97156,1.02562,0.986151,0.997758,1.08366,0.263346,-0.00232236,1
2032,1608.81,-3361.53,4420.82,1.46952,0.997815,1.00005,1.05022,0.863538,0.033892,-0.0139451,1
2033,2739.96,9007.68,-5663.71,0.917264,1.00198,1.00412,1.01241,1.01536,0.046466,0.00564701,1
2034,1008.97,2862.8,-2388.26,0.816888,0.997568,1.00836,0.98459,0.893076,-0.149302,-0.00507433,1
2035,3916.92,-5034.86,9096.85,0.878868,0.994778,1.00619,0.986738,1.26766,-0.0169338,0.0107411,1
2036,12198.5,-14982.7,48991.3,0.725959,0.998856,0.997455,0.956921,0.938341,0.00462085,-0.0114462,1
2037,1133.87,3304.51,-2699.63,0.961225,0.993814,1.00264,0.989258,1.52872,0.0890151,0.0074951,1
2038,1241.42,-2705.92,3409.58,1.01087,1.00498,0.997493,0.972883,1.09106,0.410558,-0.00154917,1
2039,471.436,-1116.25,1211.8,0.977158,1.00664,0.997769,1.02333,1.13823,0.182688,-0.00924029,1
2040,852.866,-1928.85,2248.98,1.04054,1.00452,0.993273,0.98077,1.27608,-0.159547,0.00574967,1
2041,3693.45,-5031.61,8731.08,0.606135,0.952041,1.01066,0.96804,0.998371,-0.00822372,0.0227816,1
2042,960.334,-2117.02,2513.9,0.809187,1.01966,1.01368,0.994579,1.0282,-0.156105,0.00514373,1
2043,270.837,691.567,-660.237,1.04009,0.968326,1.00726,0.965854,1.28463,-0.238314,-0.0117496,1
2044,1565.42,4156.78,-3137.83,1.074,1.00783,0.989422,1.04261,0.975016,0.0407904,0.0120723,1
2045,621.574,-1465.12,1635.22,1.28797,1.00509,0.996481,0.987118,0.796126,-0.14731,0.00855769,1
2046,904.558,-1998.73,2357.21,1.0834,0.972361,0.990787,0.95105,0.722854,0.110708,-0.0076588,1
2047,2785.68,8409.52,-5373.48,1.20346,1.03988,1.02627,0.965136,0.930499,0.137266,0.00189901,1
2048,916.579,2553.22,-2165.68,1.01809,1.00679,0.99184,1.00343,0.71164,-0.0602682,-0.0142583,1
2049,9932.55,44402.6,-13264.6,0.723239,1.03437,0.993463,0.946076,0.506613,-0.0148223,-0.0038051,1
2050,1818.38,-3200.31,4496.06,0.760567,0.986649,0.997331,1.00117,0.86199,0.0217972,-0.0189577,1
2051,2327.47,7974.12,-5011.39,0.873774,1.01723,0.984774,1.0394,1.02089,-0.0423884,-0.00774682,1
2052,1299.4,-2915.54,3670.6,0.616654,1.04691,0.995534,1.05339,0.722256,0.353262,-0.00178277,1
2053,1029.78,2916.79,-2418.52,0.962298,0.998857,1.00249,1.00527,1.04887,-0.248534,-0.00302369,1
2054,92.9605,239.184,-235.462,1.0877,0.986265,1.00107,1.01643,1.04502,0.358841,0.0228879,1
2055,341.043,894.908,-843.34,1.15594,0.996498,1.00006,1.00506,0.951121,0.167305,0.0135852,1
2056,893.235,2397.73,-2045.5,0.917102,1.02017,0.997738,1.08439,0.6044,-0.088675,-0.00999567,1
2057,58871.2,-61693.1,134254,1.0681,0.986931,1.00171,0.97117,0.958144,-0.00880097,0.00305539,1
2058,9576.51,42107.6,-13375.7,0.866402,1.00073,1.00918,1.04848,0.888394,0.148175,0.000382888,1
2059,886.72,-2041.33,2392.41,0.819196,0.993344,1.00183,1.01746,0.9449,-0.109729,0.00785984,1
2060,895.581,-2053.9,2405.26,0.79485,1.0056,1.00251,0.961762,0.727179,-0.0549832,0.0157698,1
2061,4483.95,-7265.2,14404,1.20098,1.00405,1.00633,0.995235,1.10893,0.0135847,-0.0116363,1
2062,995.848,2663.66,-2230.58,0.729134,1.01427,0.998091,1.00089,0.757086,-0.139757,-0.00566162,1
2063,5293.07,20811.6,-8706.41,0.998375,0.994428,1.00073,1.0136,1.27069,-0.212369,-0.000676412,1
2064,942.823,-2155.01,2555.78,1.31457,1.0119,0.990149,0.993835,0.659005,0.0751575,-0.0112478,1
2065,10381.8,47637.6,-14123,1.03801,0.971087,1.00028,0.993688,1.27535,-0.0150996,-0.00367449,1
2066,3958.83,10942.3,-6038.2,0.913485,1.01296,1.01323,1.0346,1.04636,-0.0403385,-0.00431641,1
2067,150.531,-377.487,387.413,1.22219,0.995221,0.983832,1.04136,1.23114,-0.254679,0.0206706,1
2068,284.126,731.516,-696.623,1.15317,0.946378,1.01231,1.03189,1.09926,-0.147493,-0.0174275,1
2069,6194.41,-8287.01,20880.4,1.01196,1.02253,1.00528,0.95395,1.11131,-0.0556739,0.00243409,1
2070,504.956,-1184.42,1293.3,0.847763,1.0094,0.999125,1.04102,1.11021,0.286979,-0.00551419,1
2071,3189.55,8692.68,-4674.98,1.10067,0.962213,0.997044,1.03147,1.21645,-0.0332562,-0.00653237,1
2072,429.603,1131.28,-1048.71,0.822287,0.979884,0.992116,1.01124,1.15164,0.102624,0.0174676,1
2073,185.982,-453.043,467.623,0.994906,1.0181,0.996414,0.98101,1.23974,0.323433,-0.0135569,1
2074,87071,-45813.9,123216,1.02221,1.01002,1.01453,0.933806,0.977599,-0.0300108,0.000612229,1
2075,230.431,-572.119,595.397,0.759095,0.999362,0.989735,0.983748,1.0502,-0.215932,0.0158756,1
2076,597.518,1574.24,-1417.35,1.0637,1.01303,1.00001,1.01822,0.912909,-0.234347,-0.0056866,1
2077,95903.1,128116,-65228.7,0.71987,0.99479,1.00203,1.02421,1.07832,-0.00123127,-0.00864254,1
2078,1378.33,4199.69,-3280.64,0.951966,1.01196,0.996457,1.01209,0.844492,0.269774,0.00205699,1
2079,6757.39,-4551.32,15562.4,1.20989,1.01978,1.00604,1.03151,0.583525,-0.189877,0.000584905,1
2080,1440.21,3857.66,-2953.33,1.22125,0.984319,1.00067,0.978137,0.906758,0.163767,0.00314399,1
2081,10290.9,47436.5,-13914.5,1.36775,1.00158,0.996863,0.957686,0.788025,-0.00464725,-0.0119431,1
2082,1307.96,-2647.54,3335.9,1.15515,1.00881,0.99868,1.02888,1.09201,-0.06793,0.00870938,1
2083,621.653,-1462.62,1629.72,1.05804,1.01819,1.01463,1.01396,0.828691,-0.0959731,0.0130098,1
2084,7632.98,-6416.8,16354.4,0.808458,0.998898,1.00721,1.02695,1.00875,-0.0219891,0.00357262,1
2085,47785.2,-61895.7,131053,0.76518,0.9974,0.989722,0.983473,1.04563,-0.0304325,0.00101543,1
2086,7564.48,-6525.78,16363,1.03616,0.987781,1.01344,1.00642,0.922207,0.0124381,-0.00633836,1
2087,604.65,1616.36,-1451.68,0.882163,0.988066,0.995656,1.02422,0.986999,0.0496838,0.0256693,1
2088,212.102,550.839,-531.083,1.23395,0.965833,0.998237,0.965989,1.17408,0.238927,0.0148288,1
2089,1113.72,3258.93,-2670.22,1.46566,0.987136,1.00797,0.980562,1.44086,0.135084,0.00495025,1
2090,339.972,-831.97,883.061,0.724407,0.997999,0.983719,1.02421,0.97744,-0.193321,0.0120831,1
2091,6243.32,-7403.77,19108.3,1.18738,0.969135,0.999155,0.950091,1.31091,-0.0752359,0.00180016,1
2092,923.194,-2020.11,2389.59,1.07296,0.969712,0.980258,1.01443,1.17823,0.0776471,-0.0107858,1
2093,1505.71,-2874.25,3809.43,0.81163,1.00036,0.994852,1.01321,0.798434,0.0372649,-0.0137419,1
2094,720.343,1949.32,-1715.82,1.06211,0.991385,1.0123,0.94974,0.720064,0.117576,0.00889264,1
2095,818.192,2230.37,-1927.69,1.14426,1.01001,1.00126,0.978767,0.914749,-0.0730657,-0.0131035,1
2096,46244.5,158380,-81148,1.37775,1.02331,1.00018,1.02085,1.02145,0.0330736,0.000848826,1
2097,737.825,1982.19,-1739.41,1.22881,1.00712,1.0021,1.01942,0.484216,-0.0856506,-0.0123671,1
2098,2663.94,-4432.24,6806.89,1.12608,1.00272,1.00408,1.00008,1.22172,-0.0205499,0.0134914,1
2099,464.356,1245.4,-1146.91,1.26857,0.965588,0.991462,1.0102,1.09943,0.436005,0.0036899,1
2100,65080.6,169196,-90003.1,1.08346,1.0044,1.00519,1.03942,1.18481,-0.0612237,-0.000344838,1
2101,671.292,1812.27,-1607.21,0.589575,0.995179,0.989991,1.01326,0.863586,0.116935,0.00993008,1
2102,2808.95,9245.99,-5767.24,1.16137,1.01488,1.0097,1.0022,1.08685,-0.0736493,-0.00351439,1
2103,120707,16837.9,23809.5,1.05172,1.00541,0.979533,1.01793,1.016,-0.0011093,0.00216474,1
2104,1989.71,5538.77,-3945.59,1.07916,0.999035,0.994727,0.964483,1.15427,-0.127007,-0.00299312,1
2105,1154.85,3205.53,-2616.32,0.856357,1.00251,0.991155,0.966988,0.971872,-0.139518,-0.0048614,1
2106,251.526,641.38,-614.337,1.01875,0.98806,1.00358,1.01523,1.03129,-0.27213,-0.0113963,1
2107,381.068,-933.425,998.585,1.33779,1.03682,0.977028,1.0422,1.35876,-0.245883,0.00885226,1
2108,5785.47,15886.1,-4993.3,0.982927,1.00364,0.97972,1.02325,0.84748,0.118222,0.000857542,1
2109,796.977,2171.13,-1886.16,1.02856,0.992699,1.02124,0.980873,0.931508,0.209104,0.00444084,1
2110,1650.76,5245.35,-3883.91,1.04742,0.989637,0.994742,0.948562,0.871664,-0.170875,-0.00269252,1
2111,854.711,2293.62,-1972.91,1.41171,1.01234,1.01532,1.04698,0.913801,-0.0701121,-0.0128234,1
2112,1135.43,3112.17,-2547.23,0.784222,0.995492,0.988572,0.993748,1.30263,-0.144702,-0.00474852,1
2113,6173.39,17730.5,-5646.87,0.986126,1.00138,0.995875,1.01221,1.14104,0.163269,0.000683686,1
2114,1170.55,-2436.58,3005.43,1.01797,1.03818,1.00134,1.00935,0.84889,-0.0454818,0.0149736,1
2115,1663.67,-3070.28,4164.89,0.717145,1.0422,0.9852,1.02041,0.825501,-0.106799,0.0045301,1
2116,1656.1,5328.09,-3922.22,1.02632,0.994506,1.01017,0.997418,0.956692,-0.161746,-0.00278301,1
2117,1137.84,3165.56,-2555.45,1.12288,0.97023,1.00633,1.00568,1.21947,-0.0332043,-0.0194989,1
2118,1100.3,-2312.72,2818.51,0.935214,1.00937,1.00649,0.991057,1.16333,0.0644218,-0.0109335,1
2119,651.787,-1511.3,1696.59,1.10194,0.999356,0.988155,0.992012,0.810967,0.119363,-0.0102267,1
2120,441.595,-1052.24,1136.5,1.20611,1.0178,0.995948,1.02625,1.08492,0.107775,-0.0169082,1
2121,179.18,466.702,-452.611,0.823288,1.04205,1.00035,0.922301,1.00896,0.318304,0.0141866,1
2122,114.638,-283.006,288.572,1.03905,1.04145,0.986254,0.979191,0.851656,0.335508,-0.021998,1
2123,7317.98,20637.8,-8642.41,0.844061,0.973786,1.01785,0.981977,0.959897,0.0537799,0.0014045,1
2124,658.23,1759.49,-1566.77,1.11205,0.998533,1.00656,1.00048,0.584966,-0.0701239,-0.0167133,1
2125,53059.3,-63013,133470,0.913557,0.998983,0.999099,0.992039,1.1232,0.0118983,-0.00243042,1
2126,1291.4,-2735.77,3419.94,1.35321,0.984284,0.998229,0.962578,1.2672,0.0821256,-0.00718131,1
2127,1954.14,5459.73,-3736.01,0.813359,1.03449,0.994001,0.998122,0.941314,-0.246825,-0.00163471,1
2128,332.845,855.993,-808.11,0.840573,1.00905,0.995404,0.986211,1.12804,-0.270232,-0.00894652,1
2129,1685.56,-3326.76,4604.24,1.22001,0.976049,1.00902,0.960761,0.800135,-0.128811,0.00336568,1
2130,2182.75,7461.11,-4808.48,0.660383,0.982501,0.981942,0.998204,0.66696,0.0399468,0.00851604,1
2131,249.728,653.182,-625.468,0.829878,0.990697,0.994877,0.969901,0.937776,0.319435,0.00968807,1
2132,173.988,-425.566,438.253,0.860968,1.003,1.00749,1.01694,0.902921,0.273361,-0.0166081,1
2133,60234.9,172350,-92136.4,0.983953,1.01645,0.992799,1.0591,0.652969,0.0121317,0.0019113,1
2134,1585.32,4401.19,-3352.64,1.07776,1.00299,1.0018,1.04448,0.790188,-0.102413,-0.00467325,1
2135,3229.04,11360.5,-6116.44,0.986947,0.997568,1.00099,1.01551,0.769567,0.0978995,0.00235807,1
2136,1544.24,4729.82,-3587.17,1.01845,0.963573,0.988871,1.00534,1.06102,-0.0598722,-0.00800595,1
2137,494.443,-1167.09,1274.11,1.19514,1.02725,0.974771,1.10783,0.898335,0.262179,-0.00646495,1
2138,411.78,-983.062,1055.84,0.907525,1.01415,0.999011,1.03206,0.843687,0.15545,-0.0125059,1
2139,924.518,2516.88,-2129.33,1.07924,0.974102,0.985047,0.997805,1.051,0.193332,0.00424842,1
2140,6578.36,23583.6,-8513.18,1.06392,1.02545,0.999379,0.983321,0.981621,0.0325909,0.00396358,1
2141,2310.22,-4566.77,7110.07,0.816842,1.01961,1.01276,0.965174,1.2482,-0.0975627,0.00332733,1
2142,637.058,1731.97,-1546.92,1.0882,1.0072,1.00262,1.05242,1.24998,0.373379,0.00322715,1
2143,9918.08,44463.9,-13399,1.19152,0.998295,0.990862,1.01378,0.804937,-0.0934931,-0.000605065,1
2144,29940.6,-45074.3,105575,1.04065,1.00314,1.00407,1.0361,1.25937,0.00456329,-0.00819205,1
2145,1319.31,3483.82,-2761.46,1.19213,1.0207,1.01202,1.01893,1.21589,-0.206591,-0.00283708,1
2146,9317.58,39183.5,-12386.3,1.04836,0.993878,0.994531,0.967775,1.08611,0.0192933,0.0030845,1
2147,385.836,-924.695,988.832,0.920741,1.00568,0.993649,1.03598,0.765355,0.147526,-0.0140484,1
2148,1080.27,-2314.11,2808.99,0.857648,0.98611,0.987737,1.0115,0.559798,-0.2247,0.00315855,1
2149,157.436,408.301,-397.457,1.02526,0.985668,0.999186,1.03701,0.946837,0.386423,0.012544,1
2150,3390.16,-5309.41,10033.5,1.24751,1.00281,1.00308,0.98661,0.756513,-0.0483625,0.00464386,1
2151,3785.57,-4614.24,8399.84,1.16158,0.992462,1.00521,1.01218,1.04675,-0.0266504,0.00706048,1
2152,2437.32,7340.06,-4491.2,0.89081,1.01886,0.983169,0.963834,1.0284,0.112772,0.0027747,1
2153,111027,15402,44948.6,1.3702,0.992853,1.00184,0.997699,0.821281,0.0191045,-0.000285372,1
2154,12798.5,-16041.8,51608,0.749887,0.972153,1.00081,0.990491,1.20072,0.0769799,-0.000675539,1
2155,795.308,2149.79,-1861.49,0.993103,0.978052,0.986378,1.00672,1.09609,-0.101801,-0.00955763,1
2156,314.276,-758.767,801.525,0.837154,1.02342,0.983274,0.986667,1.03684,0.260168,-0.0101526,1
2157,820.438,-1892.41,2193.36,1.0263,1.00244,0.99748,0.974328,1.17882,-0.270005,0.00349187,1
2158,125.86,-316.86,323.736,0.63252,1.00238,0.99401,0.991971,0.882501,-0.280719,0.0222734,1
2159,1959.82,5418.37,-3716.6,1.03669,1.03903,0.99579,0.964579,1.09644,0.113589,0.00349823,1
2160,121302,90890.7,-42748.7,1.07932,1.04119,0.999906,1.00071,0.89764,-0.00265505,-0.00203184,1
2161,1996.47,5619.49,-3992.43,1.37968,1.00368,0.99049,0.994609,0.865998,0.10439,0.00362056,1
2162,522.322,1373.29,-1253.81,0.758344,1.00668,1.00641,1.01925,1.32628,-0.158864,-0.00944261,1
2163,435.206,-1051.87,1134.24,0.959993,1.01663,1.00805,1.00207,0.535981,-0.164646,0.0109247,1
2164,1063.38,2859.39,-2357.35,1.13758,0.98919,0.996656,0.984519,0.805957,0.0984063,0.00726511,1
2165,7355.81,-5947.51,15306.7,1.09545,0.992579,1.00989,0.998744,1.18508,-0.0481372,0.00169308,1
2166,2515.95,-3779.52,5913,1.18531,1.00161,0.996303,1.03226,1.06354,-0.0630205,0.00470083,1
2167,2692.03,-5279.34,8314.23,0.767399,0.969174,0.98614,1.01891,1.11374,-0.384787,0.000698038,1
2168,664.231,1783.98,-1587.29,1.04016,0.972952,1.01495,1.0114,1.07664,0.0924079,0.0119918,1
2169,1649.55,5330.12,-3926.42,1.0166,0.99152,1.00271,0.979548,1.04578,-0.0553506,-0.00818953,1
2170,347.901,-849.046,902.824,0.828307,0.973484,0.981695,0.960611,1.04487,-0.229324,0.00971681,1
2171,518.735,1353.77,-1235.81,1.37071,0.975963,0.999708,0.964385,0.980325,-0.302593,-0.00491007,1
2172,10001.4,-11670.9,34275,1.11797,0.996865,1.00341,0.960594,0.916398,-0.282378,0.000211336,1
2173,1502.82,-2865.61,3728.13,0.879542,1.00136,1.01915,1.05096,0.843636,0.0960651,-0.0051809,1
2174,980.488,2632.53,-2197.09,1.05105,1.00082,0.977043,0.983125,1.13568,-0.0877745,-0.00927905,1
2175,626.829,-1455.24,1627.08,0.761637,0.950003,0.98785,1.00436,1.06185,0.104755,-0.0114853,1
2176,1157.98,-2412.65,2954.12,1.15837,0.970706,1.02899,1.04088,1.15207,-0.0829374,0.00745334,1
2177,1564.02,4677.65,-3571.47,0.844187,0.99183,1.01674,1.00958,1.07606,-0.0570503,-0.00823701,1
2178,191.551,-463.41,478.684,0.952333,1.00132,1.00334,0.988848,1.03112,0.483258,-0.00863623,1
2179,506.653,1348.5,-1233.69,0.680427,1.00157,1.00187,1.02325,0.659195,0.138841,0.0110142,1
2180,1286.12,3650.8,-2921.58,1.33864,0.983816,1.00815,1.0046,1.15983,-0.196344,-0.00296394,1
2181,1165.85,3424.22,-2768.76,0.963921,0.992689,0.995753,1.00366,0.862477,-0.125689,-0.00524651,1
2182,995.637,-2173.69,2592.9,1.06155,0.995958,0.985347,0.97897,1.01715,0.169707,-0.00468619,1
2183,225.166,573.868,-552.247,1.00039,0.989672,1.00699,1.00988,0.817203,-0.212659,-0.0162131,1
2184,281.714,734.454,-699.113,1.4106,0.986513,0.984122,1.06767,0.891191,0.151899,0.0183469,1
2185,1068.3,2896.08,-2374.57,0.90897,0.997701,0.995877,0.984266,0.991765,-0.0706865,-0.010244,1
2186,389.122,1023.59,-955.815,0.984981,0.995212,0.985315,0.997438,0.928094,0.091817,0.0221513,1
2187,86623,-43087.4,120744,1.23335,0.999674,0.997631,1.01994,1.07235,0.00675898,-0.00268794,1
2188,1913.95,-3397.95,4714.88,1.0731,1.01489,1.02373,1.00372,0.941973,-0.128603,0.00301013,1
2189,1611.87,-3398.3,4468.94,0.782363,0.998382,1.00388,0.988789,0.844347,0.0440945,-0.0106838,1
2190,579.434,1531.3,-1384.88,1.28151,1.04087,1.01969,0.987945,0.82284,-0.159645,-0.00860045,1
2191,9074.25,36257.1,-12291.5,1.3124,0.998163,1.01357,1.02173,0.712242,0.0507079,0.00118471,1
2192,4595.43,-7417.87,15205.1,0.818686,1.00224,0.989768,0.998599,0.85439,0.0351188,-0.00446177,1
2193,1389.45,3795.8,-2919.73,1.13778,0.978979,1.01252,0.963261,0.888192,-0.0812959,-0.00650808,1
2194,8999.47,-9683.21,26216,0.632739,0.973153,0.99392,0.973576,0.508509,-0.0716232,0.000929924,1
2195,200.304,-499.504,516.904,0.848817,0.98267,1.00657,1.05302,1.04938,-0.337355,0.0111657,1
2196,2618.22,-4552.87,6957.21,1.08512,0.976871,0.994264,1.0209,1.0894,0.0730146,-0.00382914,1
2197,6731.72,-4768.55,13183.4,1.27746,0.993456,1.02004,0.97629,1.19048,-0.0160246,0.00554841,1
2198,5641.57,15554.6,-5192.11,0.916365,0.993041,1.01459,0.986627,0.735708,-0.0534378,-0.00197325,1
2199,2478.14,-3690.53,5785.96,0.9236,0.989966,0.992319,1.01285,1.27345,0.179897,-0.00168087,1
2200,6119.07,-4004.79,13425.2,1.13098,0.994165,1.01725,1.01375,0.944697,-0.0375833,0.00289663,1
2201,392.602,-956.298,1024.28,1.31197,0.970009,0.998851,1.00601,0.947132,-0.309043,0.00618541,1
2202,1551.63,4308.34,-3299.02,0.937137,0.991828,1.00283,1.00205,1.15648,-0.102301,-0.00473157,1
2203,739.465,-1710.54,1948.37,1.23178,1.02896,1.00766,1.03932,1.10926,-0.119459,0.00892623,1
2204,319.304,825.532,-781.508,0.67928,1.0467,1.0072,1.01455,0.90365,-0.21998,-0.0116704,1
2205,7428.45,20321.4,-8212.48,1.2729,0.993141,0.996134,1.01323,1.07393,-0.076584,-0.000994383,1
2206,3675.12,-4399.31,8045.64,0.916185,0.987387,1.01114,0.949728,0.970744,0.0121034,-0.0159907,1
2207,227.264,586.166,-564.048,0.707181,0.994497,1.02289,0.98689,0.924996,0.107256,0.0309217,1
2208,206.715,537.177,-518.444,0.903187,1.01014,0.996613,0.948385,1.01902,0.208511,0.0183568,1
2209,227.615,577.978,-555.935,0.811876,0.970454,1.00338,1.01424,1.22599,-0.252517,-0.0133121,1
2210,169.745,427.093,-414.925,1.13179,0.985064,0.993408,0.981258,0.386933,-0.421032,-0.0111187,1
2211,1230,-2806.08,3515.79,1.15543,1.02018,1.00011,1.0306,1.01927,-0.119813,0.0052989,1
2212,771.789,-1758.78,2015.65,1.18668,1.01007,1.00083,1.00428,0.959808,0.147247,-0.00694589,1
2213,1102.11,-2333.72,2869.47,1.17226,1.00122,0.979443,1.04846,0.784519,0.111601,-0.00647837,1
2214,2043.87,-3944.32,5543.99,1.0676,1.00648,0.998751,1.00963,1.16966,-0.0416762,0.00890733,1
2215,10319.2,-12349.7,36849.3,1.29463,0.975815,1.00697,1.02536,1.22643,0.0573768,-0.00101279,1
2216,6148.58,-3737.35,13314.8,0.6768,0.998484,0.999884,0.999583,0.878027,-0.0943948,0.00112214,1
2217,818.956,2208.02,-1906.45,0.901836,0.946177,1.01105,1.02219,0.774697,-0.0551671,-0.0159428,1
2218,1905.31,-3320.57,4644.16,1.05774,0.99215,0.995127,1.02011,1.09343,0.0692587,-0.00573605,1
2219,526.131,1392.18,-1268.75,0.899212,1.03148,0.993683,1.01058,1.00972,-0.083398,-0.0185529,1
2220,804.575,-1846.67,2127.57,0.655382,1.00589,1.01852,1.0244,1.08399,-0.0959475,0.0098366,1
2221,1476.95,3995.79,-3090.09,1.01721,0.974684,1.00485,0.965266,0.744065,-0.091506,-0.00545717,1
2222,699.892,-1614.24,1828.54,1.22461,0.981191,0.993444,1.0017,1.14166,0.0822553,-0.0134278,1
2223,1341.23,4105.94,-3215.84,0.780526,0.989189,1.00152,0.959772,1.19882,0.0376935,0.014872,1
2224,18841.1,-26164.5,74015.9,0.997315,0.988484,1.01632,0.98989,1.50184,0.0153256,-0.00290262,1
2225,1168.28,3179.13,-2556.07,0.969246,0.976722,1.0029,1.012,1.19779,0.187802,0.00336084,1
2226,1195.86,3381.47,-2700.3,0.731012,1.00154,1.00914,1.04936,0.803355,0.105889,0.00594243,1
2227,903.364,2454.58,-2080.32,1.25674,0.982864,0.996658,0.991142,1.13823,-0.0637871,-0.0132542,1
2228,668.513,1784.08,-1583.84,0.997857,1.01359,0.990851,1.01526,0.748616,-0.0905891,-0.0132148,1
2229,215.377,-524.653,544.218,0.939031,1.01199,1.00285,0.982966,0.618019,0.257454,-0.0144498,1
2230,521.688,1374.86,-1254.4,1.00484,0.990883,0.999476,1.02187,0.932019,-0.113134,-0.0131566,1
2231,6748.06,21720.9,-7466.93,0.860974,1.00948,0.999367,0.997386,1.19493,-0.013936,-0.00885831,1
2232,10168.7,46388.4,-13849.3,1.06295,0.966205,0.998462,0.996734,1.00001,-0.0180942,-0.00310396,1
2233,448.141,-1069.02,1155.66,0.830543,1.00579,0.999901,0.962034,0.616097,0.10714,-0.016486,1
2234,758.187,2033.97,-1777.48,0.983953,0.980828,1.00607,0.975741,0.895394,-0.145864,-0.00685626,1
2235,392.754,1035.83,-968.128,1.01797,1.01601,1.01811,0.935428,1.42537,0.150292,0.0130814,1
2236,7411.67,-6704.1,16127.9,1.08697,0.96561,1.0158,1.05568,1.11203,-0.259184,0.000305276,1
2237,4021.35,12741.3,-6916.65,0.967624,0.989181,1.01736,1.01752,0.525945,-0.0962779,-0.00174507,1
2238,778.01,-1786.13,2049.5,1.02313,1.00065,1.00425,1.03552,1.35437,-0.0294868,0.0336584,1
2239,4187.66,14127.3,-7365.85,1.16839,0.999278,1.01073,1.00811,0.733654,-0.116484,-0.00140025,1
2240,365.652,-879.041,935.998,1.10236,1.03648,1.01173,0.969269,1.17894,0.182195,-0.012106,1
2241,4748.63,-7863.52,16536.2,1.06933,1.0013,1.01217,1.01262,1.1383,0.13729,-0.00110219,1
2242,296.525,764.037,-725.509,0.904761,1.01823,0.983247,1.02211,1.07078,-0.179228,-0.0154796,1
2243,1024.44,2927.37,-2426.54,1.01076,0.991279,0.986838,0.974696,1.01617,-0.110859,-0.00687132,1
2244,34233,-50566.5,114969,0.891228,0.987691,0.989391,0.961262,0.863306,-0.0662228,0.000545011,1
2245,810.394,-1859.36,2149.79,0.990792,0.99445,1.00025,0.994268,0.830614,-0.177044,0.00534545,1
2246,499.426,-1179.43,1287.67,1.03439,0.976637,0.996766,0.993831,1.20044,0.105478,-0.014613,1
2247,1770.51,5307.47,-3752.77,0.674309,0.994779,0.996524,0.981251,1.00658,-0.313905,-0.00137196,1
2248,602.746,-1394.93,1551.84,0.698636,0.965868,0.994063,1.03144,1.34525,0.219428,-0.00578332,1
2249,718.42,-1669.61,1897.52,0.710981,0.987331,0.997016,1.0136,1.30615,-0.166379,0.00640878,1
2250,281.671,723.148,-688.767,1.21817,0.99226,0.992051,1.0347,1.09152,-0.218078,-0.0129181,1
2251,390.411,-945.842,1012.74,0.910017,1.01778,0.989576,0.997172,1.01485,-0.123116,0.0167549,1
2252,2871.72,10084.6,-6091.42,1.14376,1.01172,0.994987,0.979709,1.1642,0.0792816,0.00321786,1
2253,379.425,998.851,-935.321,1.05815,1.00373,1.01061,1.05899,0.938899,0.18025,0.011234,1
2254,118193,18320.5,41568.2,1.02281,1.01729,1.00127,0.995999,1.03216,0.0417441,-0.00011473,1
2255,553.074,1463.56,-1328.03,0.820693,1.02565,1.00131,0.971234,0.693615,-0.0759844,-0.0190642,1
2256,2855.25,-5673.93,9353.73,1.06096,0.981355,0.981653,0.981521,0.526517,0.022309,-0.011647,1
2257,619.858,1641.47,-1471.96,0.811569,0.987821,1.00846,1.02773,0.974895,-0.161818,-0.0076173,1
2258,4319.84,14933.2,-7548.64,0.927737,1.01174,0.999279,0.991243,1.12567,-0.0275045,-0.00583309,1
2259,390.82,1034.59,-966.543,0.922816,1.01553,1.00168,0.996021,1.0755,0.251384,0.00799129,1
2260,3903.59,-4533.86,8597,0.666048,1.02758,1.01371,0.936446,0.913467,0.0625986,-0.00297546,1
2261,3813.05,10080.4,-5557.89,1.31059,0.993669,0.997568,0.983921,0.680047,0.015374,0.0118792,1
2262,712.295,-1641.36,1862.02,0.869887,1.01038,0.994479,1.0235,0.880322,0.0530774,-0.0210027,1
2263,1347.31,-2969.06,3747.57,1.05573,0.994774,1.0055,0.959695,0.953397,0.259898,-0.00219096,1
2264,1192.49,3547.76,-2837.78,0.838395,1.00544,0.998244,1.00912,0.956936,0.216413,0.00296119,1
2265,50912.5,163522,-84259.3,0.830908,0.998339,0.985007,0.982387,0.991079,0.0534955,0.000496651,1
2266,2347.88,-4660.6,7368.26,0.878159,1.01625,0.988335,0.983719,0.950306,-0.13525,0.00242031,1
2267,229.486,596.146,-573.027,0.662006,1.00098,0.996518,0.997357,0.77787,0.162208,0.0210824,1
2268,6967.16,-4718.64,13647.3,0.936868,1.00284,0.99659,0.99864,0.807616,-0.0134142,0.00652651,1
2269,834.376,2290.43,-1971.02,1.17848,1.01797,0.983693,0.962711,0.733416,0.0516567,0.0186549,1
2270,683.667,-1573.06,1776.35,1.1644,0.968605,0.995479,1.02138,1.29061,0.105629,-0.0105381,1
2271,3310.32,-4890.71,9265.4,1.39776,0.995097,1.00454,1.03539,1.00302,-0.0444259,0.00498675,1
2272,534.532,-1271.87,1396.58,0.822461,0.997449,1.0059,1.01453,1.04632,-0.115361,0.0124809,1
2273,1297.29,3822.96,-3036.51,1.04517,0.979949,0.994297,0.965944,0.995206,0.0992895,0.0058254,1
2274,4303.15,13933.2,-7152.13,0.736798,1.02034,0.994763,0.947408,1.0771,-0.0103768,-0.0157608,1
2275,2466.82,6403.64,-4093.59,1.14197,0.999825,0.999099,0.964004,1.27879,-0.0444256,-0.00672198,1
2276,2461.64,-3843.83,6197.83,0.729509,1.00814,0.98763,1.01817,1.36133,-0.027057,0.0114398,1
2277,6941.23,-5444.73,17010.5,1.3681,1.00905,1.0098,1.01317,1.10794,0.10992,-0.00107081,1
2278,2528.69,6721.19,-4152.49,1.28729,1.01465,0.98414,0.983506,0.812728,-0.0521996,-0.00576273,1
2279,319.845,822.585,-778.405,1.1763,0.988663,1.00251,1.04385,0.879695,-0.227475,-0.010705,1
2280,826.118,2261.83,-1952,1.14858,0.971136,1.00271,1.01751,0.980945,0.0619928,0.0145383,1
2281,2227.89,7650.74,-5128.32,0.961872,1.043,1.01231,0.99953,0.922249,0.11506,0.00295013,1
2282,58317.5,164982,-86499.2,1.03536,1.00126,1.01303,1.00281,1.19515,-0.320946,-7.31757e-05,1
2283,1939.02,5455.53,-3920.56,0.871683,0.986912,0.997956,0.96588,0.804847,-0.0805595,-0.00475531,1
2284,6735.81,16678.4,-6737.67,1.20619,0.996968,1.00345,1.03332,0.881514,0.171875,0.000487214,1
2285,244.65,-605.7,631.642,1.2489,1.0087,1.00533,1.02481,1.07425,-0.19118,0.0167029,1
2286,788.879,-1812.1,2088.2,1.03357,0.981755,0.990705,1.01883,0.734049,-0.136646,0.00712182,1
2287,2514.58,6863.96,-4507.04,1.01055,0.993509,1.00381,0.990376,0.992739,0.185777,0.00153157,1
2288,6294.53,-3564.57,13371.9,0.739549,1.02369,0.999295,1.00625,0.895254,0.0113279,-0.00886495,1
2289,302.978,-744.028,783.967,1.15949,1.00528,1.0026,0.953396,1.1884,-0.147725,0.0174813,1
2290,3622.59,9089.18,-4814.12,0.967552,0.99967,0.991988,1.01897,1.08657,-0.0861593,-0.00227036,1
2291,567.88,-1327.95,1466.29,0.944282,0.987306,1.01051,1.02396,1.03857,0.152971,-0.00879771,1
2292,53949.9,-61247.2,131065,1.19687,0.99229,1.01003,1.01817,1.23399,0.00273429,-0.010281,1
2293,1855.64,-3424.25,4889.67,1.04443,1.01446,1.00146,0.971057,1.02024,-0.172483,0.00238597,1
2294,1418.97,3889.26,-2971.77,1.28494,0.987684,1.00888,1.01727,1.18851,-0.19082,-0.00275983,1
2295,865.851,2349.33,-2008.2,0.817488,0.96936,1.00693,0.958171,1.13055,-0.0701423,-0.0122402,1
2296,2137.26,-4439.06,6416.2,1.03518,1.00293,0.991962,0.98266,1.11413,0.166124,-0.0021643,1
2297,655.825,-1518.23,1704.88,0.92609,1.01621,0.993872,1.01409,0.867096,0.127211,-0.009622,1
2298,492.11,1290.23,-1184.1,0.866337,0.981681,1.01015,0.99417,1.16722,-0.0938709,-0.0164083,1
2299,499.585,1309.58,-1200.67,1.07388,0.986302,1.01542,0.999573,1.14386,-0.113602,-0.0133346,1
2300,1182.64,3449.94,-2790.27,0.752899,1.00601,0.984232,0.9688,1.23187,0.109114,0.00607736,1
2301,420.269,-999.536,1075.69,0.929153,0.996677,0.989205,1.02043,1.00465,0.233151,-0.00815858,1
2302,1705.28,-3253.14,4497.47,0.551945,0.981099,1.01826,0.987365,1.2719,0.0464931,-0.00920186,1
2303,6178.96,-3578.42,12905.6,0.698767,1.01032,0.998822,0.988917,1.17187,0.0259653,-0.00383033,1
2304,743.634,-1723.62,1969.1,1.07209,1.00564,0.986016,1.00165,1.23185,-0.18213,0.00584533,1
2305,925.536,-2032.38,2401.36,1.08504,0.992829,1.00459,1.03568,0.635156,0.123386,-0.0067221,1
2306,1080.01,-2325.41,2838.89,1.19653,1.007,1.00094,1.01984,0.629472,0.180237,-0.0040178,1
2307,3272.36,-5713.41,10432.9,1.18351,0.991762,0.996431,1.02768,0.774739,0.150119,-0.00156536,1
2308,471.043,-1119.12,1214.28,0.879683,1.01889,1.00625,1.0238,1.20458,0.10149,-0.0166084,1
2309,1045.21,-2222.63,2687.86,1.32861,0.982446,1.00008,1.0201,1.18525,0.0525803,-0.0138277,1
2310,9962.15,-11313.9,32720.8,0.915908,1.00982,0.998155,1.02474,0.916107,-0.0720983,0.000832703,1
2311,806.019,-1839.77,2120.48,1.23601,0.995102,1.01865,0.956375,1.18758,-0.0618279,0.015109,1
2312,547.959,1439.66,-1308.3,1.0121,0.996913,1.00702,0.998217,0.909249,-0.242013,-0.00586256,1
2313,5618.56,14953.3,-5081.71,0.412328,0.992859,1.01068,1.03255,1.12628,-0.133169,-0.000768218,1
2314,457.523,-1086.96,1179.15,0.801827,0.97741,0.971629,0.972179,0.858119,0.155238,-0.0112643,1
2315,1679.35,5356.31,-3940.96,1.08424,0.999539,0.991874,1.07753,1.09603,-0.121111,-0.00375089,1
2316,93827.7,-25587.9,102059,0.901913,0.98722,1.00114,0.998352,1.21487,-0.0145756,0.00100595,1
2317,1464.95,-2818.73,3692.35,1.07726,0.993018,1.01109,0.946038,1.08545,0.112309,-0.00458328,1
2318,525.981,1377.52,-1255.92,0.735217,1.01486,0.99529,0.983408,0.637686,-0.248043,-0.006171,1
2319,1308.64,3569.56,-2844.13,1.18237,1.01569,1.01236,1.00478,0.850798,0.125518,0.00461781,1
2320,1133.84,3044.23,-2483.86,1.16998,1.02571,1.00375,1.02745,1.04312,0.105884,0.00648898,1
2321,2053,-3649.02,5174.12,1.041,1.0135,0.985508,1.03827,1.12493,0.0500892,-0.0075727,1
2322,6505.63,21524.1,-7858.5,0.789161,1.0045,1.01567,0.99821,1.0357,-0.0528778,-0.00239248,1
2323,1727.42,-3475.2,4855.12,0.878567,0.986589,0.997644,1.03847,1.10763,-0.0661899,0.00654828,1
2324,1585.76,4698.68,-3450.93,1.01578,0.952127,1.00881,0.958609,1.04807,0.0755512,0.00593338,1
2325,855.388,2293.77,-1966.24,1.26533,0.994308,0.989388,0.975233,0.947548,-0.157278,-0.00583725,1
2326,8580.91,-8064.89,21361.6,0.951054,1.01199,0.993949,0.97134,0.661244,-0.0520826,0.00135987,1
2327,5860.85,15117.7,-5079.5,0.859513,0.992749,0.989812,1.01265,1.05542,0.0651363,0.00151974,1
2328,2065.57,5892.28,-4153.6,0.747696,1.01605,0.996363,0.982863,1.04296,-0.117246,-0.00315864,1
2329,20336.5,99429.4,-33097.8,1.12072,1.03135,0.99392,1.00558,1.141,0.00533787,0.00766586,1
2330,6189.26,14528,-6039.01,0.840262,0.956601,1.00751,1.09748,0.48768,-0.014193,-0.00636626,1
2331,105266,-14861.1,92679.6,0.522541,1.00704,0.989746,1.02249,1.38616,0.018886,-0.00063386,1
2332,14916.1,-19797.6,60948.1,0.588971,1.02304,1.00509,1.03386,1.44149,0.0187754,-0.00254719,1
2333,752.347,2011.49,-1759.36,0.965026,0.979915,1.00207,0.942983,0.76261,-0.25683,-0.00396419,1
2334,6402.15,18621.5,-5871.01,0.960315,1.00356,0.99859,0.949149,0.545499,0.0250808,0.00450837,1
2335,3446.62,-4672.13,9160.55,1.05627,1.01604,1.00235,1.05231,0.862846,-0.0229551,0.00927356,1
2336,1103.06,2961.28,-2418.31,0.858263,1.00621,0.990359,1.03254,1.26507,0.0609747,0.0115924,1
2337,3502.56,-4104.18,7849.13,1.28248,0.982588,0.993072,1.00865,0.880013,-0.125772,0.00163208,1
2338,752.972,-1716.51,1960.27,0.365745,0.995732,1.00049,1.00861,0.953091,0.227239,-0.00456441,1
2339,910.304,-2025.72,2391.95,1.10283,0.982984,0.994423,0.982947,1.21228,0.0594358,-0.0142245,1
2340,1929.66,-3532.98,4906.71,0.683295,0.979697,0.988326,1.00646,1.12064,0.0763364,-0.0051189,1
2341,359.775,-876.977,933.715,0.814866,1.02115,0.993275,0.989323,1.31861,-0.17122,0.013036,1
2342,4632.58,17289.6,-8122.24,1.20452,1.04394,0.992254,0.955911,1.25766,0.0705259,0.00216194,1
2343,1605.75,-3214.48,4214.23,0.89658,1.00757,1.00684,1.03698,1.10399,0.122457,-0.00388717,1
2344,937.546,2608.5,-2206.82,0.989148,1.02196,0.990829,0.966971,0.876881,-0.0611406,-0.0139746,1
2345,992.253,2770.86,-2309.9,1.04722,1.04181,1.00574,0.935719,1.07984,-0.0657759,-0.0122625,1
2346,2412.89,8118.77,-5022.52,0.930648,1.03557,0.993121,1.00357,1.35687,-0.0828454,-0.00385781,1
2347,266.613,-646.868,677.105,1.23047,0.984467,1.00744,0.996652,0.669702,0.138562,-0.0208282,1
2348,2717.15,-5410.85,8535.09,1.02153,0.974642,1.00878,0.974538,0.644052,0.0275433,-0.00960505,1
2349,5016.87,-8036.21,17854.7,1.00608,1.00542,0.994656,0.988551,1.05127,-0.0214025,0.00693353,1
2350,2097.19,-4552.17,6717.84,0.719445,0.981216,1.00303,1.056,1.11891,0.0488031,-0.00717056,1
2351,1862.5,-3277.36,4537.35,1.1246,0.98613,1.00638,1.00648,1.31809,0.125389,-0.00318588,1
2352,2523.12,-3779.72,5944.98,1.08563,1.01085,1.00671,0.972365,0.809574,0.0268634,-0.0110397,1
2353,9825.74,-10480.7,30145,1.14161,1.02947,0.991578,0.996149,1.27769,0.0186257,-0.00331743,1
2354,1538.25,4064.34,-3080.08,0.96415,1.00198,0.995112,1.00344,0.618893,-0.0442648,-0.0112415,1
2355,69.7132,172.967,-170.987,1.08779,0.974341,1.01056,0.956471,0.892963,-0.407095,-0.0270539,1
2356,1060.61,-2346,2858.16,0.930065,0.994949,0.9883,0.972483,1.0251,0.177799,-0.00417419,1
2357,230.272,599.598,-576.333,1.32461,0.984472,1.00434,1.00862,1.17021,0.310728,0.0105946,1
2358,8816.13,34775.8,-11575.7,1.01598,0.971867,0.996868,0.89497,1.22886,0.0729813,0.000863924,1
2359,2342.04,-3865.57,6097.59,1.28493,0.994604,1.00079,0.988145,0.676416,-0.0264274,0.0120013,1
2360,53293.8,-61948.4,132448,1.13009,0.989561,1.00458,0.943821,0.948353,0.012014,-0.0024014,1
2361,1267.59,3395.59,-2704.64,1.54625,0.995172,0.994159,1.03816,1.41273,0.0987624,0.00608342,1
2362,449.977,1178.2,-1089.13,1.31263,1.00743,0.996658,1.00969,0.950515,-0.107646,-0.0163993,1
2363,796.828,-1809.94,2085.11,1.08305,0.991383,0.99786,0.992757,0.922129,0.215572,-0.00453756,1
2364,39660.8,-59628.4,127134,1.32896,1.0331,0.996016,0.940476,1.27113,0.0622889,-0.000544864,1
2365,2938.02,9123.78,-5617.74,0.763189,1.03657,0.996097,0.954532,1.01873,-0.185075,-0.00139871,1
2366,964.157,-2132.02,2532.45,1.00297,0.975231,0.977741,0.982608,0.839819,0.0581878,-0.0139009,1
2367,6011.21,17079.7,-5602.89,1.01536,0.990745,1.00806,0.976402,0.624062,-0.0149187,-0.00749948,1
2368,584.191,1572.58,-1419.96,0.706126,1.01588,1.0156,1.00759,0.85425,0.248421,0.00528498,1
2369,1847.23,-3325.48,4708.52,1.15249,1.01227,1.01247,0.986334,1.23713,-0.0367223,0.011126,1
2370,2203.74,-4805.01,7182.16,1.24771,1.01548,1.01024,0.974419,0.855612,-0.080471,0.00423795,1
2371,1313.25,-2688.7,3375.46,1.03349,1.00795,1.00557,1.01565,1.03191,0.0314485,-0.0186312,1
2372,4253.6,16271.2,-7989.1,0.987364,0.97785,1.0027,0.991544,0.835532,0.0141776,0.0111952,1
2373,12868.2,-16185.5,52250.3,1.07785,1.02505,0.997696,1.0239,0.669279,0.00317628,-0.0160142,1
2374,1991.02,-4316.13,6105.5,0.582788,0.977738,1.00168,1.05319,0.879178,-0.20264,0.00180421,1
2375,1548.63,-3397.85,4433.58,0.834083,0.977602,1.01232,1.03059,0.762541,0.0438956,-0.0107967,1
2376,1435.96,-2923.51,3756.43,0.984842,1.03916,0.983151,1.00535,1.19505,-0.0752962,0.00750096,1
2377,2001.49,-4384.65,6356.88,0.70791,0.952662,1.00526,0.945605,0.968216,0.0574768,-0.0062668,1
2378,427.756,1127.95,-1046.98,1.31614,0.986807,1.00984,0.978666,0.810985,0.166275,0.0106234,1
2379,1488.28,4024.95,-3110.73,1.00889,0.989128,1.01271,1.0349,0.907814,0.0584677,0.00843337,1
2380,1757.9,-3431.21,4815.22,1.13095,0.993819,1.00488,0.981845,0.60069,-0.0330553,0.0129055,1
2381,1558.65,-3056.8,4120.58,0.839026,1.02292,0.98956,0.994073,1.11526,0.0984679,-0.00518332,1
2382,54540.2,167576,-88849.3,1.22949,1.01894,1.00264,0.99405,1.07843,0.0741189,0.000339672,1
2383,631.687,1684.86,-1505.82,1.06945,0.983529,0.996063,0.991261,0.698499,-0.0620014,-0.0196739,1
2384,242.376,631.85,-606.171,0.923862,1.0306,1.00593,0.982688,1.28111,0.232976,0.0140938,1
2385,1477.29,-2939.94,3896.28,1.22438,1.00278,0.996651,1.0441,1.07166,-0.0383284,0.0135699,1
2386,630.257,1680.64,-1503.98,1.08502,0.996552,1.00504,0.992874,1.30158,-0.0737282,-0.0166185,1
2387,9294.27,-10554.5,28770,1.02377,0.981432,1.00934,1.02845,1.0475,-0.0479048,0.00132398,1
2388,378.265,976.58,-913.63,0.531992,1.00483,0.97742,0.98446,0.587419,-0.29042,-0.00747094,1
2389,872.555,2377.75,-2041.24,1.3365,1.00802,1.01587,0.98024,1.09939,-0.0539417,-0.0162514,1
2390,95502.1,147969,-76670.2,1.27199,1.00254,0.992625,0.9828,1.03313,0.00233576,0.00523816,1
2391,6531.68,21442.8,-7540.86,0.784025,0.991734,0.995862,0.975078,0.979382,0.0487524,0.00259851,1
2392,810.472,2238.48,-1938.07,0.840635,0.973119,1.01418,0.990164,1.28296,0.298509,0.00300742,1
2393,92945.6,-33369.2,111095,0.86666,0.992746,1.00235,0.970314,1.01681,-0.0043522,0.00358844,1
2394,485.46,-1144.59,1245.71,0.877873,0.970551,1.00432,0.991037,0.70335,0.163155,-0.00957927,1
2395,3825.74,9931.72,-5404.93,1.37617,1.00335,0.991192,1.02553,0.679123,0.0580338,0.00316074,1
2396,363.277,954.708,-896.076,0.950473,0.987881,1.00143,0.983678,0.691111,0.201528,0.0104531,1
2397,799.602,2146.93,-1861.11,0.758211,0.996012,0.990891,1.0233,1.09679,-0.273469,-0.00360901,1
2398,5052.65,-7946.69,17658.3,0.761968,1.00525,0.988824,1.06977,1.04764,0.25882,-0.000573115,1
2399,5906.11,-3603.21,12502.8,0.858034,0.983331,0.998095,0.986193,0.941953,-0.0162875,0.0063621,1
2400,1325.3,3947.53,-3119.18,0.956766,0.991142,0.997839,1.02058,1.55035,0.0880788,0.00645921,1
2401,6443.07,15850.2,-6321.53,1.12524,0.973149,1.00545,0.946596,1.29981,-0.0462464,-0.00190796,1
2402,91560,163301,-89121.4,0.897492,1.01383,0.991811,0.989874,1.15554,0.317542,4.38525e-05,1
2403,6343.42,22949,-8597.56,1.0434,1.01681,1.00856,0.983484,1.02626,-0.0744077,-0.00176657,1
2404,606.722,-1402.97,1559.74,0.905147,1.03076,1.00507,1.00284,0.865317,0.40479,-0.00330559,1
2405,1443.3,-2822.93,3640.69,1.24942,0.970108,1.00183,1.06833,1.06761,-0.0954793,0.00533235,1
2406,601.194,-1415.03,1574.39,1.24248,1.02285,0.989883,0.987335,1.01104,-0.064623,0.0207835,1
2407,1320.75,-2768.22,3483.3,1.1493,0.990166,0.986876,1.01152,0.562788,0.0721882,-0.00813759,1
2408,64838.7,154497,-81434.8,0.729978,0.977299,1.00556,1.01017,0.927699,-0.00148107,-0.0137643,1
2409,166.884,431.092,-418.966,0.805273,0.976908,0.999361,1.0402,0.979567,0.265727,0.0171219,1
2410,711.77,-1663.43,1887.39,0.749148,0.990735,1.00408,0.987765,1.04199,-0.276735,0.00385124,1
2411,624.483,-1481.65,1655.67,0.577624,1.03118,0.991565,0.995203,0.710649,-0.318691,0.00403711,1
2412,762.01,2065.69,-1803.25,0.916091,1.0306,0.999539,1.04229,0.96627,0.0846139,0.0123459,1
2413,1721.93,-3479.07,4845.23,1.27778,0.989604,1.00678,1.00133,0.735339,-0.0457844,0.0094399,1
2414,347.401,-850.283,903.251,1.42856,0.957858,1.00452,0.996944,0.904982,-0.227668,0.00932315,1
2415,744.043,-1706.92,1948.5,0.944103,0.98337,0.997103,1.0135,1.21987,0.0653234,-0.0158323,1
2416,2542.49,6658.35,-4294.75,0.868322,0.998172,0.991857,1.01677,1.12555,-0.0315878,-0.00916932,1
2417,547.01,-1296.13,1425.96,0.806413,0.993452,1.01202,0.945744,0.861231,-0.0563297,0.0247484,1
2418,11321.7,-13627.3,43512.7,0.736456,0.965677,0.999203,0.972699,0.800872,0.119467,-0.000464162,1
2419,748.729,2021.16,-1767.66,0.818744,1.03305,0.990491,0.942255,0.949548,-0.136567,-0.00798921,1
2420,593.315,1592.21,-1432.84,1.23024,0.998063,0.992278,1.03745,0.849216,0.147204,0.008928,1
2421,1714.73,5332.71,-3825.25,1.02183,0.996743,1.00546,1.03308,1.02259,-0.0449878,-0.00965835,1
2422,827.216,2229.38,-1926.25,1.24631,0.979318,1.0078,0.987311,1.14676,-0.145802,-0.00624814,1
2423,836.17,2299.04,-1979.35,1.19028,0.971619,1.01749,0.981387,0.777765,0.0901426,0.00967749,1
2424,4669.7,-7697.04,16326.7,1.55351,0.980533,0.988935,1.03054,0.95266,-0.0198858,0.0077641,1
2425,459.584,-1091.31,1182.14,1.3608,0.992599,1.00467,0.960605,1.16091,0.178713,-0.0094716,1
2426,1515.99,3994.67,-3026.78,1.23254,1.00197,1.00037,0.996703,1.03606,-0.112258,-0.00448477,1
2427,1145.82,-2445.85,2991.67,0.749252,1.00978,0.991533,1.01316,0.49045,-0.0900625,0.00760321,1
2428,955.199,2706.47,-2281.26,0.767994,0.979023,1.00299,0.9759,1.04121,0.157172,0.004968,1
2429,412.515,-998.96,1074.09,0.732165,1.01612,0.986356,1.00618,0.811627,-0.183151,0.0106565,1
2430,1559.82,-2965.01,3915.55,0.858808,1.01648,1.00415,1.00003,1.05759,-0.173748,0.00283035,1
2431,537.486,-1280.7,1405.24,0.77021,1.01663,1.02078,1.01004,1.09433,-0.120912,0.0118378,1
2432,2571.59,7233.84,-4372.83,0.84621,1.04214,0.988019,0.992942,0.625506,0.132751,0.00225307,1
2433,3715.37,9478.16,-5254.15,0.949639,0.989443,0.999494,1.03991,0.741192,-0.0813881,-0.00229524,1
2434,1335.42,-2666.98,3400.57,0.947232,1.02767,0.997939,0.979913,1.15535,-0.0744269,0.00794653,1
2435,6107.99,14779.9,-5782.49,1.02189,0.970217,1.00937,0.98674,0.857811,-0.0215201,-0.00431219,1
2436,2306.38,-4054.89,6355.37,0.857559,0.994074,1.00531,0.94316,1.13933,0.119519,-0.00270386,1
2437,4166.53,13351.2,-7001.62,0.934289,1.00217,0.995554,0.965145,1.12479,0.0555963,0.00299632,1
2438,689.232,1857.31,-1643.5,1.20427,1.01222,0.998481,1.00494,0.764455,0.076289,0.014936,1
2439,5662.33,-3757.9,11267.3,0.929711,0.94272,1.01303,1.02642,1.0146,0.0441202,-0.00238504,1
2440,6255.97,20923.6,-7777.38,0.99536,0.982004,1.00948,0.981286,0.866903,0.0121488,0.0106727,1
2441,578.495,-1352.18,1495.03,1.3027,0.974451,1.01833,1.04514,1.0834,0.0952273,-0.013493,1
2442,163.394,-412.256,424.074,1.19509,1.0456,0.982628,1.0031,0.821719,-0.30713,0.0165751,1
2443,2150.53,-4718.21,6968.01,1.01247,1.00589,1.01518,0.971673,1.08596,-0.0547244,0.00629925,1
2444,307.603,803.031,-761.286,1.15158,1.01656,0.993905,1.00839,0.728993,0.122766,0.0211811,1
2445,3302.68,9247.37,-4922.93,1.07936,1.005,1.02337,1.00379,0.980415,0.152533,0.00136834,1
2446,420.901,1115.97,-1036.3,1.0983,0.99942,0.991713,0.98228,1.10662,0.204389,0.0091116,1
2447,350.427,-840.23,893.51,0.966147,0.996989,0.976655,1.05581,0.749505,0.216745,-0.010713,1
2448,780.871,2105.22,-1828.07,0.839778,0.983092,0.980184,1.00674,1.08463,-0.145261,-0.00693313,1
2449,541.396,1434.63,-1302.85,0.945421,1.02566,0.983315,0.956336,0.676333,-0.129588,-0.0117258,1
2450,2495.5,6534.45,-4233.74,0.402996,0.99845,0.998989,0.991821,0.97581,0.0987709,0.00295238,1
2451,3975.85,12541,-6812.47,1.03666,0.977916,1.00907,0.95761,0.98836,-0.0202136,-0.00844554,1
2452,625.668,1653.44,-1480.4,0.928688,0.945486,1.00438,1.01881,0.674815,-0.275163,-0.00427292,1
2453,3630.21,9813.29,-5609.26,0.939155,0.951244,0.999787,0.983468,1.20354,-0.0396362,-0.00471009,1
2454,6524.51,20910.6,-7428.73,0.905663,1.00102,1.00938,1.00844,0.748086,0.0711425,0.00174297,1
2455,2213.04,-4661.28,7084.34,1.09665,0.998706,0.995765,1.05656,1.10773,0.0637616,-0.00533583,1
2456,693.506,1845.21,-1633.39,0.527617,1.00016,1.00796,0.97233,0.590027,-0.24973,-0.00448564,1
2457,567.824,-1348.73,1488.41,0.802564,1.0052,1.02125,1.00074,0.755771,-0.169337,0.00788322,1
2458,1132.65,3021.43,-2466.73,0.83264,1.01552,0.997775,1.02695,0.886961,-0.0689628,-0.0100267,1
2459,1415.42,-2749.74,3578.02,0.786239,0.972811,1.0019,0.993179,0.976869,0.0457763,-0.0114862,1
2460,142.41,359.97,-351.316,1.24219,0.982885,0.987694,0.984242,1.14843,-0.243605,-0.0228794,1
2461,1940.85,-3378.05,4726.41,1.02354,1.00595,1.00744,0.996458,1.07623,0.154658,-0.00252637,1
2462,1990.83,6552.89,-4584.4,1.14513,0.976538,0.999354,1.01437,1.07712,-0.0407991,-0.00895925,1
2463,1577.12,-3395.95,4460.89,0.899088,0.981329,0.992312,1.03374,1.10368,-0.12881,0.00369762,1
2464,279.927,-671.334,703.987,0.86675,0.983176,1.01911,0.991736,0.841919,0.360455,-0.00756048,1
2465,1725.19,5304.48,-3795.86,0.796261,0.999604,1.00736,1.04078,0.876152,-0.0220213,-0.0195851,1
2466,489.545,-1158.49,1262.13,0.807766,0.985852,0.999391,0.970872,1.15688,0.147799,-0.010731,1
2467,615.109,-1444.96,1610.38,1.18477,0.993984,1.00238,1.03908,1.05581,-0.0750629,0.0166786,1
2468,908.345,2435.07,-2070.98,0.753889,0.986368,1.01321,1.01941,0.776775,-0.0425744,-0.0193453,1
2469,409.708,1082.06,-1007.23,1.30855,0.978342,1.00236,0.986116,0.900772,0.239232,0.007695,1
2470,214.947,557.615,-537.345,1.07285,1.02572,0.993066,0.979989,1.26445,0.175315,0.0214449,1
2471,243.692,-594.342,620.096,1.06688,0.993161,0.976043,0.980591,1.36581,0.151796,-0.0219337,1
2472,158.2,-385.887,396.247,0.931932,0.994749,1.01991,1.02165,0.748573,0.309589,-0.0157496,1
2473,232.125,-575.247,598.9,1.21408,1.01726,0.984247,1.01566,1.0452,-0.202195,0.017268,1
2474,5255.47,20544.3,-8591.2,0.716781,0.977189,0.998713,1.01339,1.05059,0.0390994,0.00368232,1
2475,674.425,1820.21,-1617.33,0.933077,1.00491,1.02169,1.00583,1.1837,0.156904,0.00711808,1
2476,1065.83,-2257.94,2727.08,1.12451,0.992722,1.01268,0.986483,1.03768,0.096487,-0.00736271,1
2477,2543.71,-3790.93,6039.34,1.2003,1.01674,0.997302,1.01476,1.37057,-0.112772,0.00263138,1
2478,2679.17,7804.62,-5024.81,1.0426,1.00518,0.99919,1.02515,0.787216,-0.0156389,-0.0174139,1
2479,3333.92,-4551.24,8683.34,1.4814,1.00345,1.01587,1.03243,1.1003,-0.112529,0.00190107,1
2480,906.825,-2031.92,2383.02,1.08412,1.03098,1.00573,0.981474,1.07207,-0.0699388,0.0124839,1
2481,433.473,1126.12,-1043.93,0.934206,0.962464,0.998517,0.994062,0.646609,-0.192935,-0.00906467,1
2482,108698,-15362.5,93504.4,0.867243,1.02602,1.00679,0.976476,1.08001,0.00398497,-0.00289356,1
2483,66948.7,-57887.2,133230,1.01559,0.978856,0.98405,1.03624,1.09212,0.00337326,-0.00719208,1
2484,2021.57,-3985.41,5595.71,1.10742,0.994213,0.993696,1.04189,1.11777,-0.0262927,0.0141789,1
2485,1594.7,-3373.31,4408.36,1.37614,1.00173,1.02158,0.998217,1.21499,0.156523,-0.0029958,1
2486,1961.29,5793.24,-3938.49,1.14272,1.04978,0.99266,1.00285,1.14161,0.0956914,0.00420277,1
2487,1032.2,2954.7,-2442.29,1.10074,1.00159,0.998838,1.00643,0.856086,0.0733028,0.0101641,1
2488,506.319,-1203.46,1315.41,1.15835,1.03527,0.99383,0.983407,0.849257,0.0917406,-0.0176398,1
2489,1931.86,-3465.1,4819.41,1.05109,0.991666,1.00207,0.914952,1.10262,0.109809,-0.00355835,1
2490,985.365,-2148.17,2571.01,1.16506,1.01765,0.991755,1.03253,0.779603,-0.0762998,0.010553,1
2491,1226.84,3542,-2805.71,1.11521,1.00277,0.990174,1.05196,1.32734,-0.112998,-0.00562355,1
2492,428.278,-1029.28,1108.64,0.990051,0.984859,1.0112,0.999634,0.642951,-0.110277,0.0160031,1
2493,985.448,2785.51,-2334.34,1.02103,0.992614,0.98626,0.966047,0.533014,0.292817,0.00266671,1
2494,226.386,587.357,-565.123,1.04418,0.962009,1.01892,0.972707,1.17251,0.150788,0.02136,1
2495,1531.99,4239.52,-3246.63,1.24073,0.98143,0.991764,0.999639,0.983663,-0.0292467,-0.0167804,1
2496,3971.64,-5007.62,9085.33,0.965313,1.02306,1.02383,1.01932,0.964491,-0.0403494,0.0044263,1
2497,1402.87,-3165.87,4095.16,1.0752,1.00145,1.0043,1.00233,0.892841,0.0597143,-0.00913558,1
2498,115250,11581.6,-2704.03,1.26672,0.991538,0.99793,0.970731,0.96559,0.00193605,0.000216114,1
2499,594.02,-1383.83,1537.11,1.13235,0.982574,0.992655,1.02051,1.30141,0.185271,-0.00708489,1
2500,5461.37,20918.1,-8509.09,0.96333,0.978901,0.989181,1.05375,1.05997,-0.0564793,-0.00251799,1
2501,360.162,-876.227,932.741,0.899492,0.993955,1.00387,0.972562,1.23546,-0.134325,0.015945,1
2502,147.597,373.252,-364.019,1.25699,0.996454,0.995011,0.997109,0.994822,-0.266297,-0.0202955,1
2503,6154.04,-3726.73,12526.9,1.27365,1.00043,1.01071,0.988321,0.929625,0.0680421,-0.0014506,1
2504,717.242,-1648.26,1873.69,1.1762,0.985985,0.985104,0.978895,0.576088,0.141664,-0.00775358,1
2505,868.123,2416.52,-2064.63,0.816318,0.980888,0.993219,1.00615,1.12249,0.132347,0.00661127,1
2506,2635.4,7776.06,-5017.42,0.935661,0.988248,0.993977,0.944395,1.03227,-0.0243179,-0.011357,1
2507,2393.46,6943.53,-4308.12,0.633496,1.00695,0.986977,1.0209,1.29328,-0.0366467,-0.00858189,1
2508,215.437,541.751,-522.317,0.78757,1.02209,1.0035,1.04516,1.07872,-0.524861,-0.00721789,1
2509,596.641,1585.5,-1425.81,0.916988,0.982864,0.991308,0.970146,1.05709,-0.100335,-0.0129844,1
2510,731.69,-1676.2,1905.58,0.531479,1.01455,1.00633,1.05021,1.00123,0.139843,-0.00768933,1
2511,212.959,557.053,-536.868,0.990992,1.01848,0.985787,1.04024,0.965052,0.369855,0.0102034,1
2512,358.086,-871.058,927.559,0.836947,0.979338,0.989601,1.00914,0.664113,-0.181556,0.0118843,1
2513,1002.42,2790.99,-2337.3,0.844122,0.999679,0.994917,0.966881,0.97448,-0.0665692,-0.0116569,1
2514,73713.4,162941,-87015.3,1.09728,0.992754,0.988865,1.02096,0.989276,-0.0271359,-0.000684291,1
2515,99560.1,125194,-62466.9,1.03476,0.991546,0.998102,0.980077,1.19287,-0.00475859,-0.00203818,1
2516,641.234,1722.4,-1538.21,0.936596,1.00115,1.00681,0.991049,0.897895,0.0701583,0.0170982,1
2517,9416.77,-10435.7,28385.9,1.36598,1.016,1.01479,1.02464,1.09281,-0.201018,0.00031214,1
2518,973.854,2759.99,-2310.17,1.00577,0.984286,1.0159,0.989157,0.935277,0.190906,0.00395493,1
2519,2956.21,-5946.28,10022.7,1.0898,1.00255,0.994031,1.01283,0.73011,-0.0466534,0.00537101,1
2520,354.73,-865.312,920.411,0.883349,1.0102,0.993872,0.979261,0.978062,-0.153283,0.0146115,1
2521,498.098,-1199.7,1310.46,1.05877,1.02937,0.98682,1.02837,0.88802,-0.288381,0.00563795,1
2522,2637.96,7034.59,-4513.64,0.623177,1.01292,0.994721,1.01835,1.15616,-0.0338345,-0.00831828,1
2523,4558.4,18033.1,-8268.32,0.958174,0.975873,0.986991,1.00305,0.819432,-0.214479,-0.000722093,1
2524,4650.79,-7714.87,15625.4,1.00271,1.02575,1.0262,1.03589,0.852622,0.0599756,-0.00252567,1
2525,2200.73,7668.62,-5090.04,0.769507,1.01634,0.990273,0.989354,1.26782,0.0718285,0.00481044,1
2526,352.627,-847.084,900.982,1.03136,0.992861,0.981873,0.960737,0.74996,0.207758,-0.0109892,1
2527,5745.75,-7840.48,19096.1,1.20395,0.968856,0.987494,1.00325,0.791228,0.121845,-0.0011702,1
2528,1527.08,-2874.68,3799.77,0.754174,0.994036,0.987865,1.01059,0.6429,0.0455334,-0.0111192,1
2529,6033.85,-3748.67,12279.2,0.832065,0.994519,1.01197,1.027,1.13377,-0.113053,0.000883177,1
2530,529.711,-1251.16,1372.38,0.71404,0.999889,1.00249,0.982167,1.2449,0.100035,-0.0147645,1
2531,2188.28,6956.62,-4507.18,1.01727,0.982877,1.00384,1.01393,0.82133,-0.210549,-0.0015824,1
2532,888.422,2446.66,-2092.64,0.947804,1.00659,1.01483,0.987025,1.27657,-0.11761,-0.00733523,1
2533,6765.88,-4027.84,13165.3,0.891302,1.01886,0.990222,1.03269,0.924399,0.0248333,-0.00366402,1
2534,266.865,684.318,-653.648,0.905454,0.983449,1.00471,0.956742,1.10226,-0.148288,-0.0194875,1
2535,1801.96,-3613.32,5138.8,1.21333,0.998182,0.984116,1.00233,0.988549,0.0333068,-0.0129086,1
2536,3200.47,12220.1,-6728.68,0.947855,1.02635,1.00037,0.955847,1.19,-0.0593188,-0.00400332,1
2537,49605.9,-64728.1,133870,0.858753,1.02289,1.00632,0.985843,0.980459,0.00846599,-0.00355503,1
2538,746.27,-1722.13,1964.93,1.44878,1.01516,1.00204,0.995026,1.30323,-0.0611397,0.017231,1
2539,440.483,1156.53,-1071.58,1.03495,0.988209,1.01655,1.03074,1.06526,0.065381,0.0261211,1
2540,4445.17,15653.1,-7728.74,1.1371,1.02878,0.993881,1.04182,0.974092,0.017295,0.00906708,1
2541,1700.14,5104.33,-3800.53,1.34253,1.02145,0.999728,0.992199,1.10131,-0.184239,-0.00248169,1
2542,1061.43,2883.85,-2390.6,0.935482,0.982052,1.00328,0.982998,1.09432,0.0819966,0.00859585,1
2543,129.825,-326.653,333.92,1.00173,0.984871,1.00672,0.97145,0.953792,-0.35695,0.0163279,1
2544,627.526,1684.6,-1506.79,1.19465,0.993205,0.996073,0.982608,0.725977,0.0690717,0.0178672,1
2545,2695.85,-4720.74,7289.04,1.00497,0.995927,0.998266,1.00971,0.633391,-0.0543299,0.00502914,1
2546,892.572,2477.09,-2108.93,0.838483,1.04928,1.00152,0.98951,0.848902,-0.0629533,-0.0144349,1
2547,1821.43,5710.25,-3984.51,1.10048,1.01533,0.989969,0.950287,0.694063,0.0364789,0.0116405,1
2548,447.035,-1056.12,1142.25,0.960332,0.980321,0.989859,0.973885,1.20815,0.318622,-0.00553202,1
2549,1934.43,5105.61,-3589.18,1.14932,1.01379,0.995911,0.948131,0.885654,0.0544353,0.00724349,1
2550,770.885,2068.58,-1804.29,0.92298,1.00813,1.00088,1.04739,1.07897,-0.150136,-0.00677829,1
2551,8898.02,32372.9,-11405.3,1.16016,1.02019,1.00485,1.00697,1.07775,0.00598819,0.0104198,1
2552,4152.66,-5153.02,9646.29,0.939571,1.03802,1.00574,1.0027,1.07478,-0.0752336,0.00232736,1
2553,474.864,-1137.84,1235.08,0.834332,1.0019,1.02089,1.02301,0.905355,-0.123838,0.0128953,1
2554,1117.79,3115.42,-2524.81,1.06257,1.02493,0.992875,0.980243,1.09252,-0.0989717,-0.00721556,1
2555,778.195,-1790.95,2057.39,1.06231,1.00057,0.993684,1.00668,1.14206,-0.0959681,0.0104652,1
2556,1104.36,-2320.12,2836.98,0.876564,1.00696,0.997383,0.976047,1.0862,0.0705749,-0.0100464,1
2557,865.764,-1965.39,2293.29,1.26919,0.978771,1.00835,1.05025,0.944117,0.179816,-0.00484834,1
2558,700.373,-1599.05,1808.98,0.730004,0.984441,1.00227,1.01603,1.46237,0.34128,-0.00323906,1
2559,241.706,-581.304,605.672,0.867293,0.997297,1.00666,0.979396,1.07386,0.493395,-0.00664388,1
2560,2926.38,-5807.38,9750.43,1.06842,0.989678,0.975964,0.983094,0.871642,-0.0456562,0.00561628,1
2561,768.766,2063.86,-1796.3,1.18638,0.994968,0.97809,0.957247,0.994066,-0.200743,-0.00519412,1
2562,4576.34,-7371.82,15021,0.616908,1.00136,0.992001,0.955966,1.20934,0.0725317,-0.00217324,1
2563,8469.27,-7192.74,19639.9,1.21762,1.02004,0.969464,1.03468,1.03467,-0.00589855,0.0123881,1
2564,1220.63,-2761.7,3446.44,1.01693,1.00193,0.975585,1.01617,1.3584,0.169293,-0.0038807,1
2565,2112.03,-4144.66,5871.4,1.16474,1.02779,1.00964,1.0407,1.16395,-0.0416722,0.00864931,1
2566,60063.7,169653,-90786.4,1.03027,1.0145,1.01171,1.02702,0.514058,0.103,0.000221206,1
2567,1297.38,-2624.36,3283.2,1.11392,1.01632,1.024,1.00999,1.26657,0.137826,-0.00425621,1
2568,2433.66,8716.24,-5420.44,0.767919,1.05146,0.981697,1.03501,0.818882,-0.0615804,-0.00527958,1
2569,90344.2,-46614,126219,1.16597,1.02043,0.993728,1.04341,1.01134,0.0011144,-0.0161167,1
2570,1571.96,-3096.8,4055.87,0.94822,1.00489,1.00226,1.00517,1.46811,-0.138508,0.0034938,1
2571,291.232,-704.594,740.371,0.792802,0.987711,1.01985,0.996385,0.905187,0.126732,-0.0205508,1
2572,493.621,1292.26,-1185.86,0.827917,0.993743,1.00923,1.02,0.574047,-0.192948,-0.00810307,1
2573,82650.8,-52456.8,131747,1.00605,1.01047,1.00438,0.953834,1.11468,0.0299499,-0.000672113,1
2574,3044.43,11264.5,-6314.99,0.643918,0.987742,1.0092,0.982196,1.02637,0.00911266,0.0263037,1
2575,312.024,802.609,-760.412,1.03167,0.978423,1.0003,0.928127,0.653488,-0.182957,-0.0135274,1
2576,10164.6,-11331.3,33600.3,1.00699,1.02156,0.991332,1.00463,1.04292,0.0113605,-0.00523921,1
2577,94.3474,243.739,-239.881,1.01101,0.978134,0.998221,1.02326,1.03962,0.427849,0.018764,1
2578,1809.6,-3290.04,4670.84,1.23148,0.988402,0.987758,1.00208,0.987779,-0.0311709,0.0134929,1
2579,447.879,1170.07,-1081.42,0.981911,0.993625,0.987205,1.00391,0.893635,-0.177025,-0.0100351,1
2580,1779.24,4789.96,-3416.99,1.05341,0.989886,1.0056,1.00934,0.773138,-0.0555473,-0.00747724,1
2581,2234.06,-4767.71,7192.47,1.15514,1.0123,1.00521,1.02885,0.72697,0.201343,-0.00168781,1
2582,8546.11,-7938.97,20850.5,0.521091,1.01569,0.995976,1.01004,0.624712,0.105178,-0.000675152,1
2583,6709.18,-3884.85,14775.4,0.765579,1.03086,1.00336,0.953967,1.22085,0.0491446,-0.00214099,1
2584,809.021,-1849.98,2137.39,0.751895,0.996962,0.994272,1.00093,0.985017,0.0470972,-0.0205261,1
2585,1881.29,5167.13,-3746.81,0.929568,0.987917,1.00684,0.982215,0.954981,0.0948776,0.00408632,1
2586,1072.63,2993.07,-2451.17,0.758921,1.01522,1.00462,0.973911,0.900604,0.122872,0.0058587,1
2587,1185.76,3442.69,-2793.29,1.19011,1.0201,1.00411,1.04027,0.87335,0.048844,0.0133763,1
2588,3473.44,8792.68,-4699.55,0.920345,0.993253,1.00699,1.00927,1.15763,-0.13314,-0.00151231,1
2589,14788.5,71560.4,-20036.3,1.01864,0.996035,0.98344,1.00449,1.30954,0.00729354,0.00645695,1
2590,810.865,-1874.88,2165.56,0.943272,1.01194,0.99889,0.988325,1.13876,-0.207448,0.00464532,1
2591,269.636,-651.811,682.75,0.986861,1.03181,0.996158,1.00665,1.16371,0.363018,-0.00844278,1
2592,3573.95,10796,-5364.75,0.48087,1.05013,1.01052,0.984729,1.06922,0.0276885,0.00738538,1
2593,2542,7095.69,-4661.55,1.02139,0.99651,1.00875,0.9719,1.0635,0.193114,0.00145298,1
2594,3649.08,9199.43,-4928.37,0.859408,1.00039,0.990964,1.02532,1.25755,0.116112,0.00165889,1
2595,37027.3,-53332.5,118864,1.03286,0.985849,0.987441,0.969382,1.05927,0.00291872,-0.0119824,1
2596,7861.93,22867,-8832.7,0.858803,1.00203,0.978991,0.996176,1.04092,-0.0352033,-0.00206618,1
2597,253.081,665.233,-636.556,1.14837,1.03995,0.988862,0.987829,1.16137,0.321564,0.0100529,1
2598,7143.35,-4569.94,16554,1.06209,1.02594,0.99136,0.989273,1.07599,0.0796026,-0.00140405,1
2599,2329.62,-3572.75,5434.15,1.30028,0.961598,1.00087,1.02211,1.4653,0.111574,-0.00278428,1
2600,6513.37,-4027.05,12672.3,1.07479,0.987948,0.990482,0.993081,0.960864,-0.0214763,0.00437994,1
2601,17153.8,-23291.9,69150.6,0.949396,1.00785,1.00236,1.02141,0.773788,0.00909131,-0.00503752,1
2602,4157.29,14623.8,-7535.47,0.795438,0.989914,1.00236,1.05644,0.884716,0.158084,0.00102456,1
2603,575.174,-1361.19,1507.07,1.02924,0.996238,0.990989,0.997332,1.23473,-0.102737,0.0132724,1
2604,442.844,-1055.99,1140.26,1.1844,0.989333,1.01116,0.924374,1.09538,0.0973628,-0.0177788,1
2605,294.546,769.917,-731.782,1.09899,0.990641,1.00911,0.935947,0.865249,0.238557,0.0108146,1
2606,8409.23,28974.1,-10588.8,0.81656,0.977636,0.987737,1.00744,1.45822,-0.0110687,-0.00599994,1
2607,478.345,-1127.9,1224.63,0.854866,1.0304,1.01608,0.991821,0.910513,0.276806,-0.006029,1
2608,196.828,-482.106,498.735,1.17751,1.0236,0.985784,1.00517,0.692332,0.210887,-0.0199376,1
2609,634.745,-1492.53,1669.72,1.14882,0.994141,1.00137,1.02177,0.964971,-0.156586,0.00773332,1
2610,483.001,1278.06,-1174.1,1.14488,1.02843,0.997283,1.06836,1.52424,0.0893283,0.0185984,1
2611,91459,-34402.9,111311,1.01833,0.996001,0.994138,1.09685,1.11333,-0.0200297,0.000784832,1
2612,398.938,-965.892,1035.6,0.66201,0.990191,0.998457,1.04477,0.978513,-0.159397,0.0121401,1
2613,385.532,-936.475,1000.85,0.690426,0.970115,1.01559,1.04497,0.983058,-0.185697,0.0102917,1
2614,1115.04,3188.16,-2587.82,0.861082,0.971135,1.01054,1.01445,0.749246,0.052379,0.0125089,1
2615,540.439,-1269.23,1395.11,0.708127,0.966296,1.00416,0.994355,0.834342,0.10022,-0.0138924,1
2616,349.017,900.809,-848.162,1.12746,1.00082,1.00224,1.0338,1.00425,-0.232716,-0.00971213,1
2617,5954.41,16757,-5144.9,1.03418,1.00103,0.985826,0.989503,1.01667,0.0361499,0.00294941,1
2618,352.526,909.546,-855.79,0.662522,1.00518,0.999398,0.936462,1.12447,-0.260351,-0.00868421,1
2619,799.373,2183.16,-1887.95,1.52091,0.991198,0.975834,1.00079,0.586282,0.0696271,0.0142004,1
2620,1513.73,-2969.41,3958.1,0.768913,1.01149,0.996577,0.954061,1.11964,-0.0997582,0.0051365,1
2621,2440.8,-3716.86,5944.32,0.586901,0.990177,0.982415,0.980933,1.03398,0.114137,-0.00272792,1
2622,531.26,-1253.85,1377.71,0.83248,0.984213,0.983519,0.973828,1.1445,0.0953086,-0.0155963,1
2623,1043.2,-2247.57,2727.97,1.21753,0.981921,0.989752,1.00042,0.736631,-0.0445145,0.0165326,1
2624,1745.91,-3167.73,4410.82,0.711216,0.973537,0.999635,0.975966,0.924816,-0.0923695,0.00457242,1
2625,947.11,2546.12,-2153.4,1.24586,0.994058,1.0069,0.982411,0.919036,-0.0691083,-0.0116386,1
2626,39010,-56120.1,122175,0.938272,1.0009,0.9891,1.00797,0.909877,0.0512745,-0.000662912,1
2627,2778.53,-4359.67,6884.96,0.855705,1.02104,0.983025,1.0184,0.814447,-0.0768052,0.00359665,1
2628,337.76,883.221,-832.549,0.923714,1.01075,0.986496,0.975825,1.17923,0.0866696,0.0274678,1
2629,162.942,413.624,-402.254,1.20271,1.00378,0.986353,0.983919,0.904826,-0.210071,-0.0236981,1
2630,4079.83,-5458.72,10033.3,0.926312,0.991559,0.989643,0.985172,1.10564,0.0562024,-0.00315238,1
2631,265.301,676.484,-646.751,1.01217,0.994672,1.02154,1.024,0.525722,-0.2649,-0.0109013,1
2632,1177.13,3168.15,-2558.99,0.958287,1.03139,0.985332,1.01839,0.836313,0.0962411,0.00708034,1
2633,1385.51,-3087.93,4003.76,1.08141,0.988059,0.997065,1.02852,0.709122,-0.0281274,0.0194711,1
2634,785.407,-1805.72,2076.5,1.09752,0.994233,1.00009,1.05933,1.24116,-0.11275,0.00867447,1
2635,1148.64,3306.78,-2661.11,1.36318,0.973725,0.994228,0.995762,0.825267,-0.0544565,-0.0120357,1
2636,3457.32,-5871.29,10916,1.1085,1.02396,1.01575,0.962968,1.24072,0.105474,-0.00214615,1
2637,109834,80647.6,-35502.7,1.1472,0.986408,0.988696,0.993798,1.30933,0.00109734,0.0047041,1
2638,1467.11,-3131.01,4120.49,1.27016,1.00986,1.00515,1.02157,1.00648,0.403296,-0.00131778,1
2639,1063.98,-2283.22,2754.69,0.561077,0.971195,0.99481,0.940114,0.991472,0.110758,-0.00644466,1
2640,1358.43,-3098.02,3957.4,0.855309,0.988111,0.9909,0.998994,1.12445,-0.0977807,0.00575504,1
2641,2224.01,-4138.64,6410.29,1.47222,0.974855,0.993185,1.00516,1.00996,0.264863,-0.00126459,1
2642,562.88,1485.96,-1346.12,1.20414,1.02193,1.00097,1.01594,0.900805,-0.124545,-0.0114036,1
2643,8166.04,26880.6,-10098.1,1.24918,0.974468,0.98819,0.97989,1.00385,-0.0130928,-0.00524781,1
2644,3537.57,-4174.16,8072.75,1.16558,1.00185,1.00828,0.985066,0.954328,0.0612111,-0.00333233,1
2645,4079.03,11811.3,-6376.17,0.7998,1.01361,1.00339,0.996187,0.654631,-0.0651016,-0.00262596,1
2646,3509.73,8726.62,-4839.6,0.958647,0.977474,1.00378,1.02107,0.784134,-0.0284962,-0.00688978,1
2647,764.6,-1765.58,2022.37,0.773299,0.96625,1.00364,1.02351,0.848701,-0.200349,0.00482832,1
2648,2667.78,-4194.93,6515.86,1.17721,1.01197,0.996461,1.02029,0.888183,-0.0926943,0.00303111,1
2649,240.144,-592.188,617.22,1.13485,0.98221,0.999509,1.00957,0.696191,-0.186114,0.0171394,1
2650,2963.04,-5778.99,9528.74,0.951904,1.01659,1.00262,1.02298,1.2739,0.138044,-0.00182658,1
2651,988.769,2693.93,-2269.18,0.779842,1.00897,1.01542,0.988852,0.835413,-0.188794,-0.00411371,1
2652,371.296,983.384,-921.869,0.801367,0.979284,1.00697,0.963664,1.24334,0.36867,0.00545683,1
2653,2051.6,5729.96,-4039.79,0.894314,1.02044,0.993411,1.00008,0.793237,0.0541141,0.00688877,1
2654,6403.4,18682.3,-6039.84,0.675018,1.0018,0.996951,1.02152,1.00458,0.0212103,0.00542231,1
2655,305.571,-749.917,790.467,1.25929,0.971254,1.00869,0.984982,1.02395,-0.20878,0.0116898,1
2656,753.676,-1738.99,1986.01,1.16711,1.02069,1.00597,0.992579,1.13636,-0.0800047,0.0130307,1
2657,7511.63,21028.8,-8498.06,0.796749,0.997319,1.00482,0.975527,0.883729,-0.0227596,-0.00329269,1
2658,2091.61,-4390.8,6243.12,0.952382,1.01782,1.01583,0.995379,0.795455,-0.219911,0.0016194,1
2659,2324.82,8151.86,-5273.63,0.918462,1.03704,0.994147,1.01449,1.13529,-0.268864,-0.00124776,1
2660,329.174,859.737,-812.521,1.12513,1.01356,1.01313,1.00896,1.17096,0.0770458,0.0306865,1
2661,112819,42428.6,-15809,1.20339,0.977422,0.985696,0.958697,1.32003,0.0202162,0.000126256,1
2662,3483.38,-4092.36,7776.77,0.821731,0.982236,0.997109,1.0262,0.97266,-0.0699182,0.00294033,1
2663,2010.8,6263.03,-4418.1,1.26208,0.989006,0.997343,1.02289,0.843663,-0.0879568,-0.00418863,1
2664,1991.56,-3658.85,5103.6,1.10839,1.00912,1.00551,1.02572,0.817872,-0.0571707,0.0066219,1
2665,3519.12,-4853.06,9626.92,0.596977,1.01647,0.985878,1.07345,1.03954,-0.0959391,0.0022459,1
2666,1217.5,-2605.57,3271.48,1.15127,0.999246,1.00541,0.976792,0.669543,0.129206,-0.00488551,1
2667,6202.2,-8153.17,20825.7,0.944656,1.01365,0.990499,0.975802,0.968995,-0.143887,0.000947105,1
2668,3454.27,-5827.9,10917.2,0.920108,1.01003,0.995219,0.987974,0.906494,0.297776,-0.000774076,1
2669,986.949,-2187.45,2624.17,0.875831,0.969644,1.00222,0.982895,0.881581,-0.212448,0.00353301,1
2670,1183.21,3320.26,-2654.89,0.886471,0.985521,1.00152,0.977768,1.02332,-0.109211,-0.00585611,1
2671,76893.8,-63073.4,142172,1.11772,1.02538,1.00902,0.978985,1.4801,-0.00512698,0.00429381,1
2672,253.124,-614.587,641.404,1.01856,1.00394,1.02449,0.97994,1.18809,0.221541,-0.0137388,1
2673,1428.89,-2843.58,3734.05,1.09973,0.98056,0.995384,0.997107,1.03772,0.121707,-0.00436577,1
2674,1351.28,3735.23,-2953.68,0.529748,1.01138,0.998221,0.987245,0.813759,-0.124358,-0.0046269,1
2675,651.447,-1544.07,1733.59,1.179,1.04153,0.995319,1.01942,1.25001,-0.332385,0.0037225,1
2676,9223.2,33847.9,-11425.9,1.16519,1.04731,0.990719,0.99684,0.896656,-0.0529434,-0.00115756,1
2677,2481.21,-3805.45,5858.77,0.818128,1.00399,1.01307,1.02113,1.23968,-0.14743,0.00199494,1
2678,2342.58,-3668.3,5712.23,0.934285,0.979248,0.993349,0.987905,0.698325,-0.296383,0.00105241,1
2679,694.029,1872.77,-1656.35,0.91507,1.0106,1.0033,0.988863,1.02871,0.0817598,0.0137282,1
2680,315.475,826.838,-783.019,1.04127,0.979642,1.00935,0.995659,0.707868,0.260841,0.00910201,1
2681,6061.39,15354.7,-5336.6,0.927892,0.992417,0.989484,0.961085,0.952137,0.112128,0.000853333,1
2682,57914.6,-66019,138782,1.05521,1.01364,1.0019,0.951413,1.41364,-0.00372065,0.00744954,1
2683,3671.59,-4258.85,7960.66,1.08512,0.987106,0.995954,1.01751,0.928291,0.0310667,-0.00630692,1
2684,2466.82,7904.14,-4845.01,0.996716,1.04153,1.00109,0.954225,1.1255,-0.137662,-0.00227089,1
2685,954.8,2649.14,-2239.18,1.04863,0.980724,1.00857,0.926786,1.06376,-0.127445,-0.0061805,1
2686,1157.49,3289.1,-2647.88,0.918588,1.05219,0.998703,1.01503,1.03878,-0.0825689,-0.00847922,1
2687,3366.66,11640.3,-6121.86,1.11775,1.0128,1.00078,1.00075,0.914078,0.0928767,0.00242923,1
2688,10122.6,-11876.6,35062.8,1.41156,0.995344,1.00897,0.985045,0.566352,0.0380793,-0.00155082,1
2689,488.305,1276.13,-1171.93,0.936251,1.01339,1.00046,1.03984,1.39926,-0.199886,-0.00816487,1
2690,768.699,2065.88,-1803.68,0.898006,1.01197,1.00718,1.00152,0.886292,-0.128291,-0.00792111,1
2691,271.967,717.578,-684.585,1.05859,0.989643,1.00369,1.03329,1.29164,0.524277,0.00529696,1
2692,1298.25,-2604.11,3296.62,1.05246,1.01717,1.00504,0.987743,1.16594,0.0222078,-0.0269825,1
2693,3808.19,-4272.38,8596.13,1.21373,1.0389,1.00297,0.976309,0.91117,0.0244724,-0.00792572,1
2694,13183.1,64167.2,-17762.2,1.19072,1.02128,0.997739,0.953798,1.09335,-0.00656498,-0.00747737,1
2695,205.525,533.621,-515.467,0.657555,0.999289,1.02827,1.04687,1.12246,0.314453,0.0115375,1
2696,3453.8,-6109.35,11462.5,1.11669,1.02028,0.988754,0.963531,0.937208,-0.040807,0.00567067,1
2697,584.522,-1367.56,1514.84,1.08727,0.999782,1.0029,1.04056,0.968136,0.134144,-0.00996365,1
2698,3085.36,-6101.86,10687.1,1.24431,1.00319,0.990331,1.01265,0.832968,-0.0674554,0.00362056,1
2699,6600.09,-4297.58,12908,0.954208,1.00557,1.01306,0.986672,0.975669,-0.0844994,0.00108191,1
2700,64868.2,173744,-92844.4,1.41385,1.00807,1.00911,0.955538,0.964598,-0.0126292,-0.0017161,1
2701,10204.1,-11726.3,35345.8,1.01874,0.993061,0.994851,0.969293,1.15172,0.105015,-0.000565036,1
2702,38029.6,140483,-65603.2,0.946778,0.973277,0.994257,1.00875,0.926754,0.0183676,0.00169246,1
2703,976.053,2709.24,-2284.01,1.37613,1.00296,1.01182,0.990531,1.07695,0.0887695,0.00874752,1
2704,325.837,-797.487,844.45,1.143,0.957889,0.985199,0.986032,0.925717,-0.221546,0.0105056,1
2705,283.905,726.351,-691.736,1.02754,0.986334,1.00287,1.05493,0.94025,-0.253994,-0.0107886,1
2706,1506.55,-2947.14,3850.23,1.03871,0.972046,0.97779,1.01451,1.09023,-0.164872,0.00305756,1
2707,2510.99,6766.5,-4193.03,1.37225,1.02265,1.00012,0.960225,0.859344,-0.162892,-0.00185105,1
2708,1126.58,3296.69,-2678.99,1.14263,0.982369,1.00853,1.0325,1.15954,0.0465487,0.0141402,1
2709,741.557,1988.92,-1747.4,1.08324,1.02634,1.02047,1.00715,0.704777,-0.0912585,-0.0114952,1
2710,2777.7,-4513.17,7061.9,0.831958,1.01422,0.99232,1.01899,0.775753,0.169467,-0.00161602,1
2711,6194.15,-8345.3,21154.3,0.853949,1.03207,0.996256,0.98235,0.814647,-0.214711,0.000629799,1
2712,2976.81,-5996.1,10106.1,0.795475,1.01097,1.00295,1.05164,0.902453,-0.0334101,0.00740897,1
2713,306.398,-739.21,779.593,0.721445,1.0235,0.988648,0.968169,0.846918,0.282588,-0.00953146,1
2714,6670.96,-5693.02,16779.7,0.82686,0.985884,1.00535,1.02093,0.797852,0.0109387,-0.0111496,1
2715,102329,98214.2,-45694.3,0.799145,0.975167,0.992708,0.987021,0.846297,0.00218855,0.00331419,1
2716,628.712,-1476.35,1647.22,0.734728,1.02012,1.01261,0.9902,1.27534,-0.0737071,0.0168467,1
2717,666.591,-1554.52,1748.18,0.855985,0.988535,1.00874,1.00689,0.99248,-0.0967047,0.0117588,1
2718,477.967,1265.65,-1164.12,0.853478,0.982246,1.00822,0.966395,1.21983,0.156647,0.0100569,1
2719,3644.94,9505.82,-5379.13,0.843476,0.976074,1.0128,0.920391,1.01248,0.0333627,0.00561678,1
2720,3041.28,11613.2,-6598.81,0.753158,1.01932,1.00121,0.991023,0.93621,0.0398672,0.00608085,1
2721,505.24,-1190.66,1300.92,1.19835,0.998555,0.992986,1.00859,0.609861,0.200443,-0.0078462,1
2722,2140.42,-4492.96,6486.43,0.635168,1.00834,1.0051,1.02176,0.896978,0.267809,-0.00132677,1
2723,2011.3,-3777.89,5278.75,0.926166,0.996159,0.996716,1.08911,1.01054,0.267236,-0.00141233,1
2724,477.933,1257.13,-1154.76,1.10392,0.982631,0.980204,1.01901,1.04574,-0.0916714,-0.018043,1
2725,106512,14349.4,17451.3,1.02754,0.968895,1.00154,1.0296,0.750999,0.00288149,-0.000695754,1
2726,2108.32,7131.65,-4877.76,0.865245,1.00912,1.00524,0.98427,1.56923,0.0936426,0.00375789,1
2727,6670.57,21010.5,-7162.48,0.881296,1.01309,1.00394,1.00772,0.983463,0.233986,0.000514531,1
2728,881.301,-2023.9,2368.69,1.06039,0.990597,1.00182,1.02825,0.844731,-0.0474032,0.0182965,1
2729,2940.96,10775.2,-6407.27,1.06267,1.02982,1.01902,0.975522,0.863218,0.0244479,0.0100719,1
2730,389.542,-928.685,993.76,0.951406,1.00562,0.992416,1.0019,0.911215,0.259352,-0.0079652,1
2731,448.716,-1060.23,1145.75,0.838492,1.01907,1.00583,0.958251,0.671955,0.310826,-0.00575147,1
2732,1335.25,-2771.49,3563,0.873864,1.04442,0.999802,0.97448,0.854635,-0.17111,0.00349063,1
2733,493.12,-1167.52,1272.12,0.76046,0.990344,1.0082,0.987612,0.894511,0.117446,-0.0132897,1
2734,433.112,1130.76,-1048.75,0.813284,0.990869,1.00788,1.0318,1.04871,-0.11006,-0.0161367,1
2735,2843.98,9759.27,-5979.87,0.971467,1.01082,1.00535,0.961625,1.11707,-0.0829865,-0.00309337,1
2736,1817.23,-3193.9,4409.7,0.798368,0.984532,1.01182,1.03688,1.06401,0.0792941,-0.00510477,1
2737,413.757,-989.039,1063.02,0.871141,1.00186,0.992601,1.00158,1.03082,0.140752,-0.0136915,1
2738,3541.46,12534.8,-6397.8,0.927203,1.02839,0.986279,0.984885,0.806096,0.0202944,0.0110796,1
2739,268.317,688.664,-657.754,0.851668,1.00487,1.00393,0.984294,1.38097,-0.197598,-0.0149194,1
2740,107280,32401.4,-11678.1,0.831477,0.967919,1.00075,0.982051,0.913426,-0.00349959,-0.000587653,1
2741,6049.62,20955.6,-8035.74,0.651944,0.972122,1.01475,0.929008,1.0245,-0.0116509,-0.0114469,1
2742,5634.45,15718.8,-5207.55,0.921135,0.989724,1.00627,1.00169,0.630624,0.140029,0.000762603,1
2743,1204.15,3204.37,-2570.68,1.13627,0.984292,1.00718,1.01973,0.736791,-0.0570835,-0.0108608,1
2744,1216.93,-2520.61,3156.18,1.11116,0.997374,1.01138,1.02242,1.04191,0.0353468,-0.0175952,1
2745,1907.23,-3457.76,4787.11,1.46269,0.989796,1.00227,1.00724,1.10078,-0.0510514,0.00764973,1
2746,407.575,1065.33,-991.498,0.879421,0.985128,0.985093,1.00014,1.22873,-0.0877549,-0.0220536,1
2747,1298.52,-2781.51,3473.43,1.25557,0.99341,1.00884,1.02224,0.764431,0.035874,-0.0162049,1
2748,1186.36,3478.13,-2777.85,1.02186,0.994118,0.99237,1.01752,0.742563,0.142251,0.00452451,1
2749,1827.01,-3307.45,4696.81,1.19527,0.997717,0.995933,1.01464,1.0818,0.0268233,-0.0155307,1
2750,4106.86,-5841.2,10580.9,1.01831,0.998808,1.01522,1.00484,0.589813,0.103745,-0.00165804,1
2751,47465.6,155953,-79449.4,1.05707,1.00054,1.00129,1.04107,0.838208,0.00374896,0.00725105,1
2752,1760.55,4643.44,-3366.76,1.21661,0.980565,1.014,0.958322,0.930502,0.0391837,0.0104705,1
2753,476.206,1257.93,-1156.77,1.04138,0.970896,0.998191,0.991503,0.86496,0.101229,0.0156708,1
2754,302.315,-729.537,768.444,0.842547,1.00831,0.999126,0.977027,1.01399,0.241036,-0.010987,1
2755,1204.07,-2697.66,3373.06,1.1049,0.996316,0.994125,0.989268,1.11271,0.134549,-0.00480161,1
2756,1661.27,-3634.1,4845.58,0.78459,1.00842,0.999715,1.0486,1.02442,-0.150408,0.00305061,1
2757,6121.27,20859.7,-7985.63,0.889371,0.981958,1.01343,1.01287,0.785731,-0.0412805,-0.00319014,1
2758,1111.44,-2335.79,2852,0.849726,0.994878,0.985944,0.987945,0.96589,0.0454817,-0.0155127,1
2759,8727.91,29536.9,-10541.9,1.15009,1.02037,0.97899,1.03238,1.25823,-0.0297381,-0.00218329,1
2760,105269,120198,-61324.5,1.38819,1.01199,1.00663,1.00161,1.14304,0.00394434,0.00215635,1
2761,660.95,1756.16,-1561.5,0.949215,0.977265,0.998434,0.976323,0.960738,-0.187244,-0.00619365,1
2762,6297.82,-7891.33,20302.7,1.02703,1.00091,0.995022,0.99361,1.13299,-0.212739,0.000633773,1
2763,9211.32,36363.6,-11898.9,1.18298,0.999819,0.979082,1.05523,0.908276,0.146758,0.000411159,1
2764,1942.23,-3403.23,4800.05,0.926281,0.994045,0.981414,0.975156,0.922829,-0.138977,0.00284212,1
2765,880.621,-1993.32,2334.75,1.06539,0.988088,0.976246,0.955661,1.12972,-0.0464981,0.0193133,1
2766,606.764,1619.5,-1454.48,1.02586,0.978384,1.0024,0.967176,1.15374,0.0606162,0.0205668,1
2767,15635.8,-20641.3,63607.9,1.16488,0.994461,1.00131,1.00756,1.15546,-0.0522965,0.000910571,1
2768,576.648,-1370.64,1517.86,1.3567,1.01086,0.99215,1.00459,1.00805,-0.229668,0.00596971,1
2769,1215.73,-2552.2,3208.02,1.21338,0.991527,0.996857,0.99512,1.28152,-0.0610137,0.010311,1
2770,475.762,-1141.27,1240.64,0.89858,1.01789,0.993303,1.03813,0.719628,-0.156265,0.0107408,1
2771,3385.27,-4613.36,8965.26,1.09061,1.00252,1.006,0.936451,1.24699,-0.0358913,0.00597717,1
2772,18876.7,88405.5,-28726.1,1.21206,0.98401,1.00918,1.02103,0.941378,-0.0421954,-0.00100587,1
2773,1855.21,-3694.28,5258.96,1.44232,1.03388,1.0152,1.00476,1.27964,-0.0239443,0.0172846,1
2774,8261.89,-7447.16,19513.1,1.18491,1.00296,0.992885,0.985338,1.02522,0.0130981,-0.00561728,1
2775,6115.06,22127.7,-8306.85,0.950767,0.983437,0.996827,0.935504,0.941741,0.0689289,0.00195491,1
2776,864.009,2330.82,-1997.13,0.972825,1.02355,1.01009,1.02268,0.763613,-0.0525921,-0.0172155,1
2777,3516.86,11319,-5696.94,1.04524,1.02405,0.993198,0.984659,0.737146,0.0379478,0.00569504,1
2778,25561.7,-37053.8,93094.6,1.22285,0.982783,1.00115,1.01208,1.06779,-0.0337811,0.00118367,1
2779,214.824,545.56,-525.951,1.03106,0.963903,1.00487,1.01034,0.894436,-0.246234,-0.0143282,1
2780,1126.1,2990.32,-2444.25,0.817294,1.0095,0.99746,1.0006,1.08528,-0.18696,-0.00372187,1
2781,7215.04,-6808.3,20084.9,1.06328,1.02031,0.997481,0.963078,1.08049,-0.0380005,0.00325133,1
2782,80149.8,163855,-88939.8,0.746124,1.00995,0.998889,1.00365,1.00947,-0.00134884,-0.0125895,1
2783,825.319,-1859.27,2155.28,1.10053,1.01234,0.980674,0.954378,0.880227,0.238051,-0.00415065,1
2784,634.748,1688.87,-1509.06,0.86376,1.01817,0.994191,1.01689,1.00022,-0.0930987,-0.0135566,1
2785,1663.65,5193.39,-3777.92,0.723416,0.990335,1.01735,1.01989,0.54605,-0.0681233,-0.00644675,1
2786,562.729,-1312.48,1447.73,1.09031,0.985339,1.01147,0.995179,1.09987,0.237195,-0.00572907,1
2787,2558.58,-4168.94,6332.14,1.03714,0.987213,1.00574,0.983511,0.889293,0.0673199,-0.00424197,1
2788,3079.5,11387.8,-6541.79,1.34657,1.04026,0.994184,1.02,0.840375,-0.0174613,-0.0139445,1
2789,1686.17,5524.73,-4030.65,0.952531,1.00072,0.993194,0.962012,1.46544,0.129182,0.00348081,1
2790,1784.4,-3669.88,5177.49,0.918821,1.00055,0.994926,0.949162,1.19599,0.0989414,-0.00436164,1
2791,939.944,-2098.99,2500.03,0.804454,0.991376,0.97614,0.997379,1.1352,-0.106972,0.00785454,1
2792,1038.8,-2334.66,2828.92,1.34295,0.997226,0.998172,0.997526,0.911117,-0.0751063,0.00987671,1
2793,10279.4,47254.4,-13898.5,1.2801,0.997156,0.994864,0.975681,0.805803,0.0137023,0.00405122,1
2794,299.418,765.008,-726.521,1.3256,0.998873,0.994333,0.999227,0.740525,-0.36242,-0.00738203,1
2795,1948.33,6284.59,-4471.49,0.949979,0.980797,1.02075,1.03783,1.11631,-0.0884594,-0.00413209,1
2796,6527.79,21415.3,-7669,1.13453,1.00206,1.00745,1.00404,0.659361,0.0765174,0.0016412,1
2797,533.932,-1270.17,1396.08,1.06001,1.02152,0.98836,1.0035,1.44774,-0.124019,0.0121883,1
2798,3532.88,-4219.04,8172.03,1.09987,1.00807,1.01125,0.993355,1.35225,-0.0362362,0.00562204,1
2799,1891.3,-3733.55,5403.25,0.919709,1.02198,0.982159,1.00333,0.838746,0.037403,-0.0112147,1
2800,1051.94,2988.19,-2482.05,0.815705,0.968499,1.00727,0.975588,1.20166,0.17981,0.00385831,1
2801,6696.6,-4204.01,13120,1.12677,1.02043,1.00771,1.01493,0.795566,-0.104726,0.000865081,1
2802,1782.06,-3933.94,5490.27,0.909845,1.01657,0.992665,1.01222,1.0554,-0.0465998,0.00936596,1
2803,1930.59,5557.08,-4015.16,1.29941,0.996772,1.01224,1.05448,0.831656,0.113488,0.00331395,1
2804,1472.08,-2830.97,3689.67,1.39202,0.978824,0.995775,0.998369,0.883826,-0.0635429,0.00802776,1
2805,944.089,-2145.63,2541.5,1.0968,1.01298,0.993905,0.984976,0.950995,0.25598,-0.00330913,1
2806,108302,651.194,71772.2,1.25268,1.0009,0.992966,1.05024,0.825727,-0.0266864,0.00034112,1
2807,1035.44,-2367.92,2845.05,1.24774,1.00949,0.999256,0.977908,0.824417,0.0378297,-0.0199946,1
2808,2480.9,6441.53,-4127.23,0.86498,1.00568,0.999554,1.01885,0.998795,0.0818942,0.0036053,1
2809,79025.2,172303,-93322.6,0.894497,1.01517,0.990055,1.00321,1.33043,0.0642066,0.000277795,1
2810,49254,155558,-79591.9,1.18182,0.994046,1.00952,1.05835,1.16112,-0.0157619,-0.00165685,1
2811,387.483,-921.297,985.107,0.738368,1.01736,1.00008,1.03052,0.990713,0.319998,-0.00651234,1
2812,777.664,2106.86,-1832.74,1.32364,1.03906,0.98901,0.974176,1.05842,-0.106949,-0.00987048,1
2813,121757,39128.1,-15127.5,0.793878,1.02812,1.00016,1.0416,0.636232,0.0209296,0.00010294,1
2814,2657.19,-3959.71,6549.78,1.01087,1.0543,0.997436,1.03908,1.46139,-0.0660958,0.00443848,1
2815,125296,57641.1,-24287.1,1.03375,1.02684,0.987614,0.967744,0.948379,-0.00478497,-0.000624334,1
2816,263.138,-634.227,663.597,0.985234,0.990695,0.993411,1.02265,0.835711,0.375629,-0.0080622,1
2817,292.127,764.264,-726.594,0.733168,1.01474,0.997295,1.00578,0.850718,0.193399,0.0140329,1
2818,495.763,-1183.57,1291.36,0.871897,0.983939,0.999451,0.95405,1.00818,-0.115307,0.0134115,1
2819,775.51,-1762.36,2022.89,0.752648,0.954229,0.998856,1.00362,0.956182,0.154173,-0.00623451,1
2820,1122.79,-2362.61,2882.34,1.22264,1.00841,1.00046,0.988231,0.941403,0.0486672,-0.0142688,1
2821,434.955,1132.9,-1049.81,1.24172,0.997714,0.990759,1.05303,0.837116,-0.197791,-0.00924757,1
2822,17923.7,85585.6,-26139.4,0.977552,0.976538,0.992036,0.988969,0.842534,-0.00414157,-0.0105748,1
2823,709.829,-1658.75,1877.83,0.821052,1.05622,1.01495,0.974305,1.11502,-0.0884257,0.0128063,1
2824,240.458,627.212,-602.111,1.29311,0.987687,1.02191,1.02775,0.863462,0.317189,0.00972934,1
2825,77992.9,-61405,140845,0.927473,1.01831,1.00776,0.939921,0.656539,-0.0110893,0.00196209,1
2826,4107.43,-5297.51,9798.43,0.964632,1.01003,0.996084,0.994176,1.11221,0.0538019,-0.0032838,1
2827,1732.78,5561.34,-3961.49,0.849212,0.997797,0.989498,1.00161,0.958909,0.0869056,0.00503517,1
2828,454.587,-1075.61,1163.97,0.870952,1.01508,1.00071,0.945034,0.895203,0.261078,-0.00676576,1
2829,2757.46,-4838.89,7587.71,1.14235,0.993315,0.982908,1.01204,1.32635,0.0278546,-0.00977155,1
2830,3731.69,10210.7,-5838.33,1.2589,0.978614,1.02566,0.973553,1.02847,-0.0866606,-0.00208187,1
2831,3577.95,8899.23,-4846.96,1.10682,1.0005,1.01291,1.02801,0.891032,-0.114365,-0.00169769,1
2832,22711,105997,-39087.7,1.23036,1.02848,1.02762,0.993637,1.01322,0.0159025,0.00244285,1
2833,912.181,2528.38,-2148.54,0.677091,1.00892,0.993401,1.01285,0.905193,-0.0524662,-0.0164506,1
2834,23382.4,-33234.3,89099.5,1.22369,0.979869,0.984128,0.963262,0.907282,0.0110379,-0.00379659,1
2835,181.095,467.466,-453.174,0.958148,0.983858,0.998599,0.987935,1.02949,0.216728,0.0195555,1
2836,1525.02,3997.77,-3045.08,1.19848,1.00242,1.00932,0.954197,0.825844,-0.231842,-0.00214912,1
2837,110165,18872.4,35367.5,0.906814,0.988266,1.00876,0.96502,1.25308,-0.00325217,0.00142093,1
2838,492.793,-1180.65,1287.13,1.29265,0.993345,1.0043,1.02468,1.13607,-0.182486,0.00852262,1
2839,2132.73,-3975.21,6004.19,0.780169,0.962197,1.01445,0.927989,1.09893,0.0872415,-0.00386064,1
2840,861.293,-1966.99,2288.18,1.03851,1.01547,1.01414,0.966802,1.16011,-0.323381,0.00274458,1
2841,562.461,-1333.09,1468.96,1.1626,0.988951,1.02925,0.955247,1.07424,-0.146998,0.0089286,1
2842,2186.21,7168.98,-4643.01,0.849442,0.984972,0.998676,1.01894,0.9531,-0.154119,-0.0021775,1
2843,6401.78,-7722.99,20093,1.19453,0.995582,0.999518,0.972825,0.65848,-0.0384028,0.00348797,1
2844,293.708,-725.3,763.074,1.05241,1.01176,0.999187,0.972109,1.01873,-0.254854,0.0105245,1
2845,344.189,-825.467,875.833,1.2198,1.03176,1.00513,1.00988,1.02369,0.29609,-0.00798187,1
2846,180.011,455.669,-441.91,1.01002,0.975645,1.00075,1.01152,1.10245,-0.219146,-0.0195713,1
2847,78916.2,-45466.8,119277,0.751288,0.986339,1.01414,0.962634,0.881082,0.0179253,-0.0011074,1
2848,2000.13,6632.71,-4655.97,0.860384,0.996381,1.0177,0.988051,1.14528,0.233372,0.00153683,1
2849,550.401,-1305.02,1436.98,0.911156,0.988241,1.01001,0.968099,0.95819,-0.126677,0.0108698,1
2850,747.236,-1711.17,1954.04,1.05557,1.00658,0.993124,0.953709,0.922473,0.120485,-0.00883259,1
2851,298.653,769.059,-730.389,1.07573,0.994426,0.996747,0.975318,1.03362,-0.194545,-0.0135902,1
2852,1479.25,3894.27,-2967.97,1.47467,0.981297,0.991411,0.98148,1.08052,-0.140738,-0.00364066,1
2853,861.372,-1948.45,2270.84,0.864779,1.0351,0.984764,1.01441,0.545818,0.128275,-0.00745109,1
2854,6583.04,16280.4,-6445.33,0.833121,0.989156,1.00705,0.961227,1.01489,-0.0309576,-0.00279047,1
2855,156.73,395.421,-385.123,1.16313,1.01503,1.00489,1.00842,1.05085,-0.322928,-0.0158808,1
2856,497.079,-1172.44,1278.89,0.88506,0.994285,0.99644,1.0303,0.930568,0.208246,-0.00760817,1
2857,209.601,532.116,-513.529,0.909735,0.989713,1.01152,1.00089,0.969771,-0.252158,-0.014628,1
2858,215.962,563.835,-543.34,1.30287,1.00529,1.00588,0.995001,0.785492,0.329362,0.0108708,1
2859,701.44,1892.99,-1669.95,1.16254,1.01978,0.992258,0.957398,1.19353,0.0677922,0.0167959,1
2860,6637.71,16607.7,-6070.77,0.457109,1.01941,0.996647,0.96459,1.0394,-0.0607931,-0.00143444,1
2861,5682.04,15907.9,-5339,1.18313,0.981877,1.01478,0.956364,0.932211,-0.0094556,-0.0115574,1
2862,8514.84,-7933.47,21118.2,1.08238,0.998833,0.983255,0.974348,1.02796,-0.086595,0.000828227,1
2863,6437.14,15786.6,-6043.86,1.15145,1.00981,1.01222,1.01427,0.925894,0.0422194,0.0020896,1
2864,863.43,-1949.51,2271.05,0.736886,1.01885,1.01124,0.973778,1.12264,-0.147436,0.00609021,1
2865,6924.06,-6843.83,19287.1,1.08706,1.00561,1.00653,0.983253,0.991441,0.0654722,-0.00191968,1
2866,285.763,-704.153,739.635,1.03366,0.99755,1.01007,1.01444,0.690839,-0.256281,0.0104421,1
2867,830.455,-1916.15,2223.01,0.847489,1.01352,1.00364,0.959225,0.932461,-0.209579,0.00446933,1
2868,349.084,-857.256,910.656,1.09862,1.01118,1.00493,1.02356,0.864606,-0.289435,0.00770986,1
2869,1348.93,-3058.47,3930.15,0.957915,0.971638,0.986898,0.977258,0.856241,0.0316779,-0.0177838,1
2870,2479.9,6489.78,-4216.9,1.05414,1.00104,1.00432,1.00141,1.00579,0.14165,0.00205845,1
2871,995.209,2725.9,-2286.41,1.23103,1.00894,0.996966,1.01449,0.89957,0.0718601,0.0108726,1
2872,117016,32512.9,-11713.2,0.912501,1.00321,0.99336,1.02603,1.10933,-0.00192078,-0.000971857,1
2873,298.433,769.873,-731.242,1.15454,0.99857,0.998873,1.02436,0.970103,-0.143439,-0.0184256,1
2874,447.366,1166.69,-1079.6,1.06982,0.999991,1.00737,0.974029,0.813856,-0.21401,-0.00815616,1
2875,397.456,-951.792,1019.47,0.979416,0.995552,1.00733,0.997848,1.24318,0.150781,-0.012969,1
2876,99475.8,-23118.8,99925.7,0.724167,0.992285,0.989261,0.981906,1.02365,-0.184422,7.37718e-05,1
2877,3532.32,8914.4,-4762.9,1.30009,0.998533,1.00125,1.03001,0.738616,0.0306181,0.00646532,1
2878,1417.52,4029.71,-3071.23,0.962698,0.996602,1.00745,0.989816,1.05408,0.158028,0.00332607,1
2879,1883.7,5643.05,-4098.86,0.802973,0.973277,1.01691,0.973434,1.10141,-0.0512348,-0.00739225,1
2880,358.245,926.785,-870.778,1.28304,1.01907,0.993444,0.975029,0.975806,-0.198751,-0.0114058,1
2881,5030.69,20285,-8655.14,0.80272,1.01878,0.982335,1.02279,0.978322,-0.0705477,-0.00207456,1
2882,2207.95,-4764.39,7063.37,0.99378,1.02037,1.00106,1.05934,0.74688,-0.0617719,0.00557575,1
2883,2101.95,7340.16,-4902.03,1.1655,0.985773,1.00258,0.963893,1.15532,-0.0242887,-0.0143199,1
2884,2963.59,10524.2,-6239.32,1.39038,1.02537,0.989854,0.986124,0.867029,0.0944779,0.00265902,1
2885,5547.77,15387.5,-5089.99,0.775621,0.97265,0.99398,1.02615,0.862593,0.056083,0.0019445,1
2886,2398.66,6307.26,-4182.52,1.13299,0.969566,0.995499,1.05561,1.19948,0.105106,0.00282013,1
2887,2767.48,8504.25,-5369.4,0.966402,1.01455,0.99582,0.934854,0.995205,0.176509,0.00150805,1
2888,6108.66,15876.8,-5393.62,1.02298,1.01508,0.998079,0.943788,0.741369,0.297109,0.000318279,1
2889,4853.33,19566.8,-8621.82,1.14379,0.987141,1.00155,0.98345,0.872333,-0.0145789,-0.0102016,1
2890,2372.94,-4589.99,7254.06,1.29081,1.02529,1.00349,0.990719,1.13261,0.0604194,-0.00533905,1
2891,2765.38,-4794.39,7475.96,0.947574,1.00774,0.997542,0.983413,0.858894,-0.0309329,0.0087353,1
2892,105186,-11797.3,86709.4,0.98674,1.01071,1.01346,0.984819,0.963465,0.073307,-0.000149655,1
2893,7213.85,-4855.07,14271.5,0.647472,1.03565,1.00699,0.99631,1.17073,0.0439722,-0.00192261,1
2894,589.271,-1391.26,1543.1,1.022,1.01629,0.999082,0.992813,0.973894,-0.106633,0.0125946,1
2895,546.796,-1288.5,1417.86,1.06267,0.995747,1.00286,0.990703,1.16972,0.0963583,-0.0147689,1
2896,1952.95,5283.74,-3765.38,0.896887,0.999979,0.990921,1.00001,1.19601,0.0459853,0.00839696,1
2897,6386.17,18633.8,-6018.76,0.878851,0.996815,0.995611,1.00615,0.961589,-0.0281966,-0.00409805,1
2898,1032.59,-2357.39,2841.5,1.17553,0.998373,0.998369,0.946772,0.92212,0.117768,-0.00640247,1
2899,100885,-12859,88887.7,0.853721,0.984925,0.997042,0.959152,0.731647,0.0155929,-0.000770373,1
2900,6286.82,-3792.08,13004.7,1.11961,1.0296,1.01752,1.0063,0.904679,-0.194569,0.000494197,1
2901,87133.3,162665,-86455.1,0.91915,1.00251,0.983527,0.999321,0.925616,-0.0546538,-0.000278154,1
2902,1032,-2185.13,2635.5,1.08301,0.97885,1.00623,1.04824,1.31336,0.309251,-0.00237526,1
2903,117132,13736,18038,1.11847,1.01018,1.01172,0.972295,1.04647,0.000198019,-0.00962375,1
2904,1025.57,-2327.34,2812.01,1.0112,0.990004,0.993264,0.982539,1.37877,-0.060463,0.0124319,1
2905,1394.47,-2905.42,3691.83,1.26432,1.03496,1.00255,0.990731,0.988752,-0.155639,0.0036246,1
2906,2403.16,-3811.29,6099.9,1.01324,0.992275,0.985239,0.973646,1.22736,0.0418671,-0.00753286,1
2907,1282.39,3713.52,-2968.73,1.00747,0.986162,1.00763,0.938026,0.889175,0.109497,0.00528933,1
2908,424.678,1118.68,-1038.12,1.03379,0.982649,0.99515,0.994318,0.838116,0.114366,0.0158353,1
2909,497.698,1310.43,-1201.53,0.87962,1.03578,1.00737,0.973283,1.01189,-0.109813,-0.0147239,1
2910,1620.18,4788.47,-3622.85,1.20384,1.01572,1.00724,1.00752,1.14583,0.244837,0.00189534,1
2911,317.676,-764.336,807.616,0.796863,1.00364,0.988589,0.993913,0.709109,0.252823,-0.0100632,1
2912,540.534,1424.12,-1295.09,1.07181,1.00149,0.996884,0.988708,0.984343,-0.164781,-0.0088654,1
2913,42553.5,149187,-73073.6,1.06012,0.987241,0.998155,0.987165,1.15457,-0.0193673,-0.00151518,1
2914,428.416,1123.88,-1042.8,0.713547,1.04103,0.995448,1.02356,0.824695,-0.121385,-0.0158178,1
2915,67367.9,165631,-87125,1.1553,0.985502,0.997093,0.957397,1.44278,-0.0510526,-0.000401953,1
2916,923.035,2612.05,-2207.83,1.02418,1.0093,0.987123,0.9906,0.764069,0.204983,0.00415332,1
2917,1152.15,-2432.58,2979.76,0.39175,1.02118,0.998548,1.00519,1.21798,-0.0771364,0.00885123,1
2918,539.678,1426.72,-1297.7,1.10587,0.956576,1.00625,1.06592,1.14577,-0.0528334,-0.0258628,1
2919,234.323,604.769,-581.066,1.02369,0.98974,1.01271,1.02556,1.2213,0.104892,0.0309249,1
2920,1783.72,-3216.79,4526.07,0.665535,0.981786,0.993279,1.02227,0.928626,0.0250804,-0.0167982,1
2921,4047.01,-4942.64,9222.86,0.671175,1.01422,0.991089,1.03701,0.929478,0.0467785,-0.00385267,1
2922,3728.6,-4229.31,8223.74,0.963102,1.01216,0.998788,0.983061,0.923449,0.0281261,-0.00696417,1
2923,1589.6,-2931.61,3897.51,1.08349,1.01481,1.00043,0.994441,1.10792,0.370723,-0.0013336,1
2924,455.654,-1072.19,1160.3,1.09961,0.981189,1.00914,1.01711,1.14735,0.325204,-0.00518155,1
2925,1778.66,-3231.19,4515.59,1.18543,0.993001,1.01278,0.994866,0.92238,-0.0823748,0.00504394,1
2926,3281.46,-5385.88,9962.36,1.21145,0.985062,0.99719,1.01365,1.17498,0.111315,-0.00208031,1
2927,839.511,-1898.68,2207.47,1.10061,0.996342,0.994495,1.01169,1.32313,-0.11332,0.00815304,1
2928,1784.14,-3513.6,4967.18,1.02208,0.999382,0.996765,0.989462,1.15074,-0.098701,0.0043136,1
2929,90746.5,-33983.5,112357,1.00162,0.98044,0.983904,1.01525,1.12762,0.126835,-0.000128871,1
2930,1560.74,4322.82,-3296.04,0.749922,0.986557,0.991053,0.978964,0.973029,-0.139465,-0.00349455,1
2931,685.326,1836.86,-1623.63,1.24015,0.987095,0.978419,1.01465,1.08239,-0.0815583,-0.0141607,1
2932,110355,20686.5,31349.7,0.995769,0.980227,0.989069,1.02811,0.888743,0.0406252,-0.000103324,1
2933,304.932,786.139,-746.045,0.973486,1.00167,1.00629,1.02904,0.808416,-0.165316,-0.0155512,1
2934,4284.32,13948.2,-7161.93,0.826072,1.01457,0.990602,0.99445,1.12185,-0.0259623,-0.00630503,1
2935,193.714,-482.142,498.447,0.589154,0.968113,0.997636,1.00045,1.06782,-0.245917,0.0158439,1
2936,2129.73,5853.56,-4046.71,0.592701,1.03409,0.975673,1.01309,1.06797,0.0525326,0.00706523,1
2937,817.591,-1872.85,2166.36,1.09568,1.02085,0.991727,0.98285,0.798336,-0.112452,0.00868842,1
2938,738.413,-1686.55,1919.94,0.922035,1.02096,1.00708,0.99237,0.976647,0.208529,-0.00515655,1
2939,349.47,-840.518,893.254,0.723263,1.00451,0.987382,0.9401,0.852566,0.18232,-0.012681,1
2940,228.883,-567.322,590.259,0.925472,1.01006,0.9858,1.02521,1.55361,-0.187939,0.0186793,1
2941,4724.25,-7259.22,14879.7,0.810031,1.03725,0.988826,0.966321,1.16714,-0.063119,0.00246061,1
2942,536.315,-1258.81,1382.64,0.628714,0.998441,0.997126,0.96855,0.707484,0.222847,-0.00661647,1
2943,386.26,-920.7,984.961,0.691971,0.992355,0.985615,0.962453,1.08384,0.294924,-0.00704741,1
2944,494.674,1320.52,-1209.33,0.970272,0.964041,0.988877,1.05583,0.633861,0.295386,0.00514565,1
2945,1372.45,-3129.08,4030.2,1.04022,0.99149,0.996796,1.03831,1.23937,-0.16052,0.00343929,1
2946,4344.76,-7333.38,14333.5,0.990549,0.977174,1.01757,1.00437,1.27571,0.147096,-0.00108502,1
2947,656.233,-1526.87,1716.69,0.626063,0.969892,0.989302,1.0069,0.970273,-0.066743,0.0174411,1
2948,1885.29,-3330.55,4636.39,0.828366,0.989656,0.997148,1.00645,0.531615,-0.0832197,0.0047754,1
2949,1624.97,5017.35,-3650.02,1.06962,0.967341,1.00371,0.933283,0.77357,0.0688229,0.00647971,1
2950,616.723,1653.08,-1482.46,1.18073,1.02027,0.9998,1.00839,1.14062,0.112495,0.0113952,1
2951,1375.76,-3121.68,3963.25,1.12194,1.01773,1.02146,0.996918,1.20523,-0.075984,0.00724366,1
2952,6776.9,16830.5,-6387.96,0.9367,1.01673,0.996218,1.00434,0.995373,-0.00771424,-0.0109926,1
2953,475.414,-1128.13,1226.28,0.977509,0.985133,0.994746,0.949458,0.720369,0.13815,-0.0118901,1
2954,2911.26,-5593.31,9141.48,0.941506,1.00614,0.987178,1.02968,1.05138,-0.0380728,0.0067624,1
2955,1969.79,-3587.75,4995.27,0.847664,0.998313,1.00099,1.01609,0.758939,0.0988019,-0.00388256,1
2956,116794,69726.3,-32154.6,1.36756,1.00879,0.994315,0.98693,1.07936,0.00341584,0.00117866,1
2957,8485.5,-8735.09,22480.6,1.23908,0.976768,1.01054,0.966504,0.837048,0.022707,-0.00308765,1
2958,515.589,1373.9,-1255.35,0.957642,1.01718,1.00467,0.96503,1.21999,0.148659,0.0102354,1
2959,7389.25,19921.4,-8153.16,0.963197,0.993001,0.993484,1.07777,1.37873,0.00866133,0.00878879,1
2960,7754.47,22081.7,-8672.86,1.3104,1.01761,0.997724,0.971904,0.95874,0.0151233,0.00484056,1
2961,3168.41,11337.9,-6261.53,1.12411,1.00054,1.01357,1.04549,1.09517,-0.137854,-0.00169723,1
2962,54576,-59822.8,131142,1.33096,0.973248,0.991741,0.991322,0.989719,0.0294939,-0.000959353,1
2963,5016.84,19690.6,-8575.27,0.86993,0.962052,1.01619,0.966026,0.78107,-0.00923847,-0.0158718,1
2964,1488.17,4072.6,-3062.37,1.09746,0.999309,0.984111,1.00346,1.24595,0.312911,0.00163951,1
2965,2822.98,-5536.86,8896.52,1.12496,0.992655,1.00645,1.0273,0.608332,0.271089,-0.000956452,1
2966,1118.54,-2347.53,2875.21,0.84145,1.00781,0.990988,0.99423,0.827465,-0.0375715,0.0187095,1
2967,117496,11676.7,50858,0.957227,1.02354,1.00112,1.04738,0.829094,0.001203,-0.00468007,1
2968,559.677,1482.97,-1344.32,1.21927,1.00585,1.00261,0.942809,1.15389,-0.0881741,-0.0159038,1
2969,1534.23,4081.43,-3082.5,1.12049,1.01232,1.00222,0.963008,0.976344,0.0682895,0.00729306,1
2970,2035.79,6870.54,-4747.14,1.12546,0.988922,1.00781,1.06008,1.14952,-0.0337429,-0.0105675,1
2971,77017.2,-64152.8,145033,0.921043,1.02377,0.989091,1.00542,0.498528,0.103366,-0.000217748,1
2972,6293.52,21929.3,-8022.92,1.26803,0.982448,0.992181,0.962406,1.04695,0.012759,0.01037,1
2973,3381.95,11832.3,-6181.51,0.959241,1.00902,0.991931,0.98122,1.10466,0.0731101,0.00311181,1
2974,337.662,871.612,-822.319,0.981887,0.966529,1.00762,1.00528,0.994836,-0.14252,-0.0156269,1
2975,3588.69,-4236.41,8263.7,1.02402,1.01354,1.01078,0.963079,0.837489,-0.0178178,0.0113217,1
2976,514.596,-1217.88,1333.1,0.980155,0.992871,0.994563,1.01969,0.913571,0.0763499,-0.0199571,1
2977,3105.62,-5950.42,10485.5,1.13342,0.99459,1.00533,1.03039,0.889201,-0.113084,0.00211988,1
2978,1293.64,-2835.36,3563.89,0.997631,0.962444,0.976304,0.981286,0.887723,0.0921933,-0.0064227,1
2979,1707.34,-3313.94,4619.26,0.58082,0.968633,0.992647,1.00463,1.33637,0.132026,-0.00331313,1
2980,3246.46,-5960.46,10763.3,1.49144,1.00494,1.00088,1.04044,0.849203,-0.0139653,0.0168682,1
2981,6413.56,-4110.32,14434.1,0.733757,0.993734,0.992806,0.987359,1.43853,-0.150397,0.000739253,1
2982,4025.12,-5025.23,9278.14,1.0159,1.01205,0.996941,1.03951,0.870886,-0.0335979,0.00534183,1
2983,906.754,2489.61,-2122.83,0.831037,1.03239,1.00969,0.979317,0.757859,0.171468,0.00502983,1
2984,2380.77,6622.72,-4157.38,0.728516,1.00299,0.994733,1.01102,0.833632,0.0215773,0.0144189,1
2985,127.317,320.687,-313.872,1.05805,0.994987,0.999215,1.01404,0.956168,-0.299078,-0.0208314,1
2986,340.954,-816.026,864.924,1.05952,0.99178,1.0195,1.03528,1.15084,0.266338,-0.00843005,1
2987,6745.72,16769.2,-6498.21,0.761315,0.99949,0.994313,0.985345,0.808858,-0.0110268,-0.00771167,1
2988,2367.09,-4384.43,6972.81,0.565507,1.01079,0.990132,1.01099,0.949945,0.0424072,-0.00763168,1
2989,13520.5,64891.6,-18114.2,1.12025,0.996541,0.98967,0.998286,1.20779,0.00791652,0.00617136,1
2990,571.637,-1337.42,1478.35,0.903794,1.00088,0.998134,0.986713,0.871637,0.18286,-0.00755416,1
2991,201.298,-499.575,516.98,1.09819,0.98875,1.01234,0.996361,0.85274,-0.227998,0.016499,1
2992,610.659,1612.49,-1448.26,1.30524,0.984971,1.00675,1.00902,0.938396,-0.216759,-0.00578488,1
2993,3628.02,-5206.22,10401.3,0.860624,1.02088,0.981798,0.987953,0.45973,-0.0677548,0.00322086,1
2994,2320.86,5974.04,-3958.55,1.39275,0.97787,1.01543,1.03233,1.19986,0.028943,0.010487,1
2995,1101.98,3102.45,-2557.14,1.0176,0.985061,1.00396,0.934498,0.882075,-0.039297,-0.0174203,1
2996,6978.27,17763.2,-7097.13,1.01092,1.00535,1.00911,0.971124,0.690977,-0.126422,-0.000644417,1
2997,2097.66,-3870.65,5797.79,0.963491,0.951977,1.01366,1.01354,1.31682,0.192561,-0.00176642,1
2998,2406.06,-4200.61,6720.5,1.27848,1.01597,1.00018,0.973131,0.876799,0.0949112,-0.00334127,1
2999,1958.38,-3562.45,4964,0.728225,0.997787,0.999011,0.968199,1.44995,-0.0512513,0.00752184,1
3000,578.018,-1352.93,1497.85,1.00187,1.0213,0.995101,1.03335,0.99202,0.119038,-0.0117176,1
3001,3682.25,9486.96,-5254.67,0.748866,0.971888,0.984851,1.00872,1.01385,-0.0204849,-0.00923787,1
3002,2890.04,9493.69,-5834.26,1.25674,1.03459,0.996864,1.0124,0.951805,0.273983,0.000932527,1
3003,5686.84,-8294.66,20093.2,1.11812,1.02091,0.987927,0.985726,1.07753,-0.0529416,0.00266478,1
3004,3155.23,10589.4,-6204.26,0.831645,1.06632,0.987759,0.957237,1.35577,-0.0423991,-0.00582059,1
3005,744.08,1995.24,-1746.24,0.87441,1.01247,0.987872,1.06793,1.10863,-0.104295,-0.0103145,1
3006,103454,33447.2,-14791,0.72926,0.969033,1.01621,1.02838,1.05927,0.137383,1.60914e-05,1
3007,497.646,-1190.83,1299.01,0.94267,0.996682,1.00652,0.999471,1.0515,-0.140844,0.0109621,1
3008,2395.24,-4430.53,7043.53,1.12832,1.0289,1.00718,1.00185,1.18228,-0.0583985,0.00543226,1
3009,310.987,-760.662,802.943,0.949951,1.01513,0.989281,0.97997,0.808732,-0.109477,0.0236554,1
3010,29273.5,129457,-53033.2,1.08029,1.01088,0.97336,1.00426,0.810383,0.238462,0.000149471,1
3011,1521.04,4174.44,-3202.62,0.886238,0.980624,0.993924,1.00347,1.52743,-0.0461726,-0.0106741,1
3012,810.643,-1857.76,2153.84,1.23828,0.983676,0.970974,1.04174,0.957561,-0.0850306,0.0114775,1
3013,3447.46,-4236.87,8160.36,0.87301,0.995335,1.00773,0.971151,1.14575,-0.0261848,0.00796353,1
3014,7212.11,-5704.24,14757.5,1.25836,0.99956,1.02249,0.985741,0.79329,0.0103564,-0.00798369,1
3015,4572.64,-7116.11,14398.9,1.03466,1.00967,0.978154,1.03485,0.812292,-0.115439,0.00137425,1
3016,1504.59,4021.31,-3081.93,0.776656,0.995956,1.00595,0.982574,1.41635,0.0917572,0.00540679,1
3017,6364.66,15417.7,-6111.9,1.06292,0.972032,0.99997,1.00033,0.831539,-0.0364617,-0.00245132,1
3018,112478,14947.4,-3892.88,0.59579,0.977156,0.995659,0.944203,0.692624,-0.0127405,-5.38551e-05,1
3019,825.587,2258.87,-1945.35,1.25536,1.03203,0.982985,0.993541,1.20482,0.208983,0.00469455,1
3020,573.034,-1338.91,1482.14,0.821563,0.975126,0.989276,1.04311,0.955166,0.132026,-0.0102498,1
3021,1173.96,-2700.64,3331.02,0.714492,1.00423,1.00502,0.981528,1.10303,-0.0841518,0.00776279,1
3022,716.911,1935.56,-1701.22,0.780455,1.00466,0.982123,0.989354,1.05273,0.0513591,0.0216504,1
3023,2364.46,-3632,5668.59,1.04077,0.974918,0.987748,1.00466,0.825475,-0.0853621,0.00365123,1
3024,1932.86,6190.59,-4404.56,1.25543,0.971508,1.00279,1.05257,0.852809,0.0800905,0.00463139,1
3025,3551.61,-4207.45,8296.46,1.23475,1.0104,0.998711,1.05701,0.960987,-0.0225952,0.00905861,1
3026,306.895,-740.54,781.016,1.17093,0.98851,0.991132,0.987731,0.791766,0.23252,-0.011108,1
3027,821.449,2242.02,-1935.89,0.95263,1.03474,0.996131,1.0001,1.11083,0.165081,0.00589611,1
3028,442.714,1173.14,-1085.59,1.10464,1.00877,0.997304,0.994548,0.952868,0.161431,0.0110019,1
3029,431.547,1140.5,-1057.97,0.96346,1.02134,1.00357,1.06613,0.920382,0.167775,0.0108956,1
3030,3658.11,-4284.48,7991.48,1.35134,0.984719,1.00007,0.949132,1.06493,0.0191208,-0.0102792,1
3031,390.12,-948.749,1015.55,1.27946,0.992502,1.00271,0.985053,1.14837,-0.229647,0.00857128,1
3032,974.821,2623.92,-2209.87,1.14317,1.0019,1.00291,1.0256,1.46698,-0.128742,-0.00615651,1
3033,1594.57,-2998.55,3975.4,1.15879,1.01302,0.995032,1.00013,0.970964,0.0778068,-0.00629308,1
3034,547.961,1457.36,-1322.02,1.25158,0.978543,0.992159,1.00179,0.935717,0.0767062,0.0182602,1
3035,2103.2,6501.83,-4538.32,1.21202,1.01959,1.00368,1.03512,1.00084,-0.0622921,-0.00576195,1
3036,326.091,-795.363,841.719,1.10451,1.00054,0.993799,1.03977,0.838087,-0.075288,0.0321472,1
3037,475.344,1240.93,-1141.66,1.13971,1.00163,0.991613,1.02901,0.846823,-0.22231,-0.00755231,1
3038,164.074,-399.16,410.442,1.17357,0.97455,1.00078,0.985132,0.879141,0.324192,-0.014574,1
3039,485.416,-1161.76,1266.71,0.873298,0.981184,0.97827,1.01312,1.25014,-0.123931,0.013068,1
3040,1341.59,3969.73,-3127.3,0.983704,0.990363,0.992158,1.00491,1.09436,-0.0776546,-0.00734266,1
3041,3821.84,11003.4,-6174.55,1.24604,0.97625,1.01187,0.960616,1.47593,0.0354495,0.00500047,1
3042,562.58,-1341.66,1481.27,1.06264,1.03038,1.00009,0.998543,1.10491,-0.264079,0.00536196,1
3043,1381.29,3819.32,-2939.77,1.02755,0.981105,1.01376,1.02943,0.845989,-0.101252,-0.00525089,1
3044,361.715,-879.328,936.459,0.968821,1.02812,0.995871,0.995154,0.986272,-0.102681,0.0217485,1
3045,185.143,470.321,-455.704,1.16068,1.02512,0.996614,1.0177,0.968303,-0.2422,-0.0182332,1
3046,7917.9,-6206.74,17072.1,1.4325,1.02726,0.991021,0.963428,1.13251,0.00624426,-0.0124454,1
3047,2539.81,6693.27,-4141.84,1.56111,1.01172,0.979907,0.991827,0.93867,-0.0363136,-0.00825322,1
3048,255.845,665.301,-636.647,0.863195,1.01635,0.99906,0.958464,0.83122,0.128675,0.0241572,1
3049,752.849,-1738.38,1984.8,0.955538,0.997289,1.01276,1.01544,1.19156,-0.0913491,0.0110447,1
3050,83611.4,158942,-85130.4,1.40744,1.00916,1.01192,0.978606,0.405474,-0.0245331,-0.000634743,1
3051,721.023,1944.86,-1712.35,1.02349,0.994694,1.01423,1.02447,1.18357,0.0685448,0.0152603,1
3052,2292.39,-3545.09,5352.39,1.17952,0.9604,1.01045,1.01595,0.915318,0.106401,-0.00293546,1
3053,107901,72438.3,-32605.4,1.0181,0.981152,0.996856,0.996314,0.649331,-0.0015524,-0.00294629,1
3054,335.86,-824.89,874.122,0.717001,1.00063,1.01161,1.00316,1.16521,-0.305541,0.0074397,1
3055,1204.74,-2492.14,3116.4,0.978398,0.98209,0.997023,0.985834,0.80091,-0.17053,0.00367034,1
3056,2473.64,6508.72,-4271.15,1.28255,0.989876,1.00581,0.989074,0.985127,-0.031065,-0.00936731,1
3057,765.463,2067.46,-1800.37,0.860723,0.992032,0.979136,0.98043,0.968845,-0.0658338,-0.0157391,1
3058,3166.67,9612.25,-5157.27,1.19664,0.991053,1.01854,0.984629,1.25788,0.181491,0.00119891,1
3059,337.094,884.458,-834.207,0.824312,1.02519,0.998825,1.05601,1.06153,0.195124,0.0121334,1
3060,909.057,-2026.2,2386.24,1.14128,0.994308,1.01237,0.999146,1.27988,0.0634657,-0.0131741,1
3061,735.978,1998.72,-1748.75,0.897797,0.97773,0.980096,1.02433,1.32081,0.131455,0.00799438,1
3062,765.035,2053.24,-1787.71,1.25627,1.00105,0.976455,0.942266,1.158,-0.205868,-0.00513566,1
3063,8328.58,26575.1,-9921.53,0.660981,1.01924,0.996267,0.942788,0.868917,-0.0279337,-0.00243526,1
3064,6706.84,-4142.34,13107.7,0.883324,1.00418,0.992714,0.981281,1.03902,0.0263355,-0.00347968,1
3065,1870.96,4952.43,-3506.92,1.13893,1.00435,0.999049,0.984578,1.05444,0.109687,0.00365533,1
3066,2717.11,-5237.12,8205.25,1.32859,0.980986,1.00369,0.986532,1.28739,0.00855545,-0.031197,1
3067,7402.48,-5214.42,14845.6,1.26351,1.02987,0.999184,1.01728,1.16772,0.0237365,-0.00347678,1
3068,274.293,-664.628,696.765,0.844645,1.01767,0.994983,1.01574,1.06716,0.204196,-0.0144883,1
3069,86243.5,135218,-68483.5,0.799678,0.962342,0.995611,0.946798,0.84878,0.00926334,0.00139324,1
3070,2230.55,7849.94,-5085.57,1.20676,1.00896,0.993839,0.994782,0.830713,-0.0210196,-0.0160671,1
3071,1685.19,-3789.93,5153.11,0.955294,0.996257,0.996371,0.985917,0.934474,-0.0428763,0.0105367,1
3072,917.728,2543.54,-2153.22,1.18097,1.00079,0.996039,1.03414,0.792845,-0.159341,-0.00534094,1
3073,4720.02,-7421.37,15299.6,0.725033,1.03063,0.992483,0.988589,1.18568,0.0102099,-0.0151103,1
3074,1006.27,-2246.71,2678.54,1.1957,1.00278,0.998711,1.00703,0.692303,0.129495,-0.00599444,1
3075,3975.29,10764.4,-5827.55,0.61948,1.01584,0.99972,0.959354,0.971641,0.0224708,0.00787567,1
3076,41099,-55538.7,121227,1.05789,0.979926,1.00449,0.947001,1.14501,0.181554,-0.000182824,1
3077,6270.73,-7616.19,19678.2,0.993391,0.980895,0.991051,0.983034,1.37969,-0.0465759,0.00291886,1
3078,1638.79,-3696.35,4988.55,0.987201,0.986961,1.01018,0.986377,0.978169,-0.0274313,0.0164919,1
3079,32361.6,-48728,111296,0.880936,1.00124,1.00456,0.980105,0.646478,0.00495336,-0.00737297,1
3080,9034.98,-9410.7,25589.1,0.456087,0.994487,0.990603,0.939284,0.986943,-0.290761,0.000229994,1
3081,1660.56,5168.99,-3846.99,0.945323,1.00252,0.998147,1.00403,0.731706,-0.116645,-0.00393475,1
3082,2085.8,7128.33,-4749.82,0.884128,0.978833,1.00744,1.02024,0.69292,-0.0544135,-0.00633624,1
3083,1599.11,-3141.95,4118.56,0.935491,1.01505,1.01137,1.02368,0.708083,0.0348373,-0.0137057,1
3084,5232.17,20310.5,-8704.56,0.771997,0.985815,1.02151,1.01257,0.835988,-0.0198524,-0.00718434,1
3085,3040.63,11332.5,-6394.01,1.18829,0.995052,1.01329,0.999085,0.840093,-0.024861,-0.00964297,1
3086,697.847,-1607.41,1815.37,1.35962,0.986315,1.02257,1.00619,0.879082,0.0814477,-0.0131436,1
3087,1815.52,5645.06,-3947.45,0.979749,1.01646,0.99179,1.01574,1.05492,0.0599142,0.00706885,1
3088,2738.76,8850.92,-5572.44,0.672411,0.998511,0.998683,0.991541,0.943013,-0.0192944,-0.0137239,1
3089,498.564,1324.74,-1213.74,0.905984,0.973458,1.0052,0.992141,0.894604,0.183798,0.00815364,1
3090,1113.02,3145.42,-2581.43,0.558967,0.985479,0.988215,1.00697,0.782267,0.131493,0.0052141,1
3091,304.366,782.251,-742.2,0.973811,0.977965,1.00243,0.993832,0.707732,-0.158603,-0.0159184,1
3092,486.911,-1151.59,1254.58,1.17658,0.978946,0.994162,0.972628,1.10799,0.142923,-0.0111524,1
3093,618.262,1640.3,-1471.73,0.725632,0.961587,1.01285,1.03449,0.982023,-0.118381,-0.0100542,1
3094,2125.84,-4586.81,6672.83,1.39422,1.00133,1.00034,0.953923,1.33127,-0.0433597,0.00818136,1
3095,34986.6,137023,-62005,1.2947,0.98703,0.98734,1.03301,0.974411,0.00547722,0.00595746,1
3096,542.899,-1277.49,1405.34,0.638584,1.02127,0.994846,1.01268,1.25769,0.110588,-0.0134434,1
3097,341.936,882.625,-831.995,0.919941,0.985519,1.00637,0.998681,0.841168,-0.164466,-0.0136941,1
3098,1206.6,3372.2,-2684.88,1.03758,0.995812,1.00264,0.997443,0.940502,-0.0564309,-0.0111791,1
3099,2356.62,6565.78,-4143.6,1.08708,1.00019,0.998422,1.02761,1.20225,-0.0470426,-0.00664922,1
3100,449.354,1171.37,-1082.99,1.08515,0.976662,1.00409,0.981641,0.958762,-0.144126,-0.0117759,1
3101,958.23,-2138.91,2533.46,0.91405,0.983936,0.991237,1.05358,0.889583,-0.101635,0.00786843,1
3102,1533.28,-2941.58,3850.23,1.15783,1.0002,1.00401,1.00831,0.883857,-0.0456052,0.010851,1
3103,5694.57,21303.2,-8667.1,1.16028,0.996091,1.02021,1.01717,1.04702,0.0231486,0.00592468,1
3104,399.673,1058.62,-987.831,0.997057,1.02883,1.00957,0.983687,1.16878,0.265599,0.00741098,1
3105,348.901,915.977,-862.664,1.34058,1.01257,1.01571,0.965959,0.976003,0.145887,0.0151782,1
3106,1204.53,3446.79,-2732.72,1.23628,0.992492,0.983582,1.0471,1.08834,0.298868,0.00212431,1
3107,108022,104718,-49221,0.891395,1.00146,1.0016,0.959414,0.985227,-0.0735297,-9.77385e-05,1
3108,11519.3,-13318.1,43274.5,0.772764,1.04568,0.984675,1.0004,0.731437,0.0110954,-0.00488447,1
3109,279.446,731.915,-697.361,1.129,0.96189,1.00381,1.02208,0.894731,0.262589,0.0100847,1
3110,1328.13,3852.65,-3041.95,0.937553,0.987491,0.979355,1.00179,0.871111,0.128433,0.00450994,1
3111,1277.76,-2685.7,3414.31,1.34402,1.02232,1.00315,0.926937,0.765153,-0.141673,0.00431376,1
3112,1184.55,3230.06,-2619.52,0.848071,1.0335,0.995351,0.980837,1.118,0.104842,0.00639205,1
3113,51032.3,-60937.3,130263,0.927628,0.98992,0.998516,1.02113,1.32912,0.0659519,-0.000445395,1
3114,197.128,-490.538,507.269,1.21311,1.00451,1.01221,0.996276,1.13397,-0.2171,0.0180067,1
3115,37278.4,143945,-67721,1.03027,1.00733,0.999455,0.949122,1.17766,0.00410756,0.00776931,1
3116,380.437,-910.763,974.022,0.736094,0.96953,0.97896,0.974348,0.89677,0.156531,-0.0132073,1
3117,347.505,-855.224,909.542,0.701503,1.0059,0.971731,1.06026,0.976705,-0.381059,0.00609489,1
3118,1494.93,4004.96,-3065.07,1.19106,0.990417,0.999176,0.949858,1.10848,0.153271,0.00326499,1
3119,440.489,1152.7,-1067.59,1.24777,1.04093,1.00085,0.998857,0.513841,-0.198486,-0.00937044,1
3120,3684.37,9280.22,-4957.77,0.893765,1.00661,0.998169,0.993139,1.04018,-0.022082,-0.0086756,1
3121,569.678,1521.96,-1376.75,0.972462,0.99638,1.00653,0.989674,1.27915,0.103649,0.0129732,1
3122,1889.88,-3275.15,4602.76,0.949005,0.98692,0.989697,0.951567,0.713658,0.0803685,-0.00501593,1
3123,1534.83,-3033.22,3938.11,1.19362,0.990292,1.01138,0.9703,1.21359,0.173517,-0.00282154,1
3124,813.465,2225.59,-1921.14,0.700377,0.996602,0.993905,0.997214,1.13981,0.109143,0.00871748,1
3125,769.079,2105.03,-1833.47,0.929095,1.03877,0.992651,1.01426,1.00824,0.196788,0.00532626,1
3126,2003.83,-3724.62,5200.45,1.18844,1.00294,1.00343,0.985431,1.36872,0.106789,-0.00354124,1
3127,4492.63,-7513.3,14964.2,0.838414,1.00217,1.01828,0.998904,1.00182,-0.0227917,0.00683582,1
3128,15238.9,-19627.4,61587.2,0.905551,0.974882,0.985883,1.03059,0.801846,-0.0414456,0.00117127,1
3129,3252.57,10642.4,-5621.48,1.09806,0.984665,0.994968,0.990367,0.859804,-0.132694,-0.00171236,1
3130,540.238,-1268.13,1394.12,1.0019,1.00297,0.994821,1.05006,1.43656,0.167718,-0.00876359,1
3131,362.761,954.941,-897.252,0.669419,1.01081,1.02081,0.980166,1.17174,0.201044,0.0104725,1
3132,666.577,1784.58,-1585.04,0.936119,0.99064,0.995826,1.04025,0.988939,-0.0438236,-0.0265158,1
3133,7084.33,18117.3,-7131.57,1.27172,1.01306,0.997707,0.993936,1.39327,-0.00313727,-0.0257032,1
3134,109857,167751,-92090.5,1.11013,1.06064,0.984983,1.0249,0.839019,-0.00383675,-0.00301793,1
3135,2864.99,-5590.14,9083.79,0.99441,0.997624,0.994092,1.06266,0.787201,0.0888718,-0.00290238,1
3136,6024.47,-3677.73,12497.5,1.01359,0.992247,1.00511,0.98383,1.08532,-0.060046,0.00168104,1
3137,402.097,1059.54,-988.024,1.44466,0.976416,1.00893,1.02787,1.1668,0.203494,0.00912518,1
3138,99640.7,-15657.7,90123.7,0.895103,0.999338,1.01228,1.00566,1.28236,-0.00375649,0.00327223,1
3139,8942.24,-9275.61,24563.4,0.93755,1.00587,1.00707,1.00125,1.22838,-0.0193435,0.00345514,1
3140,345.961,909.632,-856.665,1.15677,0.963769,1.0085,0.941562,0.940608,0.195057,0.0109417,1
3141,1795.15,5775.66,-4180.2,1.03429,1.04331,0.992482,0.993388,0.69506,0.096847,0.00453826,1
3142,494.043,-1182.27,1290.17,0.896089,0.987379,0.990433,1.02652,1.02165,-0.151133,0.0104073,1
3143,11310.5,-13338.2,42348.6,0.976004,1.01885,0.993948,1.02826,1.15574,0.0309251,-0.00176827,1
3144,208.154,540.681,-521.606,0.68045,1.01498,0.989097,0.947176,0.858277,0.206375,0.0186975,1
3145,4069.43,-5116.86,9424.28,0.914364,1.02233,1.00735,1.03696,1.0541,0.0446955,-0.0039613,1
3146,3238.07,-5256.77,9632.84,1.18137,0.990626,1.01424,1.01825,1.28611,-0.0218855,0.0104124,1
3147,4547.36,-7580.64,15570.2,1.28758,0.983879,1.00023,1.00451,1.08802,0.0565786,-0.00276165,1
3148,1639.53,-3237.1,4278.74,1.05135,1.02349,1.00211,1.00809,1.35786,-0.12132,0.00389251,1
3149,201.99,522.733,-505.06,1.30291,0.977197,1.01107,0.982092,0.813299,0.205699,0.0180235,1
3150,2351.74,-3777.61,5586.64,1.39162,0.955559,1.01554,1.00323,1.38742,0.0545622,-0.00551705,1
3151,6534.42,-3763.03,14324.4,1.11637,1.01316,0.994574,0.958923,1.36536,0.0678203,-0.00157117,1
3152,5768.57,15893.4,-5062.63,1.07001,1.00763,0.994836,1.00889,0.702634,-0.0355795,-0.00285835,1
3153,3952.81,-5505.28,9784.6,1.09307,0.990046,1.01801,1.00776,1.01732,-0.0809533,0.00218194,1
3154,4612.95,18476.4,-8479.82,1.26949,0.990284,1.00497,0.990569,0.855304,0.019245,0.00787557,1
3155,1150.64,3399.43,-2758.17,1.18369,0.991944,0.997601,0.945258,1.10741,0.0660147,0.0100287,1
3156,5679.97,14595.9,-4984.37,1.0473,0.971791,0.986434,1.02747,0.968143,0.0508104,0.00200665,1
3157,244.94,636.727,-610.271,0.852696,0.985948,0.995342,1.02745,0.702727,0.217039,0.0145113,1
3158,1847.04,-3502.27,5000.97,0.937195,1.0161,0.999501,1.04454,0.923442,-0.0451138,0.00921523,1
3159,27259.2,121710,-48942.8,0.926342,1.0216,1.00432,0.984086,0.812953,0.00490077,0.00745104,1
3160,1705.65,-3136.45,4335.33,0.569294,0.969239,1.00324,1.06694,1.06127,-0.154482,0.00275862,1
3161,715.728,1922.28,-1691.79,1.25029,0.996423,0.99184,0.975902,0.870294,-0.0936852,-0.0117104,1
3162,4560.47,-7497.81,15107.6,1.15863,1.01003,1.0123,0.969307,1.01604,0.0162397,-0.00957662,1
3163,6127.97,15230.1,-5420.41,0.766996,1.00015,1.00119,0.998768,1.11483,-0.0825883,-0.00113917,1
3164,4285.41,15520.1,-7814.94,0.95097,1.00065,1.01289,1.00167,0.669201,-0.109407,-0.00145061,1
3165,189.653,-473.359,488.963,0.845926,1.0033,1.00275,0.976601,1.00555,-0.245294,0.0167424,1
3166,487.774,1293.06,-1185.79,1.3004,1.02119,0.984388,1.00108,0.649404,0.0752344,0.0221205,1
3167,910.222,-2008.42,2367.27,1.12383,0.981593,1.0001,1.01715,0.973236,0.0472752,-0.0176953,1
3168,113120,25628.5,-7740.63,1.01197,0.9876,0.995715,1.00864,0.971692,0.000916041,0.00160173,1
3169,833.161,-1911.51,2213.92,1.08587,1.02901,1.00265,0.976895,1.21683,-0.0504255,0.0189326,1
3170,440.602,-1041.22,1123.96,0.859058,0.975636,1.00639,0.994204,0.94836,0.248212,-0.00698705,1
3171,6359.63,22403.5,-8151.73,0.759088,0.992199,0.987469,0.986028,0.858713,-0.0529024,-0.00250236,1
3172,311.328,-761.937,804.249,0.852072,0.982467,0.999327,0.96713,1.18902,-0.193323,0.0127197,1
3173,295.891,-715.303,752.917,1.06634,0.977117,0.996213,0.95457,1.17451,0.151364,-0.017315,1
3174,356.823,939.084,-881.864,0.931951,0.965659,0.986495,1.02021,0.805702,0.260505,0.00817802,1
3175,3950.4,11479.1,-6270.57,0.96533,0.986126,0.990511,1.03749,0.926814,0.0198118,0.00882338,1
3176,1506.39,-2917.17,3793.86,1.37049,0.992937,1.00828,1.02768,0.862073,-0.0478906,0.0103757,1
3177,2308.94,7504.52,-4752.14,0.850926,1.01621,1.0061,0.994115,0.888612,-0.0298468,-0.0108102,1
3178,510.834,-1223.02,1338.03,0.957804,1.00128,0.995127,0.963701,1.14128,-0.16154,0.0094955,1
3179,480.29,-1152.98,1254.84,0.816856,1.01241,0.988091,0.999372,0.963881,-0.176192,0.00944796,1
3180,93250.8,150708,-79778.3,1.09968,1.01525,1.00983,1.01231,1.21999,-0.00430423,-0.00293812,1
3181,396.759,1032.88,-964.611,0.901892,1.01492,1.00944,1.00362,1.19093,-0.125183,-0.0158744,1
3182,225.45,-559.984,582.131,1.22174,1.00746,0.99693,0.965223,1.07157,-0.203772,0.0171816,1
3183,492.171,-1176.3,1283.34,0.604938,1.00103,0.982287,1.01034,1.44639,-0.104961,0.0154592,1
3184,6016.24,-3719.44,13047.5,1.1922,0.983619,0.998627,0.97394,0.786961,-0.0527793,0.00202818,1
3185,174.135,452.104,-438.934,1.3047,1.02273,1.00706,0.972182,0.913319,0.271494,0.0166782,1
3186,309.669,807.494,-765.217,0.903862,0.987099,1.00034,0.941871,0.769023,0.124373,0.0199807,1
3187,1383.3,4281.17,-3323.33,1.07091,1.01007,1.01248,0.993489,0.976792,0.109035,0.00499331,1
3188,3097.58,-5598.84,9965.93,1.01758,0.973401,1.00305,1.00357,1.31181,-0.0448245,0.00532958,1
3189,962.131,-2129.72,2520.52,1.05564,0.987262,1.00049,1.0008,1.03585,0.123315,-0.00646894,1
3190,62022.7,-56497.6,127511,1.11993,0.978372,1.01515,1.00051,0.974808,0.013971,-0.00179485,1
3191,119671,7480.26,-967.164,1.21221,0.999724,0.985504,0.983494,0.569789,2.42631e-05,0.00607263,1
3192,2354.82,-4926.1,7696.42,1.06607,1.03305,0.996591,0.985308,1.2177,-0.096322,0.00341194,1
3193,578.163,-1351.22,1494.68,0.941509,1.01296,1.00365,1.00598,1.1323,0.168236,-0.00814852,1
3194,872.548,2388.36,-2039.44,0.786622,0.980373,1.01153,0.978699,0.82178,0.133926,0.0063384,1
3195,842.47,-1922.36,2234.14,1.25227,1.01758,1.00376,1.02359,0.966352,0.0528466,-0.0176913,1
3196,776.038,2108.92,-1836.67,0.99193,1.00968,1.00003,1.01061,1.24934,0.094643,0.010608,1
3197,99174.9,113355,-55693.8,1.00757,0.968722,0.982686,1.0022,1.18795,0.00562363,0.00152927,1
3198,1451.28,-2915.39,3847.51,1.09388,0.99136,0.994864,1.01204,1.13951,0.0768658,-0.00686872,1
3199,402.726,1048.5,-977.811,1.13407,1.0059,1.00269,0.994319,1.01818,-0.151375,-0.0129455,1
3200,3383,9912.61,-5025.81,1.15376,1.00348,0.986785,1.01649,0.969346,0.0458166,0.00462332,1
3201,294.368,-723.78,761.364,0.935067,1.03425,1.00519,0.983608,0.997079,-0.175374,0.0155234,1
3202,6755.38,-4721.49,13175.5,1.00156,0.977513,0.998364,0.986376,0.878971,-0.0184674,0.00485765,1
3203,5754.71,15051.2,-4915.76,1.09285,0.979653,0.975268,1.03023,1.02406,-0.0236602,-0.00430637,1
3204,2480.69,-3987.64,6015.17,0.898984,0.979045,1.00436,1.02893,0.937971,-0.0994613,0.00292938,1
3205,473.924,1262.07,-1161.47,1.06145,0.988289,1.00768,0.977084,1.12752,0.290259,0.00548258,1
3206,2213.01,7832.52,-5128.21,1.22036,1.01037,0.987476,0.993798,1.02561,0.0577445,0.00593565,1
3207,1086.88,-2316.69,2826.8,1.1167,1.01232,1.00676,1.03519,0.387708,0.0601428,-0.0118719,1
3208,373.582,967.942,-908.528,1.03602,1.02596,1.02869,0.980765,1.11208,-0.179635,-0.0116151,1
3209,1438.38,-3249.65,4234.43,1.0406,1.00032,0.973218,0.988231,0.952086,0.0431958,-0.0128108,1
3210,5617.86,22161.3,-8879.73,1.02854,1.01642,1.00089,0.98521,0.83507,-0.0376676,-0.00369634,1
3211,1631.23,-3207.13,4237.67,0.895819,1.02412,1.00361,0.959906,0.709939,-0.181371,0.00261366,1
3212,288.063,-695.974,731.354,1.00602,0.935693,1.00997,0.986431,1.04276,0.149481,-0.0168753,1
3213,94087.2,-39726.1,118858,0.909567,1.02518,1.00281,1.10996,0.738328,0.0829123,-0.000193202,1
3214,3215.7,-6036.34,10742.7,1.07623,1.00651,1.00569,1.02324,1.09054,0.346213,-0.000688614,1
3215,490.124,-1174.19,1279.59,1.10002,0.997801,0.999026,1.04193,1.33121,-0.144729,0.0109477,1
3216,1727.1,-3293.4,4429.29,0.892768,1.0435,0.98933,1.04771,1.20071,0.0548221,-0.00849397,1
3217,55075.3,162760,-84728.5,1.11154,0.992743,1.01003,0.988792,0.909757,-0.005159,-0.0047161,1
3218,88326.7,127234,-64549.6,0.777798,0.968695,0.999575,1.01088,1.04214,0.00198594,0.00593612,1
3219,3585.61,9065.69,-4848.09,0.612866,1.01298,1.01445,0.994753,0.766636,0.018973,0.0102569,1
3220,7028.9,-4823.27,13857.9,1.31763,1.01437,1.00731,0.992722,0.962058,0.00581774,-0.0148392,1
3221,181.891,-454.459,468.738,0.641561,1.03026,1.00468,0.96578,1.08864,-0.241868,0.0181472,1
3222,1612.7,-3632.78,4829.89,1.00854,0.991358,1.00514,1.02522,1.39991,-0.216312,0.00213064,1
3223,7195.93,18674.7,-7549.22,1.30186,1.00895,1.00508,1.02211,1.00206,-0.075234,-0.00104541,1
3224,1695.88,-3800.56,5179.8,0.74664,0.999435,0.995984,1.03983,1.49416,-0.0326933,0.0137477,1
3225,1980.39,-3371.26,4812.59,1.16279,1.01769,0.990307,1.05224,0.920611,-0.0293796,0.0133306,1
3226,9898.73,-11429.8,32348,0.733525,1.0137,1.01252,1.03693,1.23853,0.0390161,-0.00153386,1
3227,5022.32,20403.7,-8747.75,0.770443,1.01885,0.99264,1.01132,1.02134,0.149516,0.000971209,1
3228,1988.8,5252.83,-3697.63,0.724897,1.02935,1.00476,0.973296,0.836853,0.0650432,0.00589763,1
3229,6016.26,-3576.1,12184.7,0.813834,0.973281,0.992863,0.979329,0.848392,0.213737,-0.000477801,1
3230,1188.56,-2672.98,3334.17,1.15072,0.996484,0.999187,1.01948,0.613673,-0.096996,0.00663644,1
3231,162.122,419.426,-407.921,1.02079,0.967634,0.994164,1.00303,1.00928,0.281588,0.0165726,1
3232,6049.06,22220.8,-8775.95,1.21557,1.01992,1.02498,1.02716,0.932671,-0.070777,-0.00187784,1
3233,9139.46,-10105.1,27190,0.98554,0.990457,1.00902,0.992672,1.06326,-0.231743,0.000279379,1
3234,1102.16,-2309.23,2810.54,0.802484,1.00027,1.0007,0.990893,1.084,0.151723,-0.00464319,1
3235,2649.22,7707.92,-4989.55,1.16261,0.996694,1.00271,0.992414,1.08432,-0.140023,-0.00195993,1
3236,211.338,-526.879,546.276,0.974241,0.993411,1.00915,0.997557,0.96906,-0.355582,0.010117,1
3237,1405.19,4170.72,-3264.15,1.13754,1.02765,1.00994,0.967646,0.741636,-0.0287872,-0.0191434,1
3238,1092.26,-2353.08,2876.89,1.30568,1.01601,1.00761,0.954259,0.840052,0.180664,-0.00397135,1
3239,595.296,1586.69,-1428.4,0.845286,0.966836,1.00386,1.03923,0.997528,0.0616459,0.0202814,1
3240,593.5,-1387.63,1541.36,0.641445,1.02425,0.988647,1.00182,0.988332,0.161351,-0.00853089,1
3241,1508.03,-2901.64,3827.19,0.966436,1.01444,1.0096,1.04535,1.42806,-0.24716,0.00203168,1
3242,412.467,1095.77,-1020.07,1.3454,1.01899,1.00889,0.996224,1.29371,0.288782,0.00653709,1
3243,858.316,-1940.64,2266.88,1.24322,1.06258,0.988428,1.02413,1.06865,0.195032,-0.00502784,1
3244,914.868,2445.75,-2072.7,0.904574,0.983218,1.00113,1.0168,0.796081,-0.169563,-0.00491247,1
3245,589.923,-1380.04,1532.35,0.904141,0.982409,0.988214,1.02977,0.907337,0.0935541,-0.014158,1
3246,392.391,-947.126,1014.22,0.982621,0.971757,0.999078,1.0452,1.18923,-0.124656,0.015479,1
3247,782.363,2111.93,-1839.11,1.23087,1.04673,1.00632,1.04094,1.04779,-0.137734,-0.00749897,1
3248,2053.8,5746.58,-4060.13,1.10838,1.02501,1.00126,0.988302,0.693133,0.0428601,0.0086502,1
3249,6210.91,21020.3,-7829.41,1.08969,0.977647,1.00165,0.996709,0.686608,-0.0180793,-0.00726337,1
3250,1105.23,-2343.61,2872.16,0.818329,1.01463,0.996733,1.04607,0.739253,-0.0550815,0.0128778,1
3251,366.239,-894.615,953.744,1.17424,0.996553,0.995044,0.976838,1.1708,-0.221255,0.00962543,1
3252,1052.21,2894.15,-2405.07,1.15672,0.980415,1.00721,0.995189,1.07136,0.216204,0.00324492,1
3253,35458.2,-48107.8,109128,1.07862,0.958685,1.00052,1.05121,0.94966,0.070986,-0.000492752,1
3254,549.338,1451.67,-1318.52,1.04668,1.00752,1.00253,1.09529,1.10626,-0.0710222,-0.0200918,1
3255,2487.19,6466.07,-4160.65,0.995598,0.98778,0.987222,0.972852,0.655959,-0.0466355,-0.00635782,1
3256,1270.4,3612.65,-2836.68,1.02083,1.02691,0.999531,1.00765,1.05221,0.273993,0.00222934,1
3257,102429,133866,-68024.4,1.26653,0.997997,0.986705,0.930039,1.15011,-0.0241557,-0.000429977,1
3258,3030.06,11608.2,-6591.28,0.629945,1.01353,0.999602,0.93845,0.993531,0.0139808,0.017448,1
3259,2352.5,6336.89,-4024.95,1.14552,0.987741,0.99378,0.997513,0.874358,-0.081071,-0.00385199,1
3260,1204.07,-2733.97,3399.68,0.87212,1.01586,1.01781,0.986088,0.799851,0.0340658,-0.0186744,1
3261,676.832,-1557.9,1756.34,0.896046,1.01378,0.99208,0.997828,1.23781,0.202334,-0.00587822,1
3262,611.745,1639.06,-1469.86,1.20424,0.999843,0.988501,1.05712,1.05224,0.0881373,0.0145865,1
3263,116942,14695.9,19394.6,1.14434,1.00536,0.999159,1.01695,0.985434,0.00060847,-0.00342313,1
3264,404.603,-981.627,1053.2,1.26044,1.01088,1.00067,0.983843,0.830859,-0.162537,0.0119634,1
3265,1459.18,-3070.36,4062.54,1.15909,1.00101,0.992501,0.974176,0.993188,-0.0547797,0.00967547,1
3266,112.174,288.597,-283.194,1.25797,0.990827,1.00868,1.00355,0.920978,0.311038,0.0217995,1
3267,304.92,-738.712,778.455,1.16807,1.00602,1.00187,0.988478,1.14109,0.152669,-0.0170335,1
3268,635.456,1699.89,-1519.07,1.02492,0.98032,1.00548,0.995165,1.13047,0.0694931,0.0170647,1
3269,3605.46,-4478.33,9113.08,1.08613,1.02704,0.997021,0.958678,1.15964,0.133373,-0.00154769,1
3270,2964.29,11385.2,-6507.32,1.0026,1.00528,0.987571,0.96189,0.798663,0.182537,0.00135496,1
3271,1324.66,-2640.56,3339.9,0.861888,1.00848,0.994173,1.01419,1.09705,0.172298,-0.00344269,1
3272,54067.4,159162,-81438.4,0.798204,0.976338,1.00039,1.02239,0.59023,-0.0132835,-0.00183319,1
3273,2358.45,-4737.26,7480.93,1.01045,1.02121,0.987091,1.02829,0.840123,-0.062752,0.0052241,1
3274,3193.89,-4677.68,8737.48,1.27762,0.979084,1.00589,1.05787,0.979809,0.055452,-0.0040305,1
3275,475.499,1249.83,-1150.5,0.999489,1.00094,1.0066,1.00799,1.01118,-0.0837219,-0.0195269,1
3276,32430,132025,-57393.9,1.15783,0.984197,0.988009,0.999842,1.23513,-0.00815689,-0.0041742,1
3277,330.09,-793.79,839.884,1.06751,0.994833,1.01581,0.967177,0.804173,0.227938,-0.0102521,1
3278,700.736,1890.45,-1669.73,1.23386,1.02679,1.00232,1.05666,0.752759,0.12558,0.00897714,1
3279,7431.86,20991.4,-8714.19,1.12747,0.985906,1.01902,0.996832,1.23444,-0.044859,-0.00166315,1
3280,411.415,-987.717,1061.27,1.21926,1.03139,0.994943,0.997342,0.885791,0.0989801,-0.0200593,1
3281,156.054,393.81,-383.663,0.998562,1.0198,1.01417,1.00322,0.775649,-0.316436,-0.0161497,1
3282,3770.01,-4260.99,8250.36,0.809044,1.01021,0.992433,1.00532,1.04314,-0.00835123,0.0232348,1
3283,254.93,-618.551,646.454,0.780941,0.969483,0.990661,0.996905,0.903372,0.147193,-0.0206549,1
3284,366.309,-876.641,933.383,1.27927,0.99054,1.01949,1.00423,1.01341,0.191558,-0.0108609,1
3285,1407.32,4072.24,-3188.45,0.976956,1.03093,1.00054,0.969759,1.28205,0.0693687,0.00802046,1
3286,6245.87,-3988.85,13724.8,0.910792,0.990916,1.00153,1.05348,0.870767,0.0517292,-0.00214178,1
3287,2132.59,-4613.81,6842.05,0.859625,0.987835,1.00325,1.01506,1.12771,0.145554,-0.00239408,1
3288,3350.87,10992.6,-5695.68,1.38938,1.00111,0.992067,0.999113,1.1976,0.0495104,0.00450153,1
3289,6392.54,-7696.5,20213.6,0.862547,0.995694,0.979163,1.03902,1.13966,0.0180304,-0.00749949,1
3290,112347,25835.9,-7860.82,1.2667,0.983118,0.992551,1.01488,0.865407,0.0205162,7.23666e-05,1
3291,388.14,1007.01,-941.839,1.03158,1.00135,1.01024,1.01101,1.18617,-0.19597,-0.0102429,1
3292,2043.06,-4290.36,6072.03,0.961103,0.997341,1.00617,1.02981,0.990083,-0.0993985,0.00365178,1
3293,2482.23,6622,-4137.71,0.632714,1.01228,1.00082,0.921392,0.836507,-0.19322,-0.00156869,1
3294,313.229,-765.786,808.847,1.51513,0.970477,0.991253,0.97848,1.32758,-0.18684,0.0130564,1
3295,346.473,896.468,-843.962,1.26274,0.987989,0.99241,0.997631,0.611398,-0.182554,-0.0124512,1
3296,1823.03,4965.4,-3507.22,1.07843,1.0084,1.00414,1.0806,1.16794,0.0976668,0.0041887,1
3297,1832.58,-3290.89,4664.1,1.22998,1.00108,1.00049,1.01805,1.30219,-0.0296748,0.0139237,1
3298,2870.35,10877.8,-6293.63,1.15172,0.97466,0.993691,1.00855,1.14532,-0.10256,-0.00244438,1
3299,848.04,-1944.96,2261.22,0.982671,0.976181,1.00047,1.0001,1.26925,-0.0435065,0.0204678,1
3300,1398.46,3683.07,-2851.95,1.2303,0.962451,1.00077,1.03281,1.32267,-0.0895359,-0.00583642,1
3301,3725.18,-4507.44,9476.5,1.0044,1.04479,0.984725,0.982725,0.94295,-0.0589658,0.0034343,1
3302,402.115,-976.875,1047.42,1.07956,1.02166,1.00401,1.01456,0.96389,-0.205884,0.009543,1
3303,441.896,1153.73,-1067.76,0.928324,1.01929,0.993206,0.998831,1.07508,-0.155578,-0.0117718,1
3304,6560.19,15959.7,-6162.08,0.998724,1.00864,1.00882,1.0377,1.0222,-0.141611,-0.000613358,1
3305,2723.75,10093.6,-6127.67,1.06507,0.973692,1.01172,1.00579,0.865153,0.0402692,0.0063581,1
3306,1295.36,3589.77,-2807.57,1.22195,1.02433,0.996504,0.981697,0.765852,-0.0749,-0.00813463,1
3307,1174.34,3312.42,-2700.88,1.113,1.03269,1.00924,1.01452,1.18342,0.261145,0.0025205,1
3308,721.111,-1644.52,1865.36,1.21547,1.02866,1.01218,1.04133,0.812153,0.30246,-0.00365417,1
3309,1919.57,-3278.9,4657.82,1.01141,0.994284,0.980559,1.03098,0.767736,0.0593222,-0.00678247,1
3310,1939.47,5372.42,-3672.95,0.780751,1.02122,0.976328,0.983744,1.01072,0.104216,0.00388343,1
3311,7650.68,21727.6,-8637.35,1.2732,0.99347,0.987204,1.02092,0.892774,-0.00827524,-0.00894923,1
3312,34785.2,137357,-62474.9,0.657586,0.995842,1.00096,0.965454,1.05324,0.0287457,0.00114206,1
3313,4657.7,-7417.02,15209.9,0.783838,1.01826,0.992799,1.01263,0.833264,0.0509027,-0.00304886,1
3314,536.228,-1265.8,1388.93,1.08717,1.01245,1.01344,1.01839,0.861868,0.0879289,-0.016543,1
3315,394.708,-960.977,1029.31,0.497271,1.00531,0.99998,0.967956,0.784281,-0.208194,0.00951478,1
3316,1355.02,-3095.5,3947.81,0.752518,0.993689,1.00505,1.03678,0.988279,-0.0657927,0.00846132,1
3317,3945.15,-5239.59,9349.27,0.981046,1.00434,1.01763,1.07433,0.473936,-0.1227,0.00144706,1
3318,852.378,2356.86,-2023.75,1.06823,0.983889,1.01548,1.03836,1.14871,0.127239,0.0068143,1
3319,709.488,1911.17,-1681.9,1.04826,0.975823,0.987791,1.03779,1.10643,0.0419803,0.025751,1
3320,374.822,-914.88,976.085,0.926177,0.983566,1.01323,1.03129,1.04022,-0.31655,0.00629332,1
3321,762.071,-1747.25,2000.95,0.837153,1.06062,0.990687,1.02976,0.890885,0.142115,-0.00773633,1
3322,11754.2,55355.4,-15784.6,1.28221,0.987087,0.999933,0.993773,1.26623,0.00541375,0.00961131,1
3323,526.963,1380.86,-1257.66,0.851249,1.01422,0.984135,1.04099,0.891409,-0.254397,-0.00608752,1
3324,2610.73,-4457.83,6786.33,1.06458,0.986683,1.00334,1.02135,1.38667,0.0461397,-0.00605376,1
3325,1964.64,5137.48,-3597.97,1.0828,1.02062,0.999873,0.952832,1.45202,-0.150592,-0.00260371,1
3326,752.038,-1725.35,1970.23,1.0448,1.03269,1.00406,1.03175,1.06978,0.0878393,-0.0121325,1
3327,587.989,-1372.65,1520.44,0.967433,1.02177,1.00965,1.01047,0.986338,0.161165,-0.00836539,1
3328,6092.25,15673.4,-5278.02,1.16787,1.00581,0.994907,0.950079,0.819256,-0.0354788,-0.0026949,1
3329,228.039,-568.03,590.758,1.03748,1.02435,0.997115,0.997759,0.928223,-0.298617,0.0117371,1
3330,686.656,-1598.46,1803.56,1.14058,0.983696,1.01329,0.993678,0.900773,-0.144385,0.00754263,1
3331,6104.42,17213.7,-5533.63,1.06719,1.0019,1.00822,0.984675,1.02075,-0.0966856,-0.00113776,1
3332,24839,-36943,95180.7,1.0148,1.00907,0.9874,0.99943,1.06008,0.0448338,-0.00090315,1
3333,6381.24,-7277.61,19071.2,1.09415,0.97403,0.998633,0.972704,0.644313,0.101211,-0.00132333,1
3334,1888.19,-3316.91,4613.66,1.19678,1.00961,1.02077,1.00072,1.14253,-0.062009,0.00634077,1
3335,348.694,-848.176,900.656,0.709329,0.989521,1.01355,1.0009,0.910511,-0.158787,0.0136692,1
3336,218.795,-542.697,563.635,0.873163,0.984247,0.992701,0.968127,0.819516,-0.241339,0.0146527,1
3337,1463.68,-2831.96,3727.89,0.78577,0.987589,0.990834,1.04389,1.12233,-0.172482,0.00300364,1
3338,374.653,-901.185,961.937,0.610753,1.00164,0.990311,1.04155,0.812619,0.0981803,-0.0217095,1
3339,4117.11,-5362.19,9825.83,0.74613,1.02676,1.0135,1.01369,0.973741,-0.0751247,0.00231504,1
3340,4728.49,19098.1,-8514.87,0.704866,0.985569,0.99435,0.973266,0.920578,0.0154819,0.00974934,1
3341,1051.86,-2391.91,2881.32,0.887155,1.01545,0.995915,1.03748,0.723001,0.110453,-0.00681547,1
3342,223.246,580.652,-558.579,0.599146,0.951183,0.991564,1.01421,1.00247,0.215629,0.0154976,1
3343,22851.6,103891,-37529.4,0.997332,0.982901,1.00733,0.996675,1.06688,0.0063579,0.00619512,1
3344,533.958,1424.68,-1296.38,1.01661,0.993421,0.997917,0.983833,1.09484,0.130065,0.011124,1
3345,999.791,-2258.86,2705.84,1.22437,0.981287,1.0041,0.981323,1.20203,0.297161,-0.00257161,1
3346,3752.66,-4190.6,8518.75,1.12291,1.0255,0.985291,1.02693,1.07356,-0.0244462,0.00809788,1
3347,535.523,1434.12,-1303.46,1.01188,1.02474,0.984542,1.00233,0.832471,0.206567,0.00731312,1
3348,1330.08,-2711.04,3427.2,0.943482,1.00352,0.986881,0.977727,1.26657,-0.0330753,0.0178231,1
3349,1576.01,4303.31,-3265.16,1.13156,0.992164,0.985844,0.965286,0.817114,-0.1172,-0.00416914,1
3350,2264.85,8018.2,-5206.46,1.08297,1.03354,1.01624,0.968142,0.682454,0.0688789,0.00479242,1
3351,468.937,-1112.5,1206.04,1.056,0.96558,1.02175,0.973961,1.01468,0.148823,-0.0105525,1
3352,1137.41,3041.73,-2488.73,0.947639,1.01917,1.00741,0.973624,1.3252,-0.117474,-0.00583049,1
3353,637.268,1695.97,-1513.26,0.79309,1.01465,0.984282,0.967896,1.01752,-0.146575,-0.00868702,1
3354,5895.44,16432.2,-5183.16,1.20049,1.00695,0.999828,1.00748,0.938478,-0.0105143,-0.0100276,1
3355,2451.54,-3861.13,6222.98,1.2052,1.00762,0.988883,1.00548,1.075,-0.0434137,0.00714882,1
3356,776.987,2104.07,-1830.14,1.17127,1.03088,0.989488,1.03803,1.00786,-0.0518866,-0.0201203,1
3357,128104,11744.2,9236.46,1.10601,1.04057,0.992583,1.03687,1.16394,0.0617261,-1.34769e-05,1
3358,3924.39,-4766,8790.61,1.42409,1.01284,1.00679,1.02436,1.13959,-0.0084137,0.0217602,1
3359,1947.4,-3326.06,4708.87,1.07675,1.01361,1.00445,0.990844,1.12392,0.167042,-0.00235998,1
3360,256.627,-624.589,652.656,0.88196,1.02896,1.00152,1.05341,1.20332,0.161401,-0.0196036,1
3361,1275.79,3431.15,-2737.93,0.915683,0.988375,0.99166,1.07101,0.852299,-0.0556167,-0.0107478,1
3362,971.575,2712.6,-2281.35,1.3162,0.979147,0.995169,1.00124,0.859173,-0.132107,-0.00594283,1
3363,217.648,-526.86,546.787,1.15478,0.964059,1.00291,0.982627,0.822835,0.314556,-0.0111452,1
3364,2811.72,10554.4,-6252.75,1.30446,0.983044,0.995676,0.993598,0.869245,0.0186239,0.0136373,1
3365,766.222,2055,-1793.93,1.16743,0.988557,1.00708,1.01939,1.12537,-0.181475,-0.00549314,1
3366,581.35,1560.04,-1405.71,0.951545,0.980463,0.986633,0.998206,0.891712,0.185441,0.00714957,1
3367,1800.65,-3294.06,4639.28,0.975724,0.997828,1.00814,1.007,0.954092,0.0849343,-0.00491407,1
3368,5833.16,15908.1,-5207.26,1.28499,1.0187,1.00734,0.992031,1.02477,0.0793873,0.00124771,1
3369,273.004,-669.359,701.736,0.927888,0.967616,0.996718,0.996754,0.976725,-0.126816,0.0218979,1
3370,623.364,-1453.78,1618.9,1.48063,1.00228,1.03105,0.943543,1.08887,0.116118,-0.0104234,1
3371,2255.63,-4806.51,7303.06,1.17592,1.01937,1.01508,0.951784,1.01846,0.084676,-0.0039519,1
3372,90889.4,-22114.9,94134.3,0.756662,0.978023,1.01714,0.977958,0.712882,-0.0132925,0.00108029,1
3373,2426.91,6959.63,-4364.15,0.957985,1.03443,1.02098,1.07516,0.955787,-0.243747,-0.00125829,1
3374,596.352,1612.45,-1449.21,1.04653,0.997488,0.985942,0.97721,1.19298,0.281252,0.00466468,1
3375,441.139,-1068.07,1153.95,1.04248,1.00675,0.994012,0.982048,1.20032,-0.225153,0.00793342,1
3376,2096.16,7023.68,-4638.43,1.01743,0.972899,1.00037,1.03686,0.62214,0.0205273,0.0166949,1
3377,1253.97,3451.01,-2723.5,0.933364,1.00926,0.997585,0.965455,0.92176,0.150923,0.00406876,1
3378,3012.88,-5972.55,10340.6,0.984084,0.989152,1.00276,1.02554,1.10391,-0.075363,0.00324266,1
3379,402.017,-964.326,1033.25,0.955239,1.00819,1.01437,0.968684,1.03019,0.125924,-0.0153971,1
3380,6711,-4608.27,13034,1.02206,0.993375,1.01231,0.998036,0.819737,0.00816401,-0.0109821,1
3381,512.429,-1207.27,1320.39,0.987346,1.01475,0.997552,1.01629,1.05711,0.162836,-0.00960261,1
3382,733.046,1987.39,-1742.31,1.21443,0.994366,0.988871,0.98419,0.87333,0.0762259,0.013969,1
3383,6912.66,17427.6,-7048.35,1.1892,0.995281,1.00313,1.01383,0.736473,-0.0594812,-0.00137858,1
3384,968.712,2665.15,-2250.52,1.01983,1.004,1.01391,1.01014,0.945845,0.0888769,0.00878446,1
3385,8423.11,-8127.74,21015.6,1.05919,0.992572,0.996379,1.00948,1.0725,-0.104806,0.00068092,1
3386,60419.2,-56196.9,126821,0.957697,0.969985,1.01274,0.969592,1.05804,0.002706,-0.0094895,1
3387,849.765,-1942.34,2259.03,1.10352,1.0231,0.996431,0.97328,0.96956,0.133069,-0.00710078,1
3388,392.066,-954.409,1021.75,1.04632,1.00934,1.00058,0.958262,1.14331,-0.194968,0.0102696,1
3389,3334.75,10108.2,-5220.84,1.06981,0.995579,0.997607,1.01985,1.02648,-0.40589,-0.000538829,1
3390,124.559,313.921,-307.278,0.806203,1.00718,0.973098,1.04254,0.901222,-0.281146,-0.0237381,1
3391,716.674,1902.98,-1674.85,1.00656,1.00377,0.989536,1.02682,1.26806,-0.293228,-0.00380351,1
3392,1403.6,4166.15,-3181.49,0.835807,0.990966,0.997945,1.01297,1.04717,-0.0510999,-0.0105519,1
3393,572.912,1505.18,-1361.09,1.16575,0.965502,1.00495,0.991495,0.717269,-0.218349,-0.00601279,1
3394,3757.01,9569.1,-4885.2,1.00363,1.02188,0.990668,0.958267,1.17276,-0.213566,-0.000903898,1
3395,709.803,1916.33,-1684.94,0.79276,0.999164,0.972755,0.992418,1.26765,0.0558297,0.0202583,1
3396,41381.7,-57317,123665,1.19885,0.995734,0.999988,0.975705,0.81296,0.119694,-0.000276233,1
3397,273.536,-674.145,706.709,0.933947,0.997053,1.0033,1.0075,1.18647,-0.199141,0.0141985,1
3398,7645.25,-6303.76,16284.7,0.999367,1.01872,1.01711,1.00082,0.914812,-0.0832254,0.000940973,1
3399,6456.91,-3876.57,14292.6,0.976009,0.996541,0.984523,1.00783,1.14283,-0.00679626,0.0161967,1
3400,230.545,-572.256,595.648,1.02989,1.00954,0.982167,1.04481,0.627827,-0.231281,0.0151067,1
3401,22661.6,103780,-37918,1.08017,1.00365,1.01673,1.02304,0.830562,0.0185527,0.0021064,1
3402,1868.89,4925.14,-3484.37,1.11001,1.00786,1.00606,1.00365,0.946539,-0.0886762,-0.00453816,1
3403,3889.68,12548.1,-6006.53,0.634882,1.0668,0.990844,0.986675,0.972262,-0.140844,-0.00148416,1
3404,1187.6,-2530.64,3114.65,0.939038,1.03424,0.997269,1.01293,1.54037,-0.18031,0.0037071,1
3405,2193.4,7005.25,-4773.54,1.09794,1.02657,0.988359,1.03322,1.0347,-0.119426,-0.00295919,1
3406,780.765,2106.95,-1830.87,0.934463,1.01576,0.98759,0.988231,0.992341,-0.0863329,-0.0119188,1
3407,1777.16,-3917.04,5412.81,0.776152,1.01196,0.972042,1.00289,1.19282,0.0411231,-0.0109291,1
3408,363.172,958.544,-899.918,0.89064,1.00029,1.0066,0.985007,0.784123,0.262172,0.00806655,1
3409,761.169,-1761.09,2014.4,1.02681,1.00312,1.00747,0.938745,0.650488,-0.105322,0.00961033,1
3410,5901.98,14613.2,-5296.58,0.981513,0.975831,0.998907,0.996679,0.837784,-0.0143886,-0.00676095,1
3411,1035.05,2796.56,-2311.09,0.829634,0.982048,0.997789,0.97035,1.12223,0.0645335,0.011307,1
3412,1501.68,4119.24,-3095.68,0.853225,1.01255,1.00263,1.01235,1.12755,-0.113216,-0.00452384,1
3413,984.489,2654.91,-2232.66,1.15335,1.00907,1.00612,0.959273,1.00745,-0.107452,-0.00733247,1
3414,566.721,1502.17,-1359.2,0.882966,0.943555,1.00706,1.01706,1.21666,-0.0857663,-0.0149537,1
3415,6277.99,19163.3,-6857.26,1.08954,0.988892,1.0172,1.03418,1.42925,0.022266,0.00546103,1
3416,558.487,1476.64,-1337.59,1.06936,0.961213,0.995182,1.01434,0.714655,-0.0539874,-0.0249867,1
3417,278.278,-683.82,717.563,0.636311,0.988091,0.998783,1.01428,1.04766,-0.179234,0.0154651,1
3418,111012,83129.8,-37401.5,1.14226,0.999429,0.999032,0.987165,1.01624,0.0335801,0.000159663,1
3419,161.508,406.919,-395.97,1.22038,0.989117,1.00712,0.994672,1.22498,-0.333182,-0.0145057,1
3420,2522.07,-3843.18,5993.3,1.25931,0.98216,0.979247,0.958279,1.12038,-0.0837631,0.00355229,1
3421,226.321,573.172,-551.427,0.897079,0.996114,0.995723,0.962855,1.16588,-0.414044,-0.00854124,1
3422,2695.95,-4891.47,7596.43,1.29326,0.979964,0.9904,1.06669,1.24196,0.148837,-0.00183261,1
3423,7819.59,-5680.42,16294,0.903291,1.03463,0.982248,0.97486,0.70743,0.0756169,-0.00105098,1
3424,2498.65,-3932.71,5967.07,1.31089,0.974994,0.999546,1.04068,1.24624,0.27774,-0.0010554,1
3425,986.514,-2127.72,2531.77,1.04687,1.00138,0.999138,0.943175,0.970039,0.340152,-0.00234791,1
3426,1246.77,-2529.24,3174.62,1.19051,0.988733,0.994062,0.991876,0.79604,-0.0629515,0.0097464,1
3427,139.994,-342.784,350.899,0.956032,1.02603,1.01333,1.05636,0.948896,0.314269,-0.0182655,1
3428,430.123,-1029.99,1109.75,0.595651,1.00714,1.00201,1.01892,1.15081,0.0585728,-0.0312997,1
3429,4362.34,-6717.36,12873.1,1.1528,1.00111,0.998738,1.00878,0.88884,-0.0361198,0.00452379,1
3430,3500.95,8864.93,-4731.53,1.06862,0.985959,0.985624,1.03985,0.922378,0.195735,0.00102135,1
3431,779.336,-1790.24,2059.3,1.06128,0.973401,0.991913,0.95147,1.18946,-0.120832,0.00808559,1
3432,34256.3,139089,-62525.1,1.30036,1.00618,0.988477,0.964624,1.2496,-0.024741,-0.00135093,1
3433,2418.61,-3764.1,5963.73,1.00204,1.00269,1.00244,0.99971,0.908723,0.0327629,-0.00942683,1
3434,545.087,1439.9,-1309.47,1.0851,1.00672,1.01075,1.00782,0.733967,-0.104806,-0.0136005,1
3435,657.023,1764.16,-1569.07,0.798168,1.00505,0.988451,1.1206,0.555726,0.0925253,0.0129709,1
3436,3031.75,11455.1,-6524.14,0.990516,1.00967,1.0144,1.01688,1.0357,-0.0494168,-0.00486839,1
3437,288.399,739.502,-703.459,1.15315,0.980183,0.994245,0.936678,1.20913,-0.239714,-0.011316,1
3438,230.749,599.041,-575.848,1.2953,1.00299,1.00862,1.02107,1.13338,0.175523,0.0190868,1
3439,1516.4,-3015.25,4023.12,0.957871,1.01781,1.00015,0.971029,1.06058,-0.079002,0.00648502,1
3440,3549.19,-4116.29,7912.55,1.3948,0.99435,1.00116,1.0241,0.706121,0.0444042,-0.00457344,1
3441,1173.82,-2617.34,3206,1.00971,1.0141,1.00746,1.02475,1.23715,0.0910736,-0.00726227,1
3442,915.132,2444.48,-2075.14,0.73592,0.97955,1.00339,1.00119,1.1982,-0.1401,-0.00589658,1
3443,1804.81,4999.5,-3536.8,1.0986,1.006,1.00245,0.987466,0.916015,0.417186,0.00098128,1
3444,846.176,2329.66,-2000.18,1.14649,1.02184,1.00367,0.972374,0.69902,0.109034,0.0084938,1
3445,2913.01,10496.3,-6228.03,1.12938,1.0105,0.988901,1.0005,0.802738,0.0251142,0.010071,1
3446,1714.49,5417.01,-3981.45,0.936099,1.0162,0.98908,0.95853,1.23562,0.0539327,0.00840057,1
3447,317.566,819.312,-775.517,1.10316,0.985224,1.002,1.04247,1.05872,-0.12344,-0.0197261,1
3448,544.127,1431.46,-1299.37,0.783667,0.969317,0.987948,1.00926,1.20741,-0.154755,-0.00916435,1
3449,2198.98,-4752.16,7085.99,1.06281,1.00584,0.994387,0.980285,1.56003,0.0665265,-0.00522295,1
3450,3494.03,-5195.78,10013.1,1.0108,1.01396,0.99836,1.05302,1.03578,0.109852,-0.00200942,1
3451,42182.5,-58958.6,125540,1.01402,0.998912,0.99744,1.02457,1.10331,-0.338675,9.54581e-05,1
3452,4269.3,-6670.71,12704.8,0.904466,0.979811,0.990703,1.0345,1.14715,-0.026004,0.0063805,1
3453,1062.7,-2399.46,2892.56,1.03989,1.02931,0.99129,0.939825,1.09106,-0.13468,0.00560245,1
3454,443.144,1169.53,-1082.87,1.10621,1.008,1.00888,1.04897,1.18752,0.0876032,0.0199717,1
3455,278.825,-670.875,703.902,0.738212,1.01309,0.992045,1.02299,1.27263,0.351364,-0.0083247,1
3456,1736.37,5162.3,-3811.9,0.906405,1.02945,0.983822,1.0146,0.917108,-0.0459218,-0.00994657,1
3457,185.328,480.459,-465.265,0.785709,0.988028,0.983976,0.979139,1.22831,0.233891,0.0181355,1
3458,621.713,-1446.37,1611.87,1.08114,1.01467,1.00934,0.950417,0.914483,0.173345,-0.00731378,1
3459,313.03,-768.837,811.862,1.03229,1.00647,0.99133,1.02948,1.00767,-0.20016,0.0126559,1
3460,414.796,1080.78,-1005.14,0.969798,0.981529,0.998323,0.99508,0.853854,-0.119904,-0.0155333,1
3461,6514.69,20701.2,-7230.93,1.05733,0.990925,1.00326,0.969402,1.1123,0.0140493,0.00884143,1
3462,4147.3,12675.2,-6734.49,1.55231,1.01003,0.99744,1.01041,1.36025,-0.0283708,-0.00591888,1
3463,205.587,-498.245,516.294,1.15319,1.00501,0.977042,1.02672,0.990237,0.3808,-0.010571,1
3464,856.453,-1941.58,2260.3,1.10589,0.992518,0.995685,0.970491,0.857691,-0.093736,0.00962186,1
3465,174.771,-425.49,438.149,1.18876,1.02196,1.01426,0.997283,0.853001,0.368099,-0.0124493,1
3466,235.42,-585.46,609.456,0.962695,1.03531,1.00962,0.972629,0.893564,-0.2761,0.0122346,1
3467,283.301,733.094,-698.31,0.906732,1.0502,1.00399,1.03193,1.03155,-0.137199,-0.0211912,1
3468,2104.83,5880.29,-4106.52,0.666054,1.02098,0.983019,1.04563,1.12376,-0.197361,-0.00187988,1
3469,5903.23,15467.3,-5216.37,0.927299,1.00944,1.00265,0.99343,0.665951,0.186026,0.000524362,1
3470,264.909,-643.046,672.782,1.07918,1.00605,1.00605,1.05399,0.823204,0.207636,-0.0143697,1
3471,1572.84,4859.37,-3593.25,1.06197,1.05669,0.998345,1.00487,0.89369,0.0649346,0.00782675,1
3472,471.208,-1120.69,1217.45,1.01595,0.987446,0.99152,0.957709,1.26053,0.104129,-0.0160025,1
3473,1269.54,3407.42,-2687,1.16569,1.00384,0.994086,0.979071,1.17953,-0.133661,-0.00458646,1
3474,94500.8,-13469.5,86703.3,0.852678,0.965332,0.99145,1.04297,0.833611,-0.00526063,0.00238974,1
3475,596.288,1601.91,-1441.9,0.883776,0.999348,1.0053,1.00796,0.830508,0.175188,0.00733829,1
3476,850.799,2299.51,-1980.02,1.0541,0.992631,1.0105,0.981201,1.10521,-0.14255,-0.00627742,1
3477,2078.24,7022.91,-4816.47,0.94304,0.997037,1.00049,1.00321,0.97158,0.0386644,0.00919395,1
3478,247.548,-601.934,627.91,1.0173,1.03127,1.0053,0.969107,0.845,0.229938,-0.0142748,1
3479,858.986,2310.99,-1986.8,0.810702,1.00586,1.01155,1.00968,0.635997,-0.096131,-0.00930857,1
3480,688.28,1828.25,-1620.04,0.732736,0.989929,1.01372,0.993274,1.02751,-0.24303,-0.00455605,1
3481,248.913,636.262,-609.655,0.895148,0.987047,1.002,1.02184,0.876062,-0.203324,-0.0153862,1
3482,123142,12048.1,18832,1.09804,1.03371,1.00779,1.01686,1.0661,-0.0438363,4.25479e-05,1
3483,6663.38,16377.9,-6184.85,1.14733,1.029,1.00716,1.04716,1.00565,-0.005693,-0.015047,1
3484,7100.95,-4815.34,13900.9,0.517758,1.02549,1.00702,1.02736,1.15189,0.0223298,-0.00382703,1
3485,2297.84,7471.44,-4745.26,1.00391,1.01781,1.00667,1.04828,0.996737,0.0363565,0.00886552,1
3486,10756,49982.8,-14314.1,1.19755,0.98668,0.991512,0.963784,1.29646,-0.155549,-0.000352165,1
3487,101017,-8942.82,80700.8,0.971444,0.989342,1.00595,1.03172,0.743311,-0.00977361,0.0010967,1
3488,3442.92,-4776.1,9353.67,1.09912,1.00132,0.994535,0.976081,0.947857,0.16624,-0.00131232,1
3489,543.806,1433.91,-1303.59,0.962614,1.01113,1.0006,1.03588,1.02615,-0.116273,-0.0125127,1
3490,2796.38,10467.7,-6248.5,1.1468,0.984092,1.00743,0.966625,1.2978,-0.0473745,-0.00535098,1
3491,276.249,724.623,-690.926,0.935997,1.02547,1.0018,1.00631,1.06638,0.298701,0.0096146,1
3492,1913.65,5041.24,-3577.38,0.965826,1.00608,0.998071,0.97503,1.13441,0.0457886,0.00860555,1
3493,542.006,-1275.96,1403.46,0.963328,0.985979,0.999073,0.974147,1.49992,0.11228,-0.0127337,1
3494,98248,98922.8,-45827.5,1.23662,0.975988,1.00849,1.02444,0.621592,-0.0573082,-0.000132805,1
3495,4541.05,-7643.4,15438,0.6794,1.00006,1.01887,0.925197,0.826982,-0.00988666,0.0157069,1
3496,2816.2,10607.3,-6299,1.12015,0.988831,1.00927,0.971284,1.32118,-0.0220883,-0.0113915,1
3497,2702.25,-5174.31,8069.04,0.910708,0.982267,1.0016,0.99802,1.26439,-0.144137,0.00185808,1
3498,349.867,919.013,-864.851,0.906771,1.01028,0.999806,1.0251,0.982645,0.161517,0.0139159,1
3499,6854.28,-4745.37,16007.3,0.996387,1.00997,1.00336,0.980892,1.0229,0.035449,-0.00320833,1
3500,1071.76,-2355.65,2868.52,0.860099,1.01705,1.01103,0.99161,1.08249,-0.182612,0.00393008,1
3501,608.429,-1415.89,1573.98,1.17813,1.00414,1.01151,0.969914,0.884728,0.223911,-0.00571905,1
3502,884.284,2437.4,-2086.23,0.693017,1.00562,1.01447,0.94064,1.29599,-0.073612,-0.0117618,1
3503,14514.1,69131.2,-20065,0.82868,1.00655,0.997068,1.05484,1.21394,0.0140725,0.00332815,1
3504,534.235,-1276,1400.86,0.739379,0.999177,1.01017,0.998078,0.721195,-0.208249,0.00686627,1
3505,257.102,672.611,-643.331,1.29234,1.02666,0.994049,0.950253,0.884867,0.271165,0.0115342,1
3506,924.486,2484.61,-2098.85,1.1688,0.979143,0.988324,0.959353,1.21246,-0.0659893,-0.012617,1
3507,686.959,1857.79,-1641.97,1.00993,0.985027,0.988434,1.00284,1.09352,0.126996,0.00885231,1
3508,2005.48,-3670.18,5144.93,1.00657,0.998104,0.992495,0.985989,0.883097,0.132838,-0.00287407,1
3509,1434.04,-2843.69,3656.83,0.959992,1.05006,0.992937,1.03604,1.00252,0.0399592,-0.014161,1
3510,642.888,1709.47,-1526.33,0.785593,1.00116,1.00147,1.01335,1.03328,-0.150424,-0.00808248,1
3511,2927.14,9947.14,-6074.72,0.986148,1.04074,1.01631,1.02141,0.892601,0.0139875,0.0178912,1
3512,559.732,-1324.26,1462.76,1.23049,0.9796,0.99046,1.00072,0.803014,-0.111537,0.0123514,1
3513,240.916,-598.145,623.44,0.90537,1.0012,1.00441,1.01859,0.855428,-0.277407,0.0115743,1
3514,2142.44,7375.8,-4983.58,1.03278,1.0128,1.00486,1.00425,1.15452,0.0623227,0.00557493,1
3515,1915.81,-3322.16,4657.36,0.93519,0.997856,0.997353,1.02695,1.25661,0.0736014,-0.00538131,1
3516,11542.8,54275.5,-15831.4,0.838221,0.996506,1.01704,0.975194,1.27333,0.0534207,0.000974284,1
3517,329.362,853.419,-806.268,0.994825,1.01311,1.0009,0.981944,1.06213,-0.0983932,-0.0245817,1
3518,181.557,-455.574,469.857,0.588541,1.00902,1.01245,1.01731,1.21133,-0.368724,0.0114917,1
3519,12310,58342.3,-16521.1,0.834843,0.983656,1.00135,0.978098,0.883898,0.0254352,0.00200669,1
3520,727.79,-1685.85,1919.89,1.49175,0.996551,0.989151,1.04305,1.10586,-0.108592,0.00990693,1
3521,112721,19242.4,31927.4,1.00937,0.984076,0.990944,0.972456,0.817463,-0.0571492,7.13458e-05,1
3522,6676.81,16513.5,-6714.67,1.03274,0.990623,1.01081,1.00623,0.953753,0.0206018,0.00409723,1
3523,2374.72,-4034.49,6406.82,0.927353,1.01072,1.00265,1.0028,0.77795,-0.158512,0.00198696,1
3524,380.215,986.012,-922.839,0.773787,0.995603,0.99389,0.996562,0.979961,-0.204121,-0.010209,1
3525,21745.7,-30372.3,81574,1.12988,0.972053,1.00463,1.01883,1.08927,0.106593,-0.000399206,1
3526,696.738,-1617.44,1829.62,1.18034,0.991103,1.00334,1.04504,1.15574,-0.0688984,0.0159453,1
3527,394.334,-957.696,1026.61,0.832133,0.986089,0.986755,0.982871,1.11951,-0.19129,0.0103497,1
3528,767.731,2070.91,-1805.05,1.06417,1.02321,0.993485,1.01681,0.723305,-0.0636022,-0.0164237,1
3529,340.532,892.984,-841.579,0.847707,1.01076,0.994069,0.965147,1.26161,0.134302,0.0173707,1
3530,504.862,1325.48,-1213.12,0.919772,0.999128,0.995718,1.04506,1.11365,-0.159476,-0.00979716,1
3531,3327.52,-4759.34,9143.08,1.29752,0.992,1.00067,0.95004,0.669224,-0.0605635,0.00362934,1
3532,2354.81,6305.49,-4022.93,0.939059,0.988188,1.0001,0.945787,1.14566,-0.0866974,-0.00358478,1
3533,1896.87,-3256.05,4591.51,0.966098,0.995631,0.995438,0.996972,1.03295,0.165902,-0.0024261,1
3534,1807.11,5663.89,-3991.16,0.709006,1.02401,1.00622,1.01527,0.743328,-0.0316967,-0.0133322,1
3535,489.808,-1158.85,1262.32,0.836784,0.983283,1.00462,1.0066,0.953581,0.102121,-0.015333,1
3536,1096.65,3083.64,-2538.49,1.23029,0.971626,0.989471,1.04087,0.637286,-0.134356,-0.00514902,1
3537,184.855,471.807,-457.138,1.1011,1.00296,0.993818,0.986596,0.960747,-0.143646,-0.0301243,1
3538,585.247,-1371.49,1519.82,1.25422,0.999861,0.999968,1.03726,1.21622,0.0909204,-0.0147167,1
3539,3425.01,-5720.48,10735.1,1.33709,1.00698,0.998659,0.960666,0.941497,0.0662732,-0.00345669,1
3540,192.186,-480.93,497.02,1.15173,1.01971,0.998412,1.0424,1.37156,-0.304353,0.0135801,1
3541,834.88,2235.22,-1923.96,0.752095,0.995816,0.999166,1.0102,1.01791,-0.226117,-0.00412224,1
3542,1384.41,-3134.3,4051.46,0.767342,0.990498,0.995452,0.996519,1.29729,-0.0538166,0.0102361,1
3543,300.918,-729.707,768.717,1.10425,1.03108,0.99387,1.03358,0.621688,0.178249,-0.0153209,1
3544,4071.46,-5331.21,9758.59,1.04145,1.00918,1.0035,1.00413,1.34797,-0.0157178,0.0112207,1
3545,486.205,-1165.17,1270.81,0.906231,0.953134,0.978432,1.00597,0.970462,-0.220513,0.00707889,1
3546,299.376,-719.454,757.176,1.31707,1.01828,1.0081,0.958558,1.05511,0.341573,-0.00784561,1
3547,113720,18084.8,25452.5,1.08383,0.992658,1.00056,0.983759,1.17119,-0.000679528,0.00417662,1
3548,162.458,-405.35,416.716,1.3939,0.984149,1.00559,1.00498,0.920762,-0.254152,0.018408,1
3549,7211.39,-5729.84,14762.7,0.814557,0.978364,1.004,1.00342,1.01853,0.0556252,-0.00149921,1
3550,3603.91,-4177.49,8236.65,1.41859,1.01528,0.99964,1.06871,0.960635,-0.0613176,0.00328633,1
3551,6056.06,-3687.09,13019,0.600032,0.988689,0.998892,0.989828,1.08687,0.0337218,-0.00315345,1
3552,390.118,1029.01,-961.04,0.576397,0.993787,0.997058,1.01842,1.09229,0.185666,0.0106918,1
3553,90257.1,135540,-69540.6,1.10982,0.986741,1.00846,0.978084,0.592356,-0.00137699,-0.00884582,1
3554,298.801,-732.014,770.676,1.09396,1.00284,1.00431,0.962248,0.744737,-0.0864508,0.0302175,1
3555,839.636,-1931.45,2245.14,0.994837,0.966244,0.999413,0.995397,0.628421,-0.0915987,0.0097084,1
3556,520.646,1372.21,-1253.39,0.826271,1.00651,1.0105,1.05898,1.00837,-0.0906568,-0.0164506,1
3557,786.571,-1812.41,2079.64,0.817437,0.965705,1.02703,1.01332,0.966671,-0.110731,0.00824891,1
3558,662.61,-1545.44,1739.51,0.9624,1.0159,0.984972,1.0112,0.919337,-0.0793438,0.0153193,1
3559,1620.98,5089.49,-3816.3,1.19671,1.00185,1.00688,0.997432,1.19595,0.175882,0.00260947,1
3560,2171.45,-4608.58,6935.75,0.834394,0.995982,1.00684,1.03963,1.1409,-0.0253279,0.0134349,1
3561,508.504,1330.95,-1217.73,0.864202,1.02197,1.00138,0.965221,0.667185,-0.235791,-0.00670873,1
3562,1081.5,-2285.75,2767.6,1.30757,1.00125,1.01351,1.00888,0.874809,0.0647912,-0.0108655,1
3563,1678.96,5278.54,-3911.12,0.816113,1.00946,0.99667,0.950092,0.75993,0.0345434,0.0132006,1
3564,2535.16,6737.72,-4357.57,0.707924,1.00547,1.00141,0.935058,1.28404,0.218584,0.00131563,1
3565,99520.4,-28747.3,108381,1.07801,1.01165,1.00397,0.97999,1.11738,-0.00153144,0.00930212,1
3566,503.422,1315.96,-1205.37,1.23328,1.0032,1.0022,1.00243,1.35,-0.258855,-0.00605464,1
3567,2905.21,-5503.82,8956.85,0.790431,1.00515,0.983894,1.04641,0.666576,0.01965,-0.0131851,1
3568,788.92,2151.38,-1870.32,1.1309,1.00346,1.0111,1.04377,1.06519,0.144372,0.00667419,1
3569,1429.55,4215.22,-3200.99,1.11078,0.997118,0.995771,1.03755,0.953096,-0.0959205,-0.0055728,1
3570,738.04,-1698.96,1933.17,1.57725,1.00455,1.01636,0.991165,1.30228,0.0743009,-0.0139955,1
3571,1675.87,5076.48,-3790.26,0.64793,1.01577,1.00035,0.980643,0.967271,-0.0574297,-0.00798869,1
3572,3461.53,-4033.03,7784.03,0.721477,0.974872,0.983425,1.05642,1.04504,0.0554043,-0.00377783,1
3573,463.482,1227.31,-1132.39,0.93355,1.04645,1.01217,0.98473,0.856036,0.0769306,0.0224991,1
3574,979.795,-2251.19,2682.42,0.957072,0.981729,0.993168,1.06923,1.09372,-0.125033,0.0062119,1
3575,456.526,-1097.51,1188.32,0.917001,1.02087,1.00168,0.99276,0.831023,-0.124641,0.0139507,1
3576,393.495,-941.064,1008.38,1.33394,1.02212,0.983873,1.00822,0.965164,0.238208,-0.00881513,1
3577,606.133,-1426.96,1588.14,0.985084,1.02312,0.995961,0.987535,0.93768,-0.0963569,0.0136993,1
3578,3156.12,-6082.67,10807.7,0.568722,0.99913,0.988029,0.997604,0.754421,0.117887,-0.00205871,1
3579,607.42,-1416.33,1574.72,0.769666,1.00088,1.0076,0.982321,1.37729,0.172297,-0.00744175,1
3580,762.803,-1765.01,2023.02,0.974967,0.979101,0.99751,1.00314,1.09861,-0.265475,0.00372883,1
3581,2952.63,-5932.44,10160.4,0.963018,0.981137,0.997859,1.01045,0.85064,0.0418085,-0.00594816,1
3582,812.55,-1872.54,2163.83,0.821808,1.00622,1.00146,0.982824,1.26723,-0.118148,0.00809463,1
3583,96812.2,94341.2,-43829.2,0.933734,0.968287,1.00692,1.03401,0.833287,0.0104451,0.000710806,1
3584,5620.92,21767.5,-8756.92,1.07228,0.996403,1.00578,0.957123,0.871649,-0.127609,-0.00109778,1
3585,2160.21,7458.93,-4866,1.22868,0.996473,0.99507,1.09983,1.2966,0.260781,0.00129278,1
3586,519.144,1378.95,-1259.75,0.95964,1.00782,1.0132,1.02636,0.871966,0.0788727,0.0187972,1
3587,499.037,-1194.64,1303.66,0.977451,1.00736,0.999701,0.959558,1.02329,-0.120545,0.0130512,1
3588,825.356,2233.65,-1927.68,1.07853,0.969772,0.996341,0.955476,0.559036,-0.109637,-0.00836468,1
3589,1628.59,-3381.48,4443.14,0.80764,1.0115,1.01202,1.12409,0.665887,0.143246,-0.00325441,1
3590,1536.39,4084.54,-3103.12,1.35279,1.00055,0.994972,1.01175,1.33255,0.0364444,0.0135987,1
3591,601.768,1612,-1448.73,0.900138,0.992459,0.996958,0.982325,0.86283,0.0770508,0.0166749,1
3592,309.183,797.66,-756.215,0.565095,0.990231,1.00339,1.02756,0.933105,-0.130714,-0.0192121,1
3593,1292.68,-2612.53,3317.38,0.859622,1.01351,0.993724,1.01516,0.843121,-0.141596,0.0042666,1
3594,976.48,2647,-2230.25,0.569539,1.01289,1.01143,1.02983,1.24078,0.0626873,0.0125155,1
3595,8218.01,25276.2,-9626.82,0.908597,1.02237,0.99503,0.995575,1.0158,-0.0640485,-0.00107551,1
3596,2386.03,-4685.56,7430.33,1.10197,1.02362,0.994745,0.972898,0.989193,0.145283,-0.00223884,1
3597,13874.9,-17664,56337.9,0.910341,0.98311,0.995722,1.01655,0.829015,0.0970868,-0.000516469,1
3598,883.697,-1996.51,2346.38,1.20479,0.9696,0.983172,1.03617,1.11696,0.169672,-0.00515606,1
3599,112689,18270.3,-4823.85,0.823638,0.987558,1.00758,0.952185,0.800926,0.0011448,0.000790104,1
3600,751.298,2026.41,-1771.55,1.22289,0.991897,0.992957,0.984126,0.844793,-0.073038,-0.014192,1
3601,15454.6,-20782.1,64290.9,1.21157,1.03728,1.00953,0.975951,1.09322,-0.113836,0.000413682,1
3602,1462.4,-3136.29,4133.84,1.04874,1.00984,1.00154,1.00393,0.931161,0.10422,-0.00508416,1
3603,620.242,-1452.57,1620.03,0.855729,0.983959,1.00703,1.0024,1.05103,-0.0714482,0.0170961,1
3604,799.611,-1811.3,2085.22,0.871139,1.02659,1.00604,1.02055,1.21589,0.170317,-0.00584973,1
3605,784.057,-1791.3,2060.24,0.894417,0.997288,0.989771,0.989586,1.12171,0.056819,-0.0176897,1
3606,3509.24,10074.2,-5042.09,1.17067,1.02616,0.997371,0.999367,1.0313,-0.0588545,-0.00349024,1
3607,312.947,823.212,-779.809,0.725573,0.994189,1.00791,1.02204,1.12984,0.354014,0.00685454,1
3608,7282.67,-5307.51,14772.5,1.11539,1.01191,0.996661,0.972793,0.758073,-0.228121,0.000366621,1
3609,424.014,1128.53,-1047.21,0.882978,1.0023,0.989356,1.00809,1.367,0.29133,0.00635897,1
3610,1036.01,2971.98,-2473.21,1.04578,1.02385,1.01749,0.992193,1.3824,0.0405589,0.0182971,1
3611,18611,-25540.1,73389.6,0.943662,0.982483,1.00628,0.98976,0.763487,-0.00600054,0.00748537,1
3612,2565.78,6834.21,-4446.94,1.27094,1.00431,1.00558,0.996402,1.09651,-0.0381485,-0.0074469,1
3613,2762.47,9627.79,-5963.93,0.692877,1.00027,1.01569,1.00392,1.22731,-0.0648859,-0.00396389,1
3614,1184.49,-2506.2,3127.7,1.27412,1.04966,0.991828,0.995715,1.03413,0.0780528,-0.00886436,1
3615,3613.24,9054.02,-4864.36,0.991939,1.00742,1.00731,1.02367,1.33336,-0.0294737,-0.006567,1
3616,2613.16,-3954.91,6180.59,1.18223,1.02054,1.01061,0.950149,0.96055,-0.0277412,0.0103408,1
3617,102971,121940,-62014.8,0.753598,1.01078,1.01141,1.00672,1.08918,-0.00895272,-0.000992158,1
3618,310.705,799.517,-757.849,1.23079,0.981631,1.0068,0.983084,1.01822,-0.147217,-0.0167577,1
3619,6968.7,24266.9,-8562.06,1.53899,1.05753,1.01212,1.01833,0.804012,0.0182438,0.00677786,1
3620,117354,2622.44,67769.4,1.21124,1.02522,0.998586,0.975831,0.976349,-0.120931,6.51417e-05,1
3621,768.382,2081.68,-1815.49,0.601078,0.984005,1.00814,0.981228,0.921235,0.0801154,0.0122003,1
3622,894.527,2436.32,-2082.61,1.08278,1.01379,1.00858,0.991484,1.05237,-0.136311,-0.00638841,1
3623,1741.83,-3715.36,5157.13,0.937068,0.999814,1.00478,1.01607,1.36491,0.247326,-0.00176926,1
3624,1445.54,4528.51,-3441.89,0.97016,1.00901,0.981075,0.984653,1.00056,0.0885992,0.00612136,1
3625,1636.28,-3703.13,4968.87,1.2528,0.990775,0.999522,0.99684,1.02208,-0.200288,0.00228705,1
3626,297.578,-715.192,752.735,0.56044,0.992222,0.998687,1.04312,0.872948,0.343692,-0.0077322,1
3627,3024.01,11195.2,-6276.63,1.2205,0.979361,0.998812,1.00807,0.524918,-0.0848007,-0.00285988,1
3628,232.902,595.952,-572.69,1.70361,0.999834,1.00176,1.03981,1.23741,-0.182782,-0.0185346,1
3629,315.62,-762.187,804.71,0.576861,1.00779,0.999626,1.01135,0.99316,0.185145,-0.0136467,1
3630,3316.05,-5958.51,10932,1.15376,1.00154,0.995855,0.947179,0.833477,0.067766,-0.00347085,1
3631,6268.39,15646.8,-5553.02,0.689716,1.00131,0.990006,0.980143,1.21123,0.033141,0.00279084,1
3632,272.969,-671.413,704.035,0.948014,0.943088,0.999797,1.00006,1.44118,-0.1382,0.0194303,1
3633,1067.5,2896.09,-2395.57,1.46478,0.970874,0.989568,1.0005,0.963954,-0.0774181,-0.00916877,1
3634,275.045,719.678,-686.167,0.904223,1.02051,0.993184,0.992676,0.980085,0.241377,0.0120593,1
3635,536.492,-1264.5,1388.15,1.3445,1.01207,1.00721,1.00837,1.01205,0.111033,-0.0132124,1
3636,373.244,968.542,-906.926,0.814957,0.974918,0.983823,0.983638,0.80009,-0.155316,-0.0135337,1
3637,591.948,-1398.43,1551.18,0.781447,0.970605,1.0108,0.986049,0.92761,-0.164042,0.00762477,1
3638,1025.54,-2341.48,2815.16,1.34307,1.01052,1.01989,1.05059,1.06009,-0.0639867,0.011555,1
3639,2516.65,6691.31,-4359.27,0.591296,1.00018,1.00476,0.952834,0.877148,0.136945,0.00210055,1
3640,187.417,474.332,-459.128,0.989997,0.997658,0.967465,0.952649,1.00323,-0.335623,-0.0132108,1
3641,320.223,-785.725,830.6,1.00451,0.997346,1.00086,1.00677,0.881484,-0.214391,0.0112901,1
3642,786.967,2141.89,-1860.45,0.807142,1.00923,0.994168,0.999543,0.73799,0.10541,0.00945721,1
3643,807.579,-1811.13,2090.17,1.0803,0.966481,0.999567,0.957887,1.16203,0.311992,-0.00301797,1
3644,2182.73,-4659.96,6894.46,1.19853,1.0023,0.979801,1.01228,1.11015,-0.0273743,0.0129188,1
3645,2090.65,-4547.18,6593,1.1618,0.992142,1.00174,1.00943,1.14399,-0.024949,0.0142661,1
3646,691.111,-1609.35,1821.19,1.10548,0.982022,0.989822,0.953702,1.17108,-0.101763,0.0109871,1
3647,3437.62,10479.4,-5212.43,1.21832,1.01352,0.984443,0.95004,0.783658,0.0910061,0.00232369,1
3648,6330.67,21484.6,-8002.32,0.793913,0.999358,1.01288,1.01164,1.23607,0.130724,0.000983078,1
3649,623.63,-1459.72,1630.67,0.770225,0.980505,0.994139,1.0021,0.773046,-0.0519698,0.0237204,1
3650,3976.55,-4901.9,9048.59,0.692285,1.00557,0.994716,1.02653,1.24479,0.017585,-0.0103487,1
3651,2549.23,6647.49,-4188.26,1.16381,1.02921,1.00107,1.06568,0.816482,0.157481,0.00184777,1
3652,627.773,1693.89,-1514.42,0.843343,0.990664,0.994965,0.957015,0.856029,0.182146,0.00673552,1
3653,41915.8,-58890.8,126434,1.32152,1.00216,0.988128,0.992699,1.16244,-0.0360198,0.000915529,1
3654,3130.23,10794.6,-5891.7,1.01513,0.979751,1.00086,1.03538,0.737433,-0.0275294,-0.00848612,1
3655,1763.04,-3938.77,5435.79,1.09815,1.02328,1.00471,1.01666,0.970402,-0.0576835,0.00757756,1
3656,1612.77,4295.32,-3221.88,1.47649,1.01837,0.989782,0.976044,1.07854,-0.0426487,-0.0113847,1
3657,348.709,-841.12,893.154,0.653334,1.03288,1.00589,1.01265,1.03631,0.131384,-0.017641,1
3658,2256.93,-4288.93,6698.01,1.00609,0.984291,0.986424,0.990938,1.22673,0.0289523,-0.0115106,1
3659,644.14,1742.92,-1553.42,0.735663,1.03293,0.991286,1.03279,1.24277,0.224218,0.00557149,1
3660,2553.9,7626.06,-4978.67,1.25269,0.970252,0.99232,0.987177,0.879491,0.0869505,0.00321493,1
3661,845.8,2309.79,-1983.68,0.974663,1.01842,1.00561,1.0153,0.922171,0.0847707,0.0108638,1
3662,227.279,581.883,-559.531,1.20923,0.988565,0.991984,1.04097,0.986228,-0.150651,-0.0230518,1
3663,1750.85,5764.62,-4154.13,0.865812,1.01937,0.992771,0.998377,1.00226,0.0852258,0.00517212,1
3664,1023.73,-2288.86,2733.41,0.859106,1.02629,1.00806,1.01139,1.04026,-0.128477,0.0059403,1
3665,409.339,1089.68,-1014.62,1.04029,1.01078,1.00478,0.98322,0.851625,0.32996,0.00574015,1
3666,927.476,-2101.86,2475.17,1.1784,1.01361,1.0049,0.992463,0.576178,0.326142,-0.00261492,1
3667,6550.92,-5902.68,16943,1.18497,0.971382,1.00233,0.991205,1.01961,0.00802721,-0.0155923,1
3668,986.193,-2217.22,2655.57,1.05148,1.03622,1.00062,1.02686,0.735803,-0.0770609,0.0105055,1
3669,371.298,-899.33,959.335,0.461714,0.981413,1.00117,0.976546,1.14091,-0.12186,0.0168873,1
3670,784.964,2144.56,-1865.2,0.647176,1.03112,1.00569,1.01736,1.41521,0.241064,0.00414723,1
3671,2134.02,-4392.84,6321.63,0.921657,1.0097,0.994009,1.01896,1.16339,0.0468705,-0.00766092,1
3672,180.184,-453.261,467.373,0.538069,1.0233,1.00697,0.994489,0.849398,-0.38083,0.0114551,1
3673,770.403,-1776.55,2038.32,1.1163,1.00231,0.99184,1.00226,0.836514,-0.123473,0.00824451,1
3674,2874,9341.44,-5780.6,1.16797,1.02732,1.00461,1.02725,0.818778,-0.0840699,-0.00305557,1
3675,509.739,-1212.02,1326.33,0.784048,0.977859,0.992253,1.01667,1.24772,-0.0989708,0.0152378,1
3676,5636.32,15515.4,-5160.51,1.07171,0.996117,1.01083,0.982948,0.961585,-0.0429932,-0.00240985,1
3677,4093.1,-5245.8,9747.26,1.07935,1.0107,0.989334,0.99394,1.04455,-0.19032,0.000931964,1
3678,1537.7,4035.04,-3057.02,1.12031,1.00249,0.997129,1.02396,1.20495,-0.158004,-0.00315679,1
3679,942.712,2565.86,-2173.31,1.06348,0.982625,1.00423,0.984429,0.72243,-0.0650123,-0.0123194,1
3680,109856,6421.86,60597.7,0.892054,1.01691,1.01978,1.04031,0.973484,-0.00165406,0.00460367,1
3681,528.849,1407.79,-1281.84,0.917112,0.99018,0.992692,0.980065,1.10112,0.0781813,0.0187988,1
3682,671.196,-1563.4,1760.25,0.905261,0.987721,1.00421,0.972756,1.05688,-0.050961,0.0223335,1
3683,343.845,-818.661,868.714,0.50977,0.994179,0.995591,1.01496,1.00196,0.437573,-0.0053051,1
3684,434.48,1134.91,-1052.45,1.18031,0.987561,1.01138,1.01557,0.867148,-0.0690747,-0.0253789,1
3685,2435.75,7792.88,-4813.92,1.14663,1.04279,1.00449,1.02139,1.0084,0.0153941,0.0202728,1
3686,669.03,1786.5,-1586.58,0.784158,0.993384,0.997416,0.999299,0.964922,-0.124993,-0.00930853,1
3687,529.923,1396.54,-1270.75,0.935169,1.01958,0.979995,1.01495,0.806296,-0.193935,-0.00800924,1
3688,3667.26,-4347.67,8035.49,0.818765,0.990087,1.00515,0.967233,1.37585,-0.120309,0.00161683,1
3689,544.288,1450.3,-1317.05,1.0597,0.950548,1.00011,1.02191,0.962048,0.0739784,0.0182515,1
3690,8771.45,-8345.09,22311,1.08424,1.01574,0.988789,1.01262,1.24588,-0.0371278,0.00186733,1
3691,1432.11,-2858.1,3763.52,0.971402,0.978783,0.986963,0.991603,0.87816,-0.0406166,0.0130926,1
3692,329.308,-804.613,852.273,0.895541,1.01707,0.9857,1.07004,0.562947,-0.161082,0.0152342,1
3693,6362.5,21835.8,-8090.37,0.807218,1.00055,1.00777,1.007,0.903151,0.0714505,0.00180983,1
3694,260.397,-641.881,671.43,0.815127,0.955913,1.00016,1.05682,0.961158,-0.166952,0.0170875,1
3695,1026.08,-2229.89,2698.18,1.19495,0.976974,0.992308,1.0056,1.48311,0.0742575,-0.010038,1
3696,6529.79,-6237.94,17255.1,1.00128,0.979589,1.01318,1.01921,1.43155,-0.0372127,0.00337442,1
3697,1907.78,-3519.22,4855.06,0.759651,0.987068,1.00509,0.973517,0.801128,-0.03554,0.0109383,1
3698,1606.98,5017.62,-3765.16,0.970098,0.98712,1.00254,0.995439,0.925567,-0.0985349,-0.00471275,1
3699,750.195,-1731.51,1977.48,1.05156,0.971088,1.00681,0.997189,0.985409,-0.143955,0.00687921,1
3700,160.398,406.505,-395.608,1.01945,0.967571,1.00454,0.94936,1.35949,-0.170334,-0.0278202,1
3701,17746.3,87370.6,-27205.3,1.16215,1.03059,1.00226,1.03555,1.16569,0.299042,0.000142338,1
3702,515.853,-1216.62,1330.99,1.07577,1.03337,1.00496,1.00945,0.852256,0.195086,-0.00803752,1
3703,4003.24,12839.5,-6906.04,1.04828,0.972394,1.00192,1.01068,0.471279,-0.164145,-0.00103619,1
3704,418.912,-1018.72,1095.33,0.692315,1.03304,1.00921,1.00007,0.80784,-0.28116,0.00671466,1
3705,107.59,-272.273,277.295,1.06185,0.957708,1.00681,0.997143,0.73865,-0.378167,0.0180097,1
3706,297.065,-728.884,767.135,1.20039,0.996159,1.00932,1.01525,1.25748,-0.184088,0.0140162,1
3707,1181.98,-2586.47,3222.78,1.42544,0.994631,1.01092,1.02164,0.711895,-0.0581712,0.0109505,1
3708,603.036,-1422.53,1582.06,0.80753,0.991901,1.00267,0.964794,1.22428,-0.117527,0.0108365,1
3709,1930.96,5166.23,-3665.6,1.2325,0.995531,0.982053,0.985081,0.960721,0.13168,0.00298038,1
3710,2706.81,9089.35,-5707.06,1.04096,0.990508,1.00035,1.03173,0.91214,0.093724,0.00280953,1
3711,293.079,752.112,-714.985,0.870643,0.976738,1.00038,0.962832,1.17388,-0.176961,-0.0148576,1
3712,672.627,1816.9,-1612.47,0.859479,0.99178,1.00637,1.01256,0.95776,0.184897,0.00608942,1
3713,207.249,527.711,-509.515,1.19156,1.00177,1.01157,0.995931,1.22328,-0.232465,-0.0162403,1
3714,850.832,-1943.79,2267.26,0.971108,1.01346,0.992889,0.977918,1.25711,-0.110673,0.00840484,1
3715,2416.39,-3779.97,5993.86,1.10048,1.00112,0.996424,0.97496,1.2379,-0.260285,0.00118331,1
3716,2780.28,10402.6,-6183.15,1.09934,0.973528,0.997444,1.06003,0.834356,-0.0490537,-0.00518422,1
3717,10426.3,48384.2,-14100.4,1.00306,1.00682,0.998763,0.944086,0.85415,0.04514,0.00121874,1
3718,956.551,-2113.47,2503.11,0.7883,0.99583,1.00014,0.984862,1.19468,-0.119878,0.00669488,1
3719,956.306,2664.03,-2237.21,0.883514,1.02259,1.00165,1.00032,0.811404,-0.097496,-0.00847568,1
3720,5860.36,16009.8,-5158.52,0.893307,1.01567,1.01545,1.01077,1.20173,-0.234131,-0.000439378,1
3721,260.937,-630.359,658.936,1.27749,0.998298,1.01365,0.995867,1.07815,0.326726,-0.00915172,1
3722,113.496,293.38,-287.799,0.756929,1.00225,1.00383,0.976578,0.996155,0.366729,0.0185809,1
3723,2081.39,5799.78,-4061.59,0.983433,1.01865,0.985454,0.975411,1.3487,-0.0922005,-0.00404962,1
3724,9627.53,42809.5,-13358.3,0.986526,1.00095,1.00493,1.01713,0.887431,0.212283,0.000267262,1
3725,566.905,1514,-1371.43,0.928602,1.00969,1.01509,1.00516,1.37293,0.100571,0.013467,1
3726,567.085,-1332.23,1473.4,0.808897,1.03783,0.978526,1.04,0.986128,0.180885,-0.00817818,1
3727,470.415,1230.86,-1133.06,1.01303,0.964119,0.995162,0.95364,1.02266,-0.116474,-0.0138781,1
3728,1149.68,3078.44,-2517.42,0.797354,1.02673,1.0128,0.979484,1.34549,-0.133746,-0.00506935,1
3729,1251.52,-2720.82,3444.92,1.08682,1.00698,0.989498,1.00126,1.41436,0.175616,-0.00360016,1
3730,333.986,876.76,-827.066,0.99525,0.97123,0.995029,1.0324,1.15811,0.259798,0.00871589,1
3731,1713.13,-3802.24,5124.44,0.959377,1.02661,1.0074,1.04155,1.005,-0.210384,0.00212476,1
3732,59066.2,-61675.4,133469,0.963523,0.997424,1.00867,1.02678,0.583471,0.124855,-0.000212702,1
3733,3484.58,11209.5,-5718.35,1.09231,1.02327,1.00016,1.01336,0.85607,-0.0484697,-0.00447817,1
3734,154.399,403.333,-392.778,1.17243,1.00255,0.993026,0.995701,1.20214,0.473328,0.0106865,1
3735,139.816,-340.226,348.382,1.16014,0.967208,0.998292,0.993127,1.34023,0.372612,-0.0148427,1
3736,1662.06,-3048.25,4155.39,0.991449,0.955214,1.01432,1.00704,1.08774,-0.0518579,0.00829446,1
3737,475.032,1267,-1164.82,0.976827,0.949176,0.998493,1.00794,0.874228,0.223871,0.00688403,1
3738,1525.51,4356.28,-3252.72,1.04677,1.02981,1.00634,0.97227,0.953904,-0.0564787,-0.00902579,1
3739,1452.26,-3043.08,3898.75,1.05473,1.04501,1.00091,0.991746,0.810174,0.125398,-0.0044111,1
3740,6391.73,18606,-6045.82,0.876819,1.01042,1.00784,1.00296,0.961006,0.0834552,0.00135677,1
3741,85757.3,160837,-85887.3,0.913662,1.009,0.998872,0.997966,1.10109,-0.0675845,-0.000226498,1
3742,2852.73,-5384.74,8581.29,0.975756,1.01115,1.00516,1.00167,0.658777,0.0204355,-0.0127102,1
3743,3028.52,-5785.14,9639.9,1.33704,1.02471,0.992017,0.96917,1.24268,0.0619418,-0.0040698,1
3744,117906,86352.3,-40608.4,0.861403,1.02272,0.993098,1.00438,0.999525,0.130888,3.99519e-05,1
3745,765.98,2060.68,-1796.58,0.957841,0.988759,0.991855,1.02658,1.09835,-0.140039,-0.00725718,1
3746,273.532,-673.062,705.137,1.1468,0.983725,1.02105,1.03167,0.594545,-0.20302,0.0133934,1
3747,5565.75,15285.3,-5155.99,1.09221,0.981795,1.01179,1.01232,0.863847,-0.0944399,-0.00113682,1
3748,1621.06,4914.59,-3709.54,1.13098,1.00599,1.0112,1.0572,1.02842,-0.041086,-0.0112332,1
3749,1169.51,3461.89,-2798.91,1.00792,1.00052,0.999808,0.979119,0.988803,0.0400282,0.0163624,1
3750,629.965,1651.55,-1477.77,0.972253,0.967879,1.00218,0.956783,1.00409,-0.395538,-0.00305909,1
3751,1917.14,5246.71,-3786.7,1.31785,0.993649,1.00666,0.983771,1.07138,-0.0493193,-0.00780892,1
3752,360.921,-884.744,942.264,0.88214,1.00118,0.995969,0.995404,0.951168,-0.285626,0.00757226,1
3753,2066.21,7119.1,-4861.81,0.742869,0.991985,1.01189,0.961,0.614421,-0.0241663,-0.0145802,1
3754,106795,82322.2,-36506.7,1.19886,0.986816,1.00296,0.985123,1.11053,-0.00852565,-0.000654132,1
3755,513.278,-1210.78,1324.26,1.14193,1.00413,0.999547,1.04285,1.26059,0.148192,-0.0103849,1
3756,4733.32,19016.6,-8488.56,1.16365,0.99229,0.989569,1.02553,1.26853,0.0199724,0.00753526,1
3757,1369.97,-3030.66,3902.39,0.862117,0.998879,1.02863,0.968101,1.1351,-0.0783209,0.00686321,1
3758,1023.92,2765.74,-2287.7,0.852667,0.977626,0.995843,1.04253,0.980588,-0.0561248,-0.0131567,1
3759,593.33,1576.53,-1418.7,0.67701,0.988257,0.989734,1.01724,1.00039,-0.0877412,-0.0150294,1
3760,18292.4,88493.3,-27795.4,0.756208,1.00278,1.00312,0.992591,1.02775,0.0917854,0.000466544,1
3761,2118.15,-4645.6,6815.24,0.810685,0.99807,1.02072,0.969007,1.02297,0.0672128,-0.00515754,1
3762,2068.76,6171.81,-4325.37,0.830839,1.00822,0.987359,0.969379,1.10461,0.0596518,0.00617586,1
3763,4286.48,-5830.4,10880.9,1.09521,1.03189,1.00508,1.01056,1.04934,-0.0961448,0.00175173,1
3764,100861,-27674.5,108697,1.07514,1.0061,0.98903,0.988869,1.26124,-0.0102607,0.00138114,1
3765,1739.92,-3719.4,5172.48,1.14411,1.00987,1.01184,1.02115,1.22134,-0.22053,0.00195111,1
3766,7269.8,-5816.35,14877,0.913583,1.01426,1.0306,1.02022,1.05331,-0.138363,0.000587772,1
3767,8451.95,30918.5,-11332.6,0.898422,0.971834,1.01081,1.00868,1.30374,0.308235,0.000208159,1
3768,547.043,1461.35,-1325.42,1.16387,0.98018,0.988787,0.931497,1.20075,0.130849,0.0107803,1
3769,99289.4,-25251.7,106591,1.31036,0.991547,0.982156,0.9633,0.862535,0.0848655,-0.0001699,1
3770,16237.6,-21699.9,67415.5,1.13477,1.03501,0.991638,0.986067,0.834905,-0.0255005,0.00182676,1
3771,1188.17,-2561.97,3151.06,1.11887,1.01515,0.988989,1.03504,0.982749,0.137386,-0.00488374,1
3772,5956.07,14944.3,-5252.71,1.09997,0.990826,0.997292,1.0069,1.68571,0.0332389,0.0029102,1
3773,3714.92,9355.76,-4957.08,1.07658,1.02642,1.01187,1.00511,1.03953,-0.0683972,-0.00277578,1
3774,2511.17,7083.17,-4335.38,0.901703,1.0338,0.993799,1.00696,1.38758,0.0976501,0.00309679,1
3775,3581.94,-6170.13,11796,0.989875,1.03837,0.992918,0.950533,0.845369,-0.225767,0.00100019,1
3776,652.615,-1514.67,1700.14,1.01365,0.984008,0.997966,1.00838,1.00701,0.0848317,-0.0139328,1
3777,2315.17,6243.42,-3996.55,0.990131,0.978512,0.996424,0.932517,0.87443,-0.0688718,-0.00456974,1
3778,1346.05,4026.6,-3178.51,1.09996,1.00358,1.01886,0.934582,1.30962,-0.131905,-0.0042375,1
3779,1482.76,3895.51,-2964.6,0.936859,0.992879,1.00213,1.02541,0.971694,-0.206765,-0.00246936,1
3780,1633.08,4282.33,-3175.99,0.67943,1.04745,1.01036,1.02329,1.04224,-0.357692,-0.00135695,1
3781,5245.91,-8146.56,18536,0.864519,1.02133,0.993178,1.04244,1.09188,0.0902297,-0.00160694,1
3782,323.395,835.537,-789.793,1.19731,0.981435,0.993906,1.0108,0.788552,-0.125645,-0.0191699,1
3783,149.913,-375.177,384.875,0.934214,0.999157,1.00297,0.971582,1.07921,-0.232942,0.0222247,1
3784,6785.83,-5557.86,17027.5,1.35482,0.990137,0.998289,0.996786,1.06078,-0.0747015,0.00161673,1
3785,19582.1,-28113.5,79431.3,1.16066,1.04842,1.00466,1.02228,1.25594,0.00945174,-0.0045588,1
3786,18669.8,91711.9,-29302.2,0.991694,1.02964,1.00347,1.00402,1.13114,0.0171863,0.00245298,1
3787,28701.5,-43764,104029,1.13525,1.00708,1.0155,0.955512,1.18064,0.0059619,-0.00639702,1
3788,294.931,772.916,-733.978,0.69811,1.01988,0.982202,0.975451,0.910466,0.22491,0.012245,1
3789,2377.86,6252.03,-3980.19,0.870845,0.973094,0.978172,0.943845,0.782305,-0.0349259,-0.00889454,1
3790,1244.45,3642.01,-2918.42,1.32056,0.965431,0.991352,1.00684,1.1258,0.305463,0.00193102,1
3791,5938.78,-8383.14,20366.6,0.595182,1.03009,1.00712,1.00925,0.928273,0.0230875,-0.00594171,1
3792,6458.2,-4129.44,12767.6,1.13467,1.0209,1.02758,1.01253,0.810447,-0.0599266,0.00154647,1
3793,6061.36,17433.1,-5793.04,1.05822,0.987063,1.00797,0.979333,0.981832,0.0430981,0.00264816,1
3794,1113.77,-2332.82,2865.2,1.04058,1.00653,0.985163,1.05761,1.00481,0.0396539,-0.0179381,1
3795,804.801,-1822.49,2098.99,1.01158,1.00358,1.00937,0.946551,1.11449,0.337575,-0.00287732,1
3796,1234.76,-2558.4,3189.45,0.996299,0.964719,0.980221,0.998801,0.856156,-0.109265,0.0056187,1
3797,573.936,-1340.46,1481.22,0.863106,1.02967,1.00923,1.02254,0.725632,0.20709,-0.00673723,1
3798,3581.79,-4185.51,8287.49,1.21575,1.00641,0.993459,1.01125,0.948834,-0.0301792,0.00676307,1
3799,439.724,-1061.58,1146.11,0.901508,1.02226,1.00044,0.98066,0.880129,-0.171883,0.0105199,1
3800,1034.96,2963.02,-2449.61,1.26067,1.00937,1.00955,0.971593,0.867169,0.150937,0.00488085,1
3801,6278.16,-3755.14,12403.6,0.717782,0.992306,0.993957,1.02743,1.47016,-0.0358724,0.00271268,1
3802,1976.83,6202.97,-4425.01,0.926807,0.99568,1.02439,0.997884,1.25163,-0.0579568,-0.00629007,1
3803,545.813,1442.79,-1310.69,1.09376,0.988014,1.00297,1.00195,1.10875,-0.0780914,-0.0180441,1
3804,498.433,-1196.56,1304.59,1.17158,1.01017,1.01565,0.987921,0.870521,-0.182653,0.00844112,1
3805,3899.2,-5116.27,9230.54,1.17563,0.976019,0.994844,0.96499,1.21777,0.0376361,-0.00487045,1
3806,1713.12,5530.62,-4033,1.28841,1.0116,1.00832,1.0337,0.883774,-0.192744,-0.00229939,1
3807,963.239,2732.16,-2296.25,1.22889,0.980244,1.01119,1.01907,1.17048,0.0731471,0.0105048,1
3808,674.309,1797.23,-1594.88,1.20773,1.03086,0.998025,0.98719,0.921151,-0.220349,-0.00545645,1
3809,7201.33,18300.9,-6852.77,0.748398,1.03853,0.985997,1.01429,1.1214,-0.0321025,-0.00250617,1
3810,6004.82,14874.1,-5401.81,1.23527,0.991778,1.00333,1.01971,0.944208,0.0902531,0.00105474,1
3811,7057.99,-6770.57,19171.2,1.14455,1.02654,1.02362,1.01177,1.34346,0.0161828,-0.00752721,1
3812,3881.44,-4654.3,8606.46,1.25628,1.00556,1.00135,1.03051,0.988369,0.0351005,-0.00528746,1
3813,105246,-38956.3,121654,0.96381,1.04175,1.00121,0.970354,0.943525,-0.108035,0.000134098,1
3814,2424.05,6339.99,-4064.2,0.775833,1.00112,0.998386,1.04449,0.881135,0.185637,0.00161406,1
3815,637.527,-1501.98,1679.41,0.821189,1.00742,1.01044,1.02301,1.21727,-0.180228,0.00669321,1
3816,6563.17,-7088.94,19247.3,0.783585,0.980375,0.98483,1.01164,1.08638,-0.100827,0.00130702,1
3817,10731.5,49220.3,-14724.2,0.775404,0.974249,1.01589,0.987796,1.11695,-0.200747,-0.000271582,1
3818,13871.8,66151.8,-18469,1.22207,0.975796,0.98501,1.00304,0.798663,0.00768236,0.00634272,1
3819,1924.98,5089.72,-3553.38,0.909001,1.01065,0.98676,0.99468,0.998486,0.0248189,0.0160888,1
3820,8817.77,-9069.78,23743.8,1.05699,1.00134,1.00661,1.02671,0.852846,-0.0195147,0.00346427,1
3821,1385.26,-3051.47,3880.95,0.92757,1.01191,0.995603,1.03179,1.33281,-0.0672194,0.00835349,1
3822,2311.11,6239.14,-4008.43,0.868978,0.990381,1.00479,1.04092,0.601425,0.0500361,0.00622582,1
3823,3617.41,13225,-6784.41,1.05417,1.05097,0.994622,0.969935,1.08544,-0.235365,-0.000956493,1
3824,280.871,-680.561,714.567,0.787873,1.0213,0.986244,0.980848,0.773194,0.234752,-0.0125115,1
3825,259.193,677.32,-647.817,0.492503,1.01173,1.005,0.992789,0.957225,0.23024,0.0131,1
3826,358.752,945.207,-887.749,1.18833,1.0214,0.992256,0.987954,0.875439,0.224533,0.00994773,1
3827,1569.04,-2995.48,3930.34,0.675004,1.01176,1.00973,1.00862,0.909661,0.0719056,-0.00677922,1
3828,1777.35,-3673.51,5187.33,1.03313,1.00049,0.989917,0.994109,1.01929,-0.125319,0.00344151,1
3829,88729.7,-40076.7,117376,1.10361,1.00107,1.00514,1.03639,1.17926,-0.0263039,0.000645562,1
3830,543.46,-1289.22,1420.07,1.10734,0.978153,0.98816,0.972634,1.47653,-0.116232,0.0122346,1
3831,4237.39,14684.2,-7457.08,1.32602,0.990607,0.993436,0.945061,0.67184,-0.0848113,-0.00193068,1
3832,6118.71,17480.6,-5683.49,0.806234,0.993431,1.00138,1.00749,0.839933,0.0298367,0.00378555,1
3833,198.382,514.59,-497.452,0.93162,1.01029,1.00437,0.99083,0.96985,0.196676,0.0200788,1
3834,527.244,1403.11,-1279.31,0.919065,0.991943,1.01156,0.975687,0.913799,0.146775,0.00977965,1
3835,9742.8,43870,-13571.9,0.812814,1.00519,1.0111,0.981482,1.02994,0.243992,0.000230812,1
3836,2059.19,-4196.92,5929.97,1.21133,1.00759,1.00381,1.03382,0.703339,-0.178354,0.0020394,1
3837,111976,95647.2,-44171,0.866508,1.01094,0.999211,0.987423,0.797451,-0.139999,-4.52871e-05,1
3838,3581.99,-4760.95,9743.31,1.31492,1.00542,0.963828,1.01974,1.01783,0.0414794,-0.00524054,1
3839,1565.59,5037.97,-3741.55,0.824425,0.959288,0.993455,1.0159,1.169,0.0429141,0.0108249,1
3840,3661.53,9167.21,-4858.86,1.17944,0.993482,0.983919,1.01052,0.846772,-0.149631,-0.00130159,1
3841,6356.1,-4204.7,12271.3,1.33082,0.961544,0.998948,0.969908,0.777036,0.00585911,-0.0162608,1
3842,986.193,2738.54,-2302.88,0.989452,0.994171,1.00711,0.979605,1.02662,-0.205461,-0.00377737,1
3843,2185.85,7341.07,-4944.56,1.08426,1.01807,0.986089,1.02501,0.926474,0.0250855,0.0139743,1
3844,116583,84266.1,-38290.1,0.955051,1.02359,1.00032,1.01868,0.934182,0.00348676,0.00146852,1
3845,446.019,1177.6,-1089.15,1.39648,1.02715,0.998513,1.00838,1.43578,0.100665,0.0178453,1
3846,64518.3,174620,-92981.6,0.881706,1.00257,0.996685,0.968745,0.930839,0.0503802,0.000433711,1
3847,340.752,-819.999,869.476,1.23109,1.00417,1.00496,0.942457,1.3208,0.222048,-0.0104437,1
3848,1026.7,2910.99,-2431.75,1.07704,1.02581,1.01325,0.958472,0.88386,0.142115,0.00529299,1
3849,1175.89,3158.49,-2556.4,1.13777,0.955602,0.993794,0.998952,0.840052,0.0473384,0.0131786,1
3850,5762.62,15518.8,-5118.5,0.804271,1.00591,1.00302,1.0096,0.961152,-0.0115267,-0.00871157,1
3851,3685.76,-4489.88,8099.61,0.814712,0.979473,1.00444,1.02247,0.918377,-0.0248527,0.00772191,1
3852,2039.84,6578.05,-4609.81,1.10348,1.00351,1.01087,1.00162,1.06639,0.0782654,0.00459456,1
3853,1712.43,-3299.79,4585.52,1.06884,0.980901,1.00871,0.995292,1.14156,-0.0677978,0.00633098,1
3854,341.646,882.239,-831.362,1.21474,0.980553,0.997825,1.03491,0.548497,-0.152981,-0.0148157,1
3855,6140.64,16018,-5221.21,1.20307,1.0221,0.991674,0.983203,0.859914,0.042987,0.00221173,1
3856,1410.82,4387.59,-3389.97,1.16665,1.01655,0.996402,1.00548,1.04872,0.211798,0.00257678,1
3857,1223.14,3315.76,-2637.81,0.694518,0.995515,1.00517,0.971325,1.02522,-0.160265,-0.00388815,1
3858,4004.3,12093.1,-6542.82,0.818199,0.98588,0.995695,0.977696,1.17856,-0.0209431,-0.00823561,1
3859,456.066,1188.9,-1098.38,1.13196,1.00487,1.0042,1.0237,0.952749,-0.220355,-0.0078378,1
3860,3763.41,-4284.33,8229.04,0.651591,1.02148,1.00842,1.0193,1.13137,0.0222883,-0.00863707,1
3861,2138.5,7467.3,-4985.07,1.19676,0.998504,1.00264,0.9793,1.36232,-0.0613261,-0.00565015,1
3862,315.514,-768.255,811.025,0.68123,0.991691,1.01267,0.992719,1.11784,-0.0729063,0.033158,1
3863,1052.44,3017.66,-2498.43,0.928791,1.02089,0.986383,1.02889,0.96976,0.18759,0.00401383,1
3864,343.624,-837.723,888.828,0.871625,1.01768,1.00517,0.986934,0.938873,-0.10495,0.0219076,1
3865,4012.7,12875.1,-6919.21,0.629568,0.97995,1.00375,0.969533,0.931507,0.0510158,0.0033211,1
3866,500.2,1305.61,-1195.79,0.775788,0.988378,0.993566,1.00763,1.09444,-0.30255,-0.00520344,1
3867,308.61,-756.964,798.593,0.719032,0.954322,1.00235,1.06294,1.13835,-0.180024,0.0132847,1
3868,713.706,1905.07,-1676.01,1.22342,0.970509,0.989753,1.03967,0.837086,-0.158172,-0.00679317,1
3869,429.628,1135.86,-1053.86,1.08294,0.993965,1.00882,0.971368,1.027,0.185506,0.00956043,1
3870,4294.37,-5861.94,10995.7,1.04446,1.02352,0.997511,0.999028,1.20079,-0.0175407,0.00964038,1
3871,120299,18574.1,42531.9,0.789132,1.00807,0.987523,0.931812,1.16671,-0.00199967,0.00240715,1
3872,2373.44,7707.87,-4800.78,0.77353,1.02083,0.992271,1.03336,0.989628,-0.16213,-0.00198262,1
3873,6420.11,20865,-7569.97,1.42918,0.991311,1.01338,0.97894,0.962177,-0.0142184,-0.00887939,1
3874,26151.7,119786,-45721.5,0.787055,1.0118,0.973357,1.01379,1.11841,0.0449628,0.00083337,1
3875,2148.03,7483.2,-5007.62,0.656296,1.00671,1.00118,1.02331,0.709091,0.0338697,0.0102126,1
3876,7010.12,-7016.85,19748.4,0.873202,1.01815,1.00251,1.03698,1.17044,0.0498159,-0.00251503,1
3877,161.918,-396.939,408.098,1.03868,0.999183,0.98436,1.05412,1.29846,0.239996,-0.0208631,1
3878,1262.95,-2561.23,3202.41,1.01133,0.986099,0.998364,0.978462,1.26147,0.131671,-0.00459708,1
3879,1180.06,3216.91,-2604.06,0.812488,0.949067,0.986542,1.00565,1.30061,0.113666,0.00546319,1
3880,2070.03,-4391.41,6266.55,1.21473,0.999214,1.00562,1.05124,1.11788,-0.0303437,0.0118474,1
3881,582.05,1556.71,-1405.91,1.06625,1.03107,1.00959,1.05431,1.04577,0.159962,0.00845532,1
3882,515.887,-1228.51,1344.68,1.07922,1.01269,0.997885,1.07642,0.566374,-0.10346,0.0148031,1
3883,1306.45,3892.75,-3090.61,1.00533,0.989125,1.01068,0.982728,0.76307,0.0301091,0.0188849,1
3884,7907.57,-6657.72,17419.1,1.07488,1.00824,0.995771,1.00558,0.794286,-0.0467433,0.00164167,1
3885,227.322,-555.592,577.554,1.47094,1.02081,1.00296,0.992918,1.07087,0.139538,-0.0253521,1
3886,498.422,-1175.32,1283.99,1.09234,0.990276,0.976326,0.991495,1.0163,0.19115,-0.00845863,1
3887,224.879,-557.804,579.851,0.788805,0.992721,0.998199,0.975897,1.01369,-0.227825,0.0151308,1
3888,376.562,978.176,-915.894,0.920311,0.987449,0.992665,0.997578,1.28853,-0.154458,-0.0135026,1
3889,4102.49,11783.3,-6285.29,1.02068,1.01688,0.984866,1.05342,1.19861,0.114341,0.00149787,1
3890,3747.58,10093.5,-4907.99,1.11085,1.04605,0.985074,1.02618,1.4177,-0.119789,-0.0016354,1
3891,1640.94,5334.5,-3930.98,1.31955,0.98838,0.996518,0.947641,0.760384,0.0872301,0.0052256,1
3892,3274.58,11725.3,-6293.35,0.7774,1.00668,1.00241,0.99238,0.917485,0.0705857,0.00326936,1
3893,209.998,-521.362,540.482,1.2904,0.980265,1.0029,1.02412,1.2247,-0.262211,0.0137789,1
3894,1379.72,4209.25,-3232,0.816179,0.992332,1.00046,0.967778,0.879533,0.224186,0.0024183,1
3895,715.163,-1637.82,1859.33,1.19974,0.988228,0.994028,1.01148,1.35329,0.227361,-0.00481134,1
3896,105689,14654.1,-3741.51,0.930919,0.963522,1.00458,1.00156,1.32832,0.000227821,0.0030662,1
3897,2046.46,6999.39,-4814.84,1.14052,0.992708,1.01347,1.00884,1.10801,0.0309919,0.0114058,1
3898,1444.92,-3133.65,4135.58,0.871227,0.995396,0.983277,0.982758,0.788963,-0.0728866,0.0073862,1
3899,1787.85,-3859.75,5400.74,0.732944,1.01823,1.00364,1.0103,1.01309,0.0403837,-0.0106727,1
3900,1050.08,2804.92,-2324.3,0.986053,0.975821,0.997517,1.0273,0.476926,-0.0811129,-0.00884584,1
3901,10253.5,-11672.1,35267.3,1.06059,0.993768,0.983631,1.02618,1.16073,-0.00888659,0.00664875,1
3902,99029.6,162461,-87991.7,0.931301,1.02739,0.986963,1.00981,0.869141,0.00153849,0.00826334,1
3903,916.152,2540.96,-2157.21,0.713787,1.01422,0.98801,1.00138,1.11668,0.081061,0.0106764,1
3904,396.029,1036.78,-968.145,0.43098,0.982899,1.01347,1.0476,1.01991,0.0945036,0.0200608,1
3905,6663.69,16678.8,-6772.29,0.817628,0.964425,0.9919,0.968385,0.872474,0.0217605,0.00392461,1
3906,1301.89,-2690.04,3387.82,0.623391,0.990982,0.978272,1.05753,1.08589,-0.236099,0.00252069,1
3907,407.451,-987.423,1060.1,0.908643,0.977524,1.00356,1.02115,1.05117,-0.253654,0.00728845,1
3908,453.469,-1098.63,1189.15,0.815456,1.00551,1.00317,0.954506,1.36256,-0.260779,0.0065648,1
3909,3646.99,9358.33,-5281.3,1.04175,0.981119,1.00469,1.06231,1.19693,0.0499216,0.00374783,1
3910,6446.86,15806,-6012.42,0.694442,1.00228,1.00154,1.00848,0.990107,0.0667739,0.00132667,1
3911,290.338,757.326,-720.603,0.961262,1.00948,1.01477,1.04736,0.915429,0.14826,0.0179221,1
3912,7789.3,23317.5,-9264.25,0.931629,0.984225,0.995464,1.01109,1.1036,0.0312725,0.00229873,1
3913,53598.9,-59161.2,128486,0.888347,0.978169,1.00668,1.02292,1.0489,0.00974316,-0.00288154,1
3914,456.46,-1087.2,1177.82,0.961262,0.987342,0.993295,1.00009,0.537313,0.0963735,-0.0177925,1
3915,145.222,-364.306,373.432,0.919869,0.992964,1.00298,0.981135,1.0585,-0.321802,0.0164391,1
3916,2387.12,-3681.21,5692.27,0.82069,0.99541,1.01879,0.968923,1.17913,0.059058,-0.00516776,1
3917,572.118,-1320.52,1460.06,0.911425,1.00978,0.993654,0.973394,1.10792,0.477645,-0.00296747,1
3918,1266.18,3776.09,-3013.28,1.04275,0.970827,1.01374,1.02647,0.811244,-0.0803796,-0.00715135,1
3919,837.13,-1889.61,2197.66,0.959743,0.997683,0.989946,0.971122,1.0747,0.221638,-0.00427303,1
3920,1202.41,3463.73,-2799.2,0.958653,1.0172,0.991007,1.00154,1.00859,-0.0795076,-0.00827464,1
3921,359.789,-865.316,920.818,1.01876,0.997031,1.00206,1.01202,0.859157,0.162618,-0.0134133,1
3922,768.503,2076.99,-1809.82,1.04634,1.02839,0.992191,1.00129,1.17677,-0.0765999,-0.0137266,1
3923,635.412,1690.37,-1510.14,0.800384,0.987987,0.995651,0.986512,1.08111,-0.149647,-0.00817702,1
3924,787.715,-1803.24,2073.9,0.82252,0.982876,1.00602,1.00244,0.954738,-0.0725285,0.0132155,1
3925,3110.19,-6114.44,10603.9,0.789615,1.01989,0.98546,0.995359,0.954274,0.0524837,-0.00468479,1
3926,439.643,-1059.44,1143.91,0.975331,0.983001,1.00554,0.990296,1.27144,-0.208313,0.00826599,1
3927,378.799,-929.41,992.937,1.36248,1.00939,0.997908,1.01519,0.80739,-0.35647,0.00579445,1
3928,9291.87,-9878.46,26843.3,0.963595,1.01624,1.00601,1.00489,1.01612,-0.0212675,0.00302874,1
3929,2961.54,11282.5,-6480.05,1.15542,0.999276,1.00299,0.958492,1.04324,-0.0672956,-0.0036591,1
3930,2492.72,-3778.66,6105.22,0.916109,1.0042,0.982652,0.995067,0.676966,0.0210023,-0.0146317,1
3931,5683.63,15825.1,-5140.65,0.924648,0.987944,0.996861,1.02028,1.03845,0.0788297,0.00136251,1
3932,1554.41,-3098.67,4032.68,1.16347,0.997025,1.01116,0.990145,1.07924,0.071115,-0.00681064,1
3933,1875.04,5491.59,-3972.03,0.975023,0.964533,0.990952,0.97134,0.752493,0.122724,0.00315219,1
3934,1805.83,-3571.49,5085.48,0.979895,0.998402,0.98646,0.954719,0.597349,-0.047221,0.00905197,1
3935,19766.3,94394,-30578.6,0.822175,0.989525,0.99043,0.992341,0.869846,-0.0100148,-0.00419148,1
3936,6733.2,-7096.23,19486.9,0.90764,0.995327,0.988761,1.04687,1.06439,0.0950614,-0.00136595,1
3937,178.34,-433.336,446.578,1.03615,0.980075,1.01205,1.00473,1.21321,0.314311,-0.0136899,1
3938,243.197,-603.061,628.682,0.9034,1.00842,1.00928,0.997175,0.854068,-0.227216,0.0140414,1
3939,57387.2,170851,-92745.4,1.05897,1.04421,1.02045,1.00477,0.916999,-0.00226464,-0.0107168,1
3940,1117.82,-2503.03,3075.04,1.28079,0.971186,1.01592,0.936908,1.10528,0.0613979,-0.0107185,1
3941,89346.4,-45507,123698,0.744924,1.0152,1.00058,1.02449,0.820915,-0.104215,0.000170692,1
3942,379.678,-921.243,984.067,0.844095,0.965541,1.00393,1.04448,1.04015,-0.164816,0.0119166,1
3943,1874.08,-3472.44,4780.76,1.01509,0.961727,0.988037,1.00178,1.27808,0.175837,-0.00225741,1
3944,24907.4,109425,-41728.3,1.09878,0.98154,1.00282,1.0484,0.887462,-0.0208859,-0.00181089,1
3945,460.051,-1090.53,1181.43,1.08335,1.0187,0.999849,0.979124,1.14949,0.192108,-0.00909857,1
3946,1252.22,3340.96,-2647.77,0.926869,0.996495,0.996891,0.973695,1.09135,-0.150698,-0.00408317,1
3947,515.025,1370.15,-1250.74,0.718683,1.01579,0.989123,1.01214,1.08049,0.134259,0.0115662,1
3948,1815.37,5318.79,-3712.36,0.840861,0.999495,0.984857,1.01058,1.08372,-0.14651,-0.00289509,1
3949,334.748,-816.934,865.736,1.16925,0.99417,1.00337,1.02033,1.03169,-0.148673,0.0155043,1
3950,21695.6,-30812.9,84636.2,1.04953,0.994205,0.990773,0.974978,1.31427,-0.0344824,0.00123731,1
3951,2131.98,-4610.52,6856.5,1.21139,0.986874,1.00343,1.00321,1.27637,0.087702,-0.00396352,1
3952,711.027,1933.51,-1700.53,0.836059,1.03694,0.978277,1.03562,0.815464,0.123822,0.00935326,1
3953,830.515,-1890.1,2192.4,0.968162,0.999594,1.00266,0.990613,0.976358,-0.17054,0.00542597,1
3954,147.772,381.11,-371.693,1.14979,1.02657,1.00412,1.01977,0.880179,0.194479,0.0277432,1
3955,5858.12,-3724.98,12399.3,1.16069,0.974894,1.00852,0.919622,1.06327,-0.00528861,0.019603,1
3956,289.293,761.086,-723.628,0.771908,1.01167,0.987482,1.02215,1.52304,0.324311,0.00849001,1
3957,560.974,-1320,1457.41,1.3809,1.0256,0.992681,1.00253,1.00047,0.0909462,-0.0159158,1
3958,115055,11123.9,11352.4,0.758706,0.991361,1.00228,0.94176,1.14979,-0.00665319,0.000164759,1
3959,69854.7,-68040.6,145292,0.730733,1.03017,1.00275,0.975593,1.32955,-0.146327,0.00016598,1
3960,476.549,1247.09,-1147.77,1.05435,1.00045,1.00389,0.992718,0.951196,-0.191356,-0.00859124,1
3961,382.592,-930.476,994.813,1.12655,0.997826,0.99449,0.974114,0.894061,-0.15744,0.0130057,1
3962,9624.49,-10635.1,30068.7,1.12069,0.999031,0.995624,1.02999,1.12716,0.0744816,-0.000836104,1
3963,860.923,-1985.23,2315.37,1.03981,1.03249,1.00236,0.95577,1.37167,-0.089639,0.0103285,1
3964,205.816,535.578,-516.97,0.7644,0.990375,1.00192,1.01703,0.974785,0.343392,0.0108218,1
3965,29219.6,123826,-51968.6,1.26768,1.00315,1.0045,1.04254,0.793411,-0.00395378,-0.00890419,1
3966,13748.2,65473.1,-18853.1,1.01558,0.989247,1.00407,1.00988,1.02846,0.174568,0.000275972,1
3967,8623.48,32394.5,-11551,0.687306,0.98027,1.01859,0.954452,0.981679,0.0135984,0.00466152,1
3968,841.215,2275.45,-1959.21,1.53069,0.9841,0.998835,0.967531,0.977482,-0.0710445,-0.0127929,1
3969,97.3389,251.765,-247.663,0.934328,0.951958,1.01157,0.934669,0.6337,0.467576,0.0158408,1
3970,294.866,-723.389,761.294,1.22472,0.984968,1.00123,0.984991,1.1579,-0.204071,0.0127195,1
3971,1114.44,3204.87,-2631.83,0.913287,0.98543,1.01294,0.988819,0.829822,-0.183196,-0.00366667,1
3972,25913.2,-38421,96977.4,0.804889,0.992682,0.992252,0.961905,1.12696,-0.0219641,0.0018249,1
3973,720.142,1952.52,-1717.27,1.20992,1.02029,0.996459,1.00646,1.27118,0.170431,0.00643667,1
3974,311.568,805.473,-763.038,0.780389,0.996848,0.990241,0.96438,1.23086,-0.138425,-0.0184715,1
3975,317.51,814.623,-771.223,1.18262,0.987458,1.00275,1.00333,0.81703,-0.285208,-0.00861131,1
3976,1508.34,4033.27,-3048.71,0.773377,1.01,1.00231,1.02152,0.984132,0.113074,0.00445106,1
3977,8487.82,-8626.17,22091.2,0.976331,0.980698,1.00535,1.02037,1.3228,-0.0103879,0.00674603,1
3978,774.379,2121.39,-1844.79,1.01517,1.03412,0.987672,1.02139,1.45776,0.213337,0.00488512,1
3979,1149.91,3331.83,-2723.38,0.85131,1.00962,1.02063,1.03187,0.663671,-0.0617944,-0.0106173,1
3980,739.119,-1698.57,1937.65,0.891174,0.989379,0.9911,1.01826,0.74924,0.0600131,-0.0175981,1
3981,40276.9,144434,-68901.5,0.788759,0.974329,0.994289,0.997245,1.14995,0.00982513,0.00306902,1
3982,316.584,825.533,-781.587,1.14003,0.977,1.00641,1.02378,1.03266,0.152055,0.015644,1
3983,14576.7,70240.5,-20116.5,0.659614,1.00498,1.00244,0.990184,1.01267,-0.0491321,-0.000958301,1
3984,667.619,1786.05,-1585.33,1.0513,1.02182,0.989495,1.0113,1.07986,-0.0736998,-0.0164162,1
3985,543.787,1457.12,-1323.57,1.26429,1.03991,0.996449,1.0083,1.12527,0.162109,0.00917877,1
3986,927.035,2590.58,-2190.16,0.94316,1.01033,0.99842,1.00169,1.01494,-0.06047,-0.0139741,1
3987,14763.3,72291.9,-20308.9,0.98637,1.00618,0.994124,0.970612,1.17622,0.174637,0.000267983,1
3988,1252.73,-2640.91,3337.75,1.04242,1.01362,1.00584,1.00699,0.425241,0.0496787,-0.0124604,1
3989,7738.08,22767.5,-9185.48,1.24277,0.99598,1.00895,1.0126,1.18287,0.0160584,0.00448059,1
3990,7199.31,-5358.56,14387.6,0.686046,0.999319,1.00234,1.02903,1.33435,0.0359395,-0.00233609,1
3991,4190.85,15104.5,-7658.17,0.900108,0.983344,1.00069,0.989531,1.12618,0.0409502,0.00395471,1
3992,4570.81,-7275.16,14473.3,0.77798,1.02236,1.00813,1.00309,0.963197,0.0333248,-0.00468998,1
3993,978.243,2754,-2315.03,0.971007,0.991595,1.01177,1.09975,1.54335,-0.0547752,-0.0140145,1
3994,6852.87,-4961.27,16266.4,0.8104,1.00176,0.994623,1.0305,1.00311,0.0444243,-0.00262254,1
3995,80416.8,-20424.7,87500.4,0.979863,0.937639,1.01741,1.01984,0.805962,-0.0024715,0.00629488,1
3996,1551.85,-2920.78,3892.77,1.07368,1.01446,0.999143,0.983033,1.01616,0.115554,-0.00435116,1
3997,108303,148795,-78539.7,0.770484,1.05194,1.00251,1.01989,0.974933,-0.0203893,-0.000519511,1
3998,1328.44,3755.84,-2906.32,1.09083,0.95652,0.999186,0.9614,0.989704,-0.0355267,-0.0154547,1
3999,687.803,-1601.37,1808.83,1.32108,0.99208,1.00159,1.02095,1.08527,-0.0918814,0.0121509,1
4000,1781.81,5656.06,-3991.1,0.748531,1.00022,0.982753,1.01413,0.774955,-0.27994,-0.00156019,1
4001,792.829,-1825.31,2096.5,1.04424,1.0299,1.019,0.9767,1.32606,-0.123301,0.00795507,1
4002,859.622,-1958.74,2282.61,0.748064,0.98287,0.989561,0.979566,0.79902,-0.0621318,0.0144492,1
4003,1464.21,-2938.62,3880.94,1.22665,1.00208,1.00265,1.005,0.896815,-0.0458848,0.0113573,1
4004,1426.09,4063.95,-3085.18,0.933329,0.986999,0.993265,1.03803,0.857976,-0.209148,-0.00255609,1
4005,6322.2,-7601.13,19504.2,0.812283,0.988733,1.00095,1.01485,0.725498,-0.0295612,0.00453721,1
4006,832.261,-1903.46,2201.74,0.691136,0.988575,1.01616,0.970644,1.39,-0.102865,0.00874024,1
4007,648.256,1717.43,-1531.7,1.22323,1.01872,0.999197,1.00793,0.740282,-0.215594,-0.00572492,1
4008,874.971,-1986.76,2314.3,0.734191,1.00933,1.01227,0.989555,1.1316,-0.0545355,0.0161201,1
4009,3048.22,-6177.77,10652.5,0.76405,1.01325,1.01409,0.953354,0.786618,-0.2589,0.000933479,1
4010,1716.4,-3190.04,4434.71,0.772524,0.971617,0.99914,1.00393,0.758771,-0.190065,0.0022463,1
4011,23047.3,109531,-39195,1.07045,1.02581,0.987505,1.01463,1.23815,0.0139994,0.00279317,1
4012,3958.64,11319.4,-6229.97,0.602201,0.998127,1.00908,0.983877,0.939145,-0.0718224,-0.00242383,1
4013,6722.94,16662.7,-6699.56,0.798252,0.991105,1.00443,1.0031,1.17449,-0.0233294,-0.00361476,1
4014,6886.18,-4452.53,13381.7,1.30761,1.00472,0.99796,0.996674,1.04025,0.196475,-0.000452708,1
4015,2446.05,-4542.75,7354.95,1.43237,1.02825,0.984536,1.01705,1.01583,-0.0204683,0.0155994,1
4016,138.196,-337.932,345.928,1.01958,1.00455,0.994946,0.999223,1.11507,0.36227,-0.0161378,1
4017,19322.5,-27016.1,76417.5,1.33421,1.01465,1.00066,1.06478,0.750991,0.0023979,-0.0181973,1
4018,1536.97,4456.42,-3411.75,0.891759,0.976251,0.996623,0.995353,1.00316,-0.0464368,-0.0104121,1
4019,1500.78,-2861.62,3755.21,1.04646,0.991865,0.998292,0.968922,1.08291,-0.0383369,0.0132113,1
4020,1929.28,5238.93,-3615.2,0.686217,1.02193,0.985957,1.01484,0.998474,0.0899664,0.00446448,1
4021,1546.03,-3166.31,4241.62,0.760693,1.03391,1.006,0.971208,1.06057,0.205333,-0.00249247,1
4022,948.056,2667.27,-2254.62,1.18073,0.98123,1.00835,0.987918,0.881801,0.140894,0.00555974,1
4023,77327,124166,-62905.7,1.17615,0.951436,1.01923,1.05888,0.751162,0.0151778,0.000887928,1
4024,7504.98,-5989.54,15730.4,1.12705,0.9817,0.983963,1.02676,0.948929,-0.00651398,0.012461,1
4025,7667.79,-5912.41,16024.5,0.911481,1.01712,0.99277,1.00714,1.48889,-0.0149817,0.00531858,1
4026,3388.83,9939.02,-5037.62,1.21056,1.00575,0.988655,1.0379,1.00166,-0.0681423,-0.00310999,1
4027,3123.63,-4641,8537.54,0.856079,0.964948,1.00843,1.00267,1.17201,0.0740108,-0.00306361,1
4028,48295.2,156278,-79096.1,0.669401,0.986633,0.995665,1.01708,1.24848,0.00157033,0.0171278,1
4029,6944.68,-7134.03,20032.6,0.687586,1.00941,0.996971,0.97892,1.20079,-0.0693815,0.00183096,1
4030,732.425,1948.51,-1713.09,0.93003,1.02152,1.00968,0.969452,0.991437,-0.283473,-0.00381665,1
4031,24041.8,-35572.7,91981,1.2146,1.00723,1.00672,0.959178,1.0121,0.046674,-0.000875326,1
4032,17774.2,-24650.2,71194.3,1.07805,1.00593,1.01678,1.00718,1.07465,-0.104951,0.000428851,1
4033,28016.5,-41630.4,100939,1.52578,0.995501,1.00002,1.02676,1.02936,0.00513761,-0.00749849,1
4034,1486.65,-2857.07,3751.9,0.382717,0.998975,1.00376,1.00638,1.06771,-0.15971,0.00318162,1
4035,1150.99,-2500.65,3059.23,1.11852,1.00624,0.989671,1.0082,0.762942,-0.131341,0.00517662,1
4036,830.645,2244.99,-1934.08,1.26648,1.02871,0.986896,0.997801,0.925094,-0.0779206,-0.0125563,1
4037,293.011,-713.025,749.836,0.528709,1.00466,1.00142,0.985633,0.776086,0.085578,-0.0315215,1
4038,5500.95,-8174.14,19413.2,0.679816,1.01183,0.980792,1.0112,0.984893,0.0979485,-0.00146804,1
4039,853.67,2318.04,-1985.81,1.02099,0.944506,0.992471,0.995976,1.0996,0.141325,0.00604933,1
4040,911.323,2496.48,-2113.07,1.65917,0.991009,0.995631,1.0405,1.26772,-0.171699,-0.00494596,1
4041,985.931,-2251.22,2681.25,1.0832,0.985373,1.00019,0.99408,1.19221,0.0691458,-0.0112119,1
4042,1225.65,3494.36,-2822.1,1.17908,1.03914,1.00329,0.963191,0.981211,-0.0596217,-0.0108802,1
4043,4199.39,-5731.41,10606.9,1.08714,1.01833,1.00414,0.962311,1.07187,-0.159922,0.0010714,1
4044,679.144,-1581.87,1782.61,0.960483,1.04397,1.00299,0.983181,0.859287,0.0609113,-0.0196361,1
4045,2263.95,7908.32,-5086.51,1.03676,1.02075,1.00264,1.0169,0.772562,0.0514287,0.00643346,1
4046,788.8,-1794.49,2060.67,0.879679,1.00071,1.01274,1.0038,0.976887,0.199485,-0.00489916,1
4047,5750.46,15624.2,-5235.78,1.10284,1.0147,1.02138,0.983783,0.854465,-0.100929,-0.000989602,1
4048,1975.41,-3692.54,5139.83,1.20808,0.989484,0.999407,0.945009,1.33317,0.189532,-0.00201941,1
4049,122329,5979.2,103.594,0.947136,1.01843,0.996246,0.996023,1.447,0.098484,-9.74807e-07,1
4050,941.235,-2110.06,2492.2,0.766807,0.97271,0.991556,1.01506,1.46218,-0.0545194,0.0147967,1
4051,691.816,1842.49,-1629.92,1.03127,1.00472,0.996645,0.94891,0.963526,-0.218422,-0.00524039,1
4052,578.294,1539.4,-1388.39,0.865293,0.962904,0.988399,0.990038,1.15321,0.0556815,0.0235518,1
4053,1136.73,-2376.23,2909.46,1.17911,1.01788,1.0008,1.00575,1.05837,0.0473439,-0.0146042,1
4054,1459.93,-3191.97,4212.26,1.25177,1.0043,0.989296,0.966447,0.927018,0.0495325,-0.0108248,1
4055,819.677,2207.09,-1907.02,1.17366,1.01964,0.991895,1.02286,1.10363,-0.16873,-0.00580673,1
4056,340.805,895.817,-844.108,0.864656,1.00604,0.992733,1.00463,1.04701,0.186198,0.0124502,1
4057,2837.79,-5631.56,9131.93,1.11983,0.994333,0.999649,0.98735,1.08049,-0.0433495,0.00595606,1
4058,5819.3,21074.7,-8231.96,0.871625,0.969179,0.995118,1.00775,1.06104,0.00862234,0.015981,1
4059,3262.79,10941.6,-5835.09,0.984836,0.993954,1.00813,0.94746,0.934798,-0.076221,-0.00297975,1
4060,104942,112314,-54646.9,0.597397,0.989329,0.993783,0.94915,0.990452,-0.0617251,-0.000129015,1
4061,1923.36,-3682.65,5079.36,1.20675,0.983102,1.00367,1.01046,0.806626,-0.0405355,0.00946437,1
4062,1340.75,-3013.58,3804.05,1.20468,0.997587,1.01284,0.971968,0.953211,0.0707091,-0.00797432,1
4063,338.816,-829.771,880.027,1.03873,1.00675,0.998179,0.986817,1.08033,-0.191206,0.0121348,1
4064,8699.44,30237.3,-10847.6,1.22272,1.01649,0.999222,0.979805,0.891918,-0.0786765,-0.000819843,1
4065,7042.87,-6071.18,18722.3,0.808214,0.988017,0.972774,0.966817,0.825106,-0.0225923,0.00552051,1
4066,938.866,2498.5,-2111.41,1.10972,0.991242,1.00258,1.00222,1.00908,-0.212477,-0.00385195,1
4067,297.189,-716.932,755.053,1.117,0.975372,0.985968,0.982359,1.51999,0.223707,-0.0118392,1
4068,7051.46,-6733.04,19569.9,1.12516,1.00915,0.992072,1.01026,1.15201,-0.0150927,0.00828751,1
4069,1091.52,2928.47,-2408.87,0.956625,1.01169,1.01041,1.03943,0.790394,0.114966,0.00606954,1
4070,30610.8,131036,-55844.8,0.96252,1.0141,0.99586,0.962186,1.07084,-0.00585496,-0.0059833,1
4071,283.442,-701.404,736.613,0.867745,1.0082,0.999612,0.914323,0.926564,-0.262912,0.0105312,1
4072,224.33,-547.984,569.407,0.983682,0.986016,1.00487,0.973912,0.961901,0.105607,-0.0326323,1
4073,1198.46,3504.88,-2827.71,1.48268,1.01354,0.986508,0.994074,1.16068,0.0807334,0.00814189,1
4074,257.131,-633.57,662.066,0.760937,0.974767,1.01084,0.95872,1.19802,-0.174023,0.0167243,1
4075,1576.22,4663.14,-3551.98,0.787,1.00105,1.00873,0.95308,1.01907,0.248506,0.00189353,1
4076,2054.91,6400.1,-4483.02,1.27731,1.00646,0.99394,1.01681,1.16856,0.188448,0.00193042,1
4077,6865.56,-5891.25,17716.6,1.20014,0.990306,0.995649,0.987877,0.369504,0.0141557,-0.0086683,1
4078,7253.08,19367.1,-7970.01,1.05365,0.997969,1.01119,1.00152,0.641016,-0.0226023,-0.00342174,1
4079,1138.49,3047.67,-2490.45,0.857595,1.00654,0.991544,1.04914,1.20679,-0.173111,-0.00398488,1
4080,3544.84,-4174.35,8179.54,0.890033,0.994908,0.994823,0.943572,0.857283,0.028702,-0.00717541,1
4081,124.339,319.874,-313.154,0.87071,0.988879,0.993526,0.955611,1.01341,0.245078,0.0255024,1
4082,3360.82,-4505.13,8687.07,0.957785,0.999061,1.00495,1.0176,1.26132,-0.0841717,0.00254637,1
4083,2268.41,-3565.74,5330.7,0.848623,0.958222,1.01587,0.990114,0.881996,-0.113943,0.00273448,1
4084,1091.58,2989.54,-2439.93,1.07588,1.01576,0.999211,1.01989,0.838229,0.0754135,0.00945309,1
4085,7949.17,-7052.91,18132.1,1.04524,0.990912,0.999713,0.974316,0.85574,0.0626004,-0.00121497,1
4086,6410.73,-3593.12,13552.7,0.917006,1.04562,1.00779,1.00819,0.888929,0.00799068,-0.0121106,1
4087,715.033,-1639.44,1861.05,1.22522,1.00816,0.992682,1.01737,0.542642,0.159778,-0.00698142,1
4088,263.721,678.109,-648.053,1.0506,0.998963,0.999076,0.981292,0.952857,-0.150636,-0.0198858,1
4089,2392.61,6321.33,-4029.64,0.911282,0.993955,0.999801,0.970956,0.76433,-0.0584068,-0.00524773,1
4090,241.992,-588.285,613.486,1.07472,0.989242,0.981275,1.05684,0.707576,0.226355,-0.0146833,1
4091,3718.52,9512.72,-4922.32,0.839037,1.03328,1.00436,0.99855,0.688985,0.0367699,0.00520341,1
4092,3365.8,-4059.93,7492.92,1.05245,0.968544,1.01245,1.00182,0.985632,0.0200945,-0.0103869,1
4093,1222.6,3636.62,-2900.6,0.792153,1.01219,0.992035,1.00709,0.599401,-0.0842618,-0.0076255,1
4094,2423.74,6343.04,-4085.93,0.786225,0.985055,0.992034,0.921604,1.21548,0.0966473,0.00311658,1
4095,6578.35,-8027.71,21092,1.24702,1.02863,0.999246,1.01981,0.753561,0.0429312,-0.00307025,1
4096,117513,28818.8,-9573.68,0.913241,1.00145,0.991723,1.01005,1.2678,0.00338799,0.000480083,1
4097,300.532,-727.349,765.769,1.10693,1.00881,1.00522,0.967602,0.715362,0.191775,-0.0137601,1
4098,331.959,-815.185,863.697,0.98306,1.01155,0.99225,0.982361,1.10671,-0.245,0.00977123,1
4099,546.871,-1298.63,1428.92,1.05969,1.01947,1.00318,1.02667,0.692114,-0.118266,0.0122064,1
4100,63434.2,-59172.4,132902,1.09435,0.981409,0.998681,1.00175,0.817329,0.0324411,-0.000777303,1
4101,463.595,-1101.24,1193.94,0.834804,0.990086,1.00172,1.00588,0.610262,0.135732,-0.0123494,1
4102,6392.16,15586.1,-6249.32,1.00138,0.989002,1.02194,0.979183,1.13405,-0.0372845,-0.00236133,1
4103,570.663,1523.81,-1376.65,1.35717,0.983523,0.993139,1.01854,1.23527,0.107522,0.0125319,1
4104,7074.27,-5185.71,13999.9,1.17465,0.996169,1.00468,1.03622,0.768028,0.0130879,-0.00650993,1
4105,278.892,735.784,-701.068,1.26562,1.0084,0.999271,1.00258,1.29564,0.405418,0.0068903,1
4106,590.438,-1376.29,1526.81,1.22522,0.965093,1.00266,1.00261,0.786766,0.11652,-0.0109397,1
4107,844.575,2316.72,-1993.4,0.986961,0.988086,1.00132,0.943615,0.689584,0.1527,0.00587941,1
4108,2561.55,6711.69,-4223.54,1.15622,1.03558,1.00406,1.05456,1.1289,0.247058,0.00117056,1
4109,7390.52,20027.6,-8063.17,1.1568,1.00465,0.990815,1.00964,0.661889,0.330854,0.000230826,1
4110,1850.66,5958.71,-4163.17,0.677011,1.03372,0.993829,1.05844,1.08231,-0.0921321,-0.00459033,1
4111,6231.2,15067.4,-6001.71,1.31207,0.975451,1.0141,0.991706,1.02827,-0.0185464,-0.00488347,1
4112,1255.64,-2551.44,3208.79,1.26541,0.999278,0.99966,1.00398,0.78875,-0.127763,0.00476951,1
4113,5075.6,20328.2,-8727.43,0.982607,0.990462,1.00688,0.965856,1.22813,-0.0783706,-0.0018612,1
4114,28539.9,118345,-48070.1,0.694661,0.956803,1.001,0.991389,0.961462,0.0243262,0.00147548,1
4115,332.976,-815.392,864.046,1.36016,0.99726,0.996857,1.03224,0.671047,-0.199498,0.0117322,1
4116,365.006,946.043,-888.51,0.95274,1.0132,1.0093,1.00837,0.889112,-0.161963,-0.0133457,1
4117,36602.4,136466,-63448.9,0.970953,0.97951,1.01054,1.01939,0.988456,0.00238275,0.0131851,1
4118,916.802,2444.89,-2078.38,0.790095,1.04117,1.00759,1.06139,1.02288,-0.21335,-0.00409834,1
4119,609.02,1629.95,-1463.32,1.11374,1.02131,0.996523,0.997376,1.05576,0.0866927,0.0150768,1
4120,473.159,1241.15,-1142.2,0.941637,0.980539,1.00017,0.953061,1.19595,-0.0908781,-0.0178654,1
4121,3607.17,9106.18,-5031.37,1.04708,0.980609,0.994713,1.01,0.474009,0.0681909,0.00281822,1
4122,796.674,2138.71,-1854.46,1.52146,1.00298,0.98803,1.03603,1.13515,-0.206679,-0.00483133,1
4123,1121.9,3063.02,-2479.89,0.875989,1.01776,0.986367,1.0222,0.84145,-0.154933,-0.00460364,1
4124,2583.31,7100.92,-4642.76,1.10354,1.0053,1.01127,0.987799,1.07301,0.0370501,0.0075379,1
4125,3809.5,10109.2,-5539.07,0.959634,0.982139,0.984165,0.972269,1.1089,-0.0227818,-0.00809274,1
4126,1236.38,-2537.23,3188.2,1.09495,0.999677,1.0023,1.05703,0.931258,-0.14881,0.00413583,1
4127,7013.28,-6964.18,19847.1,1.27132,1.01202,0.997844,1.00271,0.953046,0.0350682,-0.00359088,1
4128,116192,30648.6,-10446.8,0.982419,0.998394,0.99741,0.983918,1.24295,-0.000273122,-0.00646286,1
4129,138.689,-339.975,348.005,1.14816,1.02648,1.00509,0.996538,0.863501,0.298205,-0.0196444,1
4130,37291,139085,-64431.8,0.48572,0.974674,0.992348,1.01762,1.02313,-0.0390457,-0.000805747,1
4131,2169.59,7515.05,-4927.7,0.992605,0.996922,0.999294,1.04559,1.17197,-0.0388951,-0.0087437,1
4132,1663.05,-3736.67,5048.34,1.10451,0.991482,1.00095,0.975828,0.902213,0.0507449,-0.00896519,1
4133,1401.37,4190.83,-3212.65,1.21357,0.994469,1.00832,0.924844,0.875617,-0.181742,-0.00297033,1
4134,670.538,-1558.47,1752.63,0.754736,0.977787,1.01441,1.02861,1.09681,-0.0658006,0.0168597,1
4135,753.073,2027.78,-1772.79,0.879388,0.992773,0.995947,1.02983,0.92238,-0.0876043,-0.0117614,1
4136,393.352,1023.66,-956.118,1.07429,1.00997,0.999599,1.03686,0.663054,-0.121216,-0.0166639,1
4137,284.843,727.684,-693.045,1.13511,0.989778,1.0081,0.976971,0.651898,-0.308983,-0.00883458,1
4138,2275.71,-4935.45,7476.8,1.53912,1.03291,1.00013,1.00741,0.748278,-0.239508,0.00140641,1
4139,840.554,2293.84,-1978.13,1.28403,1.03284,1.00954,0.953369,1.20335,-0.12311,-0.00767485,1
4140,288.837,745.003,-708.946,0.699177,1.03365,1.00458,1.04301,0.993626,-0.119238,-0.0235109,1
4141,1032.53,-2234.54,2704.81,1.1299,0.980878,0.996471,0.976276,1.36237,0.0679537,-0.0108906,1
4142,411.418,1081.42,-1005.17,1.03131,0.971362,0.980549,0.97874,0.959719,0.0838311,0.0225167,1
4143,2010.16,6453.7,-4512.53,0.908048,0.974141,0.989069,0.989431,0.819868,-0.222037,-0.00166491,1
4144,402.229,-974.854,1046.04,1.17519,1.01234,0.989551,0.988318,1.28427,-0.157756,0.0126055,1
4145,1215.76,-2657.46,3344.05,1.29753,0.98982,0.985196,0.997326,0.780354,0.179981,-0.00357837,1
4146,488.436,1297.89,-1191.59,0.965359,1.00893,1.00354,0.944222,0.907061,0.116548,0.0137193,1
4147,20197.1,-28651.9,80668.7,1.27121,1.01666,1.00012,0.986291,1.30376,-0.00410471,0.0105449,1
4148,3391.37,10448.5,-5311.01,0.753218,1.01294,0.991506,1.06003,0.970656,0.0191392,0.0112156,1
4149,314.489,828.404,-784.545,1.02971,0.994992,1.00948,0.986314,0.868619,0.376943,0.00639358,1
4150,118137,67540.5,-31552.3,1.06303,1.02293,1.00174,1.02933,1.2496,0.00117084,0.003285,1
4151,2265.36,6457.68,-4137.42,0.549349,0.989965,1.00404,1.04383,1.30413,0.0497525,0.00640133,1
4152,1007.66,-2302.73,2750.75,1.05267,0.999866,1.00592,1.006,1.11921,0.0610527,-0.0125037,1
4153,4061.39,-5117.51,9494.06,1.01255,1.00538,0.987711,1.02875,0.520649,0.0187046,-0.00957755,1
4154,3276.08,11111.1,-5939.83,0.760612,1.00024,1.00898,0.987233,0.96959,-0.0438664,-0.00517729,1
4155,6933.33,17468.4,-7097.01,0.86099,0.992007,0.997884,1.03863,1.20348,-0.01356,-0.00602493,1
4156,461.933,-1096.43,1188.6,0.888136,1.04542,0.990989,1.06322,1.02482,0.270851,-0.00667889,1
4157,1996.14,6740.41,-4662.68,1.16629,0.967385,0.992604,1.01294,1.09233,-0.0703539,-0.0051814,1
4158,941.445,-2062.19,2437.8,1.30284,1.00896,1.0198,1.00432,1.46706,0.0959716,-0.00846121,1
4159,116729,12296.1,14577.6,0.939332,0.995938,0.998784,0.947637,0.898719,0.000170312,-0.00821313,1
4160,24750.3,111380,-41574.3,1.121,0.981131,0.995211,0.981951,0.982149,0.0158933,0.00241449,1
4161,1150.61,3110.67,-2511.55,1.25262,1.03526,0.997448,1.03049,1.08417,-0.219395,-0.00318251,1
4162,228.375,594.178,-571.252,0.911176,1.00285,0.997272,1.03596,0.940779,0.205447,0.0167076,1
4163,197.084,498.205,-481.828,1.14144,1.02724,1.00386,0.973967,0.94258,-0.384956,-0.0107558,1
4164,4205.18,14843.7,-7616.55,1.25039,0.988529,1.01537,0.942834,1.05267,-0.249345,-0.000650761,1
4165,562.769,1487.25,-1345.32,1.00825,0.989609,0.980594,0.961328,0.727496,-0.168327,-0.0084183,1
4166,200.907,-506.947,524.837,0.944455,1.02602,0.992973,0.977958,0.866364,-0.52014,0.00763962,1
4167,466.587,-1127.57,1223.57,1.01723,1.01013,0.998032,1.03276,0.730341,-0.269784,0.00622857,1
4168,7996.75,25950,-9952.05,1.11015,0.963829,0.992709,0.976011,1.24619,-0.0161992,-0.00431113,1
4169,1485.51,3948.01,-3001.41,1.05252,0.991691,0.995852,0.968888,1.12952,0.0346555,0.0146882,1
4170,3268.45,11361.1,-6074.23,0.979141,1.0005,1.00183,1.00669,1.23824,0.0612918,0.00373738,1
4171,513.356,1353.64,-1236.63,1.27953,0.983753,0.999655,0.939982,1.12361,-0.0842179,-0.0178254,1
4172,762.272,-1760.87,2014.3,0.953309,1.01297,1.00537,0.977191,0.930962,-0.108012,0.00946846,1
4173,8692.1,31887.2,-11357.1,1.00382,0.985279,1.0011,1.03629,0.982057,-0.0220568,-0.00287269,1
4174,255.607,652.371,-624.446,0.999054,1.00287,0.999717,1.0204,1.15019,-0.290035,-0.0107484,1
4175,3433.42,-4092.17,7445.47,0.999713,0.952524,0.996232,0.993598,1.02719,-0.0320137,0.00641402,1
4176,1023.6,-2217.53,2663.91,0.975163,1.03768,0.999934,0.99079,0.659728,-0.111893,0.00697835,1
4177,349.143,906.409,-853.619,1.07009,1.00712,1.01064,1.07269,0.86848,-0.0874406,-0.0255521,1
4178,1160.72,-2605.6,3189.8,1.07932,1.00311,1.00235,0.9391,0.88184,0.0638669,-0.0104501,1
4179,1460.51,3877.46,-2960.01,1.19993,0.98288,0.992989,1.02165,0.89909,0.0600032,0.0085552,1
4180,484.715,-1169.84,1274.49,0.936405,1.00201,0.988006,0.985179,0.875907,-0.285899,0.00568572,1
4181,1709.76,5458.11,-4027.95,1.01699,1.02972,1.0147,1.00844,1.15575,0.0730538,0.00607525,1
4182,1753.41,-3824.42,5187.51,0.833744,1.02827,1.00236,1.00147,1.24463,0.145989,-0.00306169,1
4183,920.432,-2119.66,2504.01,0.624656,1.00822,1.0008,0.976471,1.09408,-0.219218,0.00383857,1
4184,287.529,737.738,-702.077,0.987232,0.97536,1.00264,0.995303,1.12837,-0.152238,-0.0175011,1
4185,400.325,-958.797,1027.97,0.917712,1.03297,0.995735,1.00886,1.01431,0.207722,-0.00986971,1
4186,1984.35,-3371.07,4827.15,0.968229,1.01488,0.98373,1.04487,1.38049,-0.0450314,0.00872743,1
4187,1662.77,-3517.61,4836.13,0.847547,0.970454,0.996678,1.03529,0.843252,0.156326,-0.00286507,1
4188,26081.8,-40253.1,101225,0.895033,1.02908,0.98752,0.979281,0.772164,0.0135872,-0.00291924,1
4189,6591.25,-5577.96,16407.1,0.808769,0.983335,1.00977,1.01264,0.9312,-0.0101549,0.0119609,1
4190,115314,12434,49409.8,0.89952,1.01193,1.01008,0.954227,1.17872,-0.00270664,0.00208702,1
4191,1400.72,4104.69,-3138.45,0.826358,0.996642,1.00823,1.00233,0.930155,0.134354,0.00395918,1
4192,73721.8,-52530.9,128830,1.15008,0.980377,0.989473,0.998295,0.773252,-0.0427579,0.000517615,1
4193,360.543,935.225,-878.666,1.1644,0.991442,1.00624,0.984993,1.01902,-0.126399,-0.0169781,1
4194,807.117,2212.47,-1913.74,1.14442,1.00495,0.991482,1.00741,1.0865,0.132253,0.0073301,1
4195,7627.89,-6571.13,16471.8,0.598002,0.997454,1.01589,1.02342,1.16453,0.014912,-0.00523655,1
4196,593.636,1601.49,-1440.68,1.1444,0.990114,0.995235,0.98443,0.961864,0.272472,0.00474049,1
4197,398.181,1034.43,-964.628,1.06599,1.0125,0.986479,0.967181,1.46027,-0.188395,-0.0108436,1
4198,3512.18,8729.49,-4952.53,1.06011,0.976111,1.01305,1.07396,1.07199,-0.0132509,-0.0145651,1
4199,7305.53,-5716.97,18241.1,0.95949,1.03372,1.01122,0.980202,0.982511,0.0328248,-0.00352657,1
4200,477.191,1264.82,-1163.85,0.808557,0.97224,1.01219,0.960091,1.1162,0.145895,0.010642,1
4201,586.225,-1367.75,1517.47,0.883167,1.00637,0.98501,1.01479,1.12227,0.149358,-0.00920959,1
4202,67054.7,176077,-94848.3,0.638579,1.01669,1.0086,0.969176,1.07043,-0.0383341,-0.000551665,1
4203,957.201,2693.56,-2266.61,1.05058,0.968927,0.996887,1.00346,1.08186,-0.0839608,-0.00934444,1
4204,412.389,1086.02,-1009.63,0.944678,1.00058,0.979721,1.05395,0.898969,0.0964852,0.0201227,1
4205,2971.1,10883.6,-6369.81,1.2473,1.02032,0.991654,1.00495,1.27784,0.0236413,0.0105325,1
4206,362.225,-870.027,926.658,0.818796,0.990631,0.991128,1.00695,1.35592,0.182801,-0.0119589,1
4207,697.474,-1611.58,1819.1,0.750414,1.01873,1.0181,1.03744,1.19048,0.0827982,-0.0134535,1
4208,718.778,1925.3,-1694.14,1.07793,1.00528,0.993802,1.02322,1.18259,-0.110936,-0.00990708,1
4209,2390.23,-3673.52,5629.43,1.40274,0.990933,1.01921,0.999578,1.03954,0.0482757,-0.00626424,1
4210,6477.08,15665.9,-6351.28,0.916178,0.971095,0.996634,1.04482,0.930595,0.0390515,0.00223762,1
4211,5467.45,15263.8,-5155.9,1.34398,0.953193,0.998178,0.950823,1.35822,-0.0539901,-0.00207317,1
4212,6609.72,-5076.36,15952.7,1.01228,0.987956,1.00237,0.982102,1.01016,-0.199936,0.000589548,1
4213,106.873,-270.019,274.965,0.522314,0.990707,1.00006,1.04563,1.09324,-0.409634,0.0175167,1
4214,1071.53,3085.05,-2542.29,0.80456,1.02473,1.00509,0.93403,0.972742,-0.158351,-0.00465295,1
4215,1229.91,3556.84,-2870.59,0.862142,0.966721,1.01692,1.00196,0.880339,-0.060997,-0.00962397,1
4216,112249,53449.3,-20964.2,1.0508,0.995413,1.00238,1.01201,0.914986,-0.0610233,-5.12602e-05,1
4217,603.445,-1421.02,1582.25,0.405108,1.00376,0.981759,0.981417,1.18235,-0.104057,0.0127389,1
4218,124786,5638.2,2367.97,1.09684,1.01945,0.98899,0.975239,0.715725,0.000287093,-0.000825525,1
4219,621.348,1649.43,-1476.79,1.00036,1.00093,0.986802,0.978751,0.536322,-0.150511,-0.00853311,1
4220,189.993,-462.638,477.758,0.960526,0.999184,1.00685,0.994904,0.89502,0.335546,-0.0123813,1
4221,7206,18463,-7113.65,1.38895,1.03353,0.997659,1.00336,1.29548,-0.0273206,-0.00291468,1
4222,117647,38954.9,-15260.7,0.798061,1.0114,1.00256,1.00536,0.843211,0.0672414,3.3233e-05,1
4223,719.735,-1651.16,1873.18,0.98683,1.0332,1.00956,1.02083,1.14631,0.201351,-0.00552315,1
4224,643.42,1704.55,-1521.2,0.920886,0.986896,0.999382,1.03732,1.13562,-0.230094,-0.00523053,1
4225,4852.17,-7829.27,16955.3,0.871667,1.01273,0.988942,0.930763,1.04827,0.0148432,-0.0102255,1
4226,3711.68,9419.68,-5117.98,0.787553,0.992961,0.98733,1.0267,0.892879,0.0518283,0.00364945,1
4227,3975.25,10887.7,-5918.75,0.702576,1.00775,0.998501,0.978401,1.1055,-0.078388,-0.00225286,1
4228,592.336,-1384.32,1537.71,1.02279,0.986611,0.986444,0.980718,1.01741,0.14055,-0.00947586,1
4229,648.319,1746.75,-1557.06,1.0286,1.01877,0.997668,1.03933,1.04067,0.176973,0.00687121,1
4230,592.503,1584.38,-1427.77,1.04927,1.00727,1.00625,1.00223,0.808483,0.0708578,0.0184719,1
4231,276.471,711.6,-678.29,0.760992,1.00083,0.986945,0.992793,0.491105,-0.149385,-0.0194732,1
4232,701.919,1897.85,-1675.21,1.02886,1.01138,0.997731,1.0109,0.774399,0.125401,0.00890079,1
4233,2823.89,10745.7,-6272.2,1.10861,0.972881,1.00247,0.994086,1.25226,0.0222472,0.0112578,1
4234,914.221,2497.77,-2124.46,1.17349,1.02002,0.994852,1.02589,0.845948,-0.0453894,-0.0191342,1
4235,1138.07,3199.42,-2616.13,0.891121,0.993071,0.988148,1.0082,1.19381,-0.0367861,-0.0185009,1
4236,7264.44,-5329.31,14763,1.13791,1.00031,0.995979,0.947289,1.30441,0.013837,-0.00608417,1
4237,426.969,-1012.09,1089.7,1.34739,0.974149,1.00995,0.996791,0.583044,0.211564,-0.0083935,1
4238,1389.97,-2825.04,3598.36,0.852214,1.02185,0.986745,1.03991,0.857334,0.0819238,-0.00701612,1
4239,99554.7,129845,-66555.8,0.810852,1.01094,1.01511,0.966591,1.18275,-0.0183562,-0.000562183,1
4240,362.028,-878.85,935.316,0.657166,0.971932,1.0148,1.02122,0.836468,-0.115241,0.0177822,1
4241,3577.39,-4119.67,8100.19,1.12979,0.989497,0.981235,0.984315,1.04328,-0.0964849,0.00212228,1
4242,278.064,-674.422,707.5,1.46591,1.04048,0.995576,1.02953,0.954054,0.299302,-0.00998962,1
4243,282.374,-687.26,721.561,0.973279,0.994353,0.99734,1.02574,0.99796,0.0926517,-0.0300617,1
4244,1844.56,5017.34,-3523.22,1.02405,1.00436,0.994136,1.00031,0.930473,0.123361,0.00331625,1
4245,397.044,-950.515,1018.38,1.11185,0.988926,1.00168,0.944314,0.980483,0.159568,-0.0122884,1
4246,622.081,1658.62,-1486.2,0.83629,0.997029,1.00206,0.976697,0.971736,-0.0712228,-0.0175157,1
4247,572.115,-1344.86,1487.47,1.15478,1.02737,0.995881,0.991465,0.863847,0.0858489,-0.0164865,1
4248,63526.5,-62858.4,137649,1.12489,0.996494,0.991321,1.03532,0.950599,-0.0493624,0.000517004,1
4249,3556.53,-4170.28,7757.81,0.450537,0.986012,1.00624,1.01374,1.00171,-0.0540169,0.00370022,1
4250,1329.63,-2605.78,3317.09,0.85154,0.950416,1.02157,1.04433,0.802798,0.141958,-0.00378221,1
4251,377.678,989.316,-926.178,0.984991,0.964743,0.99872,1.03127,1.33428,0.10017,0.0198541,1
4252,310.155,819.533,-776.744,0.87866,1.01112,1.00663,1.03188,0.731462,0.386901,0.00644431,1
4253,595.273,-1390.44,1543.41,0.560884,1.0073,0.998521,0.976021,1.16401,0.14072,-0.00946427,1
4254,1578.46,5030.21,-3751.06,0.430888,0.969021,1.00484,1.03523,0.869536,-0.143959,-0.00321024,1
4255,844.792,2268.87,-1951.73,1.04232,1.0029,1.0066,0.960835,0.987966,-0.116571,-0.00785303,1
4256,1252.41,3478.03,-2791.94,0.656755,0.98059,0.997195,1.03696,1.05112,0.175027,0.00339489,1
4257,1306.02,-2612.87,3300.37,1.37904,1.01529,1.0051,1.00601,1.19549,0.0474362,-0.0125349,1
4258,855.579,2298.51,-1975,0.745389,0.997515,1.00237,0.99799,1.17408,-0.136794,-0.00660542,1
4259,2265.69,5907.41,-3866.74,0.616007,0.955332,0.989402,0.980034,0.912684,0.0635028,0.00496924,1
4260,873.542,-1936.24,2257.16,0.986283,0.979962,1.03154,1.06085,1.0045,0.171138,-0.0048943,1
4261,184.98,479.726,-464.875,0.931706,1.00793,1.01127,0.982106,1.2116,0.247128,0.0169076,1
4262,189.086,-470.888,486.459,0.778059,0.991425,0.995359,1.04899,1.00061,-0.241097,0.0170399,1
4263,966.517,2697.53,-2260.45,1.05913,1.03426,1.00904,0.993859,0.625801,0.149719,0.00541272,1
4264,1862.76,5147.47,-3597.89,1.04888,1.01636,0.995026,0.989242,1.28244,0.391787,0.0010327,1
4265,308.314,-745.725,786.178,1.21818,1.01287,1.00556,1.0049,0.958763,0.171283,-0.0150526,1
4266,3234.4,8313.43,-4568.46,1.09423,0.957121,1.00676,0.967342,1.13448,-0.0385126,-0.00550227,1
4267,2565.66,6760.14,-4355.09,1.12291,1.00565,0.997209,0.978682,0.680066,0.0308454,0.00930868,1
4268,3684.8,-4222.81,8249.68,0.937873,1.02034,1.00674,1.00088,0.794695,-0.0279526,0.00705278,1
4269,1941.19,-3705.31,5114.58,1.21942,0.998073,1.01268,1.01101,1.13079,-0.195621,0.00193778,1
4270,3358.51,-5866.26,10837.3,0.946376,1.00641,0.999286,0.974649,0.916815,-0.0192392,0.0120457,1
4271,1693.46,-3143.49,4247.32,1.01132,1.04422,0.990168,0.950606,0.66677,-0.0316485,0.0150331,1
4272,339.233,-832.83,883.304,0.716868,1.00489,1.00109,1.02342,1.03083,-0.261198,0.00879211,1
4273,7095.59,18456.1,-7406.63,1.37232,0.984134,0.985743,0.999594,0.790668,-0.00654831,-0.0122918,1
4274,228.147,-566.419,589.122,0.738309,1.02942,0.994956,1.01139,0.84891,-0.226296,0.0156449,1
4275,628.486,-1478.36,1651.23,1.11275,1.0004,1.00413,0.976946,0.762013,-0.104703,0.0117499,1
4276,1660.5,5210.81,-3871.74,0.95026,1.00093,1.00288,1.03347,1.10138,-0.211834,-0.00215552,1
4277,525.439,-1251.25,1372.84,1.31716,1.0074,0.98995,0.977948,1.22799,-0.107799,0.0140403,1
4278,1111.06,-2363.82,2888.88,1.20502,1.03161,1.01981,0.98737,0.909885,-0.0996391,0.00698606,1
4279,18782.3,89059.7,-28315.5,0.87074,0.980331,1.00238,0.98247,0.673306,-0.00999891,-0.0042829,1
4280,2015.58,7022.43,-4832.97,1.0231,0.988127,1.01068,0.931924,1.33272,0.369919,0.000958851,1
4281,408.556,-988.659,1061.84,0.97034,0.995432,0.996692,0.941335,0.993098,-0.110435,0.0172997,1
4282,283.168,738.358,-703.559,1.2917,1.01216,1.02014,1.00025,0.671905,0.151344,0.0179299,1
4283,462.111,1206.68,-1112.79,0.697087,1.00456,0.992082,1.00069,1.21403,-0.193398,-0.00894674,1
4284,339.633,876.113,-825.772,1.27512,0.988729,0.988847,0.979466,1.09345,-0.247995,-0.00943144,1
4285,8859.38,-9408.95,24890.3,1.13686,0.978293,1.00007,1.03151,0.784486,-0.00778425,0.00863032,1
4286,536.686,1412.97,-1285.56,0.560804,1.02715,0.99587,0.978409,1.52331,-0.209846,-0.00721639,1
4287,403.113,-976.163,1046.81,0.669589,1.00328,1.00617,1.01219,0.776114,-0.121308,0.0158678,1
4288,4099.17,14108.1,-7411.98,0.553381,0.985568,1.01494,0.993669,1.2037,0.014066,0.0116561,1
4289,477.871,1250.43,-1151.51,1.24771,1.01158,1.01642,1.00917,0.859061,-0.177324,-0.00918817,1
4290,7871.9,-6756.68,17574.3,1.40952,0.993585,0.993379,0.985101,1.01419,-0.0437213,0.0017633,1
4291,5310.21,21203,-8975.54,1.11825,1.02326,1.02143,0.993071,0.81475,0.0149391,0.00941184,1
4292,884.983,2441.57,-2074.45,1.38655,0.973769,0.98563,0.971764,0.871032,-0.0577565,-0.0150319,1
4293,1974.19,-3700.46,5143.17,0.784997,0.995309,1.00122,1.02958,0.614379,0.0525655,-0.00723601,1
4294,165.217,418.05,-406.688,1.31586,1.01712,1.0219,1.01382,1.324,-0.282696,-0.0168291,1
4295,588.003,-1378.17,1530.14,0.589778,1.02761,0.980011,0.91232,0.540635,0.210481,-0.00672103,1
4296,794.945,2125.68,-1843.37,1.25059,0.970741,0.996695,0.983039,1.04723,-0.250205,-0.00383148,1
4297,232.299,589.645,-566.947,1.14859,1.00651,1.01385,1.03266,1.18686,-0.358825,-0.00944455,1
4298,1626.25,4849.45,-3652.28,0.698388,1.00359,0.995201,1.0205,0.906368,0.0744472,0.0062739,1
4299,275.965,708.566,-675.433,1.36356,0.997725,0.984938,0.962972,1.10146,-0.210862,-0.0138529,1
4300,3397.75,-4937.3,9470.58,0.928824,1.00635,0.999231,1.08942,1.17138,-0.0208219,0.0105415,1
4301,580.429,1538.03,-1388.36,0.892669,1.02617,0.997791,1.0722,0.919352,-0.0724382,-0.0191041,1
4302,1146.93,3105.11,-2524.86,0.898669,1.03712,1.00531,0.987415,0.950695,0.263177,0.0025894,1
4303,4064.85,11942.1,-6457.12,1.02297,1.00709,1.00387,0.992296,1.19356,-0.0730682,-0.00233873,1
4304,85113.5,158484,-84181.9,0.839326,1.00104,1.00131,0.983859,1.2324,-0.0319897,-0.000471207,1
4305,372.07,975.476,-914.161,0.693001,0.979432,1.00068,1.03257,1.12333,0.164416,0.012417,1
4306,1109.1,3139.85,-2582.8,0.730597,0.989374,0.999797,0.986231,0.942646,0.104403,0.00652783,1
4307,101.614,-250.481,254.806,1.41223,0.9922,0.99861,1.05054,1.08949,0.240848,-0.0322891,1
4308,288.125,750.772,-714.482,1.15639,0.997337,1.01116,0.990734,0.819671,0.161466,0.0164533,1
4309,1865.47,-3316.05,4589.43,1.0932,0.986215,1.0073,0.927655,0.675499,0.0267613,-0.0148917,1
4310,6588.35,16112.1,-6127.27,0.839837,1.01089,0.998789,1.0378,0.854323,0.00847945,0.0102427,1
4311,1570.87,-3440.93,4498.64,1.27662,0.990896,1.01859,0.966548,1.12346,-0.0692445,0.00677462,1
4312,96371.9,157990,-84602.9,1.06145,1.01822,0.99228,1.00594,1.17373,-0.024311,-0.000525111,1
4313,821.329,2250.88,-1938.29,1.06943,0.988739,0.987428,0.965518,0.704362,0.279121,0.00335503,1
4314,1682.83,5448.83,-3998.84,1.04206,1.00579,1.0014,1.01994,0.757771,0.0245338,0.018296,1
4315,103739,-13633.4,90569.6,1.08567,1.00037,1.00122,0.966786,0.936697,0.0106052,-0.00111454,1
4316,5721.12,22420.8,-8738.67,0.897449,1.01126,0.981236,1.02022,0.638409,-0.0207654,-0.00670573,1
4317,4525.83,-7009.01,13795.8,1.12907,1.02066,1.00103,0.997288,1.14503,-0.0183352,0.00866355,1
4318,3996.68,-5397.36,9765.26,0.936813,0.982238,0.999199,0.975878,1.02283,0.172312,-0.00103868,1
4319,2305.19,8256.03,-5299.7,0.983057,1.03145,0.994044,0.939611,0.909909,0.0372775,0.00895435,1
4320,35959.2,-53290.3,118643,0.800975,0.997708,0.991104,0.949329,0.65218,-0.00313835,0.0112811,1
4321,7188.26,19576,-8191.55,1.1612,0.966557,1.00197,1.02781,0.966077,0.0298025,0.00260303,1
4322,207.125,-517.202,535.94,1.15668,1.01118,0.996937,1.03052,1.08531,-0.287284,0.0132687,1
4323,1109.87,3019.02,-2481.69,0.607475,0.987296,0.9913,0.975951,0.594877,-0.157243,-0.00442381,1
4324,2176.34,7576.06,-4945.51,1.02407,1.00169,1.00356,0.998641,0.972733,0.164669,0.00204386,1
4325,3197.93,8552.27,-4620.19,0.898301,0.957376,0.992741,1.00554,1.58614,0.159898,0.00134805,1
4326,873.194,2425.05,-2077.76,1.1402,1.00347,1.00915,0.971243,1.21861,0.195899,0.00444349,1
4327,366.976,968.018,-908.067,1.08607,1.00432,0.999848,1.00082,1.12208,0.212787,0.00998588,1
4328,1515,4350.91,-3358.6,1.14975,0.988605,1.01694,1.03387,0.918268,0.114939,0.00417309,1
4329,625.477,1677.11,-1501.79,0.631322,0.999218,1.00468,1.03776,0.764031,0.0812736,0.0151299,1
4330,855.213,2299.44,-1976.79,1.28898,0.998262,1.0053,0.99048,1.29168,-0.134445,-0.0067035,1
4331,39139.5,-56209,122262,0.954989,0.99763,0.993139,0.980925,0.961733,-0.0304806,0.00111358,1
4332,3320.82,11610.2,-6171.28,0.916076,1.0056,1.00472,0.952265,1.10809,-0.0108098,-0.0211394,1
4333,6604,-4685.88,15260.7,0.846212,1.00806,1.01584,1.00959,0.93663,-0.0877454,0.00128454,1
4334,4782.5,19315.3,-8655.08,1.02076,0.994643,1.01056,0.981683,0.95319,0.0769037,0.00193099,1
4335,9916.73,-11085,32160.5,0.790589,1.01414,0.999045,0.972794,0.824426,0.035896,-0.00169219,1
4336,338.701,-827.956,877.867,0.950814,0.972005,1.00785,1.02465,1.29394,-0.223889,0.0098384,1
4337,1874.1,-3646.1,4997.1,1.01966,0.963191,0.997222,1.01574,1.04643,-0.0414641,0.00939927,1
4338,1476.31,4047.29,-3064.15,0.701614,1.01285,1.01032,1.02285,1.07716,0.179256,0.00284098,1
4339,1629.82,4345.07,-3209.1,1.24512,1.04459,0.997494,1.01402,0.88192,-0.0609293,-0.00799455,1
4340,5664.85,15902,-5274.06,1.1247,0.99141,1.00745,1.00662,0.997778,0.211903,0.000506964,1
4341,46726.4,-62579.5,131372,1.34077,1.0114,1.00233,0.939244,0.870583,0.0298619,-0.00104903,1
4342,1755.22,5547.21,-3933.13,1.21605,1.00348,0.998351,0.920504,1.18881,0.0664573,0.00649306,1
4343,6317.36,18593.4,-6320.15,1.11923,0.996113,1.01687,0.984502,1.15818,-0.0495564,-0.0023555,1
4344,7425.27,-7708.77,22427.7,1.27852,1.05812,0.996481,0.975168,0.803022,-0.122161,0.0010126,1
4345,1849.7,5018.77,-3538.42,0.906404,1.01528,1.00949,0.999358,1.11476,0.104293,0.00387982,1
4346,878.835,2385.46,-2041.35,0.962907,1.00213,0.997119,1.01275,0.904261,-0.0748408,-0.0118508,1
4347,4502.44,17748.7,-8363.96,0.858378,0.997256,1.01134,0.972109,1.12592,-0.0311894,-0.00490676,1
4348,1203.2,3411.47,-2713.55,1.14773,0.991162,0.994053,0.992015,1.05477,-0.0839382,-0.00759867,1
4349,925.261,2498.81,-2122.58,1.08409,1.03815,1.00475,0.951185,1.01379,-0.108639,-0.00796904,1
4350,282.869,-695.227,729.89,0.688239,1.00071,1.00589,1.03649,1.37658,-0.149537,0.0183197,1
4351,375.164,-900.107,959.948,0.664954,1.00786,1.01064,0.99475,1.07561,0.187151,-0.0111825,1
4352,829.179,2247.75,-1932.45,1.15113,0.990184,0.984951,0.988734,1.03148,-0.042638,-0.0221498,1
4353,210.85,-512.798,531.696,0.864256,0.97894,0.995066,1.02389,1.17488,0.240979,-0.0153856,1
4354,310.528,810.267,-767.593,1.11159,0.985276,0.995943,0.971782,1.17355,0.13719,0.0181222,1
4355,140.723,-353.637,362.19,0.921854,0.965382,1.00777,0.961016,0.539607,-0.291342,0.018074,1
4356,407.793,-991.063,1064.93,0.836447,0.994844,0.985045,0.990681,1.253,-0.222001,0.00870944,1
4357,5672.3,15860.3,-5172.27,1.07549,0.977615,0.995314,0.994201,0.888063,0.0317061,0.00344878,1
4358,7174.95,-5616.16,14431.1,1.13219,0.989496,1.01013,1.07338,0.818552,0.00521285,-0.0159485,1
4359,2758.09,10240.7,-6214.55,0.939811,0.989436,1.02195,0.973039,0.97662,0.080837,0.00312835,1
4360,1992.74,5923.52,-4214.26,0.813013,0.997812,0.998063,0.98812,1.12867,0.123508,0.00301431,1
4361,1447.74,4432.26,-3400.84,1.25723,1.01357,0.996145,0.970263,0.61488,-0.399408,-0.00136477,1
4362,25498.5,-37902,97172.9,1.11754,1.00278,0.981856,0.994429,1.07841,0.00916608,-0.00439405,1
4363,906.717,2543.48,-2160.45,0.900543,1.00615,0.999104,0.963969,0.837551,0.0989074,0.00864471,1
4364,364.87,941.974,-884.345,0.958474,1.0151,0.999388,0.992194,0.91002,-0.241556,-0.0091186,1
4365,8000.39,-6861.31,17836,1.13429,1.02579,1.00872,0.995599,0.707493,-0.168152,0.000447546,1
4366,1154.49,-2611.89,3198.13,0.947535,0.997503,1.00307,0.99515,1.08254,0.0968185,-0.00688088,1
4367,10135.6,45956,-13891.3,0.738097,0.982736,1.00158,1.0155,0.693043,0.00502894,0.0110921,1
4368,6672.48,-7861.7,21013.3,1.1532,1.01517,1.00253,0.932313,1.13238,0.0279415,-0.0047065,1
4369,6335.87,19687.3,-7014.68,0.983107,0.984306,1.00803,1.01951,0.842293,-0.0105786,-0.0116974,1
4370,7134.2,-7372.8,20954.1,1.3376,1.02983,1.00106,0.977296,0.723671,-0.0349516,0.00359399,1
4371,1083.9,-2449.8,2962.79,1.00604,0.971825,1.00051,0.987265,1.18371,-0.0591357,0.0116606,1
4372,2337.95,-3759.5,5861.35,1.07805,0.997005,1.01659,1.00565,1.3518,0.0950303,-0.00329511,1
4373,499.357,-1197.45,1306.35,1.06138,1.01409,1.00522,0.978786,1.38099,-0.166191,0.00943477,1
4374,932.239,-2065.35,2440.37,1.04594,1.00489,1.0138,0.996994,0.870156,-0.124789,0.00654073,1
4375,923.141,-2088.36,2457.45,1.18107,1.01557,0.994028,0.970065,1.0606,0.123218,-0.00701689,1
4376,447.537,1185.12,-1095.87,0.873872,0.973074,1.00541,0.942807,0.891096,0.1939,0.00861746,1
4377,2626.57,6957.57,-4467.54,1.25758,1.01814,1.00146,0.997171,1.36925,0.00970851,0.0290301,1
4378,2175.81,-4721.64,6986.56,0.918481,1.00643,1.00306,0.985407,1.15907,0.0631459,-0.00550238,1
4379,297.464,776.157,-737.114,1.29523,0.98304,1.00022,1.00277,1.13481,0.203532,0.0126108,1
4380,4202.58,-6823.52,13117.9,1.22651,0.953898,0.984373,1.05489,0.947229,0.0328085,-0.00508516,1
4381,965.402,-2207.57,2629.88,1.28984,1.0228,0.988464,0.986467,0.825339,0.0802873,-0.0104141,1
4382,2370.7,-3654.76,5618.67,1.10429,0.993859,1.02198,1.01452,0.746525,0.0720616,-0.00423014,1
4383,2933.09,-5780.29,9497.51,1.2111,1.01178,1.00832,1.01327,1.07889,0.174721,-0.00144503,1
4384,58461,172841,-92332.8,1.25875,1.01704,0.991666,0.997715,0.754592,0.0888837,0.000271273,1
4385,195.977,508.032,-491.266,0.853622,1.01716,0.997379,1.02689,0.885636,0.196102,0.0207171,1
4386,5787.53,22082.4,-8642.86,0.96534,0.994343,0.995535,0.978249,1.0444,-0.00772327,-0.0179341,1
4387,9128.37,35018.8,-11958.5,1.08697,1.01946,1.00498,1.03428,0.948101,0.0276958,0.00218202,1
4388,94111.7,-41917.6,122066,0.877924,1.02355,1.00207,1.02638,1.24788,0.00286454,-0.00580041,1
4389,1353.72,-3084.11,3949.33,1.31573,0.98856,1.00619,1.01719,1.15397,-0.0465417,0.0119092,1
4390,1049.24,-2248.34,2731.21,1.24469,0.981157,0.986628,1.00885,1.20547,-0.078673,0.00931588,1
4391,1177.85,-2684.09,3295.44,1.04199,1.01656,1.01944,1.00015,0.991974,0.0692902,-0.00938608,1
4392,9235.81,-9816.08,26598.3,0.998916,1.01057,1.00469,1.00992,1.04953,-0.014388,0.00450179,1
4393,2117.92,-4569.64,6670.82,1.07132,0.991628,0.992121,1.0078,0.985161,0.0439748,-0.00810495,1
4394,2571.67,-3782.19,6067.28,0.400172,1.02105,0.994293,1.04937,1.24288,0.030793,-0.00962922,1
4395,327.52,-790.496,836.955,0.743955,1.00649,0.983758,0.976007,1.18999,0.148759,-0.0166759,1
4396,2541.34,6895.39,-4485.46,0.873988,0.979929,0.986251,0.969952,1.11869,-0.0986149,-0.00292219,1
4397,2067.84,-3473.8,5023.37,1.16334,1.0461,0.996118,1.05687,1.05414,-0.0460846,0.00827084,1
4398,565.649,-1324.55,1463.42,0.832501,0.965018,0.997415,0.960885,0.826441,0.0882025,-0.0151955,1
4399,126642,6176.19,2522.6,0.944826,1.03195,0.994165,0.995283,0.958489,0.0194098,-1.36748e-05,1
4400,617.208,1659.26,-1484.3,0.878202,1.01806,0.97465,0.996756,1.05723,0.0974075,0.0135798,1
4401,94286.8,2374.2,61425.6,0.679336,0.957071,1.02513,0.968431,1.05819,-0.00489254,0.00195297,1
4402,1075.55,3124.47,-2558.5,0.847659,1.0203,0.991047,1.00743,0.653798,0.1579,0.00464057,1
4403,2791.12,10646.2,-6254.1,1.27032,0.971429,0.99984,0.994005,1.20317,0.0562757,0.00448374,1
4404,16007.9,-21112,65431.9,1.08738,1.002,0.992867,0.99631,0.736237,0.00329645,-0.0143538,1
4405,99646.2,4262.7,65210.1,1.07946,0.957294,0.995937,0.940803,0.771095,0.0827785,-0.000116168,1
4406,3061.64,-6064.58,10528.6,1.09991,1.00215,1.00619,1.01761,0.691414,-0.0162005,0.0149753,1
4407,3335.09,9091.8,-4762.98,1.11779,0.987682,0.997825,1.03333,1.16747,-0.0866182,-0.00243671,1
4408,3230.06,10839.6,-5853.61,0.84152,0.997043,1.01183,1.04296,0.935105,-0.101042,-0.00225212,1
4409,109400,4272.43,998.741,1.39428,0.987357,1.02058,0.988397,0.666139,2.48779e-05,-0.00423987,1
4410,7670.95,21563.6,-8535.3,1.01294,1.00833,0.992689,1.00196,1.08862,-0.00758803,-0.00975083,1
4411,742.181,2010.79,-1757.94,1.03112,1.00099,0.976661,0.999224,0.899346,0.077382,0.0139035,1
4412,4319.21,-6266.48,11771.2,0.944673,1.01488,0.998612,1.05905,0.790461,-0.0516177,0.0032122,1
4413,8922.2,-9590.23,25456.4,0.895957,0.981802,1.00616,0.998644,1.00633,0.0363041,-0.00183643,1
4414,1100.61,3155.93,-2570.25,1.11563,0.959508,1.00373,0.988639,0.933572,-0.158772,-0.00420946,1
4415,398.087,-953.006,1021.22,1.24312,1.01027,0.996851,0.990778,1.35412,0.145488,-0.0138138,1
4416,461.02,1220.93,-1126.26,0.867292,0.975973,1.00521,1.02222,1.27701,0.201175,0.00807694,1
4417,206.027,-512.793,531.224,0.869027,1.00051,1.0027,0.979478,0.989499,-0.233157,0.0161716,1
4418,221.331,-548.453,569.691,1.12569,1.00258,0.999995,1.00579,1.00315,-0.153028,0.023135,1
4419,2481.22,-3756.61,5877,0.848377,1.01202,1.01177,1.02382,1.01217,-0.0945903,0.00314693,1
4420,625.417,1666.56,-1492.25,0.853741,0.9983,0.999477,1.00458,1.19173,-0.0797984,-0.0156209,1
4421,1884.24,-3336.91,4748.02,0.886628,1.01823,1.00877,0.988078,0.911502,-0.0831585,0.0048547,1
4422,2734.06,-4889.04,7575.51,1.06391,1.00344,1.00619,1.01872,1.01099,-0.0124442,0.0215933,1
4423,506.208,-1193.95,1304.14,0.995391,0.999438,1.00063,0.993574,1.06395,0.19639,-0.00791853,1
4424,839.366,2292.63,-1967.05,1.14639,1.00265,0.986798,1.03749,1.01256,0.0834541,0.0112187,1
4425,427.82,1120.18,-1038.28,1.11209,1.02243,0.975048,1.0096,0.824218,-0.16976,-0.0114585,1
4426,2080.19,6888.1,-4737.83,0.705053,0.993647,0.992098,0.990395,0.474991,-0.0531043,-0.0067733,1
4427,7024.27,-4764.59,13768.4,1.10535,1.01256,1.00118,1.01493,1.08233,-0.0227914,0.00379883,1
4428,242.97,-604.052,629.66,1.33159,0.972856,1.01578,0.995226,1.14012,-0.313671,0.0096734,1
4429,989.622,-2281,2722.51,0.976873,0.988589,1.00193,1.00612,0.859865,-0.108055,0.00710116,1
4430,498.932,-1197.39,1307.87,0.922632,0.974676,0.99342,1.00746,0.93131,-0.308285,0.00493146,1
4431,86481.7,-33752.3,109752,1.20188,0.961882,0.987631,0.987105,0.993335,-0.105453,0.000159056,1
4432,345.929,-831.807,882.42,0.846834,1.01999,1.01331,0.965937,1.1463,0.208294,-0.0110092,1
4433,7107.36,-7693.53,21592.4,0.966497,1.03491,1.00161,0.940396,0.858166,-0.0454071,0.00279136,1
4434,2483.92,-3839.06,5875.2,0.538193,0.994278,1.0101,0.984808,0.970667,-0.0330091,0.00890806,1
4435,1112.27,2980.32,-2433.08,0.948921,1.0179,1.00623,0.922311,0.961241,-0.11193,-0.00627282,1
4436,17253.2,-23135.2,68078.9,1.13561,0.966285,1.01223,0.991313,0.998112,0.0570399,-0.000812653,1
4437,7207.26,-5530.48,14653.4,0.810042,0.986938,1.00349,0.972709,1.03878,0.128293,-0.000654881,1
4438,1199.15,3294.91,-2668.5,0.927283,0.972116,1.00622,1.04417,1.0897,0.288712,0.0020945,1
4439,2276.3,-3573.22,5465.4,0.96925,0.96682,1.00532,1.02179,0.993352,-0.0470077,0.00672875,1
4440,1302.81,-2929.56,3702.19,0.634554,1.03993,0.970035,1.00528,1.01051,0.0481556,-0.0132621,1
4441,5996.55,14621.3,-5569.47,1.32512,0.974174,1.00776,0.999748,0.973448,0.0316085,0.00299691,1
4442,746.812,2029.03,-1776.16,0.635396,0.997148,1.00246,1.02762,0.430831,0.137741,0.00744094,1
4443,239.151,624.82,-599.617,1.12126,0.98325,1.0038,0.99235,0.957343,0.36246,0.00872023,1
4444,8228.37,28913.9,-10715,0.795519,0.959534,1.00425,0.940185,0.969007,0.0293634,0.00228497,1
4445,1484.11,-3013.03,3896.77,1.05294,0.964826,0.990041,1.03446,1.16698,-0.142626,0.00350182,1
4446,680.66,-1575.37,1774.97,1.00655,0.998739,1.00927,0.995806,1.11559,0.113811,-0.00996798,1
4447,3338.99,8807.66,-4672.85,0.914076,0.98578,1.00082,1.07236,0.892891,-0.0591617,-0.0035309,1
4448,114.336,285.657,-280.264,1.06023,0.97891,1.01327,0.977663,1.19285,-0.35761,-0.0187548,1
4449,2898.3,-5642.7,9209.54,0.924972,1.0031,0.995508,0.961497,0.811999,0.0239597,-0.0107403,1
4450,493.225,1306.66,-1198.66,1.00365,1.00054,1.00576,1.02806,0.974117,0.0679881,0.0230343,1
4451,2092.93,-4008.58,6023.02,0.662289,0.950187,1.0019,0.984244,1.30974,0.0466868,-0.00736525,1
4452,222.253,-552.001,573.419,1.11064,1.03709,1.00299,0.974612,1.226,-0.204094,0.0177694,1
4453,865.289,-1918.32,2239.73,1.09939,0.952107,1.00143,1.01815,1.17343,0.152139,-0.00561435,1
4454,725.001,-1652.18,1875.37,0.880099,0.995441,1.01259,1.0821,1.20915,0.301545,-0.00352072,1
4455,53324.2,-61420.4,132302,0.996289,0.983786,0.991245,0.996641,1.03299,-0.00887189,0.00324846,1
4456,6324.73,19825.7,-6996.37,0.952428,0.970397,0.99383,1.00132,0.59261,-0.121035,-0.0010443,1
4457,20601,97017.3,-32554.5,1.23639,0.985975,0.999645,0.986319,0.670553,-0.0285891,-0.00144344,1
4458,1080.87,-2277.62,2774.52,0.990491,0.990649,0.990228,0.992478,0.943891,0.0564613,-0.0127325,1
4459,1468.95,-3341.73,4372.56,1.28659,1.02639,0.997795,0.964284,1.15521,-0.0920218,0.00581872,1
4460,1008.92,2689,-2253.15,1.03897,1.03795,1.02102,1.02676,0.902829,-0.152069,-0.00509773,1
4461,111732,19708.1,27396.8,1.30437,0.992309,1.00654,0.999854,1.18515,-0.000878053,0.00382265,1
4462,309.378,790.433,-749.464,0.939676,1.00408,0.997811,1.03402,0.924696,-0.36795,-0.00703905,1
4463,14406,68793.9,-20143.4,1.00287,0.996366,1.0176,0.984687,0.762428,-0.0063587,-0.00742797,1
4464,2156.7,-4666.47,7008.29,1.2855,0.98928,0.997138,0.963755,0.603139,-0.0766781,0.00450932,1
4465,623.311,1655.33,-1482.52,1.03877,0.98321,1.00237,0.997289,1.06752,-0.116965,-0.0105,1
4466,532.319,-1269.58,1394.56,0.982794,1.01006,0.991326,0.990776,0.809187,-0.16877,0.00883459,1
4467,436.982,1154.85,-1069.47,1.31402,1.02481,0.992831,1.00338,1.37609,0.132747,0.0138713,1
4468,521.374,1375.88,-1255.18,1.02168,1.03105,0.995204,0.971282,1.03705,-0.150394,-0.0103927,1
4469,1045.19,-2286.21,2776.54,1.03851,0.988744,0.993863,0.968301,1.02748,0.0686466,-0.0107775,1
4470,384.616,999.506,-934.731,0.874881,1.03319,0.994885,0.979688,0.898753,-0.235824,-0.00906512,1
4471,682.327,1823.27,-1615.46,1.00702,1.02596,0.998805,0.977754,0.505198,-0.130693,-0.00900652,1
4472,1847.22,-3263.82,4529.92,1.00971,0.970338,0.986382,1.00294,1.34617,0.0256733,-0.0157868,1
4473,5948.66,16584,-5213.18,1.00661,1.01074,1.00305,0.989986,0.923326,-0.0529074,-0.00198647,1
4474,2761.46,7327.53,-4654.8,0.886499,1.03714,1.00406,1.05764,1.14775,-0.29625,-0.000923526,1
4475,6043.82,-7552.05,18856.5,0.871271,0.969715,0.99653,1.0342,1.04209,-0.0135701,0.0101384,1
4476,7629.05,21472.4,-8554.31,1.06589,1.00514,0.997581,0.990575,1.17819,-0.0174948,-0.00423992,1
4477,684.066,-1591.15,1797.63,0.967087,1.0162,0.987155,1.02874,1.04783,-0.0937497,0.0125084,1
4478,537.163,1434.3,-1305.02,0.895796,0.989043,1.0084,0.980298,0.75423,0.212556,0.00661527,1
4479,644.24,-1483.15,1660.03,1.14948,0.960996,1.01106,1.02504,0.889117,0.270189,-0.00427387,1
4480,2064.18,-4512.14,6516.89,0.757142,0.983383,1.01044,0.965164,0.957251,0.171277,-0.0020845,1
4481,328.536,-806.536,854.472,1.26773,0.995472,0.981596,1.04233,1.06921,-0.239814,0.0100641,1
4482,6000.31,16765.4,-5204.32,0.582448,1.02913,1.00406,1.00523,1.06887,0.0906724,0.00112613,1
4483,651.732,-1505.52,1688.93,0.947075,0.994661,0.995267,0.945386,1.09853,0.251836,-0.00480794,1
4484,833.799,2278.38,-1962.53,1.32533,0.965284,1.00468,0.998422,1.21427,-0.111034,-0.0080301,1
4485,636.972,1687.02,-1508.54,0.948768,0.9683,1.01153,0.995952,0.816586,-0.164171,-0.00712108,1
4486,1629.71,-3575.27,4740.67,0.784204,0.999379,1.00153,1.0064,0.844263,-0.159675,0.00290245,1
4487,2567.58,-3846.46,6048.62,0.750082,1.02048,1.00401,1.04136,0.843728,-0.167794,0.00173459,1
4488,613.432,1620.45,-1455.5,0.8156,1.02728,1.0087,1.0028,1.0493,-0.212353,-0.00612179,1
4489,193.19,-480.904,497.157,1.34861,1.03395,0.992875,0.98298,1.26327,-0.164611,0.0256615,1
4490,2602.43,-3887.58,6104.93,0.941667,1.02225,1.00716,1.01516,1.14971,-0.0148187,0.0194735,1
4491,6779.05,-4307.91,15091.8,0.924373,1.03676,1.0227,1.02536,0.91587,0.153674,-0.000698669,1
4492,1016.63,2905.97,-2415.35,1.04647,0.990808,0.983849,0.954103,0.940291,-0.0239369,-0.0320894,1
4493,601.711,-1423.48,1582.1,1.27705,1.0039,1.00605,1.03524,0.852276,-0.178499,0.00718113,1
4494,455.505,-1095.42,1186.06,0.94066,1.00132,1.00137,0.997798,1.03766,-0.108536,0.0157598,1
4495,3009.35,-6044.29,10327.3,0.915976,1.00284,1.00037,0.975943,1.00755,0.1007,-0.00245823,1
4496,1728.3,-3774.12,5089.86,0.816675,1.02778,1.00236,1.03427,0.664739,-0.0719028,0.00624377,1
4497,512.301,-1229.42,1344.54,1.3106,1.02544,1.0044,1.01842,0.772983,-0.258757,0.00595247,1
4498,2272.51,7039.38,-4464.11,0.85561,0.993512,0.995188,0.987497,1.01217,-0.0435815,-0.00746625,1
4499,4095.2,-4867.19,9218.55,0.821221,1.03209,1.0047,0.949838,0.943955,0.210271,-0.000854403,1
4500,110179,59613.7,-25402.6,1.09613,0.986473,0.992552,1.04834,1.0385,-0.000600466,-0.00593059,1
4501,1270.83,3415.07,-2732.67,1.11646,0.989857,1.00182,1.00638,1.05816,-0.131505,-0.00453566,1
4502,361.739,-884.21,941.514,0.873582,1.02246,0.999097,0.98993,1.14071,-0.234034,0.00940028,1
4503,1299.74,3909.33,-3095.64,0.975834,0.980224,0.996099,1.00341,1.06285,0.186066,0.00307871,1
4504,339.186,-817.998,867.807,1.13284,1.00323,0.986134,0.994914,1.14555,0.138561,-0.0171626,1
4505,5466.73,-8140.86,19017.3,1.08708,0.995481,0.998161,1.00581,1.28791,0.129001,-0.00111533,1
4506,204.802,533.733,-515.274,1.37367,0.960869,1.00375,1.02775,1.38284,0.309432,0.01166,1
4507,9010.44,-9709.72,26482.5,0.983113,0.971779,0.997545,0.941844,0.876918,0.0642616,-0.00103745,1
4508,1350.86,3862.94,-3053.54,0.665894,1.00691,0.999936,0.960413,0.657141,-0.0425045,-0.0134155,1
4509,6870.36,21115.2,-6949.13,1.14091,1.01878,1.00264,0.986279,1.02551,-0.0748007,-0.00158558,1
4510,3543.03,-4385.18,8931.39,1.1131,1.00989,0.977327,1.05285,0.913882,0.0722459,-0.00291391,1
4511,355.662,-867.968,923.067,0.945913,1.00409,1.00517,1.01672,1.16135,-0.168467,0.0129654,1
4512,2011.64,-4377.09,6192.89,0.793333,0.989615,1.01843,1.02614,0.981719,-0.0872704,0.00412804,1
4513,7234.17,-5706.89,14837.1,0.92925,0.988741,1.00863,0.985123,0.869293,-0.0088285,0.00941044,1
4514,359.109,924.709,-869.553,1.02201,0.994727,1.01784,1.00863,1.07037,-0.268597,-0.00796877,1
4515,270.295,694.975,-663.189,1.25388,0.991354,0.989748,1.08929,1.04317,-0.150165,-0.0195353,1
4516,3273.71,9662.89,-5010.09,1.04349,0.985497,0.99144,0.985696,0.918564,-0.0157205,-0.0137919,1
4517,10824.4,-12607.6,39051,1.19294,1.02088,0.997603,1.01322,1.08853,-0.0179317,0.00313666,1
4518,402.806,-963.9,1033.8,1.14886,1.02541,0.998501,1.00211,0.825308,0.151386,-0.0132862,1
4519,366.175,965.857,-905.582,1.14547,0.993471,0.986929,1.00334,0.884546,0.20738,0.0103357,1
4520,726.69,1952.92,-1716.28,1.11339,1.00592,0.996855,1.00517,1.02778,-0.0641331,-0.0168622,1
4521,4136.33,12995.9,-6834.82,1.18946,0.994949,0.983308,1.04097,1.07063,-0.00987209,-0.0170576,1
4522,1101.77,-2362.23,2897.56,0.717095,1.01508,0.994421,1.01571,0.847123,-0.139012,0.00512492,1
4523,3840.55,9917.81,-5397.14,0.966695,1.0141,0.996386,1.06355,1.18316,0.104532,0.00174085,1
4524,614.077,-1431.06,1591.39,0.76158,0.975728,1.02512,1.02829,0.891901,0.0841238,-0.0142626,1
4525,6138.57,19123.6,-6960.68,0.902778,0.971458,1.00723,1.03338,0.920917,0.0705059,0.00177698,1
4526,7018.85,-4518.15,13542.5,0.751531,1.01508,0.99357,1.04852,1.18214,0.176139,-0.000495846,1
4527,1395.33,-2717.86,3522.37,0.896826,0.963558,0.996018,1.05183,0.771742,-0.0840031,0.00628782,1
4528,260.451,-644.445,673.894,0.960975,1.02704,1.00387,1.02105,0.742296,-0.23435,0.013035,1
4529,922.739,-2062.92,2429.06,1.41052,0.974016,0.99882,0.986972,1.16128,-0.122514,0.00664931,1
4530,720.453,1929.8,-1697.89,0.930703,0.994456,0.997692,1.02361,0.968865,-0.14238,-0.00758534,1
4531,112233,7377.87,4513.65,1.06067,0.978912,0.986886,1.03323,1.27303,0.0002559,-0.00197288,1
4532,395.009,-964.985,1033.55,1.1551,1.01381,1.00333,0.942122,1.04338,-0.280766,0.00706067,1
4533,7820.79,23219,-9340.29,1.22929,1.0003,1.0106,1.0294,0.98912,-0.019153,-0.00371087,1
4534,6920.59,17365.7,-6693.53,0.93195,0.998799,0.978363,1.00868,1.35591,0.0486048,0.00171635,1
4535,845.342,-1895.14,2200.57,1.0316,1.00106,1.00763,1.01088,0.414839,0.0857673,-0.0106459,1
4536,3300.24,11885,-6356.82,1.22276,1.00814,1.00196,0.961736,1.1458,0.0155249,0.0148827,1
4537,1549.51,-2959.83,3889.03,0.785211,1.00994,1.00633,0.99098,0.78456,-0.102604,0.00479623,1
4538,860.028,2360.88,-2026.39,0.87218,0.999873,1.00189,0.958657,0.867729,0.194743,0.00456906,1
4539,5479,15274.5,-5156.84,1.11698,0.962001,0.998773,0.995241,1.43826,0.0526061,0.00210676,1
4540,444.371,1162.58,-1075.69,0.996416,1.01921,0.996617,1.01856,0.714069,-0.0961724,-0.018799,1
4541,1510.45,3975.78,-3021.65,1.1056,0.998749,0.999516,1.02881,0.95099,-0.0761989,-0.00659657,1
4542,607.031,1628.57,-1464.4,1.13632,1.00462,1.017,1.05162,1.12449,0.160335,0.00779222,1
4543,609.996,-1435.81,1600.39,1.08804,0.984136,0.991609,0.974535,1.16899,-0.107256,0.0118203,1
4544,921.147,-2031.56,2387.78,1.21155,0.981236,1.01301,0.964358,0.997451,0.122545,-0.00665416,1
4545,1024.24,-2324.6,2801.17,0.773031,0.988815,0.992636,0.991842,1.11968,0.171026,-0.00443883,1
4546,2231.4,6501.53,-4181.96,0.960047,0.980682,1.00409,0.993591,0.902144,-0.126646,-0.00256152,1
4547,3550.58,9322.61,-4820.78,1.26346,1.01626,1.00071,1.00835,1.23872,0.0901196,0.00221186,1
4548,338.262,872.434,-822.729,0.854006,0.981254,1.00065,1.0437,0.905735,-0.1637,-0.0139464,1
4549,6201.22,-3548.97,13034.4,0.834771,1.01552,0.995607,1.00371,1.15294,-0.0523222,0.00189677,1
4550,2550.22,7122.57,-4358.07,1.32573,1.04354,1.00579,0.981928,0.68665,-0.131401,-0.00227958,1
4551,320.469,-783.23,827.489,0.761695,1.01026,1.01092,1.05967,0.757718,-0.10378,0.0233926,1
4552,447.171,-1074.88,1162.34,0.650282,0.984176,1.00191,0.982892,0.79328,-0.154943,0.0110183,1
4553,1487.07,4386.79,-3294.59,1.14025,1.02208,1.00198,0.99979,0.998308,0.0823438,0.00629921,1
4554,590.776,-1385.8,1535.74,0.551859,1.00364,1.0127,1.05404,1.14079,0.0573218,-0.0227805,1
4555,784.759,2138.48,-1857.73,1.35968,0.992356,0.997323,1.031,0.998493,0.119741,0.00815797,1
4556,40067.6,146179,-70873.4,1.14095,1.00196,1.00484,0.994692,0.985589,-0.0422261,-0.000719213,1
4557,125942,10892,13644.1,0.806268,1.03411,0.996932,1.01292,1.01402,-0.00674875,0.000171762,1
4558,185.654,472.235,-457.539,1.06482,0.989552,1.00308,1.04164,0.786975,-0.169464,-0.0247764,1
4559,1352.06,4135.03,-3219.45,0.889498,0.982767,0.990222,1.03949,0.891171,-0.0613551,-0.00914654,1
4560,413.357,1069.49,-996.255,0.841939,0.985199,1.0221,1.02108,0.723591,-0.20846,-0.00874312,1
4561,930.22,2493.96,-2111.56,1.30763,0.991286,1.00765,0.926607,1.05688,-0.0911729,-0.00897351,1
4562,538.735,-1282.91,1409.19,1.0384,1.02081,1.00746,0.984091,0.842376,-0.135434,0.0107749,1
4563,13741.6,66265.9,-18563.6,0.964862,0.995078,0.996076,0.973588,1.29865,0.0673136,0.000720548,1
4564,2704.96,8463.96,-5405.87,1.01676,1.00692,1.00721,1.00219,1.14259,0.130911,0.00202936,1
4565,922.748,2496.72,-2113.32,1.0083,0.998844,1.00861,1.02747,1.2923,0.086403,0.00951084,1
4566,210.674,536.241,-517.429,1.10211,0.994285,1.01323,1.02838,0.591949,-0.204074,-0.01799,1
4567,12704,-15718.6,50868.5,1.14763,0.989654,0.989538,1.05282,1.17953,0.0335847,-0.00154143,1
4568,82276,-67798.2,151293,1.0585,1.0475,0.989283,0.991235,0.952518,0.00877935,-0.00248025,1
4569,2520.49,6509.76,-4118.95,1.31415,0.998375,0.984339,0.988224,0.991219,-0.12723,-0.0023392,1
4570,1453.39,-3068.62,4065.51,1.05581,0.997338,0.985953,0.956074,1.17567,-0.252258,0.00210517,1
4571,288.055,-700.603,736.283,1.08289,1.03445,0.997935,1.01411,0.95987,0.150053,-0.0189581,1
4572,302.319,-728.588,767.278,0.901208,0.992297,1.0105,0.981787,0.92112,0.252385,-0.0101686,1
4573,1207.37,3514.87,-2804.05,1.24204,1.00162,1.00062,0.973521,1.02187,-0.188632,-0.00339444,1
4574,3991.98,-5097.4,9338.58,1.26558,1.0021,1.00182,0.955609,0.723642,-0.01884,0.00957586,1
4575,628.453,1665.52,-1488.94,1.14324,0.957726,0.99115,0.939082,1.3687,-0.168852,-0.0071439,1
4576,742.648,2004.19,-1756.69,1.31853,0.9817,1.00943,1.00406,1.02129,0.0661356,0.0152377,1
4577,3091.64,11740.8,-6496.44,0.878686,0.996756,0.984422,1.01563,1.02431,0.012178,0.0199046,1
4578,1115.36,-2361.61,2904.61,1.20029,1.01612,0.994132,1.03471,1.1335,0.227021,-0.00314656,1
4579,7994.79,24093.5,-9319.53,1.37899,1.01763,1.00256,0.937647,0.770574,0.0355307,0.00199017,1
4580,1268.63,-2806.62,3541.92,1.06736,1.03902,1.01966,1.01338,1.1987,0.0521572,-0.0117927,1
4581,210.405,535.075,-516.264,0.662788,1.00102,1.00295,0.970484,1.14391,-0.282955,-0.0133138,1
4582,12175.5,-14749.9,48331.2,1.12502,1.02589,0.991444,1.00316,1.55018,0.0318377,-0.00164926,1
4583,706.987,1920.03,-1691.83,0.947776,1.00004,0.992258,0.990735,1.0627,0.175945,0.00626012,1
4584,362.12,-867.78,923.792,0.918058,0.98561,1.00619,1.01168,1.04415,0.182967,-0.0116464,1
4585,556.854,-1320.47,1456.71,0.884747,1.0242,0.994556,0.98745,0.986925,-0.110531,0.0130432,1
4586,3536.03,10581,-5197.33,0.918259,1.02469,0.986764,0.971104,0.938645,-0.155652,-0.00134226,1
4587,230.115,-571.829,594.889,1.24169,1.03289,1.00015,0.96733,1.03341,-0.244405,0.0143041,1
4588,377.078,974.206,-912.631,1.0484,0.987508,1.00516,1.01551,1.18366,-0.241423,-0.00851007,1
4589,1559.13,4665.51,-3540.62,0.653426,0.975695,0.984629,1.02105,0.889467,0.122424,0.00391635,1
4590,115814,7781.82,4768.81,0.97471,0.993992,1.00359,0.935582,1.12719,0.0112174,-4.66254e-05,1
4591,369.567,-897.148,957.034,0.959464,0.947362,0.998666,0.971499,0.783608,-0.0896577,0.0222886,1
4592,261.53,-644.926,674.453,0.998805,1.01629,1.00621,0.995965,0.892842,-0.137637,0.0218899,1
4593,468.174,1228.98,-1132.5,0.904995,0.99451,1.00361,1.01757,0.744307,-0.0912622,-0.0181514,1
4594,129.104,-315.605,322.458,0.535699,0.976943,1.02108,0.999254,1.04944,0.310717,-0.0188379,1
4595,8048.8,25258.5,-9861.22,0.594759,0.989938,0.995699,1.04377,0.726458,0.1295,0.000533076,1
4596,13047.1,61355.7,-18035.8,1.08702,1.02797,1.00497,1.09814,1.00204,0.0111577,0.00433343,1
4597,116722,9716.84,7614.21,1.00119,1.00401,1.01091,0.947391,1.00563,0.0163781,-4.70729e-05,1
4598,1571.78,5004.11,-3754.37,1.01009,0.973647,1.00185,1.00222,1.10562,0.0269899,0.0172552,1
4599,499.111,1330.34,-1218.53,1.10081,1.04854,0.996252,1.03457,1.18789,0.0965117,0.0169943,1
4600,1585.9,-3144.4,4135.51,1.1177,0.995539,0.986156,1.04101,1.39055,-0.0974832,0.00497707,1
4601,1741.62,-3859.4,5337.22,1.06674,1.0093,1.00105,1.00562,1.34092,-0.042634,0.010302,1
4602,719.351,1902.06,-1677.76,0.855718,1.01557,1.01593,0.968498,1.18799,-0.394836,-0.00276431,1
4603,936.735,2581.02,-2174.72,1.14072,1.008,0.999462,1.03193,1.00941,-0.141551,-0.00589943,1
4604,983.892,2695.62,-2274.88,0.977016,1.01349,1.02442,1.03588,0.648485,-0.0948078,-0.00812953,1
4605,6182.88,-3639.67,12539.7,0.906489,0.998197,0.997304,1.00934,1.40454,-0.00562329,0.0175999,1
4606,301.72,-739.481,778.86,1.25076,1.00571,1.00742,1.00321,0.830665,-0.110878,0.0232707,1
4607,1250.24,-2586.86,3225.86,1.21203,0.96622,0.984491,0.973785,0.761583,0.106557,-0.00571998,1
4608,9851.41,43983.5,-13418.7,1.15598,1.01833,0.999036,0.998071,0.7912,-0.00279001,-0.0201897,1
4609,1530.64,4264.52,-3272.37,1.33216,0.991267,0.999998,1.06576,1.1632,0.156588,0.00309912,1
4610,4244.06,-5717.07,10684.5,1.06188,1.01633,0.991841,1.03246,0.919051,0.0109759,-0.0155915,1
4611,2094.36,-3861.74,5473.32,0.873651,1.01867,0.994001,1.01326,0.918121,0.144926,-0.00256072,1
4612,622.544,1645.49,-1475.67,0.905755,0.990052,1.0147,0.976357,1.30397,-0.224938,-0.00544261,1
4613,82479.9,159849,-86177.1,1.10786,1.00244,1.00317,0.974889,0.913261,0.159601,9.93665e-05,1
4614,544.343,-1292.54,1421.51,0.882343,1.00879,1.00408,0.993353,1.18841,-0.0738873,0.0194429,1
4615,34377.1,132419,-59758,1.1953,0.97649,1.00849,1.00915,0.913649,-0.0505116,-0.000646087,1
4616,89283.8,-41518.9,120324,0.8862,1.00136,0.994669,1.01296,0.878323,0.0017374,-0.0100854,1
4617,1335.98,-2826.07,3554.62,1.02836,1.01479,1.00467,1.04322,0.951344,-0.230062,0.0024935,1
4618,14748.5,71181,-20187.9,1.10197,0.995237,0.993604,0.994064,1.18974,0.00666312,0.0070646,1
4619,135.286,339.843,-332.13,1.51847,0.975812,0.995737,1.03442,0.95578,-0.300063,-0.0192317,1
4620,522.319,1389.51,-1268.47,0.751856,1.02596,1.00848,1.01489,1.11183,0.133954,0.0112496,1
4621,2420.84,-3712.65,5750.39,1.12149,0.991447,1.00763,0.950433,1.00756,-0.0703322,0.00430357,1
4622,804.23,2163.84,-1875.29,1.00817,0.976446,1.00525,0.9891,1.08549,-0.0861797,-0.0108543,1
4623,509.434,-1217.71,1330.29,1.26974,0.976857,1.01789,0.980872,0.870179,-0.184466,0.00786436,1
4624,646.567,-1493.84,1674.23,0.94943,0.981201,1.00173,0.974043,1.31707,0.217743,-0.00546816,1
4625,313.241,-755.739,797.941,1.07352,0.985012,0.993374,1.00424,1.02514,0.198655,-0.0126319,1
4626,286.056,-706.328,742.599,0.762193,1.0131,0.979935,0.998438,1.24629,-0.265792,0.0106416,1
4627,2576.65,6688.5,-4280.85,0.45418,1.01565,1.00191,0.999446,0.516651,-0.0380292,-0.00755993,1
4628,5908.19,-3702.17,12739.4,0.904614,0.971724,0.996188,0.998696,1.14991,0.0189217,-0.00574328,1
4629,1013.81,-2225.75,2660.56,0.757376,1.01692,0.994829,0.985533,1.20357,-0.0554015,0.0140804,1
4630,637.443,-1497.17,1677.34,0.823469,1.027,0.986427,1.07162,1.0466,-0.141237,0.00899685,1
4631,233.82,-567.749,590.841,0.867192,0.980834,1.00813,0.992808,0.92105,0.194048,-0.0169231,1
4632,1532.44,4831.68,-3643.01,1.12012,1.05066,0.999664,0.904783,0.888158,-0.114851,-0.00457045,1
4633,271.829,-661.178,692.848,0.723096,0.951898,1.00291,0.960585,1.3613,0.125771,-0.0218218,1
4634,730.752,1985.84,-1742.12,0.903464,1.01371,0.990819,0.988766,0.895343,0.182578,0.00592453,1
4635,213.709,-522.485,541.848,1.03168,0.997402,1.00543,0.998309,0.984426,0.172895,-0.0212181,1
4636,5520.46,13795.2,-5222.48,0.628416,0.94594,1.01662,0.932002,1.08271,0.0374598,0.00273279,1
4637,3807.83,10088.7,-5572.92,0.711112,0.990926,0.992316,1.03623,0.717782,0.0582084,0.00313147,1
4638,33496.7,-49417.1,112631,1.03756,0.992196,0.992494,1.02163,0.971456,-0.0016472,0.0219077,1
4639,1887.96,4948.96,-3521.76,0.935944,1.0042,1.00426,0.973239,0.637006,-0.0320195,-0.0124037,1
4640,4005.66,-5033.84,9247.84,1.15712,1.01465,1.00564,1.00589,0.760512,-0.0798214,0.00224712,1
4641,9416.91,38088.8,-12062.5,0.978813,1.01483,0.980632,1.00097,1.13457,0.0181846,0.00327938,1
4642,1014.52,2886.7,-2399.49,0.751326,0.985345,0.977333,0.963975,1.21317,-0.0890026,-0.00869718,1
4643,1643,5015.51,-3761.69,1.16105,1.00946,1.00066,1.02479,0.962426,0.112739,0.00408595,1
4644,1415.85,-2836.9,3695.66,0.689134,0.991109,1.0171,0.948755,1.08583,-0.121405,0.00430593,1
4645,341.957,-824.507,874.688,1.17375,0.99287,1.00257,0.968267,1.2032,0.15202,-0.0150267,1
4646,590.927,1563.86,-1410.34,0.688398,0.970139,1.01419,1.00303,1.20685,-0.091947,-0.0136559,1
4647,9676.58,-10510.5,30175.7,0.862313,1.00028,0.986191,0.996788,0.781908,0.0321309,-0.00194776,1
4648,1185.01,3332.06,-2659.35,0.678389,0.982762,0.993618,1.01044,0.953185,-0.0635648,-0.0100909,1
4649,809.264,2211.83,-1908.94,0.960666,0.988618,0.982377,0.994167,1.05965,0.0434858,0.0222209,1
4650,184.267,-458.221,472.743,0.843949,0.984335,1.01511,1.02015,1.3737,-0.220077,0.0185197,1
4651,1408.62,-3179.31,4147.27,1.33642,0.991973,0.984118,0.982929,1.36441,-0.158559,0.0034579,1
4652,811.898,-1855.18,2142.19,0.893731,1.00178,1.00941,0.93664,0.933006,0.0715026,-0.0133001,1
4653,4184.32,14448.3,-7482.18,0.874528,0.994741,1.01008,1.00927,1.16456,-0.0635454,-0.00255576,1
4654,2659.86,7241.4,-4654.83,0.924161,1.01058,0.99869,0.950749,0.759373,-0.0859239,-0.0032488,1
4655,382.64,990.941,-927.187,1.06711,0.998771,0.995731,1.0166,0.963629,-0.230791,-0.00898617,1
4656,531.217,1393.25,-1268.57,1.2036,0.985012,0.991972,1.00858,0.765941,-0.257309,-0.00573782,1
4657,10242.2,-12194.4,35752.2,0.84685,1.01445,1.02262,0.950347,1.10758,-0.00627882,0.00926353,1
4658,20689.3,97905.8,-33198.1,1.03941,1.00633,0.99735,1.03044,1.10308,-0.0886919,-0.000460521,1
4659,1132.22,-2493.85,3035.66,1.29498,0.999499,1.00091,0.991479,1.20081,-0.0437227,0.0155362,1
4660,4517.89,-7280.45,14549.5,0.905278,1.00269,1.00113,1.01329,0.778155,0.153087,-0.00103138,1
4661,110639,66692.5,-30541.6,0.930908,0.991966,1.00045,0.999927,1.06741,-0.00633872,-0.000648004,1
4662,7957.72,24632.7,-9646.22,0.642882,0.981553,0.996495,1.02539,0.532471,-0.128284,-0.000547893,1
4663,734.171,-1701.69,1934.99,0.924673,1.01064,1.01535,0.996139,0.821057,-0.0778835,0.013441,1
4664,1017.44,-2201.32,2646.9,1.13565,0.984698,1.01428,1.03303,0.78899,-0.0798495,0.00915036,1
4665,520.64,-1242.45,1361.24,1.07747,0.998279,1.00166,1.00624,0.874325,-0.132198,0.0112531,1
4666,101506,104290,-49674.6,0.895883,0.989947,1.00048,1.06819,1.21827,-0.00301718,-0.0025324,1
4667,8697.96,29144.1,-10591.5,1.1673,1.0378,0.993299,1.00499,0.914412,0.175863,0.00036741,1
4668,234.817,-582.015,606.253,1.09061,0.992954,0.986549,1.07006,0.989053,-0.21534,0.0155755,1
4669,333.863,-805.232,852.974,0.93273,0.990295,1.00452,0.980501,1.30262,0.147193,-0.0158075,1
4670,6424.75,18423.8,-5793.58,0.755258,1.01118,0.998766,1.00988,0.877293,-0.0528941,-0.00211824,1
4671,2572.07,6722.29,-4323.29,1.29397,1.00528,0.997174,0.98513,0.985996,-0.0958708,-0.0030031,1
4672,181.497,473.083,-458.508,1.12297,0.947023,1.00157,0.972852,0.737466,0.382016,0.0104954,1
4673,216.928,548.135,-528.126,1.31268,0.973648,0.99607,0.995306,0.679623,-0.364058,-0.00987031,1
4674,6721.18,16828,-6153.36,1.47205,1.03605,0.998864,1.00833,1.15232,0.0853847,0.00100346,1
4675,115787,12685.8,17552.8,1.44314,1.00406,1.00486,1.01296,1.17413,-0.00332316,0.000522836,1
4676,5601.37,15419.8,-5225.56,1.01152,0.979405,1.00851,1.08088,1.23497,-0.0422786,-0.00260286,1
4677,608.402,-1433.29,1596.01,0.720015,1.02676,0.995183,0.988721,1.27696,-0.105321,0.0125378,1
4678,1983.16,5226.33,-3654.66,1.25158,1.01484,0.984001,0.992343,1.05245,0.0188156,0.0207309,1
4679,6348.46,-3751.79,12606.9,0.851748,1.00072,0.99574,1.01155,0.709855,0.0340026,-0.00283846,1
4680,228.299,-554.24,576.584,0.943075,0.976921,0.98457,0.963732,1.01077,0.278171,-0.0124821,1
4681,2351.17,-4157.81,6579.3,1.03587,1.0061,1.00189,0.977487,0.940179,0.0536221,-0.00597585,1
4682,17580.9,-23751.5,70708.5,1.10898,1.00091,0.992718,1.0261,1.02821,-0.0262874,0.00173512,1
4683,112568,6234.31,3201.13,0.923438,0.990003,0.995466,1.06948,1.18578,0.000587391,-0.000618595,1
4684,808.832,-1840.5,2123.08,1.12769,1.00367,1.00512,1.02635,1.41703,0.177191,-0.00544032,1
4685,6394.3,21704.5,-7975.87,0.945006,0.994456,1.00536,0.991738,1.23354,-0.053182,-0.00243508,1
4686,439.529,1161.84,-1075.72,0.941045,0.977317,1.00225,1.03124,1.11447,0.209901,0.00816595,1
4687,1429.35,4390.79,-3388.6,1.04963,1.01773,0.997639,0.980816,0.663032,-0.105633,-0.00517199,1
4688,1210.21,-2742.88,3429.31,0.95053,1.00749,1.00141,0.957905,1.17399,-0.0558961,0.011443,1
4689,2260.13,-3845.5,5977.06,1.16039,0.98092,1.00314,1.01904,0.830384,0.0469249,-0.00690111,1
4690,1984.53,-3646.93,5109.54,1.21618,0.99011,0.984926,0.996001,1.29226,0.0287234,-0.0134,1
4691,2148.17,7454.49,-5014.05,1.14931,1.01172,1.00004,0.986202,1.42164,0.1432,0.00242569,1
4692,401.74,1047.07,-976.38,1.05696,0.989118,1.00386,0.995372,1.222,-0.100048,-0.0192227,1
4693,4070.32,-6068.21,11004.2,1.19726,0.976508,1.0095,0.995473,1.02878,0.13205,-0.00130538,1
4694,117254,14254,-3716.64,1.01601,0.99553,0.991432,0.982641,0.978181,0.000625418,0.00094424,1
4695,438.398,-1039.4,1120.56,0.810457,1.01638,1.01485,1.02659,0.840459,0.262568,-0.00685039,1
4696,5805.55,16269.1,-5359.04,1.04542,0.986314,1.00301,1.03067,0.82722,0.0153667,0.00718558,1
4697,666.195,1776.67,-1580.72,1.20051,1.00837,1.00952,1.07013,1.00727,-0.0950856,-0.0122476,1
4698,108290,18087.2,31813.4,0.7937,0.986036,1.01081,1.01026,0.749702,-0.0146416,0.000291682,1
4699,206.304,-512.173,530.804,0.595913,0.995036,0.98375,1.03831,0.924744,-0.159189,0.0241981,1
4700,1640.05,5315.89,-3909.98,0.959911,0.991772,1.00937,1.00558,0.745615,0.0588234,0.00763476,1
4701,259.876,-629.371,658.242,1.08691,1.02084,0.991122,0.968722,1.00387,0.288804,-0.0109436,1
4702,1390.59,4298.37,-3333.89,1.02951,1.00958,1.004,1.01426,1.16087,0.0919204,0.00595381,1
4703,824.516,2272.56,-1961.38,0.931017,0.986667,1.00227,1.02873,0.972811,0.392519,0.00230773,1
4704,1113.4,3052.55,-2512.49,1.44846,1.00439,1.00564,1.02217,0.741133,0.08947,0.00764497,1
4705,1179.23,-2724.19,3364.97,1.09992,1.00898,1.00788,0.96637,0.808052,-0.170112,0.00381552,1
4706,4135.39,12928.8,-6901.48,0.659348,1.0105,1.00742,1.03464,0.537851,0.0162204,0.0102324,1
4707,6350.36,17904.4,-5485.38,1.18826,1.03019,1.00071,1.03976,1.03161,0.00939278,0.0113687,1
4708,943.763,-2098.43,2480.38,0.991643,1.05444,1.00186,0.968884,0.806213,-0.119389,0.00719992,1
4709,6421.96,15756.7,-5972.83,1.30117,1.00653,1.01208,0.999656,1.05802,-0.146828,-0.000605653,1
4710,4799.23,-7976.83,17011.8,1.36169,0.99605,1.01224,1.02083,1.24802,-0.167803,0.000892636,1
4711,67629.9,168293,-89210.8,1.00102,0.994004,0.988425,1.03699,0.960848,0.0370405,0.000551424,1
4712,4034.01,-5227.55,9567.77,0.53127,1.00027,0.993469,1.03434,0.972204,-0.014915,0.0119657,1
4713,377.478,-915.082,977.358,1.13605,0.992655,0.997289,1.01143,0.908873,-0.0943583,0.0218412,1
4714,2767.64,-5753.11,9385.02,0.828367,0.970553,1.01636,1.01288,0.937138,-0.0708235,0.00360323,1
4715,84201.8,-39541.6,115864,0.96782,0.977269,1.00222,0.961868,1.00175,-0.00257675,0.00701044,1
4716,975.759,2665.45,-2248.32,0.742416,1.06742,1.01046,1.00986,1.05931,-0.0800197,-0.0104171,1
4717,1513.68,4113.31,-3149.5,1.08078,0.985238,0.993358,0.951283,1.18191,0.112045,0.00442625,1
4718,1243.39,-2675.22,3308.98,0.946599,1.05256,1.01014,0.946834,1.44833,0.154424,-0.00419408,1
4719,2911.76,-5288.41,8546.56,0.533867,1.00626,0.97861,1.03638,1.05161,0.206049,-0.00127481,1
4720,358.93,922.431,-866.583,0.70551,1.00338,0.988853,1.0416,0.962496,-0.330199,-0.00681901,1
4721,444.684,-1054.41,1138.95,1.10953,1.0254,1.00355,1.01769,0.804427,0.234556,-0.00773293,1
4722,745.946,-1712.59,1954.68,0.681566,0.993109,0.997625,1.01705,0.953875,0.0721537,-0.0144369,1
4723,6181.03,15161.3,-5654.21,1.31592,0.973641,0.98746,0.982993,0.752264,0.0372291,0.00250502,1
4724,1988.51,6809.32,-4697.81,1.09802,0.968838,1.00031,1.05455,1.30515,0.0908823,0.00396189,1
4725,114442,-19072,101057,1.09836,1.03544,0.97585,1.03396,0.895005,-0.0385548,0.000304858,1
4726,865.153,-1969.74,2310.24,1.01107,0.959638,0.982805,0.990488,0.999527,-0.26438,0.00329067,1
4727,666.001,-1534.7,1724.71,1.15608,0.988583,1.01009,0.966681,1.18061,0.250559,-0.00460241,1
4728,3578.87,-4083.09,8024.64,1.13765,0.996964,0.993602,1.03516,1.28754,0.305654,-0.00066967,1
4729,3834.79,10021.7,-5509.72,0.326016,1.01033,1.00792,0.987555,0.746511,0.0506398,0.00357953,1
4730,542.639,-1276.7,1403.39,1.04996,1.01062,1.00293,1.05982,0.875121,0.109207,-0.0133236,1
4731,387.85,-927.691,991.693,0.828827,1.00579,1.00805,1.03055,1.04166,0.211266,-0.00959791,1
4732,1034.16,2810.81,-2318.65,1.19731,0.983326,0.99554,1.02703,1.19509,-0.147266,-0.00501895,1
4733,845.139,2308.4,-1989.91,0.755137,0.98747,1.0189,0.982044,0.740524,-0.0797811,-0.0110721,1
4734,200.292,-484.832,501.775,1.07322,1.00209,0.986774,1.02767,1.24359,0.423706,-0.00961387,1
4735,1793.33,-3803,5354.92,1.14518,1.0171,1.00183,0.99674,1.18269,-0.13195,0.00324025,1
4736,389.349,-935.935,1001.65,1.23563,0.998973,0.992927,1.01818,1.03508,0.084068,-0.0242309,1
4737,892.809,2462.9,-2101.72,0.646211,1.00769,0.997408,0.962241,0.878913,0.0692619,0.0126068,1
4738,856.353,2303.96,-1981.28,1.45426,1.00523,1.01066,1.02883,0.75332,-0.0748874,-0.0119769,1
4739,5880.02,15675.8,-5121.7,0.47072,1.00825,0.995974,0.987768,0.997981,0.0263023,0.00376055,1
4740,42593,151278,-74177.1,1.48857,0.991917,0.993303,0.960895,1.13572,0.00297433,0.00996666,1
4741,590.674,-1377.56,1529.95,0.996562,0.995769,0.98158,1.03667,0.647701,0.148153,-0.0091544,1
4742,547.198,-1291.37,1421.63,0.933024,0.994482,0.997748,0.961948,1.00567,0.0682623,-0.0209353,1
4743,472.509,-1135.52,1233.31,1.14303,1.01136,0.998722,1.02145,0.899352,-0.158347,0.0105297,1
4744,109017,-11036.6,89402.1,0.999556,1.00906,0.992201,0.970551,0.602909,0.0654,-0.000167264,1
4745,256.286,659.323,-630.957,1.31814,1.03816,1.00142,0.996961,1.06593,-0.170992,-0.0186919,1
4746,6140.05,-3623.19,12590.7,1.14465,0.983786,0.988285,0.949959,0.859558,-0.0312189,0.00321707,1
4747,503.914,-1202.9,1315.02,0.901447,0.9543,0.991889,0.994187,0.96442,-0.139823,0.0106171,1
4748,3530.55,10227,-5079.08,0.854512,1.03186,0.994854,1.01326,0.846491,-0.0131284,-0.0155942,1
4749,1430.57,3801.48,-2924.59,0.926229,0.981865,1.00656,1.0065,1.05077,0.0763665,0.006735,1
4750,264.827,692.082,-660.978,1.0603,1.00091,0.991402,0.958626,1.00332,0.20582,0.0144647,1
4751,1204.99,-2738.42,3427.07,0.917473,0.999171,0.990556,0.942674,1.3211,-0.103152,0.00625748,1
4752,6969.6,-5417.75,17380,0.9727,0.995339,0.980248,1.02166,0.88804,-0.0831318,0.00144431,1
4753,427.162,1116.69,-1036.88,0.542103,0.999281,1.00627,0.999034,0.688538,-0.109346,-0.016661,1
4754,102241,44362.6,-16395.9,0.916934,0.955839,1.00487,0.997233,1.2523,0.00688625,0.000428723,1
4755,833.486,2265.76,-1949.01,1.08884,1.00278,0.986502,1.01938,1.00953,-0.220352,-0.00433914,1
4756,105200,-14301.1,92060.2,1.2192,1.00527,0.996699,0.978446,1.09388,0.0033078,-0.00358694,1
4757,3225.94,10716.6,-5699.58,0.86797,0.98847,0.997711,1.01578,0.877779,0.0419603,0.0054153,1
4758,3371,-5275.68,9926.82,1.14646,0.995274,0.99959,1.01087,0.623067,0.182182,-0.00124577,1
4759,180.943,-450.669,464.871,0.98913,0.991314,0.998926,1.02514,1.0411,-0.233264,0.0183236,1
4760,582.419,1550.52,-1399.31,0.908585,0.975029,1.00608,1.02028,0.67074,0.0796106,0.0161515,1
4761,6366.67,-4136.61,14234.6,0.98401,0.990721,1.00185,0.987369,0.915502,0.0662124,-0.00168703,1
4762,184.8,-452.086,466.545,1.17668,1.01729,0.99657,0.984699,0.841137,0.22718,-0.0193323,1
4763,252.465,-608.803,636.003,0.921013,1.0135,0.984002,1.01666,0.811505,0.39315,-0.00832645,1
4764,2564.67,6628.94,-4182.52,1.0966,1.01816,0.996689,1.00344,1.0414,-0.0714178,-0.00409106,1
4765,1996.69,-3699.73,5165.42,0.382701,0.997863,0.996398,1.02173,0.660682,0.108248,-0.00351278,1
4766,68459.1,159276,-84389.8,0.692583,0.984119,1.00093,0.98507,1.09011,-0.00216089,-0.00912652,1
4767,2218.4,6950.94,-4459.71,1.18643,0.984375,0.995466,1.0393,1.00562,-0.125219,-0.00264002,1
4768,1199.31,-2498.31,3119.36,1.0813,0.989375,1.01117,0.984996,1.28411,0.0844426,-0.0074401,1
4769,684.203,-1595.96,1801.29,0.724338,1.00856,0.996639,0.967885,0.917365,-0.0997362,0.0115316,1
4770,8880.08,33113.9,-11509,0.849836,1.00815,1.00232,0.978001,0.833899,0.164021,0.000380008,1
4771,83477.3,160221,-85009.9,0.769065,0.999774,0.995922,0.970549,0.861971,-0.168697,-9.45153e-05,1
4772,3788.8,-4496.27,8324.15,1.07745,0.996075,1.00086,0.989919,0.778936,0.0218607,-0.00868914,1
4773,1391.51,-3102.83,4023.07,1.35044,0.996895,1.00535,1.04934,0.968222,-0.105203,0.005153,1
4774,115.787,291.368,-285.747,1.2103,0.992168,1.00269,0.960932,0.766879,-0.273938,-0.0248011,1
4775,405.004,1065.22,-993.334,1.12701,1.01562,1.01347,0.977275,0.919186,0.073305,0.0262226,1
4776,1378.97,-3129.69,4004.88,0.892115,0.99899,0.99963,1.02637,1.09835,0.0238467,-0.0233153,1
4777,3923.58,-5384.78,9641.53,1.06829,0.972386,0.998792,0.990013,1.01354,0.0152562,-0.0118194,1
4778,493.552,-1178.56,1285.22,0.907548,1.00394,0.993664,1.01602,0.823264,-0.072089,0.0221961,1
4779,324.005,849.625,-803.197,1.14542,1.01299,0.998047,0.970494,1.14931,0.169074,0.0144412,1
4780,887.217,2435.23,-2082.71,1.37961,0.945995,1.0237,1.00365,1.19766,-0.213436,-0.00376446,1
4781,889.335,2490.01,-2122.95,0.841221,1.00297,1.00613,1.02025,0.973872,0.189187,0.00452675,1
4782,1381.97,-2824.72,3591.84,0.861771,1.01785,0.988441,0.987407,0.810476,0.0939569,-0.00613272,1
4783,287.774,738.756,-702.81,0.606041,0.972295,0.994933,0.98668,1.04014,-0.15027,-0.0178444,1
4784,1340.04,-2957.47,3737.42,1.17801,0.995154,0.989977,1.04135,1.21445,-0.192932,0.00296725,1
4785,992.397,-2166.59,2593.66,0.954494,1.01878,0.990151,1.02451,1.03037,-0.203073,0.00393006,1
4786,2368.01,-3632.7,5645.18,1.04066,0.973828,0.988206,1.01229,1.025,-0.135261,0.00229323,1
4787,407.488,-986.977,1059.68,0.968992,0.976102,1.00264,0.997009,1.13977,-0.234514,0.00788878,1
4788,244.091,-605.399,631.648,1.00965,0.994214,0.987435,1.07457,0.476897,-0.256746,0.0125448,1
4789,1104.02,-2544.29,3113.41,1.15656,0.95946,0.983344,0.934897,1.02664,-0.101485,0.00673415,1
4790,1292.71,3669.58,-2859.15,1.38023,1.02188,0.980852,1.0633,1.19906,0.114654,0.00536214,1
4791,342.033,896.541,-844.583,1.09328,0.979001,0.997591,0.987976,1.42785,0.209632,0.0106274,1
4792,1295.45,-2953.07,3718.38,1.16603,0.973034,1.0075,1.00502,0.982062,0.0484352,-0.0118029,1
4793,4860.33,-7899.46,17048.2,0.80298,1.01144,0.996262,0.979715,0.947688,0.0114759,-0.0131165,1
4794,6415.21,-3424.57,13430.3,1.36267,1.03919,0.993722,1.03326,1.05612,0.125214,-0.000774414,1
4795,543.541,-1287.89,1417.43,1.03155,0.981634,0.99925,1.03395,0.741023,-0.127027,0.011049,1
4796,355.756,915.1,-861.457,1.22449,1.00006,1.02971,0.97222,0.809152,-0.275356,-0.00777164,1
4797,5271.58,-8028.42,18402.4,1.12693,0.984979,0.992598,1.03565,0.85983,0.0744219,-0.00196652,1
4798,438.217,-1042.31,1124.7,1.12959,0.958667,1.00726,1.04474,0.86526,0.139676,-0.0121693,1
4799,16987.5,79269.7,-24367.6,1.07135,0.971229,1.00161,1.03868,0.713921,-0.0225271,-0.00197361,1
4800,208.114,-518.101,536.87,0.85836,1.01633,1.00137,1.01339,0.712493,-0.218472,0.017401,1
4801,6223.93,15362.7,-5535.12,1.09159,1.00032,0.995158,1.01821,0.707745,-0.0109938,-0.00842649,1
4802,45965.1,-57168.5,123857,0.905446,0.974769,0.997455,1.06206,0.952422,-0.0133712,0.00230162,1
4803,2130.5,-4519.49,6781.29,1.50074,0.983885,1.00368,1.0385,0.941715,-0.0948335,0.00361975,1
4804,609.955,1636.15,-1468.6,1.23135,0.993919,1.0012,1.02093,0.951346,0.118057,0.010663,1
4805,762.596,2072.43,-1811.56,0.980072,1.02265,1.01176,1.02096,1.1285,0.152476,0.00666804,1
4806,5967.28,16685,-5386.65,0.933796,0.99051,1.00387,0.989925,0.954711,-0.183311,-0.000602184,1
4807,418.556,-1014.32,1091.99,0.858806,0.984422,0.990424,1.03852,1.13176,-0.257662,0.00716176,1
4808,641.842,1695.8,-1514.65,0.848479,0.999745,1.00077,0.932095,0.970705,-0.319229,-0.00384582,1
4809,418.385,1088.8,-1011.23,1.45173,0.993402,0.977556,1.00052,0.715266,-0.198462,-0.00972245,1
4810,357.041,-857.241,912.17,0.736667,0.992954,0.990155,1.0575,1.06229,0.195064,-0.0114128,1
4811,146.859,-358.37,367.382,1.04417,0.999386,0.99832,0.965781,0.914328,0.398246,-0.0136992,1
4812,4864.23,-7917.8,17291.3,1.24821,0.983521,0.994449,1.00202,1.05535,-0.084669,0.00178272,1
4813,985.143,-2161.07,2591.03,0.671394,1.01581,0.984068,1.01376,0.860677,-0.16218,0.00499334,1
4814,250.556,-620.096,647.38,1.02361,1.01392,1.00023,0.941697,1.06062,-0.184486,0.0171209,1
4815,10754.9,49915.8,-14588.7,1.07044,1.00441,1.00145,0.986058,0.790331,0.0126852,0.00425399,1
4816,6361.14,18883.2,-6222.89,0.99753,0.985604,0.998532,0.950969,0.718845,-0.0445835,-0.00264846,1
4817,28106.9,-40650,98194.6,0.816919,0.975516,0.996119,1.0404,1.04989,-0.0222695,0.00173214,1
4818,114424,14319.7,18074.8,1.27879,0.988779,0.999299,0.948314,1.06207,-0.00421966,0.000476443,1
4819,2185.5,7585.74,-4984.1,1.28542,1.00432,1.00696,1.01649,1.43859,-0.124236,-0.00272704,1
4820,1561.88,-3136.64,4094.67,0.978883,0.99575,1.00214,0.987277,1.18057,-0.0864441,0.00559982,1
4821,2400.89,-4087.19,6526.07,1.0757,1.01393,1.00238,0.962014,1.08726,-0.0468361,0.00672049,1
4822,6193.25,-3848.89,12708.8,1.05998,0.999506,1.01214,0.933012,1.09909,-0.0661548,0.00148201,1
4823,2011.72,-3773.65,5277.42,0.888591,1.0018,1.00246,0.909321,0.684915,0.0685207,-0.00551299,1
4824,797.074,2133.16,-1850.12,0.937437,1.01659,0.99281,1.07742,1.12654,-0.213687,-0.00470087,1
4825,405.375,1067.35,-996.08,0.96912,1.04225,1.02966,1.00599,1.17699,0.144566,0.0133063,1
4826,352.731,-850.376,904.219,0.87354,0.996692,0.989921,0.973861,0.949682,0.130832,-0.0172687,1
4827,741.251,-1697.98,1931.73,0.795925,1.0101,1.01849,1.00858,0.955311,0.176173,-0.00591488,1
4828,1426.44,-2787.18,3597.47,1.2432,0.97125,1.00829,0.926526,0.800136,-0.111042,0.00463218,1
4829,1338.52,4041.11,-3166.11,0.86319,0.99897,1.03613,1.0137,1.03319,-0.106608,-0.00510505,1
4830,7344.46,19531.8,-7869.26,0.82751,1.00552,1.00069,1.0112,0.45841,-0.107372,-0.000719045,1
4831,3438.77,-4100.55,7544.76,1.17913,0.973322,1.0127,0.996603,0.728757,-0.0152884,0.0133765,1
4832,12106.8,56516.3,-16335.6,1.20928,0.957934,1.00782,0.998599,0.869847,-0.00522221,-0.00990346,1
4833,4838.17,19328.7,-8710.86,0.877393,1.01465,1.01878,0.979527,1.29006,-0.187113,-0.000787741,1
4834,6436.46,-4429.83,14694.4,0.735499,1.00008,1.00546,1.03779,0.757934,-0.231558,0.000484427,1
4835,1763.44,-3597.54,5022.81,1.51558,1.0112,1.02216,0.974158,1.23113,0.0492167,-0.00863099,1
4836,1166.19,3265.32,-2662.17,0.763619,1.0234,1.00018,1.00005,1.122,0.217002,0.00307093,1
4837,1829.11,4775.29,-3430.27,0.958063,0.984129,0.999467,1.00804,0.770644,-0.093089,-0.00434856,1
4838,127960,7860.53,6292.88,1.44983,1.03069,0.985745,1.00001,1.17096,-0.000413302,0.00137781,1
4839,1804.57,4887.1,-3447.25,0.864323,0.987527,0.98799,1.04119,1.44441,-0.0892867,-0.00467923,1
4840,410.803,1084.46,-1009.24,1.11177,1.00243,0.996643,1.01692,1.1129,0.140436,0.0135719,1
4841,862.572,-1930.95,2253.81,0.747373,0.983862,0.979982,0.987438,1.40594,0.103012,-0.00886489,1
4842,669.983,-1547.45,1738.35,1.17575,1.03231,1.01928,0.928968,0.876088,0.214467,-0.00551437,1
4843,430.305,-1014.67,1092.73,0.956885,0.973633,1.01428,0.963913,1.10541,0.336547,-0.00522985,1
4844,955.734,-2149.85,2533.4,1.06594,0.994594,1.0259,1.06532,1.28478,0.12624,-0.00618579,1
4845,6549.69,21222.3,-7569.25,1.15345,1.00434,1.00608,1.03665,0.622643,0.0475705,0.00262266,1
4846,1908.16,5392.5,-3883.34,1.02757,0.988618,0.992648,1.03458,1.15019,0.33558,0.00114378,1
4847,731.751,-1669.69,1898.18,1.14452,0.993641,1.0114,1.02796,1.13565,0.270106,-0.00389229,1
4848,408.82,1059.4,-987.58,0.966922,0.97401,1.02031,0.99211,0.905193,-0.192274,-0.00948638,1
4849,13504.5,-17424,55123,1.09518,1.02467,1.00781,1.02851,0.895034,0.10419,-0.000477186,1
4850,1505.41,4209.45,-3243.83,1.27426,0.978818,1.00149,0.984833,1.13602,0.0553002,0.0088655,1
4851,499.391,1330.56,-1219.76,0.740954,0.983409,1.01724,0.991622,0.523102,0.257086,0.00576957,1
4852,2611.28,7084.47,-4590.92,1.44945,1.00343,0.998308,1.02607,1.29334,-0.0803417,-0.00349676,1
4853,459.853,1220.61,-1124.78,1.23259,0.981065,0.985644,0.985844,1.1985,0.182622,0.00922937,1
4854,2893.78,10026.6,-6048.07,0.957988,1.00948,0.992217,0.964619,0.70468,-0.137284,-0.00186787,1
4855,37237.3,143758,-66828.3,1.0748,0.993228,0.984134,0.97547,1.35488,0.0711175,0.000449281,1
4856,796.758,2137.29,-1854.96,1.34586,1.02478,1.00118,0.995796,1.11511,-0.204853,-0.00489836,1
4857,347.697,897.964,-845.442,1.1485,0.977196,1.00302,0.903396,0.814699,-0.162582,-0.0135735,1
4858,792.056,-1802.91,2074.52,1.26304,1.01551,0.998744,1.02028,0.48675,0.0815045,-0.0122858,1
4859,968.153,-2112.13,2514.75,0.869425,1.01073,1.00269,0.925914,1.34155,0.0630887,-0.0128301,1
4860,313.927,805.606,-763.275,1.24149,0.989274,1.00696,1.01112,0.8266,-0.261328,-0.00946024,1
4861,721.416,-1651.41,1874.35,0.841785,1.01665,1.00512,0.998269,1.06801,0.204504,-0.00537344,1
4862,246.714,642.376,-615.78,1.07184,1.00775,1.00735,0.963535,1.24701,0.176549,0.0178669,1
4863,10735.9,-12798.3,39041.5,0.879049,0.997002,1.00365,1.02694,0.920914,0.0279344,-0.00202182,1
4864,457.939,-1103.03,1194.39,1.06854,0.99696,1.01333,1.01236,1.40672,-0.211967,0.00782708,1
4865,621.893,1663.99,-1489.43,1.26032,0.968719,0.994875,1.00808,0.919665,0.0987103,0.0122823,1
4866,1590.42,4723.36,-3574.55,1.42415,0.990394,0.989798,1.02522,0.767098,0.115454,0.00410525,1
4867,6503.34,-8282.75,21442.6,0.819263,1.0363,1.00782,0.958519,0.883507,0.0121457,-0.0108923,1
4868,6922.18,17432.8,-6753.18,0.873736,1.01465,0.994916,0.991713,0.995336,0.114646,0.000721246,1
4869,757.153,2050.17,-1791.97,1.0454,0.965745,1.008,0.950685,1.19569,0.0501705,0.0194167,1
4870,4034.45,-5598.02,10104.4,0.918953,0.991798,1.00413,1.03551,1.02752,-0.0474269,0.00369577,1
4871,11216.5,52558.4,-15280.6,1.32502,0.985333,1.01006,0.976937,1.15931,0.0538053,0.000986159,1
4872,2312.51,8004.82,-5087.58,0.547331,1.02545,1.00043,1.00634,1.17211,-0.0512915,-0.00638789,1
4873,2870.3,-5842.54,9629.26,1.18829,0.999417,1.00397,0.998922,0.822037,-0.224129,0.00112883,1
4874,7162.81,-5409.07,14311.2,0.918183,0.998167,1.01089,1.03316,1.03865,0.111513,-0.000752167,1
4875,499.536,-1178.18,1284.43,0.961844,1.01552,1.01033,0.988158,0.884589,0.20875,-0.00757936,1
4876,2771.07,9830.22,-5960.9,1.03291,0.978459,0.980034,0.989821,1.03998,-0.0262617,-0.00998153,1
4877,2607.86,-3886,6103.35,0.77179,1.01998,1.00615,1.00054,1.11366,0.0692857,-0.00417009,1
4878,55944.7,164438,-86052.9,1.01003,0.997503,1.00692,1.0035,1.00172,-0.0105839,-0.00228004,1
4879,502.828,-1204.9,1316,0.836071,0.996107,1.00162,0.976339,0.941606,-0.175441,0.0087522,1
4880,688.853,-1603.53,1811.45,0.93857,1.01059,0.995688,1.04213,1.33289,-0.1072,0.0106711,1
4881,99152.2,-33133.7,112642,1.10126,1.02008,1.00877,0.990561,0.987543,0.00307034,-0.00475432,1
4882,1013.28,2722.21,-2266.06,0.732218,1.04338,1.01178,0.973907,1.21796,-0.196513,-0.00400886,1
4883,1021.23,-2290.02,2735.62,0.798286,1.02227,1.00234,1.08172,0.898883,-0.184439,0.00414511,1
4884,600.043,-1416.68,1573.29,0.995644,1.00134,1.01335,1.02242,0.689619,-0.131517,0.00967321,1
4885,263.921,-654.131,684.703,1.07947,1.00845,0.994114,0.944928,0.770093,-0.25486,0.0117618,1
4886,1796.91,5410.41,-3817,1.24277,1.01847,1.01318,0.941607,0.779006,0.093294,0.00448298,1
4887,508.851,1351.99,-1236.63,0.876904,1.00724,1.00214,1.03508,1.24944,0.10127,0.0151385,1
4888,1089.81,3097.57,-2531.04,1.03157,1.02342,1.00114,0.998286,0.93301,-0.13386,-0.00541377,1
4889,653.148,1771.95,-1578.6,0.980683,1.00357,1.00821,1.01132,1.12528,0.288751,0.00404038,1
4890,449.907,-1069.88,1158.6,0.741529,1.01518,0.977628,0.986946,1.1783,0.181258,-0.0101178,1
4891,535.968,-1273.61,1399.65,0.691222,0.983551,1.00057,1.00656,0.925314,-0.156524,0.00909056,1
4892,630.602,1692.71,-1512.67,0.761844,1.00805,0.988168,0.999744,1.13774,0.0944626,0.0133235,1
4893,1343.06,3602.84,-2847.68,0.846953,1.0215,1.00296,1.02782,1.01272,-0.0924447,-0.00626957,1
4894,930.731,2461.6,-2080.8,0.785149,0.985376,0.999401,1.02209,1.00313,-0.386863,-0.00214505,1
4895,9778.92,-10633.9,30733.6,1.04809,1.00855,0.987738,0.99672,0.875278,0.00786804,-0.00787173,1
4896,4266.6,14412.2,-7366.82,1.03023,1.00575,0.993481,1.02537,0.93613,-0.0306333,-0.00530285,1
4897,501.637,1331.33,-1217.95,0.72819,1.02124,0.98625,1.01344,1.20298,0.0883632,0.0182491,1
4898,2380.66,7681.75,-4798.44,0.927989,1.02855,1.0024,1.03412,0.827451,-0.144462,-0.00220408,1
4899,463.414,-1097.74,1189.44,1.13971,1.01323,1.00562,0.997332,1.30164,0.206403,-0.0083001,1
4900,37664.4,-52073.1,114481,1.04669,0.980439,1.01662,1.03465,0.857145,0.00924176,-0.00365308,1
4901,257.343,655.229,-627.081,1.06244,0.996215,1.00557,0.946358,0.843762,-0.358849,-0.00853041,1
4902,757.541,-1749.2,1998.4,1.17475,1.00472,1.01259,1.06706,1.12716,-0.107615,0.00937385,1
4903,898.557,2464.21,-2095.18,1.02381,0.998596,1.01525,1.06115,0.808022,0.334504,0.00247185,1
4904,43144.4,-59687.3,128003,1.00627,0.998693,0.981377,0.980426,1.23253,0.00552211,-0.00593074,1
4905,5292.44,21113.6,-8771.94,0.885735,1.0024,0.998499,0.99754,0.604684,0.0101425,0.0140943,1
4906,932.592,2520.54,-2143.46,0.969075,0.98723,1.02166,0.975084,0.730281,-0.163062,-0.0048967,1
4907,1522.14,4768.72,-3567.94,0.773224,1.0435,1.00021,0.939865,1.03317,0.13829,0.00374702,1
4908,1559.87,4691.65,-3579.69,0.634468,0.992045,1.01282,0.96632,1.03679,0.137682,0.0034179,1
4909,509.642,-1199.82,1311.61,1.07571,0.986005,1.00264,0.986037,1.05317,0.203277,-0.00747481,1
4910,267.892,-649.322,680.073,1.12768,0.959032,0.994505,1.02858,0.763199,0.151421,-0.0187759,1
4911,6780.24,-4029.07,13279.6,0.998492,1.00873,0.983807,0.978881,1.1029,0.117227,-0.000781193,1
4912,973.181,-2226.51,2659.28,0.790613,1.03356,0.99861,0.994738,0.87769,-0.197705,0.0041353,1
4913,86133.2,-41047.8,116439,0.900524,1.00391,1.02427,1.00285,0.879106,-0.010173,0.00170835,1
4914,3435.85,10065.6,-5099.82,0.861865,1.02179,1.00023,0.991803,1.00225,0.1668,0.00124269,1
4915,608.252,1609.46,-1444.98,1.39684,0.982779,0.995383,0.98259,0.909002,-0.210864,-0.0060511,1
4916,748.024,2017.3,-1762,1.02141,0.976652,0.98195,1.01761,0.844903,-0.0595687,-0.0174327,1
4917,4235.53,14608,-7560.87,0.99116,1.0137,1.0183,0.995119,0.713621,0.123079,0.00130001,1
4918,296.468,-727,765.61,0.679087,0.979114,0.98996,1.02311,1.16769,-0.20559,0.0126675,1
4919,873.99,-1988.78,2319.54,0.732662,0.991806,1.00356,1.01743,0.890058,0.107154,-0.00820767,1
4920,1994.69,-3500.32,4915.5,0.901378,1.01408,1.00604,0.97868,0.732011,0.151713,-0.00252978,1
4921,122866,8983.65,-1864.54,0.93871,1.00826,0.984167,0.96642,1.05807,0.00135855,0.00018734,1
4922,1602.47,4829.56,-3517.79,1.1388,0.952028,0.992267,0.999485,0.706091,0.160872,0.00279585,1
4923,1452.75,-2903.8,3829.43,0.507819,0.992977,0.99643,0.993652,0.929519,-0.0601549,0.00872216,1
4924,2482.38,6665.79,-4389.24,1.09785,0.983901,1.00147,0.999063,1.02521,0.0147551,0.0195719,1
4925,536.193,1429.53,-1300.51,1.2445,1.03541,0.997532,1.06129,0.857032,0.115041,0.01306,1
4926,914.501,2479.29,-2101.39,0.764993,0.984418,0.997261,1.05239,0.695729,0.212545,0.0038771,1
4927,3474.63,-5811.21,10938.9,0.823154,1.01698,1.00133,0.959898,1.53588,0.021353,-0.0106411,1
4928,509.589,1341.49,-1226.05,0.680787,0.945265,0.997333,0.988466,1.26426,-0.137482,-0.0105775,1
4929,12442.7,-15878.4,49641.1,0.909589,1.03261,1.01873,1.03994,1.49224,0.0046287,-0.0110368,1
4930,12818,-15912.9,51981.7,1.24427,0.990732,0.992094,1.00673,0.818988,0.0162422,-0.0031834,1
4931,3470.58,9168.65,-4773.98,0.568703,1.00669,1.00456,1.01368,0.873565,-0.0629776,-0.00322907,1
4932,8019.94,-6356,17204.8,0.997339,1.05877,1.01337,1.00357,0.83729,0.0244283,-0.00309641,1
4933,2275.56,6400.33,-4096.66,0.857328,0.989373,1.00116,1.04837,0.71401,0.117925,0.00268625,1
4934,1204.82,-2630.5,3236.43,0.737044,1.03162,1.00434,0.980834,1.01522,0.0558019,-0.0117871,1
4935,3335.65,-5510.14,10140.6,0.850249,1.00003,1.01227,1.00282,1.11989,0.243991,-0.000938421,1
4936,8779.86,32883,-11376.3,1.08252,0.985853,1.00203,0.961082,1.03644,-0.246133,-0.000257976,1
4937,7220.72,-5121.7,14438.4,1.00511,1.00223,0.989972,0.987107,1.01889,0.0103852,-0.00817535,1
4938,6712.16,-4138.24,13075.5,0.920121,1.01287,0.998769,1.01103,1.39674,0.0271924,-0.00335058,1
4939,7212.43,-5085.64,14453,0.878394,1.01209,0.998826,0.961077,1.24416,0.0135334,-0.00626559,1
4940,90536,-30574.3,106847,1.27409,0.984966,1.00503,1.0042,1.20438,-0.00184911,0.00842695,1
4941,300.448,784.064,-744.333,0.851159,1.01777,0.996937,0.962177,0.937596,0.120289,0.0220839,1
4942,2311.4,-4047.79,6378.95,0.599035,0.993109,0.995826,0.946636,0.571141,-0.163265,0.00197438,1
4943,413.529,1074.77,-1000.58,1.04052,1.01266,1.00514,0.975678,1.03687,-0.200566,-0.00956805,1
4944,2140.03,7428.3,-4983.99,1.01195,1.00364,0.992415,1.02027,1.14208,0.0978878,0.00356778,1
4945,329.014,862.33,-814.428,1.09881,0.986178,1.00345,0.946635,1.0455,0.222773,0.0103959,1
4946,1238.33,-2819.71,3539.97,1.12137,1.01806,0.994206,0.997091,0.881953,-0.0277319,0.022976,1
4947,148.146,383.331,-373.846,0.714434,1.00381,1.01319,1.0217,1.08993,0.329092,0.0156992,1
4948,831.952,-1882.71,2183.94,1.21702,1.04785,0.998745,1.02294,1.3186,0.0673899,-0.0145624,1
4949,4168.47,16035.8,-7954.39,1.06509,0.965127,1.00417,1.02238,1.16333,0.0914328,0.00174695,1
4950,235.714,-575.779,599.629,0.896123,1.01337,0.9902,0.986798,1.4266,0.126397,-0.0272384,1
4951,273.689,-671.903,704.006,1.04201,0.989541,1.01804,1.03801,0.831637,-0.174517,0.0157548,1
4952,2867.53,-5585.35,9021.91,0.700184,1.00617,1.00132,1.0341,0.775328,-0.0297969,0.00862367,1
4953,1102.54,-2355.9,2853.93,0.983452,0.998028,1.00793,1.00383,1.40396,0.0802732,-0.0086404,1
4954,1019.12,-2303.84,2760.56,0.887942,0.996761,0.984776,1.03103,1.07699,0.0587078,-0.0131692,1
4955,6426.52,20359,-7366.89,1.12656,0.994961,1.01906,0.999473,1.05256,-0.0451633,-0.00274967,1
4956,1150.34,-2571.45,3147.07,1.35248,0.997406,0.990385,1.03247,1.00979,-0.0931702,0.00723463,1
4957,463.316,-1114.35,1208.14,1.32231,1.02261,1.00167,0.967605,1.01466,-0.150328,0.0114077,1
4958,2052.35,6469.9,-4542.01,0.809825,1.0056,1.00959,1.01102,1.0451,-0.0748882,-0.00482126,1
4959,9624.96,-10554.2,29864.5,1.14123,1.00446,0.992662,1.01952,1.10382,-0.117788,0.000529495,1
4960,909.547,-2080.12,2453.72,1.08093,0.99578,0.994601,1.0037,0.842583,-0.0717504,0.0118803,1
4961,1202.12,-2697.63,3363.94,0.769205,0.999159,1.00055,0.982901,1.22905,0.222242,-0.00290605,1
4962,1681.72,5217.4,-3871.06,1.23908,1.01116,0.992138,0.970191,1.24046,0.0552124,0.00829306,1
4963,6463.75,19192.7,-6323.09,1.0092,0.998783,1.0051,0.964391,1.1548,-0.0249755,-0.00467398,1
4964,114623,6468.75,3501.61,0.945168,0.990851,0.992013,1.02803,0.895078,0.000363101,-0.0010712,1
4965,176.644,-440.608,454.24,0.899077,0.991863,0.988202,1.00855,1.0677,-0.211304,0.0210619,1
4966,340.09,-833.122,883.963,1.13406,1.00366,0.993894,0.978156,1.07468,-0.201537,0.0114959,1
4967,8251.32,-7602.31,19480,0.749316,1.01151,1.00663,1.01001,1.2747,-0.0478506,0.00152043,1
4968,344.346,905.347,-852.8,1.0676,0.996936,1.00539,0.949777,0.880915,0.212703,0.0104968,1
4969,33981.9,-50533,115527,0.818555,0.992951,0.975877,0.999143,1.32779,-0.00930298,0.00390157,1
4970,832.795,-1897.6,2203.34,1.07301,1.00541,0.99633,0.997019,0.790749,0.0675221,-0.0139957,1
4971,424.61,1101.25,-1022.94,1.05911,0.983434,1.00691,0.998452,1.12245,-0.230727,-0.0078436,1
4972,1537.08,4074.91,-3061.4,0.871728,1.01321,0.999731,1.01375,1.01069,-0.150935,-0.00333177,1
4973,161.134,406.323,-395.312,0.987094,0.997774,0.987542,1.00908,1.34009,-0.357934,-0.0140377,1
4974,352.583,-856.9,910.63,1.22082,0.988534,1.01236,1.00207,0.7165,-0.151114,0.0142163,1
4975,3334.67,-6405.15,11591.4,1.26461,1.04393,1.00316,0.962533,0.652254,-0.0823164,0.00283857,1
4976,583.889,-1381.85,1532.8,0.653704,0.999449,0.985986,0.976843,0.635054,-0.134294,0.010092,1
4977,341.778,881.205,-830.579,0.838453,1.04147,0.994223,0.981852,0.990471,-0.364416,-0.00669791,1
4978,1649.12,-3338.8,4437.73,1.04238,1.00361,0.977913,1.04523,1.07004,-0.0828218,0.00573502,1
4979,518.869,1385.34,-1264.51,0.739278,1.00383,1.00095,1.00716,1.28304,0.177718,0.00841817,1
4980,6257.1,-3820.58,13756.3,0.840625,1.00077,0.999141,0.954911,1.18119,-0.17319,0.000615646,1
4981,225.954,-560.075,582.194,1.07157,0.999974,1.00522,1.00191,0.866987,-0.198237,0.0172904,1
4982,315.964,-773.663,817.761,0.809744,0.986066,0.983182,1.05208,0.886346,-0.167305,0.0148669,1
4983,1050.92,2900.44,-2387.1,0.819588,1.00174,1.00653,0.95628,1.10497,-0.0505112,-0.0144335,1
4984,911.916,-2095.24,2472.49,0.389074,0.993915,0.98363,0.989854,0.93325,-0.0710103,0.0121319,1
4985,332.355,-813.678,861.532,1.08735,1.03813,1.01019,1.00808,0.966455,-0.184107,0.0130425,1
4986,639.787,1698.59,-1517.87,0.862013,1.01084,1.00303,1.04263,1.33291,-0.142409,-0.00863884,1
4987,6681.16,-7765.76,20628.8,0.849882,1.01825,1.0031,1.00258,1.22213,-0.00795141,0.0164005,1
4988,3510.63,-6388.4,11930.3,1.20358,1.04729,0.997472,0.969054,0.97994,0.0828554,-0.00276954,1
4989,1004.11,2796.11,-2319.62,1.10593,0.97808,0.996135,1.04036,1.05906,-0.0676748,-0.011141,1
4990,108949,28783.3,-8188.18,1.07169,0.979883,1.00584,1.01064,0.842863,-0.137443,-1.27574e-05,1
4991,1775.58,5771,-4122.21,0.448526,1.03233,1.0182,0.993767,0.838548,0.0894996,0.00475489,1
4992,4079.76,-5830.33,10726.2,0.983086,0.97268,0.979993,1.01471,1.09583,-0.104324,0.00168107,1
4993,2643.74,-4218.03,6490.27,0.955053,1.01074,1.00886,0.977591,1.12186,-0.0285052,0.00984073,1
4994,2717.65,-3970.19,6400.03,1.26916,1.0321,0.987124,0.983028,1.02357,-0.0609235,0.00468646,1
4995,510.802,-1215.84,1330.65,1.0591,0.978336,0.994541,1.06103,0.984172,-0.154382,0.00969352,1
4996,223.591,-555.885,577.653,0.625381,0.981735,1.00279,1.04123,0.995904,-0.333314,0.0101651,1
4997,754.469,2044.81,-1786.83,1.34492,0.990796,0.999047,1.03426,0.773036,0.070522,0.014392,1
4998,3484.35,-5058.73,9753.33,1.16362,1.02438,1.01795,0.968843,0.672878,-0.040347,0.00533263,1
4999,3238.99,12130.7,-6699.72,0.877656,1.03753,1.02204,1.02261,1.3642,0.0402102,0.00574915,1
5000,629.318,-1462.96,1635.48,0.989601,0.978858,0.996306,1.01874,1.10425,0.0862718,-0.014166,1
5001,61973.1,-60571.2,133628,1.08841,0.98929,1.00128,1.03858,0.797694,-0.00823897,0.00310109,1
5002,1144.42,3384.67,-2748.08,1.07431,0.991859,1.00016,0.997613,1.27724,0.127756,0.00516862,1
5003,403.137,1052.95,-981.072,1.02435,0.985373,0.992479,0.939094,1.15749,-0.0956224,-0.0202857,1
5004,423.47,-1012.65,1090.13,0.661515,0.996216,0.997249,0.997326,1.26284,0.116548,-0.0159446,1
5005,7724.23,22908.9,-9353.92,0.808162,0.981009,1.00812,1.08281,1.26962,-0.0896256,-0.000797866,1
5006,3475.94,-4188.7,8096.92,0.922764,1.0008,1.0063,1.05184,0.671902,0.0328986,-0.00628902,1
5007,400.017,1053.5,-982.63,0.809754,0.9775,1.00672,0.990426,1.57815,0.194766,0.00963342,1
5008,613.835,-1429.96,1594.8,1.35846,1.01297,0.98608,0.988878,1.14238,0.117929,-0.0111808,1
5009,1235.95,3355.41,-2656.97,0.707324,0.993167,0.989506,1.00358,1.14133,0.0538857,0.0115316,1
5010,287.749,752.962,-716.518,0.715174,1.00675,1.00493,0.986934,0.631123,0.201883,0.0133978,1
5011,29372.3,-43396.9,103175,1.13709,0.982997,1.0099,0.955051,0.952182,-0.00963233,0.00394969,1
5012,3024.16,-6040.17,10356.8,1.16761,1.00585,0.995618,1.03149,0.950044,0.0574474,-0.00429683,1
5013,835.079,-1915.28,2223.67,0.685757,1.0038,1.002,0.994715,0.906504,-0.399945,0.00229112,1
5014,12362.8,-15498.9,50080.9,1.1047,1.02341,1.00708,0.973468,0.770336,-0.202197,0.000255979,1
5015,2010.18,-4035.98,5667.35,0.642293,0.986231,0.992263,0.982783,0.704795,-0.0326852,0.0114365,1
5016,7689.09,21230.4,-8463.13,1.21266,1.02559,1.00152,1.04052,1.06109,-0.0524703,-0.00140098,1
5017,121776,73526.4,-34264,1.10536,1.02094,0.987223,0.97754,1.19251,0.0387828,0.000104031,1
5018,169.267,-423.139,435.573,1.02643,0.959055,1.00229,0.972334,1.14037,-0.239163,0.0183438,1
5019,482.584,-1156.24,1258.68,1.30221,0.987364,0.998398,0.953867,1.31522,-0.139482,0.0114399,1
5020,11883,-14792.4,46734.2,0.949796,1.01554,1.01806,0.9835,0.982393,0.0527216,-0.00100247,1
5021,2993.33,11232.5,-6361.87,1.07545,0.986652,1.00806,0.983221,1.06651,0.0106239,0.0228101,1
5022,687.955,-1601.56,1809.36,1.29646,1.02698,0.997044,0.977972,0.872091,-0.0675201,0.0172577,1
5023,1608.65,4986.05,-3633.17,0.747764,0.959194,0.994843,0.984691,0.98826,0.0569611,0.00791857,1
5024,235.799,-573.417,596.901,1.08224,1.02562,1.00572,1.00855,1.14857,0.231485,-0.014797,1
5025,1400.48,3963.56,-3018.45,0.972548,0.97666,0.989693,0.955092,0.722334,0.110501,0.00484585,1
5026,1577.61,4263.18,-3235.05,1.25358,1.00197,0.991941,1.02301,0.97499,-0.0597631,-0.00814065,1
5027,3589.75,-4510.15,9160.93,0.960378,1.02683,0.996322,0.975343,0.77416,0.131359,-0.00157755,1
5028,851.185,-1896.13,2201.17,1.02076,0.991373,1.00736,1.00421,1.0147,0.313888,-0.00288723,1
5029,2117.79,7388.65,-4910.64,0.85019,0.977542,0.977171,0.990156,1.24236,-0.103828,-0.00341456,1
5030,4467.36,-6922.58,13712,0.928937,0.997033,0.981349,1.01697,0.884493,0.0171094,-0.00945767,1
5031,344.334,891.696,-840.237,0.549906,1.00993,1.00135,1.01975,1.03341,-0.138752,-0.0166253,1
5032,621.684,-1445.53,1612.73,1.18691,0.991768,0.999073,1.04691,0.777605,0.153034,-0.00818424,1
5033,1805.82,-3429.11,4648.87,0.904836,0.943607,0.996093,1.02468,1.11946,0.136996,-0.00293217,1
5034,275.722,-680.706,713.832,1.1492,1.02803,1.00032,1.02327,1.13695,-0.230934,0.0125641,1
5035,2310.49,-4468.81,7068,0.842561,0.992521,0.97375,0.993933,1.1124,0.0250809,-0.0132886,1
5036,439.804,-1045.06,1128.98,0.618345,0.965543,0.991366,0.990156,0.982651,0.106271,-0.0164118,1
5037,2619.91,-4782.51,7286.8,0.88344,0.979469,1.00774,0.990476,0.706137,-0.105672,0.00259981,1
5038,2222.59,-3891.05,6005.74,0.966365,0.974403,1.00508,0.968631,0.68624,0.0486712,-0.00673825,1
5039,525.448,-1229.87,1348.17,0.892997,1.00042,0.996494,0.95218,0.895777,0.316233,-0.00479258,1
5040,754.623,-1726.82,1973.38,1.00534,0.995977,1.00007,0.993146,1.03545,0.138626,-0.00744805,1
5041,540.586,-1286,1414.07,1.28592,1.00007,1.0004,1.00141,0.843787,-0.112036,0.0128401,1
5042,1058.18,3062.22,-2532.07,0.903985,1.02801,1.01013,0.970936,1.25905,0.0662596,0.0111062,1
5043,1995.24,5960.1,-4227.77,0.952158,0.992385,0.990746,0.975015,1.25626,0.109144,0.00342518,1
5044,256.605,666.891,-637.932,1.00016,0.988264,0.99856,1.02092,0.955339,0.179881,0.016703,1
5045,1167.09,3209.32,-2617.86,0.927614,1.01501,0.997804,1.03837,1.13752,-0.158804,-0.00423384,1
5046,274.934,714.186,-681.205,0.685961,0.993801,1.00869,1.00681,0.893507,0.130137,0.021416,1
5047,110284,99342.6,-47225.4,1.03899,1.01326,0.993025,1.08306,1.17342,0.0173254,0.000383312,1
5048,230.482,-574.435,597.77,0.992653,0.99131,0.999362,0.977408,0.82884,-0.383507,0.00868636,1
5049,1022,2748.28,-2291.22,1.13109,1.02081,0.991108,1.03082,0.934007,-0.113951,-0.00685464,1
5050,1204.31,3265.3,-2601.14,1.09518,0.980863,0.993404,0.996883,1.09232,-0.162364,-0.00389724,1
5051,494.292,-1171.05,1277.31,0.877329,0.992972,0.990832,0.976872,0.924479,0.125617,-0.0127322,1
5052,3463.89,-4596.75,9100.5,1.03562,1.01186,0.998933,0.982857,0.896172,0.0619371,-0.0034301,1
5053,558.647,-1321.79,1459.76,0.650363,0.983772,0.986391,0.999791,0.948921,-0.0700174,0.0199472,1
5054,141.575,357.121,-348.691,1.26852,1.02671,1.00128,0.993852,1.15326,-0.300119,-0.019215,1
5055,1297.81,-2718.45,3404.89,0.922635,0.981772,0.991906,0.952234,1.17696,0.189949,-0.00312186,1
5056,83439.8,161064,-86893.3,0.627923,1.01083,1.00451,0.987172,0.859265,-0.00446818,-0.00355795,1
5057,2953.3,11215.6,-6378.09,0.68453,0.982978,0.990667,1.00479,1.0418,-0.0504991,-0.00489866,1
5058,660.895,-1529.17,1718.03,1.0433,1.01395,0.997948,0.991971,1.05838,0.135793,-0.00888283,1
5059,1400.59,4251.24,-3251.96,1.35456,0.989656,0.990119,1.02398,1.11085,-0.0730942,-0.00746586,1
5060,309.516,-749.642,790.546,0.967207,1.00164,1.00545,1.05419,1.04486,0.134767,-0.0188077,1
5061,3991.78,-4955.42,9119.13,1.08126,1.0181,1.01054,0.984356,0.823788,-0.0290168,0.00620783,1
5062,1205.15,-2708.67,3390.77,0.40323,1.00369,0.998167,1.01458,1.02262,-0.184479,0.00345853,1
5063,56504,173897,-93408.5,1.11553,1.03625,0.995506,0.982913,0.680765,0.00921845,0.00272742,1
5064,723.813,-1662.31,1890.77,0.951914,1.00911,0.989904,0.972917,1.29943,0.107476,-0.0102872,1
5065,2579.25,-4252.52,6516.68,1.34193,0.976913,0.98591,0.963243,0.656658,-0.0485782,0.00589937,1
5066,1799.54,5845.05,-4126.63,1.02688,1.0241,1.00126,0.945206,1.09144,0.0560253,0.00762621,1
5067,259.6,-631.145,660.053,1.1949,1.02184,0.992287,1.06034,1.07317,0.170403,-0.0184589,1
5068,2353.37,-4197.14,6629.32,1.14967,1.01841,1.00997,1.00205,1.08409,-0.283777,0.00111317,1
5069,153.214,395.391,-385.189,0.971463,1.02567,0.995006,0.982909,0.536615,0.195527,0.0269163,1
5070,3732,9442.83,-5027.24,1.0802,1.02892,1.01722,0.966312,1.02715,-0.027776,-0.00678656,1
5071,1597.88,-3525.93,4674.79,1.50186,0.974415,0.995367,1.01787,1.26015,0.188337,-0.00249997,1
5072,1246.66,3418.43,-2707.21,0.878365,1.01073,1.00642,0.945892,1.3352,0.140337,0.00436256,1
5073,1205.53,3526.73,-2807.17,0.935578,1.00096,0.995272,0.97667,0.799421,0.0601454,0.0106143,1
5074,5379.98,21716.5,-8831.97,1.09757,1.01383,0.990703,0.973148,0.832172,0.0126507,0.0112464,1
5075,10170.3,45631.6,-13704.5,1.14896,1.04311,0.995452,1.00718,1.1282,-0.104694,-0.00052697,1
5076,60160.5,169798,-90104.5,1.23235,1.00478,0.995614,1.07813,0.825137,0.178715,0.000126497,1
5077,3282.73,8701.2,-4698.27,0.785564,0.984726,1.01523,1.03582,0.939208,0.0218923,0.00956241,1
5078,2135.51,-4369.17,6606.16,1.02721,0.97404,0.998285,1.02741,0.908187,-0.0614054,0.00557354,1
5079,546.748,-1301.86,1435.28,1.11132,1.00115,0.978067,0.958441,1.3563,-0.177775,0.008238,1
5080,2893.3,10793.9,-6354.87,0.993781,1.00372,1.00143,0.980119,0.69712,-0.0368968,-0.00678141,1
5081,2833.69,-5633.06,9094.74,1.136,0.997448,1.00934,1.02862,1.22959,0.100291,-0.00256014,1
5082,538.414,-1261.9,1386.17,0.568547,0.977911,1.00809,1.02476,1.11212,0.141707,-0.00994926,1
5083,566.208,-1339.78,1480.12,1.30205,0.977102,1.00441,0.986516,0.942344,-0.163901,0.00811236,1
5084,2134.88,-4618.67,6696.12,1.16566,1.0144,1.01394,0.990227,0.780704,-0.092049,0.00380319,1
5085,3896.25,10431.5,-5701.72,0.897562,1.00048,0.991177,1.03699,0.732889,-0.010452,-0.0171811,1
5086,974.214,2771.8,-2322.19,1.01943,0.976427,0.992912,0.995096,1.15506,0.0605926,0.0128153,1
5087,1050.49,2957.46,-2460.64,0.766781,1.03624,1.00674,1.00534,0.942915,0.102632,0.00729547,1
5088,492.493,1305.49,-1197.86,0.882982,0.991427,1.01162,1.05171,1.27393,0.164008,0.00935386,1
5089,5235.59,20524.4,-8505.64,1.29721,0.971083,0.984094,1.03501,1.19657,-0.0104236,-0.0139478,1
5090,620.414,1666.71,-1489.53,1.01116,1.00544,0.968699,1.04645,0.810293,0.140319,0.00931116,1
5091,977.499,-2151.15,2553.31,0.857234,1.00773,1.00532,1.02071,1.27226,-0.0607456,0.0130092,1
5092,1520.56,-2924.7,3909.55,0.911262,1.00021,0.980343,0.983622,0.843936,-0.115215,0.00446354,1
5093,686.556,1851.43,-1636.27,0.707942,1.01442,0.982365,1.01008,0.930785,0.0944124,0.0123969,1
5094,6203.67,-3817.87,12303.2,0.824692,0.983383,1.00138,0.985083,0.668112,0.0569054,-0.00172467,1
5095,391.405,1015.94,-949.021,1.08176,1.0035,0.994252,1.05316,0.934125,-0.179804,-0.0113225,1
5096,381.885,1003.69,-939.402,1.42636,1.02954,1.005,1.03431,0.798086,0.14247,0.0146287,1
5097,2080.95,-4040.32,5724.28,1.11314,1.00918,0.993609,0.955139,0.970011,-0.0400796,0.009206,1
5098,542.255,1429.96,-1298.28,0.799862,0.981339,0.981781,1.03607,1.31622,-0.156747,-0.00927431,1
5099,8606.34,-8049.42,21272.7,1.45229,1.02396,1.00233,0.989513,0.85283,0.0258373,-0.00272241,1
5100,462.666,-1114.11,1206.48,0.847062,1.01518,1.02052,1.00351,1.1075,-0.145962,0.011386,1
5101,375.466,969.029,-908.372,1.20257,1.02523,1.00774,1.03729,0.717358,-0.255485,-0.00836712,1
5102,2575.87,-3863.05,6274,0.989353,1.03238,0.993664,1.03401,0.664107,-0.222203,0.00133622,1
5103,822.254,-1883.5,2182.93,1.07393,1.04166,0.993013,0.977251,1.34628,-0.175615,0.00561823,1
5104,302.645,-733.055,772.613,1.27727,0.9895,0.989669,0.968383,0.722306,0.160929,-0.016282,1
5105,1105.75,3091.19,-2544.46,0.689771,0.995654,0.998692,1.01182,0.859534,0.246743,0.00277363,1
5106,396.147,-942.066,1008.58,1.04057,0.955989,1.01345,1.00779,1.00426,0.29431,-0.0063628,1
5107,866.992,-1966.77,2288.28,1.03257,0.994321,1.01274,1.03126,0.894921,0.161755,-0.00543905,1
5108,593.114,1590.51,-1432.15,1.09438,1.03942,0.998906,0.996575,1.28823,0.0790481,0.0172342,1
5109,1484.94,-2858.53,3776.03,0.798682,0.994731,0.998119,0.959603,0.859143,0.085031,-0.006074,1
5110,419.952,1106.79,-1029.13,1.02664,1.00801,1.01107,0.914968,0.900217,0.0666067,0.0277259,1
5111,1559.99,-3494.2,4615.5,1.05758,0.963031,1.00483,1.02844,1.11956,0.237753,-0.0019819,1
5112,6396.2,-7950.19,20446.3,1.05675,1.01016,1.00401,0.988769,1.18805,0.104657,-0.00127924,1
5113,6363.15,-4516.75,14704.6,1.02577,0.973776,0.999961,0.959821,1.08671,0.0598091,-0.00194601,1
5114,2937.85,-5152.52,8290.06,1.28847,1.02791,0.985538,1.03461,1.08044,-0.0209262,0.0124791,1
5115,2397.34,-4051.48,6520.11,1.12298,1.00192,0.98272,0.999359,1.31947,-0.039211,0.00813002,1
5116,3188.48,10357.4,-5470.45,0.923859,0.979108,0.990181,1.00078,0.918738,0.0963807,0.00234951,1
5117,286.218,-694.434,729.243,1.06777,1.00995,1.00695,0.940801,1.03964,0.179415,-0.0154255,1
5118,23669.8,-34443.4,89596.6,0.874069,0.999234,0.992317,1.03674,0.827623,-0.0729751,0.000561344,1
5119,1084.4,2934.28,-2404.81,0.994503,1.01102,1.00268,1.03397,1.44491,0.153429,0.00461624,1
5120,100245,81626.9,-35985.8,1.1259,0.962746,0.999416,1.00448,1.30558,-0.000716452,-0.00839297,1
5121,460.239,1208.02,-1114.56,1.01573,0.991653,1.00124,1.01855,1.65369,-0.0744821,-0.0226168,1
5122,2038.84,-4078.28,5685.14,1.09713,1.02301,1.03139,0.979226,0.905574,-0.133668,0.00270859,1
5123,471.663,1238.66,-1140.76,0.717276,1.04223,1.00018,0.972671,0.760365,-0.196498,-0.00885374,1
5124,854.344,2359.19,-2018.22,1.14615,1.01719,0.991166,0.992734,0.952984,0.316924,0.00290121,1
5125,1927.49,-3295.8,4682.68,1.04781,1.00423,0.989414,1.03791,0.924129,0.027744,-0.014393,1
5126,1358.06,3962.55,-3053.14,0.922218,0.979747,1.00709,0.978181,0.96268,0.126115,0.00428818,1
5127,1921.86,5075.24,-3602.11,1.14365,1.01243,1.00285,0.973327,1.04926,0.102068,0.00383456,1
5128,626.286,1697.71,-1517.28,0.966049,1.03063,0.98611,0.948497,0.869184,0.246532,0.00524212,1
5129,6836.74,17662.6,-7561.17,0.855197,0.959055,1.01063,1.0288,0.961431,0.0159921,0.00507861,1
5130,4448.81,17506.6,-8222.71,0.996365,0.979331,0.996638,0.974112,0.789796,-0.110224,-0.00141347,1
5131,745.73,1994.8,-1747.77,0.962261,0.984546,1.00715,0.996707,0.995509,-0.195435,-0.00522643,1
5132,91334.3,-55506.4,140591,1.18564,1.03101,0.983322,0.986338,1.13089,-0.0208615,0.000910933,1
5133,714.636,-1669.39,1895.41,1.39927,1.03005,0.998462,0.988798,0.996697,-0.248803,0.00447765,1
5134,751.743,-1734.34,1982.58,0.707657,1.00291,0.99236,1.00678,1.15745,-0.0768015,0.0136116,1
5135,993.913,-2262.91,2695.52,0.793163,0.996594,0.997503,0.993045,0.870812,-0.111057,0.00698035,1
5136,8272.01,-8003.6,20343.9,0.803779,0.992967,1.00677,0.98224,0.831446,-0.18067,0.000399547,1
5137,442.205,1153.46,-1067.84,1.18184,0.985684,1.00421,1.00879,1.10667,-0.150578,-0.0115659,1
5138,6021.23,22746.1,-8728.22,1.19479,1.0091,1.00321,0.965436,0.715831,0.102642,0.00131556,1
5139,110.061,-277.809,283.006,0.85472,1.01428,1.00886,0.950745,1.24427,-0.295497,0.0240002,1
5140,253.529,-618.143,645.49,1.09172,1.02454,1.00508,0.927912,1.22084,0.136141,-0.0233158,1
5141,1562.37,4343.47,-3302.29,1.25422,0.980904,0.979872,0.988182,1.15076,-0.0909391,-0.00538812,1
5142,5863.71,-3761.03,12076.1,0.835306,0.973197,1.01175,0.971984,0.876013,-0.052421,0.00196014,1
5143,4261.62,14382.9,-7406.38,1.12786,1.0112,1.00581,0.989092,0.926582,-0.0225574,-0.00717262,1
5144,6300.29,19304.2,-6854.15,0.893188,0.983508,1.00472,1.06064,1.19119,-0.030939,-0.00397862,1
5145,997.221,-2146.01,2573.45,0.507495,1.01816,0.993408,0.951671,1.23712,0.296505,-0.00272367,1
5146,475.959,1245.86,-1146.06,0.851253,0.994473,0.994056,1.01277,1.48931,-0.186103,-0.00890308,1
5147,110877,76975.3,-34723,0.794021,1.00471,1.0132,0.983512,0.992955,0.00144448,0.0032941,1
5148,2083.18,-4575.84,6711.51,0.935156,0.978722,0.990942,1.00714,1.30939,-0.107993,0.0032973,1
5149,193.153,499.629,-483.47,1.23269,1.00805,1.00836,0.963597,1.03646,0.150497,0.0268019,1
5150,1686.7,5375.57,-3849.7,0.775172,0.976069,0.979334,0.991961,0.940792,0.0531124,0.00841143,1
5151,441.93,1168.64,-1082.04,0.788262,1.0118,1.00422,0.948688,1.23072,0.108265,0.0163784,1
5152,828.433,2251.17,-1939.08,0.955585,1.00027,0.99967,1.02392,1.06937,0.105249,0.00883346,1
5153,6083.82,-3661.63,13043.7,0.825689,0.995148,0.997245,1.04416,1.00423,-0.0367212,0.00288645,1
5154,2348.17,-3603.64,5569.35,0.887047,0.972249,0.997159,0.998553,0.775092,0.0578079,-0.00538982,1
5155,382.586,994.4,-930.784,0.763168,0.963222,1.01123,0.991328,0.837103,-0.110174,-0.0176441,1
5156,1499.3,-2903.77,3837.84,1.03144,1.01101,1.00624,1.02189,1.0233,-0.196291,0.00258411,1
5157,2763.27,8804.88,-5582.68,0.994509,1.02035,1.0173,0.997707,1.16785,0.0880932,0.00295698,1
5158,1168.77,-2680.43,3316.48,1.29902,0.988362,0.984991,1.0014,0.826488,-0.071154,0.00931832,1
5159,275.229,706.506,-673.912,1.04126,0.990941,1.00612,0.987225,0.536401,-0.175522,-0.016073,1
5160,247.472,631.633,-605.622,0.91612,0.974434,1.01474,0.980693,1.43241,-0.190819,-0.015978,1
5161,3232.64,9079.45,-4823.12,1.05853,0.976091,1.00147,0.977908,0.914706,0.0458447,0.00470149,1
5162,2848.6,-5145.13,8195.8,0.792397,1.00698,0.984167,1.05015,1.0458,-0.0213613,0.0123862,1
5163,1818.41,4795.88,-3465.59,1.18892,0.983186,1.00119,1.02243,0.961105,0.0972422,0.00413366,1
5164,424.145,-1000.47,1077.48,1.23235,0.964804,0.994402,1.04542,1.26708,0.309913,-0.00585193,1
5165,204.758,523.97,-505.986,0.7888,1.03219,1.00208,0.967011,0.870403,-0.130967,-0.0303391,1
5166,831.815,-1883.67,2184.77,0.813383,0.994898,1.00092,1.0138,0.9727,-0.0948531,0.00973917,1
5167,3723.12,-4380.96,9172.55,1.15611,1.03273,0.983999,0.942675,1.14369,0.120173,-0.00168977,1
5168,645.99,1728.81,-1541.15,1.12429,0.963124,0.99784,1.03919,1.20899,0.0488556,0.0236594,1
5169,578.346,1544.56,-1395.8,1.21931,0.971509,1.01463,1.05632,1.33323,0.135701,0.00936389,1
5170,192.59,-480.566,496.761,0.766769,0.979398,0.996175,1.03608,0.978712,-0.33846,0.0117029,1
5171,1156.15,3263.93,-2667.14,1.11922,1.015,1.00452,0.948843,0.87675,0.104701,0.00637403,1
5172,728.005,1989.94,-1745.34,1.13028,1.03638,0.986112,0.974838,0.897099,0.205095,0.00544225,1
5173,834.438,2290.5,-1975.55,0.935059,0.980325,1.01022,1.01479,0.81969,0.0891335,0.00999707,1
5174,1095.37,-2289.85,2790.46,0.819825,0.99519,0.993659,1.01069,0.830037,0.165237,-0.00430809,1
5175,6240.34,17999.3,-5844.09,1.32885,0.988577,0.997466,0.997714,0.988587,-0.0888301,-0.00129783,1
5176,937.72,-2135.46,2526.99,0.932439,1.01568,1.00318,1.03254,1.02493,0.102967,-0.00814484,1
5177,512.543,-1219.49,1334.25,1.28382,1.01665,0.995889,1.01825,0.477982,-0.0682745,0.0227816,1
5178,4069.94,12743.1,-6838.15,1.16862,0.992358,1.00506,0.990671,1.06731,-0.0981334,-0.0017202,1
5179,399.638,-968.632,1038.16,1.12281,1.00746,1.00422,0.99893,1.02274,-0.12364,0.0158151,1
5180,1778.63,5183.94,-3659.86,1.2363,1.00235,1.00068,1.00086,1.00737,0.0986549,0.00426878,1
5181,208.378,527.103,-508.671,0.773207,0.976782,1.00051,1.0304,0.808324,-0.308145,-0.0120787,1
5182,303.751,-746.151,785.777,0.546229,1.02145,1.01793,1.0161,1.24732,-0.160315,0.0159829,1
5183,353.404,-863.619,918.197,1.07896,0.998668,1.00533,0.992614,0.891454,-0.212772,0.0102556,1
5184,267.841,690.322,-659.481,1.10656,1.04712,1.01038,0.952892,0.755215,-0.177998,-0.01713,1
5185,2265.9,6469.26,-4145.46,0.924858,0.986524,1.00551,0.991636,1.11266,-0.0984102,-0.00325338,1
5186,475.947,-1128.8,1226.76,0.738636,1.02384,0.996147,1.01269,0.832204,0.140494,-0.0121106,1
5187,1897.1,-3521.95,5072.85,1.16444,1.0253,1.00064,1.0074,1.28108,0.13372,-0.00307363,1
5188,1573.16,4188.76,-3171.67,1.40488,1.00764,0.995621,0.997556,0.603561,-0.0674861,-0.0072493,1
5189,553.212,-1322.05,1458.98,0.990817,1.02669,0.984626,0.963132,1.3583,-0.248346,0.00590533,1
5190,21538.8,104091,-35713.9,0.86221,1.02647,0.990456,0.998869,1.21556,0.0100916,0.00397938,1
5191,2124.88,-4602.45,6808.82,1.18698,0.982381,0.985563,1.0463,0.938086,0.0809732,-0.00437733,1
5192,626.399,1683,-1506.39,1.06772,1.02393,0.998731,1.05821,1.20123,0.170392,0.00741744,1
5193,412.201,-995.326,1069.68,1.36935,0.991853,0.999169,0.987637,1.23457,-0.103261,0.0182013,1
5194,578.366,1532.97,-1383.89,1.1406,0.95988,0.998575,1.00573,0.810368,-0.0545227,-0.0237326,1
5195,9737.05,41721.4,-12880.3,0.861986,1.03284,0.993222,0.98859,0.979132,0.0328279,0.00174499,1
5196,567.223,-1344.66,1487.36,0.922218,0.988151,0.986775,1.00309,1.06834,-0.13331,0.0103318,1
5197,1156.33,3150.14,-2571.8,1.14591,1.02486,1.0017,1.06951,1.3277,0.0982862,0.00685513,1
5198,600.285,-1433.51,1593.91,0.761562,1.0003,1.0026,1.00053,1.07073,-0.405153,0.00314705,1
5199,230.644,586.224,-563.554,1.03378,0.97846,1.00384,0.978814,0.882073,-0.251777,-0.0132872,1
5200,1407.27,-2973.36,3883.51,0.781375,0.991781,1.00454,1.02878,0.92342,-0.0863605,0.00618741,1
5201,290.394,764.325,-726.77,1.12463,1.02367,0.99541,1.01951,0.893978,0.347976,0.00788489,1
5202,3522.22,-4554.13,9218.56,0.994696,1.01095,0.985965,0.928921,1.11788,-0.013775,0.0153544,1
5203,1478.59,4487.7,-3364.78,1.14257,1.00705,0.979157,1.00385,1.37438,-0.0523173,-0.0101849,1
5204,7499.16,20945.5,-8317.04,0.971749,0.988227,0.985571,0.971057,1.08737,0.0352646,0.00215326,1
5205,82570.4,-31562.7,105119,1.18771,0.956819,1.00757,0.970536,1.26972,0.137879,-0.000124457,1
5206,120336,18731.2,33006,0.76694,1.02549,0.998845,1.04576,1.06243,-0.00225049,0.00171122,1
5207,203.434,515.761,-498.178,0.996819,1.01443,0.99663,0.97117,1.48986,-0.316605,-0.0125985,1
5208,371.713,978.647,-917.787,1.23206,0.987027,1.01527,1.00867,0.985604,0.262118,0.00767557,1
5209,1206.62,-2752.68,3424.79,0.865969,1.01799,1.01462,1.01155,0.830056,-0.0557176,0.0114139,1
5210,1466.29,3923.78,-2979.03,1.16296,0.984103,0.987249,0.986053,1.27026,0.09651,0.00534581,1
5211,6273.54,-3653.62,12746.9,1.0718,1.00353,0.993687,0.995792,1.04029,-0.0673949,0.00145273,1
5212,259.288,-623.833,652.385,0.870265,0.96983,0.993121,1.0304,1.0831,0.332819,-0.00901851,1
5213,1348.53,-3089.71,3934.61,0.958377,0.994001,1.01091,0.997402,0.809912,-0.0766281,0.0072548,1
5214,119940,77536.3,-35490.8,1.02961,1.02655,0.998086,0.996631,1.04339,-0.00703308,-0.000618707,1
5215,723.635,-1657.33,1883.7,0.933702,0.965069,1.00259,1.01617,1.26277,0.104505,-0.00991688,1
5216,5539.66,-8528.21,19956.7,1.31654,1.05998,1.01255,0.945687,1.05968,-0.0331938,0.00420855,1
5217,1907.13,5262.39,-3803.82,0.903414,0.991272,1.00458,1.02292,1.06331,0.0381765,0.010079,1
5218,1776.9,4768.29,-3401.92,0.924174,0.984001,0.995797,1.0209,1.1147,0.114128,0.00363711,1
5219,656.232,1768.97,-1574.29,0.78723,0.964495,1.00251,1.01592,0.890282,0.166695,0.00675841,1
5220,1278.23,3646.58,-2915.28,1.16393,0.984648,0.998371,1.00131,0.888343,0.171828,0.00340097,1
5221,314.217,812.282,-769.12,0.848836,0.99086,0.992162,1.0313,1.33731,-0.128755,-0.0194966,1
5222,1427.17,3816.07,-2916.83,0.789064,0.970297,0.985877,1.0023,1.06202,0.0920973,0.005682,1
5223,390.575,1013.93,-947.045,1.13814,1.00444,0.989422,0.995496,1.20373,-0.183157,-0.0112315,1
5224,1218.15,3472.51,-2807.19,1.40439,1.02847,1.00286,0.984215,0.722832,-0.276763,-0.00235598,1
5225,67624.9,155584,-82743.8,0.810865,0.983716,1.00937,0.996251,1.13112,0.0183722,0.00106725,1
5226,1710.65,-3668.74,5073.97,0.81398,0.987101,0.998017,1.00102,1.17757,0.19311,-0.00229595,1
5227,4441.47,15009.4,-7447.8,0.968534,1.02805,0.984478,0.979083,1.31245,-0.0440035,-0.00363507,1
5228,742.247,1977.54,-1732.18,1.10964,0.969319,0.998389,0.964671,1.0185,-0.265507,-0.00386141,1
5229,815.702,-1864.3,2156.9,0.544629,0.998055,1.00051,1.02507,0.843624,-0.0709959,0.0133338,1
5230,468.449,1241.31,-1143.09,0.810667,1.00001,0.994334,1.0555,1.10534,0.118649,0.0140799,1
5231,117133,28403.8,-9243.22,1.03736,1.00252,0.99224,1.03066,1.17059,-0.00473884,-0.000337317,1
5232,1978.52,5900.89,-4194.88,0.811837,0.985549,0.987346,1.04852,0.978956,0.032982,0.0113905,1
5233,1935.6,-3347.91,4837.21,0.581571,1.01486,0.987354,0.998074,0.874777,0.116452,-0.00347932,1
5234,8600.95,-8228.7,21596.6,1.53114,1.01639,1.00876,0.981928,0.88647,0.163853,-0.000427808,1
5235,3581.68,9723.91,-4911.71,0.958266,1.02851,1.00037,0.981182,1.15869,0.0454188,0.0044024,1
5236,250.864,638.986,-612.331,0.974511,0.992065,1.01575,0.995035,0.723185,-0.272129,-0.0112888,1
5237,369.83,-897.365,956.831,0.952653,0.963587,1.00504,0.966842,0.907958,-0.111533,0.0180705,1
5238,1235.29,3332.76,-2681.49,0.909093,0.990457,1.01044,1.03276,1.01917,0.145755,0.00411228,1
5239,697.225,-1629.11,1840.76,0.920982,1.04816,1.01277,0.986297,1.21204,-0.0927137,0.0123763,1
5240,676.379,1828.56,-1624.49,0.967632,1.00373,1.02603,0.958334,0.683778,0.197213,0.0056024,1
5241,405.363,-982.791,1055.44,1.22025,0.999976,0.98547,0.978037,0.793694,-0.156753,0.0125026,1
5242,215.098,-538.089,558.446,0.852172,1.04556,0.993018,0.948227,0.888276,-0.26346,0.0144952,1
5243,4421.57,-6347.69,12104.8,0.971143,1.0285,0.997097,1.04099,0.740231,-0.026514,0.00617305,1
5244,801.951,2165.01,-1877.32,0.798031,0.999072,1.00447,1.03484,1.26282,-0.167073,-0.00577368,1
5245,551.833,-1313.73,1448.9,1.20985,1.00077,0.986036,0.9954,1.1094,-0.181004,0.00792077,1
5246,300.164,-723.857,762.437,0.995339,0.968338,0.996636,1.02605,0.484975,0.157896,-0.0161874,1
5247,6567.8,-4369.26,14977.1,0.88299,0.996945,0.996368,1.005,1.24564,-0.0179572,0.00629023,1
5248,105002,-3501.44,75331.4,0.648555,1.00356,1.01461,1.01325,1.1091,-0.0107359,0.000900838,1
5249,1268.33,3757.4,-2996.7,1.02706,0.971166,0.994826,0.996351,1.19037,0.207201,0.00281,1
5250,5677.19,-8078.86,19455.4,1.29721,0.989265,0.992805,0.995614,0.717823,0.0276285,-0.00514668,1
5251,1025.59,2916.77,-2412.64,0.778058,0.990811,0.993962,0.949143,0.418982,-0.0946493,-0.00795836,1
5252,6359.52,-3471.96,13604.5,0.975549,1.01717,0.984752,0.998187,1.28841,-0.0109223,0.00934876,1
5253,6407.2,-6614.78,17920.4,1.23684,0.959525,0.992477,1.0007,1.33755,0.0893623,-0.00147502,1
5254,839.175,-1902.17,2207.96,0.821795,1.00469,1.00805,0.957779,1.16003,-0.104943,0.00873814,1
5255,9260.82,38187.7,-12241.1,1.0544,0.991436,0.992671,0.994921,1.2012,-0.0893649,-0.000670919,1
5256,1048.19,-2389.8,2891.12,0.576241,1.00532,0.995498,1.02039,1.14599,0.0484003,-0.015431,1
5257,904.178,-2061.1,2415.99,0.844689,0.971196,1.01033,0.965852,0.843027,-0.313989,0.00257964,1
5258,1322.33,-2931.19,3757.44,1.38607,0.965986,1.00347,1.01848,0.886922,0.0363046,-0.015364,1
5259,33264.6,139463,-62873.6,1.54977,1.0416,0.994688,1.01649,1.08994,0.0635708,0.000526053,1
5260,393.221,-955.834,1024.54,1.21618,1.02923,0.981878,1.07601,1.47334,-0.166876,0.0125017,1
5261,1465.28,-3061.76,4037.43,1.04984,1.00784,1.00648,0.993502,0.844631,0.230895,-0.00228318,1
5262,348.596,923.271,-868.329,0.85269,1.0404,0.984527,0.998208,1.01718,0.252456,0.00935708,1
5263,171.045,442.937,-430.072,1.10542,0.993394,0.989284,1.04221,0.781838,0.246452,0.0186075,1
5264,1221.68,-2586.89,3206.21,1.00657,0.962475,0.990664,1.01028,1.04958,-0.153004,0.00397941,1
5265,842.445,2276.82,-1958.67,0.790165,0.9791,0.992153,0.997255,1.49368,-0.103338,-0.00881948,1
5266,561.674,-1329.53,1467.17,0.829049,1.02682,1.00082,1.02589,1.11628,-0.095824,0.014828,1
5267,10524.7,48258.4,-14327.4,1.22112,1.00631,1.00336,0.999903,0.942426,-0.110225,-0.000495092,1
5268,1082.57,-2460.53,3003.3,1.12678,1.01234,0.981855,1.02834,0.89504,0.0680462,-0.0108947,1
5269,346.516,912.812,-858.973,1.25084,0.997015,0.988164,0.985346,1.06105,0.213104,0.0106549,1
5270,6231.34,-3953.46,12197,0.588665,0.984782,1.00995,1.00513,0.863731,0.0153361,-0.00631165,1
5271,43752.5,155530,-77858.5,1.0824,1.01405,0.998104,0.947293,1.12602,0.029174,0.00100592,1
5272,3267.85,-5445.76,9961.22,1.18886,0.993098,1.01199,1.00729,0.979642,0.0857863,-0.00268074,1
5273,3020.07,11414.6,-6468.92,1.01901,0.999803,0.988109,1.03101,0.89922,-0.194325,-0.0012666,1
5274,1708.25,5445.17,-3927.72,0.616845,0.99607,1.00374,0.995987,0.785899,-0.202547,-0.0021772,1
5275,6858.23,-7263.39,19715.6,0.654984,1.01685,1.01331,1.02351,1.12018,0.0461834,-0.00274003,1
5276,1063.03,-2290.85,2765.39,0.815039,0.97893,0.997851,0.948254,0.915684,-0.0997924,0.00712724,1
5277,1062.78,-2432.57,2947.99,1.0281,0.94809,1.00046,0.994195,1.28961,0.0851464,-0.00809546,1
5278,112005,13056.7,15517.3,1.19176,0.975354,0.984725,1.0123,0.960366,0.00234383,-0.000675895,1
5279,974.468,-2144.18,2546.99,0.778691,0.988562,0.988722,1.02475,0.857624,0.0912349,-0.00876316,1
5280,6202.73,-4013.69,13725.4,1.04332,0.977896,0.997821,1.00782,0.719576,0.12548,-0.000897532,1
5281,113854,13993.3,20866.4,1.13447,1.0119,1.01781,1.05873,1.02078,-0.0154129,0.000142841,1
5282,1246.26,3728.79,-2961.29,1.25979,1.02799,0.997791,1.04898,1.20874,0.0213136,0.0296129,1
5283,1312.83,3960.54,-3123.76,0.877009,0.978103,0.99788,1.00871,1.11934,-0.0411697,-0.0138431,1
5284,79946.6,-46212.3,121968,1.14768,0.982349,0.993324,0.992391,1.06099,-0.00524368,0.0038186,1
5285,1197.37,3176.42,-2569.89,0.951332,0.974141,1.01198,1.04811,1.04018,-0.114628,-0.00535119,1
5286,5317.99,-8278.6,18937.3,0.855564,1.04159,0.998736,1.02039,1.08036,-0.022967,0.00622376,1
5287,308.51,790.562,-749.962,1.38652,0.988774,1.01598,1.03689,0.860673,-0.233102,-0.0106408,1
5288,1952.1,-4247.65,5965.56,0.928375,0.964305,1.00816,0.982739,0.879379,-0.0421244,0.00878081,1
5289,622.094,-1441.05,1607.74,1.19693,1.00041,0.995772,0.990878,1.01385,0.249528,-0.0051083,1
5290,985.61,-2178.34,2609.85,1.02328,0.969149,1.00668,0.992138,1.02265,0.126056,-0.00600455,1
5291,1666.77,4667.71,-3374.65,1.22347,0.96621,1.0012,1.03591,0.853282,0.133264,0.00324055,1
5292,1376.17,4074.12,-3205.54,0.876191,1.01425,1.01664,0.938287,1.01173,-0.223602,-0.00248717,1
5293,339.251,-814.871,863.742,1.00723,1.02072,1.0054,1.0435,0.904804,0.222074,-0.0106462,1
5294,122035,13479.2,-3445.97,1.28877,1.02483,1.01063,0.963969,1.03341,0.000502439,0.00100197,1
5295,798.663,2139.09,-1857.17,0.8352,0.977158,1.01156,1.00614,0.967689,-0.171138,-0.00547942,1
5296,323.445,-789.05,835.184,1.271,0.968101,0.984304,0.95477,0.927981,-0.164487,0.0144779,1
5297,2115.25,6946.87,-4783.07,1.25163,1.01259,1.00426,0.985934,0.967324,-0.0280173,-0.0126513,1
5298,2065.59,-3486.98,5013.29,0.847669,1.03486,0.991557,1.04587,0.86574,0.064723,-0.00589761,1
5299,802.708,-1829.91,2108.64,1.06873,1.01463,1.00148,0.946983,0.875566,0.0829537,-0.011876,1
5300,1705.86,5167.12,-3834.52,0.801255,1.01761,0.995365,1.01535,1.10966,-0.241159,-0.00189517,1
5301,213.569,556.173,-536.111,1.1114,1.0095,0.996183,0.959536,0.839213,0.242253,0.0152678,1
5302,436.94,-1038.69,1121.06,0.887326,0.987086,0.995434,0.977835,0.867971,0.209257,-0.00857782,1
5303,842.764,-1936.8,2250.55,0.916437,1.02296,1.00847,0.990962,1.43624,-0.11542,0.00804236,1
5304,284.427,740.043,-704.761,0.971716,1.00037,1.01097,1.00405,0.853144,0.116699,0.0231833,1
5305,808.444,2210.65,-1913.35,1.18739,0.98514,1.00487,1.00191,0.832803,0.280344,0.00329838,1
5306,1352.87,3599.37,-2812.03,1.23583,1.02624,0.989665,0.976806,0.431353,-0.0623484,-0.0094398,1
5307,938.172,-2114.68,2510.44,1.21123,1.00744,0.997063,1.01783,0.967607,-0.0839051,0.00991952,1
5308,878.143,-2007.64,2343.94,0.678925,0.992796,1.00656,0.964218,0.947767,0.0869568,-0.0100411,1
5309,322.974,-788.959,834.003,1.12333,0.999756,1.01306,0.947071,1.13241,-0.116719,0.0203669,1
5310,709.378,1924.56,-1695.37,0.980529,0.991802,0.997964,0.987341,1.26087,0.158583,0.00681433,1
5311,172.706,-420.59,433.12,1.03522,0.97658,1.00161,1.02482,0.991854,0.277339,-0.0161662,1
5312,1039.18,2963.66,-2447.93,1.48648,1.00342,1.00068,0.992798,1.15854,-0.0517367,-0.0143778,1
5313,1181.61,3199.99,-2565.27,1.19432,0.977946,0.999823,1.01983,0.684097,0.0485604,0.0129966,1
5314,4071.68,13676.3,-7180.37,1.08227,0.977053,0.99234,1.04077,1.11346,0.0835726,0.00199656,1
5315,314.917,827.529,-783.662,0.890972,1.01754,1.00152,1.08902,0.919679,0.262716,0.00951546,1
5316,476.077,-1127.6,1223.22,1.38161,1.02428,1.02403,1.0518,0.876251,0.174768,-0.00939378,1
5317,1974.53,-3821.96,5319.85,0.924264,0.985875,0.99589,1.01291,0.819392,0.0353622,-0.0107265,1
5318,4206.82,14243.9,-7301.88,0.899926,0.991105,0.990421,0.951193,0.809054,-0.0174269,-0.00947254,1
5319,6387.78,-7920.7,20588,0.956957,1.00739,0.991139,0.999443,0.915825,0.00903601,-0.0149015,1
5320,575.933,-1362.26,1506.99,0.821008,1.00253,1.00345,1.03933,0.817029,-0.0958145,0.0140598,1
5321,2485.9,6645.6,-4135.93,1.39206,1.0149,0.992077,1.02007,0.627757,-0.0433054,-0.00698229,1
5322,622.488,1674.74,-1500.34,0.901141,0.995562,1.00781,1.01726,1.10579,0.183922,0.00663765,1
5323,1525.67,4212.08,-3151.22,1.31445,1.02489,1.00187,1.01037,1.05232,0.173632,0.00290352,1
5324,2486.14,6542.09,-4253.04,0.946412,1.00217,1.00397,0.995492,1.26581,0.212333,0.00136751,1
5325,1590.17,-3182.71,4343.59,0.591414,0.931381,0.984168,0.996251,1.19773,-0.137071,0.0033288,1
5326,803.054,2159.42,-1871.1,0.980698,0.982589,1.00458,1.01809,1.17707,-0.0906394,-0.0104102,1
5327,5805.2,15523.2,-5101.36,1.46045,1.01026,0.999713,1.04353,0.903366,0.0249149,0.00400112,1
5328,17651.8,84220.1,-25738.4,0.783243,0.982947,0.995608,1.00062,1.28918,-0.0449922,-0.000975827,1
5329,6214.76,22910.8,-8533.12,1.06777,1.00991,0.985321,1.03511,0.87038,-0.0501839,-0.00267091,1
5330,571.751,-1336.49,1477.63,0.959507,0.975043,1.00351,1.00166,0.950688,0.105002,-0.0126612,1
5331,395.1,1021.26,-953.527,1.00155,0.979211,1.00418,0.995353,0.92078,-0.233566,-0.00832688,1
5332,707.139,-1650.9,1868.94,1.11752,1.02643,1.0108,0.986761,0.828831,-0.198138,0.00558349,1
5333,1199.31,-2679.86,3340.11,0.894458,1.00363,1.01036,0.986643,1.0659,0.132202,-0.00483794,1
5334,143.82,-362.275,371.366,1.06229,0.99418,0.987031,1.00835,0.950663,-0.359876,0.0151661,1
5335,2296.36,-4913.87,7411.06,1.3172,1.03833,1.00206,1.0297,0.790125,0.0257836,-0.0130906,1
5336,1402.46,3950.68,-3105.17,0.515392,1.03469,1.00911,0.992487,1.43972,-0.120672,-0.00462613,1
5337,1896.14,5103.07,-3668.38,0.982977,0.980052,0.98682,1.03656,1.0917,-0.0784961,-0.00501337,1
5338,1878.23,-3266.88,4583.1,1.15177,0.991649,0.994082,1.01055,1.03341,-0.0393305,0.0102238,1
5339,879.232,-1977.98,2316.39,1.15815,1.02346,0.998732,0.97666,1.1537,-0.142915,0.0062997,1
5340,113750,22147.1,27021,0.887249,1.00319,1.0066,1.02553,1.24981,0.092921,-3.60212e-05,1
5341,2053.41,-4012.5,5640.1,1.30374,1.0024,1.00601,0.977393,0.788435,0.281106,-0.00131567,1
5342,479.925,1250.7,-1151.46,0.812896,1.02143,1.01581,1.05355,0.962163,-0.232883,-0.00705227,1
5343,422.457,-1011.07,1088.71,0.779583,0.994688,0.988848,1.0043,1.14308,0.091745,-0.020482,1
5344,1982.1,-3445.53,4865.44,0.727738,1.02009,1.00305,0.992998,1.09958,-0.0902352,0.00427918,1
5345,101264,-30356.6,111934,1.03726,1.0234,1.00453,0.98225,1.04635,0.314454,-4.60219e-05,1
5346,15738.6,77744,-22159.8,1.4558,1.01343,0.994451,0.973338,0.782139,-0.0103632,-0.00440562,1
5347,722.311,-1692.37,1926.27,1.1205,1.03297,0.988582,1.06614,1.03263,-0.357475,0.00311313,1
5348,300.553,791.204,-751.024,0.816777,0.953189,1.01106,0.986208,1.00011,0.321541,0.00748277,1
5349,2666.46,8896.49,-5629.44,1.07905,0.980689,1.00135,1.00828,0.988451,0.058642,0.00453906,1
5350,1644.44,-3734.66,5067.43,0.81387,0.982311,0.994931,0.947457,0.639518,-0.225621,0.00201665,1
5351,2467.65,-3741.83,5865.83,0.96216,0.999242,1.00042,0.969043,0.675019,-0.100655,0.00299108,1
5352,1431.17,4314.91,-3289.2,0.836128,1.01326,1.0097,1.0372,1.44819,0.0491095,0.0107829,1
5353,2445.67,-3717.65,5807.12,1.01055,1.00252,1.00773,1.01913,0.927224,-0.0659434,0.00457049,1
5354,1392.68,4160.32,-3190.23,1.09542,0.996056,1.00801,0.994196,0.751475,0.060041,0.00894372,1
5355,431.343,1144.9,-1062.1,1.08695,1.02163,1.00531,1.03704,1.18878,0.252361,0.00720993,1
5356,2273.93,-4697.99,7265.97,0.921593,1.01704,1.00294,1.01448,0.909657,-0.321286,0.00102527,1
5357,178.585,-437.068,450.6,1.0723,1.01615,0.992594,0.96914,1.12327,0.234412,-0.0194783,1
5358,5545.68,-8201.85,19709.9,1.17696,1.00876,0.981126,0.977992,0.802049,-0.0744802,0.00192516,1
5359,1302.29,-2935.1,3693.07,1.15456,0.976786,0.993647,0.980648,0.984408,-0.143933,0.00401465,1
5360,3225.86,10748.2,-5761.66,0.631614,0.996402,1.00846,1.02512,0.914668,0.0635587,0.00355414,1
5361,537.024,1439.62,-1309.31,1.05504,1.01763,0.995141,1.00432,0.986952,0.257623,0.00571297,1
5362,2897.37,-5965.47,10011,1.04493,0.993727,1.01763,1.02454,0.923998,-0.14498,0.00170408,1
5363,2764.61,7679.19,-4841.7,1.06067,1.01325,0.976377,1.03796,0.650325,-0.168781,-0.00163017,1
5364,1513.28,3993.34,-3045.73,0.943546,1.00582,1.01234,0.973677,0.901615,-0.0505218,-0.00984806,1
5365,583.144,-1378.32,1527.06,1.03089,0.994829,1.00481,1.00673,0.944513,-0.111662,0.0117956,1
5366,725.166,-1682.58,1911.5,1.04175,0.992197,1.01557,0.985447,1.06765,-0.150469,0.00688938,1
5367,5714.3,15898,-5190.98,1.24542,0.981412,0.996804,1.031,0.979514,-0.0238523,-0.00459218,1
5368,563.989,1509.6,-1367.61,1.02638,1.0078,1.0103,0.981764,0.674291,0.143297,0.00953049,1
5369,847.775,-1916.5,2230.15,0.928264,1.01277,1.00474,0.939896,0.957981,0.158641,-0.00585687,1
5370,147.932,382.787,-373.305,0.734605,1.00513,1.00864,0.996343,0.880821,0.297994,0.0175189,1
5371,2429.43,-3685.82,5757.54,1.47518,0.988858,0.998826,0.97484,0.910253,0.0214276,-0.0142266,1
5372,6969.22,-6213.3,18760.3,1.02764,0.986697,0.973518,0.995651,0.816582,-0.0448986,0.00280133,1
5373,6873.49,-5730.93,17407,1.38148,0.999065,1.00417,0.997673,0.967154,-0.0509997,0.00235986,1
5374,1622.02,-3632.99,4863.61,0.899602,0.978443,0.988265,1.02774,0.646968,-0.0459498,0.0101274,1
5375,2459.03,6368.87,-4111.4,1.13228,0.9987,1.00089,1.02085,1.36899,0.0323136,0.00916162,1
5376,8646.12,31240,-11128.4,0.788235,0.981694,0.991982,1.03856,0.887941,-0.030075,-0.00213155,1
5377,7355.7,-5420.2,18248.2,1.1128,1.01605,0.984642,0.962567,1.25445,0.213966,-0.000550008,1
5378,1113.29,3059.46,-2511.09,1.30422,0.995282,0.990086,0.98763,0.475324,0.13793,0.00501148,1
5379,1105.54,2971.75,-2421.55,0.948054,1.00928,0.992479,0.994781,1.34989,-0.0871521,-0.00815641,1
5380,1894.91,5038.2,-3615.95,1.094,0.984165,0.99122,0.994223,0.878555,-0.118483,-0.00333418,1
5381,4424.86,16989.1,-8080.78,0.991607,0.997829,0.989658,1.01366,1.04069,0.0105245,0.0148132,1
5382,2231.43,7775.94,-5130.26,1.20224,1.01678,0.995567,0.937215,1.14656,-0.205436,-0.00167422,1
5383,2400.04,-3695.11,5836.7,1.21393,0.985036,0.987028,0.968236,1.17923,-0.133169,0.0023324,1
5384,1395.49,-2925.76,3811.67,1.09291,0.98404,1.00629,0.990272,1.04677,0.086138,-0.00624504,1
5385,9143.62,-9182.74,25004.9,1.00318,1.02563,0.998836,0.971599,0.80112,0.0107322,-0.0061792,1
5386,981.013,2785.74,-2325.4,1.03742,0.980484,1.00408,1.00143,1.25074,0.157754,0.00481263,1
5387,6574.13,-7580.26,19743.3,1.08554,1.01015,1.01764,1.02164,0.994212,-0.0315986,0.00410478,1
5388,6314.9,20745.2,-7667.94,1.2215,0.992639,1.01144,1.04005,1.10344,0.115313,0.001102,1
5389,1915.24,5306.33,-3815.32,1.23815,0.978432,0.988249,0.993877,1.16359,-0.0763867,-0.00509095,1
5390,1902.71,-3812.93,5232.88,1.09307,0.969891,1.01037,1.06368,0.989436,0.133069,-0.00286531,1
5391,946.222,-2181.73,2588.55,1.3647,0.963072,1.00261,0.939615,0.818462,-0.0854194,0.0091604,1
5392,2243.37,7656.67,-4888.22,1.20156,1.00024,0.987556,1.02034,1.20234,0.0542586,0.00614576,1
5393,1243.47,3751.33,-2994.31,0.751733,1.0405,1.00943,0.968035,1.1073,0.163352,0.00384851,1
5394,601.051,-1399.74,1555.23,0.891131,0.96867,1.00684,1.00138,1.07802,0.108471,-0.0115177,1
5395,473.848,1261.92,-1160.93,0.997947,0.993905,1.00034,0.960078,0.982728,0.219631,0.00738865,1
5396,2014.58,-4438.94,6412.38,1.28735,0.970725,1.01953,1.01934,1.29828,-0.0548737,0.00646044,1
5397,666.559,1775.69,-1578.57,1.272,1.00298,1.00057,1.02216,1.26886,-0.146789,-0.00800571,1
5398,750.639,-1730.67,1979.1,0.870643,1.00347,0.987056,0.993421,0.64254,-0.0718969,0.0146818,1
5399,630.046,-1481.37,1651.89,0.875533,1.02288,1.02325,0.980944,0.941621,-0.0808364,0.015154,1
5400,6183.08,-3772.78,13374.3,1.12912,1.009,1.01052,0.996755,1.04503,-0.0676623,0.00154289,1
5401,4251.8,-6649.06,12513,1.1275,0.983281,1.00591,1.04958,0.660116,0.234399,-0.000706058,1
5402,259.235,664.094,-635.105,0.875149,0.982175,1.00044,1.00829,0.962204,-0.153848,-0.0194222,1
5403,1807.88,-3665.29,5196.02,1.01596,1.00921,0.994948,1.02393,1.30531,0.0208034,-0.0204968,1
5404,2715.99,7560.76,-4822.8,0.656423,1.01769,0.994012,0.967263,0.948316,0.0143582,0.019134,1
5405,7186.72,-6759.06,19827.1,1.21604,1.02206,0.994135,1.04139,0.770539,0.0719973,-0.00171757,1
5406,480.429,-1148.24,1249.96,0.72351,0.977973,0.991185,1.02801,1.12793,-0.137983,0.0116015,1
5407,5849.61,-3757.69,12415.4,1.02331,0.99034,1.02043,1.0373,0.981146,-0.00760587,0.0137511,1
5408,756.056,-1747.14,1999.68,0.954122,0.973688,0.998016,0.982691,0.749303,-0.212554,0.00468073,1
5409,1721.72,5190.52,-3857.13,1.49299,1.0392,1.00635,0.969791,1.15281,0.0630334,0.00715026,1
5410,611.471,-1417.03,1577.84,0.848543,0.976592,1.00357,1.0272,0.825664,0.190351,-0.00655522,1
5411,104850,104805,-49494.5,0.68073,0.983732,0.987785,0.984039,1.13391,0.00815795,0.000914297,1
5412,1147.17,-2471.05,3013.39,1.24043,1.01775,1.00763,1.01696,0.229333,-0.0621349,0.0108724,1
5413,1489.13,-3365.13,4425.82,0.826274,1.02933,0.992074,1.01923,1.13849,-0.0522653,0.0101966,1
5414,5202.95,-8122.89,18281.6,1.09799,0.990385,1.00783,1.02208,1.04466,-0.127135,0.00114472,1
5415,5505.97,15305,-5119.78,1.26405,0.972668,1.00015,0.945337,1.21562,0.0249496,0.00426966,1
5416,707.365,-1640.89,1861.55,0.883872,1.00501,0.986696,1.03495,0.867484,-0.0974068,0.0115119,1
5417,1344.21,-2921.03,3766.56,1.13128,0.96247,0.99694,0.967448,0.942647,0.28007,-0.00199177,1
5418,1441.64,-3013.8,3982.25,1.28873,0.990492,0.986611,0.97349,0.441212,-0.11072,0.0048223,1
5419,776.576,-1791.68,2053.4,1.10559,1.00535,1.01663,0.986821,0.852906,-0.104041,0.00942827,1
5420,826.457,-1854.33,2148.26,0.960549,0.990287,1.00233,0.991904,0.954552,0.186195,-0.00501982,1
5421,176.434,449.997,-436.661,0.973833,1.0104,0.99464,0.993313,1.02542,-0.130109,-0.0350548,1
5422,1227.59,-2634.07,3315.6,0.756693,1.00787,1.00331,1.05011,0.990573,-0.15311,0.00407827,1
5423,976.349,2741.64,-2302.98,0.863997,1.04074,0.995645,1.01102,1.19048,-0.167615,-0.00496221,1
5424,3295.15,11203.5,-5943.63,0.971456,0.996381,1.00043,0.979233,0.920754,-0.0750035,-0.0030424,1
5425,1464.2,-3329.57,4352.85,1.22547,1.02168,0.992195,0.963952,0.666098,-0.0698005,0.0077251,1
5426,535.119,1402.59,-1277.45,1.0372,1.01278,1.00275,1.002,0.91782,-0.237227,-0.00626065,1
5427,2704.7,7834.95,-4975.17,0.727838,0.997496,0.974613,1.0107,0.824381,0.0369782,0.0074554,1
5428,754.665,2015.88,-1762.99,0.954159,1.00918,0.99669,1.06844,0.818567,-0.203183,-0.00516179,1
5429,3774.88,-4198.28,8254.03,1.14614,1.00643,0.980305,1.02881,0.794928,0.0162373,-0.0120454,1
5430,1416.86,-2720.73,3531.93,1.30074,0.9705,1.00472,1.02801,1.0611,0.202113,-0.00259495,1
5431,4372.72,16749.4,-8061,1.02907,0.994594,0.994768,1.02505,1.20728,0.0489254,0.00319448,1
5432,696.29,1877.24,-1659.28,1.02852,1.01569,1.00041,1.00386,1.23974,0.0820781,0.0137485,1
5433,395.678,1042.8,-973.222,0.780283,0.980242,1.00371,1.02617,0.886752,0.233855,0.00815355,1
5434,3335.7,10451.2,-5405.74,0.962011,1.00881,1.00311,1.00216,1.45936,0.0608505,0.00355987,1
5435,1139.81,-2402.05,2939.45,1.42549,1.01744,0.999714,0.996144,0.820183,-0.0552116,0.0124545,1
5436,2180.58,-4354.25,6643.1,0.909807,0.983755,1.00198,1.02566,0.781112,-0.031398,0.0107247,1
5437,452.833,-1091.75,1181.06,1.1054,1.03619,1.00824,1.01433,0.897229,-0.178492,0.00985831,1
5438,2274.09,7593.11,-4824.78,0.629864,1.00272,0.990138,1.03431,0.976987,-0.134683,-0.00245711,1
5439,472.83,-1141.76,1240.06,0.990236,1.0004,1.00736,0.992666,1.20752,-0.276935,0.00585485,1
5440,2244.97,-4762.77,7231.2,1.03582,1.01174,1.00164,1.04193,0.989255,0.136559,-0.00247713,1
5441,2278.92,-4848.35,7405.09,0.772396,1.01682,0.995939,0.99214,1.31077,0.128623,-0.00262848,1
5442,133.818,-334.725,342.395,0.737515,1.00179,1.00567,0.97241,0.986604,-0.173054,0.0335716,1
5443,328.081,837.811,-791.221,0.885634,0.98629,0.980975,0.959358,1.00293,-0.452899,-0.00543744,1
5444,592.717,-1398.57,1554.43,0.874264,1.00763,0.981703,0.95443,0.962094,-0.114386,0.0118485,1
5445,1192.32,3485.21,-2819.62,0.986102,1.0174,1.01275,1.04942,1.07739,-0.187927,-0.00344221,1
5446,340.244,889.288,-838.308,0.859845,0.981969,1.00473,0.956264,0.944655,0.145849,0.0153014,1
5447,295.595,779.037,-739.265,0.760713,0.944073,0.974922,0.95445,0.448293,0.334827,0.00760655,1
5448,869.655,2447.1,-2087.75,0.98097,0.983553,0.992722,0.977829,0.720112,0.367554,0.0023621,1
5449,622.621,-1465.49,1637.16,0.792198,1.02441,0.988362,1.00045,0.528665,-0.133186,0.0097382,1
5450,378.435,973.448,-911.844,0.938668,0.97815,1.00841,1.03431,1.12598,-0.281669,-0.00717252,1
5451,25680.4,-37898.9,96692.9,1.15533,0.987093,0.997088,0.905564,1.10417,0.00942103,-0.00429673,1
5452,6284.83,22352.6,-8375.62,1.25423,0.999368,1.00447,0.979101,0.460432,-0.131785,-0.00100519,1
5453,489.31,-1176.98,1281.92,0.684003,1.00304,1.00631,1.00758,1.01116,-0.221522,0.00711452,1
5454,5986.8,-7904.59,19656.4,1.06415,0.987094,0.991423,1.01968,0.860472,-0.0119492,0.0116185,1
5455,6268.25,-5146.14,15489.5,1.73872,0.941226,0.980511,0.992823,1.16282,-0.0208376,0.00603606,1
5456,25231.3,114298,-44405.7,0.796585,1.02397,1.01272,1.0179,0.792707,0.00423906,0.00881522,1
5457,3475.86,-5415.72,10348.9,1.13188,1.01432,0.996861,1.04129,0.996346,-0.0800931,0.00278483,1
5458,2773.87,10231.8,-6172.73,1.08033,0.983887,1.0091,1.01287,1.16386,-0.0673984,-0.00377809,1
5459,7890.01,22903.7,-8775,0.908543,1.00679,0.973582,0.992732,1.3201,0.0552627,0.00131586,1
5460,1244.21,3333.64,-2670.74,1.17903,0.994633,1.00773,0.989823,0.914383,0.103292,0.0058284,1
5461,2455.37,-4034.42,6483.76,0.932492,1.02486,1.00565,0.972626,0.980317,-0.0842958,0.00366154,1
5462,1469.18,-2898.76,3829.88,1.09115,0.997539,0.997714,0.970492,1.24327,-0.165408,0.00313494,1
5463,9003.58,-9221.84,24774.7,1.05996,1.00359,0.997193,1.00696,0.989555,0.0264955,-0.00252418,1
5464,4176.83,12869.9,-6756.56,0.958031,0.999411,0.989325,0.964271,0.97933,-0.272134,-0.000621778,1
5465,2895.39,-5918.6,9887.48,1.0624,0.993886,1.00348,0.993948,0.82915,-0.061668,0.00407632,1
5466,113531,15818.7,23317.2,0.970472,0.990083,1.00334,0.953954,0.958393,-0.030589,8.24403e-05,1
5467,2852.33,-5791.67,9801.6,0.888307,0.962361,0.99981,1.01401,1.02952,-0.0210746,0.011944,1
5468,1786.12,-3432.76,4855.82,1.0321,0.993308,0.993802,1.01507,1.0876,0.0658708,-0.00647466,1
5469,197.407,499.219,-482.877,0.818672,0.979656,1.0164,1.01982,1.05191,-0.271004,-0.0142112,1
5470,770.772,-1763.63,2023.08,0.953938,1.033,0.990894,0.944543,1.00433,0.195745,-0.00543647,1
5471,2686.43,8720.14,-5535.98,1.20538,0.986944,1.0037,1.00931,0.642851,-0.15515,-0.00171922,1
5472,736.322,1988.43,-1743.58,1.26902,0.985591,1.00156,1.04418,1.64286,0.0631947,0.0163179,1
5473,777.453,2127.56,-1853.86,1.27373,1.03705,1.01181,0.948113,0.937738,0.255448,0.00394736,1
5474,1032.39,-2348.38,2826.76,0.744377,0.996807,0.994224,0.978744,0.98887,0.222381,-0.00341535,1
5475,1744.46,5639.64,-4025.33,1.19622,1.0097,1.00209,0.95939,1.3102,0.0971616,0.00446117,1
5476,6037.91,-8050.26,20149,1.12919,0.998505,0.993171,0.988076,0.874268,-0.0520088,0.00265642,1
5477,8445.26,27463,-10495.3,0.845122,1.03447,1.02171,1.00846,0.876721,-0.0308253,-0.00212722,1
5478,6121.92,17112.3,-5297.62,0.993019,1.02622,1.00467,1.016,0.98272,-0.0281061,-0.00371554,1
5479,364.674,958.129,-898.895,1.06037,0.977238,0.996689,1.00129,1.00516,0.217899,0.00957251,1
5480,980.808,-2222.69,2643.5,0.841679,0.982675,0.995454,1.08737,1.00625,0.106372,-0.00734343,1
5481,158.078,410.999,-399.96,1.13526,1.01678,0.984197,1.01216,1.06251,0.347779,0.0146588,1
5482,6328.57,-3715.56,13844.5,1.06332,0.990235,0.985056,0.973781,1.12026,0.0712974,-0.00152998,1
5483,2637.04,-3924.93,6234.23,1.1235,1.04732,1.0191,1.01226,0.844988,-0.194481,0.00146618,1
5484,295.418,771.891,-733.573,1.1384,1.01682,1.00269,1.01099,1.27639,0.160078,0.0166998,1
5485,1137.74,-2424.27,2964.02,1.21269,1.00714,0.990702,1.00275,1.33114,-0.106522,0.00646367,1
5486,7213.66,-5904.99,14959.3,1.20794,0.977061,1.00909,0.99879,0.908421,-0.127045,0.000651262,1
5487,6667.83,24003.9,-8449.29,0.792725,1.01995,0.990642,0.930718,0.995092,-0.0239717,-0.00541443,1
5488,2334.79,-4454.03,6970.71,1.13019,1.02045,1.01376,0.999457,0.854985,0.0559655,-0.00575512,1
5489,578.983,1533.45,-1386.17,1.25909,1.00587,1.01215,1.02738,1.02983,-0.105488,-0.0126715,1
5490,1087.28,3131.15,-2564.03,1.27091,1.0293,1.00499,0.968004,1.0152,-0.0508147,-0.0142692,1
5491,158.694,400.667,-389.985,1.04896,1.0175,0.991197,1.01236,1.28337,-0.314229,-0.0164486,1
5492,1228.17,-2823.39,3532.36,1.12329,1.01652,0.989282,0.989088,1.07556,-0.150551,0.00426998,1
5493,616.727,-1456,1623.13,1.33601,1.00269,1.00197,0.968605,0.717208,-0.151059,0.00833115,1
5494,575.826,1517.65,-1371.58,0.737233,0.999624,0.998768,1.02215,1.16824,-0.215992,-0.00632467,1
5495,1337.18,3673.82,-2900.17,1.09159,1.0099,0.988494,0.9578,1.07766,0.144692,0.00402378,1
5496,639.121,1705.05,-1520.84,0.932182,1.02708,0.982406,0.96985,0.715585,-0.18479,-0.00698048,1
5497,90966.8,-40587.8,120582,0.928572,0.998756,0.989563,0.987689,1.34473,-0.00837601,0.00206126,1
5498,1197.73,3456.83,-2758.9,1.05284,1.0047,1.00878,0.965727,0.893176,0.152877,0.00412938,1
5499,2780.55,8342.76,-5289.34,1.1104,1.02218,1.00321,0.959805,0.903149,0.0319067,0.0083277,1
5500,3932.36,10444.5,-5639.05,0.948003,1.01111,0.991553,0.989675,1.22778,0.0147499,0.0121798,1
5501,2658.34,7479.89,-4812.75,0.938096,1.00198,0.991986,0.985078,0.677534,-0.0158278,-0.0175242,1
5502,10590.3,-12467.6,38013.3,0.917462,1.00291,0.999872,1.00214,0.911817,-0.0648549,0.000881186,1
5503,3136.66,10309,-5500.53,0.881605,0.968156,0.991021,0.95438,0.811238,0.0250853,0.00917391,1
5504,789.608,-1798.74,2072.16,0.533443,1.00945,0.984534,0.974644,0.972718,0.069937,-0.014558,1
5505,9076.34,-8929.29,24405.2,0.905726,1.01933,0.98939,0.979361,0.828235,0.0423862,-0.00158603,1
5506,1664.63,5374.3,-3943.51,1.09351,0.991363,0.996501,0.998841,1.11291,-0.113599,-0.0039915,1
5507,29865,-45508.2,108207,1.24664,1.00856,0.987255,1.0055,0.915975,0.021193,-0.00178589,1
5508,504.045,-1202.83,1314.56,0.803303,1.00211,0.989249,1.01616,0.921095,-0.0941287,0.0166947,1
5509,3710.51,9780.73,-5495.31,1.01498,0.9823,1.00213,1.01403,1.01027,0.124058,0.00148657,1
5510,200.255,517.997,-500.666,1.15979,0.999528,1.01504,0.989486,1.0445,0.206733,0.0184354,1
5511,457.733,-1096.41,1187.56,0.781585,0.969857,1.00464,0.939641,1.048,-0.0922586,0.0177799,1
5512,259.41,674.502,-644.94,0.708834,0.990624,1.00095,0.993033,0.929048,0.175287,0.0169489,1
5513,190.064,476.888,-461.835,0.669955,0.985141,1.01105,1.0011,1.141,-0.473013,-0.00864308,1
5514,1741.5,-3436.52,4798.19,1.49166,0.994403,1.01016,1.04533,0.895628,0.0555676,-0.00770568,1
5515,275.839,-678.633,711.554,1.17532,0.997345,1.01023,0.980185,1.03855,-0.178552,0.0155772,1
5516,998.013,-2231.1,2653.36,1.33654,1.00541,1.00709,1.0376,0.970742,0.0977994,-0.0079198,1
5517,496.936,1321.44,-1210.74,1.21158,0.974516,1.00147,0.996908,1.09221,0.211651,0.00714044,1
5518,6955.97,20606.9,-6264.73,0.990445,1.03591,0.99088,1.00456,0.874004,0.022551,0.00498785,1
5519,1318.81,3852.91,-2996.45,0.742867,1.04238,0.994052,0.984983,0.895259,-0.0511758,-0.0119135,1
5520,568.598,1498.44,-1355.57,0.999605,0.955206,1.00134,1.01907,0.869819,-0.177747,-0.00737539,1
5521,3261.72,-5562.79,10139,0.943424,0.997455,1.01332,0.997825,0.720768,-0.0934733,0.00246025,1
5522,605.308,1601.93,-1439.86,1.04325,1.00096,0.997909,1.00461,0.898487,-0.185461,-0.00701291,1
5523,1892.74,5114.61,-3677.87,0.775803,0.985547,0.988421,1.06765,1.09235,0.101064,0.00387569,1
5524,58760.9,-66741.5,141260,1.11355,1.01179,0.973366,1.03659,0.943572,-0.00452912,0.00612741,1
5525,424.6,-1022.59,1100.56,1.09425,0.987995,1.01461,0.97553,1.26996,-0.138435,0.0128326,1
5526,144.052,371.259,-362.331,1.20411,1.00709,1.01152,1.06084,1.12839,0.214459,0.0250323,1
5527,243.874,-590.492,615.855,0.870986,0.97466,0.993597,1.00323,0.930754,0.244901,-0.0130513,1
5528,1334.67,4083.85,-3169.93,1.05922,0.978269,0.999215,1.00145,1.18103,0.177222,0.00312547,1
5529,438.149,-1038.06,1120.3,1.02064,0.974281,1.00376,0.9437,0.815639,0.208236,-0.00838537,1
5530,10021.2,45274.4,-13821.9,1.07318,0.99923,1.00922,0.993723,1.28464,-0.0593939,-0.000941728,1
5531,6189.44,14905.9,-5953.11,1.05842,0.970439,1.01198,0.998095,1.16647,-0.00311591,-0.0292526,1
5532,879.788,-2023.6,2367.62,0.800291,0.991185,1.00546,1.01372,1.14311,-0.0843453,0.0102451,1
5533,1475.36,-3202.95,4214.63,1.18791,1.03157,1.02019,1.02099,1.36897,-0.0871591,0.00595699,1
5534,344.786,889.605,-838.199,0.921672,1.00239,1.0005,1.02247,1.1241,-0.231809,-0.00991065,1
5535,1975.5,-4025.03,5604.91,1.15332,0.992997,1.00706,0.991849,1.21905,-0.317415,0.00117027,1
5536,193.363,-469.477,485.21,0.969224,0.976896,1.00107,1.03098,1.16361,0.298854,-0.0134212,1
5537,236.826,-575.678,599.35,1.04544,1.01175,1.00491,0.984063,1.00209,0.252876,-0.0133318,1
5538,1233.87,3394.14,-2733.49,1.32886,0.986089,1.00742,0.989519,0.954996,0.2964,0.0020128,1
5539,1977.79,5837.82,-4180.21,0.899487,1.00015,1.00999,1.01961,0.795683,0.0227558,0.0163189,1
5540,293.661,762.967,-725.19,0.887846,0.973652,1.00198,0.967524,0.867584,0.106238,0.0242696,1
5541,546.005,1462.49,-1328.12,1.49321,1.01143,0.99667,0.973974,0.867951,0.196048,0.00734402,1
5542,21627.4,-31128.6,84092.6,1.17076,1.00383,1.00824,0.977695,1.0638,-0.00871039,0.00485809,1
5543,878.651,2357.43,-2020.67,0.62733,1.03076,1.02298,0.976694,0.802849,-0.0960107,-0.00920646,1
5544,242.201,-598.189,623.905,1.44151,0.984269,0.990104,1.0435,0.564581,-0.203139,0.0157925,1
5545,1484.96,-2922.11,3876.16,0.642,0.998857,0.993928,0.94319,1.07177,-0.0601227,0.0086311,1
5546,134.085,-337.803,345.451,1.33189,0.984911,1.03144,1.05849,1.0875,-0.346789,0.0157264,1
5547,1986.24,-4340.03,6178.22,0.972807,0.96258,0.997801,0.984163,0.707155,0.0221517,-0.016604,1
5548,772.148,-1753,2013.61,0.977895,1.01348,0.981608,1.04165,0.907188,0.219281,-0.00480785,1
5549,487.81,1276.66,-1171.82,0.813364,1.00753,0.99188,0.981444,0.878543,-0.193021,-0.00851656,1
5550,1292.01,-2593.66,3294.48,1.11964,1.00396,0.984563,1.02142,0.735121,-0.0699436,0.00868772,1
5551,599.74,-1395.83,1553.21,0.931732,0.968875,0.986812,1.00757,0.84831,0.123493,-0.0104314,1
5552,17146.6,-23164.5,70656.1,1.14467,1.02126,0.988581,0.989297,0.94773,-0.13208,0.000347236,1
5553,112409,74309.1,-33901.2,0.988487,0.995375,0.997822,0.963645,1.23575,0.029133,0.000154022,1
5554,9922.82,44747.7,-13758.7,1.02586,1.00781,1.01258,0.98447,0.97039,0.0274435,0.00203964,1
5555,187.449,-456.441,471.253,0.94807,1.01968,0.996363,1.0009,0.700568,0.329161,-0.013239,1
5556,596.255,-1392.25,1547.59,1.28905,1.00828,0.98592,1.00443,1.08829,0.103826,-0.0130106,1
5557,853.292,2310.12,-1986.25,0.539663,0.989819,1.00214,0.989323,0.980451,-0.105495,-0.00851195,1
5558,1642.18,5260.67,-3891.61,1.10307,0.991146,0.986047,1.04937,1.0256,0.150738,0.00304856,1
5559,19182.6,88106.5,-29114.9,0.871833,0.968857,1.01716,1.0004,0.921682,0.00571025,0.00740164,1
5560,17859.8,-25093.2,73287.5,1.08194,1.03711,1.01741,0.957727,1.05367,-0.047067,0.000950219,1
5561,575.542,-1349.53,1493.43,0.611407,1.0002,0.992779,0.966052,1.36717,0.11788,-0.0116877,1
5562,683.287,1819.86,-1611.52,0.865424,0.995327,0.990985,0.999368,1.0832,-0.203571,-0.00567312,1
5563,569.822,1506.89,-1362.53,0.722246,0.980357,0.999688,1.04625,1.0553,-0.0712056,-0.0188504,1
5564,4026.2,13332.1,-7091.98,1.07032,0.978879,0.996604,1.05496,0.881821,0.207836,0.000805111,1
5565,2232.59,7782.93,-5071.99,0.773932,1.01663,1.0094,1.00121,1.30348,-0.123278,-0.00271465,1
5566,725.938,-1677.95,1907.65,0.816859,0.98909,1.00682,1.0209,1.06007,-0.0653954,0.0160133,1
5567,1056.03,3044.5,-2506.66,0.635205,1.01522,0.999964,1.00263,1.15518,0.0830839,0.0088664,1
5568,1457.19,-3048.23,4014.08,0.436319,1.01079,1.0096,0.990668,1.23639,-0.0715291,0.00731585,1
5569,102222,136265,-70881.7,1.04187,1.01188,0.997403,0.959429,1.23739,0.00209549,0.00504256,1
5570,5770.46,22073.5,-8598.84,0.966776,0.992366,0.988233,0.994298,0.669399,0.0345425,0.00402227,1
5571,259.216,-630.274,659.091,1.212,0.992193,0.992983,1.01371,0.718602,0.183393,-0.0166741,1
5572,103.987,-263.175,267.849,1.06192,1.02378,0.99829,0.987656,1.299,-0.339515,0.0225976,1
5573,3720.36,9362.34,-4958.03,0.910101,1.01982,1.00077,1.02918,0.842978,-0.00689127,-0.0275702,1
5574,6437.77,-4373.95,12296.1,1.11917,0.959151,0.998036,1.01852,1.25099,0.0206313,-0.00454116,1
5575,2209.46,-4722.18,7136.9,1.05615,1.00233,0.998624,1.02087,1.07804,0.0599292,-0.0056994,1
5576,2319.77,7360.73,-4647.22,0.956056,1.02327,1.00888,1.02108,0.885189,0.279379,0.00113381,1
5577,843.827,-1935.16,2257.28,1.00627,0.956144,0.991389,0.963689,1.16426,-0.202258,0.00435639,1
5578,252.664,-614.282,641.434,0.556132,0.993704,1.00273,1.05694,1.44127,0.185082,-0.0167512,1
5579,4108.69,11842.3,-6361.89,0.909388,1.02081,1.00111,1.01,0.722424,-0.0205571,-0.00828287,1
5580,36601.6,138195,-64668.2,1.00538,0.994585,1.01399,0.986919,1.02925,-0.135139,-0.000235092,1
5581,1427.95,4454.09,-3421.16,1.17559,1.01484,0.994452,0.95439,0.643458,0.072525,0.0075002,1
5582,592.291,-1400.24,1555.68,0.828503,0.997121,0.98607,0.959216,1.29013,-0.124927,0.0106739,1
5583,650.382,1732.76,-1542.99,1.36473,0.985252,0.989642,1.0306,1.01389,-0.135215,-0.00887173,1
5584,2569.67,-3849.25,5985.38,1.01451,1.00872,1.00715,1.02995,1.23096,0.205304,-0.00141637,1
5585,6855.24,-6791.26,19020.2,1.00117,0.999263,1.0127,0.937591,1.4184,0.0453925,-0.00277132,1
5586,12070.9,56878.5,-16509.4,0.969834,1.00701,1.00909,1.02172,0.918685,0.092898,0.000545333,1
5587,1425.14,3755.68,-2887.8,0.838872,0.967957,0.994519,1.01385,0.933313,-0.104384,-0.0049902,1
5588,1420.35,-3169.15,4065.56,1.01541,1.02117,0.992581,1.03644,0.76888,-0.140207,0.00394174,1
5589,6565.18,19753.1,-6586.66,1.05097,1.01152,1.00906,1.00165,0.570282,0.104437,0.00111676,1
5590,8646.05,-9061.83,23500.9,1.24988,0.971982,1.00174,1.04873,0.983471,0.0116973,-0.00586605,1
5591,3425.94,-4958.23,9569.53,0.801363,1.00741,1.00005,1.0159,1.23127,-0.0387209,0.00565192,1
5592,6919.65,17210.5,-6990.92,1.05615,1.00192,1.00338,1.07313,0.993941,-0.0625364,-0.00130567,1
5593,888.881,2466.58,-2103.9,1.20075,0.999256,0.992669,0.996311,1.2099,0.0937592,0.00931511,1
5594,1109.52,3105.55,-2555.6,0.767747,0.994652,1.00045,0.971795,0.69569,0.151734,0.00450425,1
5595,2271.01,-4135.69,6499.01,1.04579,0.982199,0.983198,1.01076,1.3121,-0.0567888,0.00581342,1
5596,8026.55,25574.1,-9808.22,1.25486,0.97784,0.992087,0.974276,0.93411,-0.0063494,-0.0110111,1
5597,7483.88,20079.6,-7808.23,1.17601,1.01259,0.979558,1.0016,0.811359,0.0143838,0.00534615,1
5598,2655.66,9412.98,-5833.97,1.04083,0.952172,0.995213,0.952202,1.00134,-0.204386,-0.00130631,1
5599,2197.68,-4783.62,7128.14,1.148,1.01655,1.01244,1.01747,0.761283,-0.0539393,0.00631858,1
5600,7062.59,17830.4,-7079.77,1.26789,1.01657,0.999218,1.04518,1.13143,0.0093876,0.00857628,1
5601,8164.03,-7554.87,19438.1,0.867004,0.992759,1.00174,0.959881,1.30235,0.0383772,-0.00192654,1
5602,833.511,2279.75,-1964.38,0.76594,0.979738,0.997654,0.962265,0.914627,0.122367,0.00741198,1
5603,6732.21,16607.9,-6363.27,0.882457,1.01779,1.00075,1.02537,1.01065,0.0265957,0.00319252,1
5604,5468.09,14116.6,-4949.44,0.98174,0.954309,0.992532,1.03183,0.976805,0.0149541,0.00703409,1
5605,5923.78,16768.7,-5280.46,0.954764,0.989425,0.989334,0.981348,1.09319,0.0556917,0.00196651,1
5606,560.848,1485.19,-1347.06,0.884683,1.00483,1.01512,0.972069,0.774732,-0.0912336,-0.0150611,1
5607,6317.06,21783.1,-7978.95,1.26993,0.992865,1.00115,0.981386,0.681189,0.303926,0.000425717,1
5608,22390.5,-31782.2,84621.5,1.17104,0.976421,0.999869,1.00336,0.862244,-0.212256,0.000197852,1
5609,2130.95,-4606.65,6705.02,1.21694,1.0033,1.00719,0.971523,1.25601,0.0705559,-0.00499728,1
5610,1360.05,3793.31,-2990.5,0.828641,1.01886,0.993355,1.01917,0.985309,0.152674,0.0037454,1
5611,6378.23,22296.5,-8346,0.987644,1.00985,1.01883,0.969364,0.966883,0.0636246,0.00203114,1
5612,1685,5317.79,-3845.79,0.75094,0.993388,1.00867,1.02207,1.02817,-0.0245437,-0.017884,1
5613,1555.26,4154.29,-3136.74,1.19079,1.0097,0.993168,0.975595,0.717594,0.156291,0.00315645,1
5614,1266.06,3368.56,-2679.45,0.633977,1.01449,1.01356,1.06285,1.03369,0.0457482,0.0130918,1
5615,598.042,1609.13,-1446.33,0.647262,1.00965,0.98711,1.00963,0.895551,0.213144,0.00621859,1
5616,548.681,-1306.48,1438.11,1.14264,1.01604,1.00374,0.961102,0.826793,-0.153225,0.00934827,1
5617,233.653,593.915,-570.497,0.750328,1.00339,0.987151,1.05772,1.50638,-0.318959,-0.0108949,1
5618,11423.9,54341.7,-15272.5,1.25489,1.01793,0.999081,0.937208,1.3025,-0.0347884,-0.00151078,1
5619,3163.31,11592.6,-6379.19,1.12526,1.0035,1.01141,0.988444,0.815409,0.0854958,0.00273944,1
5620,1976.01,6000.25,-4276.12,0.927047,0.987886,1.00225,1.00842,0.89838,-0.0484387,-0.00768118,1
5621,182.809,-449.187,463.582,0.778035,1.03016,0.979564,0.970432,1.08531,0.252428,-0.0182303,1
5622,1135.36,-2554.64,3114.54,0.819704,0.994843,1.0006,1.01985,0.819846,-0.0521582,0.0129117,1
5623,822.518,-1853.48,2147,0.749476,0.97567,0.991244,1.03055,1.01651,0.0583189,-0.0159974,1
5624,953.648,-2113.84,2502.23,0.848954,0.991919,0.997644,1.01236,1.04237,-0.146244,0.00549065,1
5625,894.013,-2024.74,2383.8,1.07764,1.03089,0.984944,0.977302,1.27956,0.097434,-0.00940356,1
5626,6805.55,-4847.77,13312.6,0.820521,0.986391,1.01063,0.982789,1.44792,0.0718552,-0.00123167,1
5627,348.976,914.313,-861.01,0.742632,0.956922,1.0244,0.948527,0.794227,0.097055,0.0212328,1
5628,337.681,-824.955,874.393,0.739571,1.01024,1.00592,0.988801,1.35847,-0.126952,0.0182596,1
5629,173.904,-425.592,438.275,1.22151,1.00997,1.00646,0.966406,0.616754,0.266881,-0.0171645,1
5630,449.646,-1085.43,1172.96,1.07087,1.01154,1.01875,0.954299,1.12507,-0.156763,0.0108993,1
5631,488.83,1296.29,-1189.81,0.925632,1.00114,1.00161,1.05081,1.00449,0.100023,0.0158715,1
5632,408.204,1075.62,-1000.88,1.0237,0.984249,0.989529,0.982046,0.747347,0.120813,0.0157484,1
5633,3822.88,-5087.43,8959.45,1.19979,0.983143,1.01956,1.02681,1.07413,0.0183434,-0.00993366,1
5634,270.433,705.596,-673.499,1.09074,0.978108,1.0067,1.05181,0.755441,0.26224,0.0105873,1
5635,9427.05,40168.5,-12606.2,1.01998,0.995943,0.988453,1.01943,0.999024,0.182087,0.000321172,1
5636,476.251,-1150.8,1249.97,1.1208,1.00657,1.01674,1.01611,1.08651,-0.306701,0.0052077,1
5637,2038.15,-4390.34,6454.19,0.897376,0.954358,0.996391,0.994881,0.943316,0.053532,-0.00666298,1
5638,1593.72,4218.56,-3146.01,0.997838,1.03115,1.00073,1.00024,1.17953,-0.0938262,-0.00523623,1
5639,679.937,-1562.13,1759.42,1.22179,1.01413,1.00717,0.982513,1.2308,0.263567,-0.00441639,1
5640,1816.17,6003.12,-4239.59,1.27308,1.02253,0.984959,0.947575,1.2612,-0.12505,-0.00347943,1
5641,992.032,2802.25,-2340.22,1.03227,0.979223,0.993204,1.01204,0.832505,-0.18554,-0.00416142,1
5642,121.566,316.645,-310.185,0.987549,0.986584,1.00296,1.03919,0.763056,0.561103,0.0110669,1
5643,3099.14,9857,-5315.37,0.930886,0.973443,1.00334,1.02419,0.846499,-0.019053,-0.0118853,1
5644,1837.18,5101.23,-3567.56,0.850851,1.00367,0.990557,0.99139,1.17194,0.100327,0.00411816,1
5645,6710.4,-4661.33,15600.2,1.05627,0.992906,0.99484,1.00024,1.18777,0.151049,-0.000766915,1
5646,593.034,1585.79,-1429.59,0.877138,0.996384,1.01929,1.01562,0.950487,0.148177,0.00854192,1
5647,1082.56,3066.23,-2513.23,0.922282,1.02838,1.01367,1.00067,0.940574,-0.0918097,-0.0078416,1
5648,2112.97,7396.85,-4945.65,1.02361,0.997733,1.00401,1.05576,0.891307,0.141965,0.00242868,1
5649,2417.4,-4364.95,6981.07,1.44999,1.03097,1.00515,1.02113,0.93506,-0.0782978,0.00402219,1
5650,272.263,708.42,-676.011,0.991023,1.00621,1.0042,1.04155,1.06432,0.114603,0.0250418,1
5651,784.499,-1811.5,2079.4,0.958368,1.02589,1.01144,1.01622,0.907991,-0.199137,0.00498899,1
5652,1892.63,5009.71,-3600.73,0.922164,1.00356,1.00818,1.03312,1.14699,0.0725417,0.00538217,1
5653,72436.7,-49012.7,121733,1.01049,0.974492,1.00125,1.01412,0.877619,-0.0398414,0.000546449,1
5654,28320.8,128760,-52195.5,0.646595,1.04307,0.981629,0.991391,1.00582,0.00140497,0.0257289,1
5655,2139.41,6874.38,-4725.7,1.38733,1.01841,0.993068,0.998662,1.1607,0.046676,0.00762585,1
5656,949.841,2597.34,-2195.27,0.827052,1.03166,0.990248,1.01093,0.847457,-0.212385,-0.00402995,1
5657,3430.92,11897.2,-6167.96,1.01989,1.01465,0.988953,1.02184,1.07615,0.036754,0.00614715,1
5658,1852.28,4927.56,-3565.71,1.03224,0.982374,1.00086,0.999569,1.20992,-0.0135292,-0.0293119,1
5659,969.829,-2178.02,2602.81,0.99268,0.965494,1.00517,0.966825,0.993574,-0.0583191,0.0130775,1
5660,3929.59,-4422.71,8617.43,1.20516,1.0375,1.0002,1.02542,1.26093,-0.0599184,0.00311491,1
5661,2728.31,7132.24,-4408.55,0.803614,1.04282,0.98598,0.994407,0.968996,0.0953442,0.00295309,1
5662,232.328,592.682,-569.921,1.17327,1.02653,1.01843,0.98682,0.871771,-0.231049,-0.0148012,1
5663,1238.32,-2653.72,3348.06,1.25851,1.00825,1.00031,1.05595,1.17327,0.0480097,-0.0130492,1
5664,609.857,1625.06,-1457.76,1.06402,0.992903,0.986919,0.966481,1.20953,-0.0746003,-0.017348,1
5665,470.21,1229.26,-1132.24,1.16303,0.955101,1.00372,1.01891,1.06596,-0.168632,-0.00938866,1
5666,1641.57,-3447.25,4566.82,0.952717,1.00465,0.992336,1.01988,0.746685,-0.111679,0.00419731,1
5667,20083.4,-27980.9,78443.9,0.856875,0.989837,0.994547,1.01842,0.795191,-0.0390355,0.00111789,1
5668,21788,99445.5,-35384.5,0.694107,0.986072,1.02043,0.988134,0.709295,-0.0687879,-0.00058221,1
5669,2598.63,-4661.75,7092.28,1.17026,0.965968,1.00071,0.993533,1.07529,0.221188,-0.001263,1
5670,990.973,2687.07,-2249.88,1.09769,0.950928,0.99951,0.97378,0.591938,0.121568,0.00602799,1
5671,2938.91,-5844.49,9744.89,0.679655,1.00177,0.992463,1.03408,0.821886,0.060547,-0.00417558,1
5672,3577.89,-4174.81,8191.91,0.929348,1.00484,0.996656,1.00732,0.814119,-0.0515161,0.0039473,1
5673,116279,6308.44,3116.78,0.957199,0.989737,0.989991,0.973377,1.31494,0.00359024,-9.68739e-05,1
5674,1258.59,-2633.26,3344.78,1.12551,1.00469,0.986468,1.00807,1.16404,-0.165004,0.00376413,1
5675,630.299,-1451.82,1622.17,0.815855,0.999819,0.993232,1.04413,1.13199,0.325684,-0.00388071,1
5676,102457,2175.81,67035.4,1.00186,0.979538,1.00309,1.00085,0.910196,-0.0010837,0.00859049,1
5677,457.356,1189.56,-1097.64,0.686597,0.974159,0.994032,0.972706,0.772739,-0.252885,-0.00669761,1
5678,1881.56,5027.04,-3512.7,1.27549,1.00353,0.983963,1.03655,0.737049,0.0509348,0.0079742,1
5679,4572.11,18494.1,-8447.71,1.03595,0.978166,1.00059,0.925941,0.769816,0.0735266,0.0020846,1
5680,6408.01,16229.6,-5673,0.832398,1.02947,1.0037,0.963831,0.849301,0.0193703,0.00465876,1
5681,2450.01,-3676.84,5772.98,1.46246,0.994819,1.00073,1.0107,0.931919,0.168172,-0.00180913,1
5682,712.93,-1648.88,1873.32,1.01453,0.955211,0.989829,0.994387,1.31458,-0.0790858,0.0132961,1
5683,639.022,1701.79,-1519.57,0.9733,0.987689,0.998751,0.945013,1.08855,-0.144229,-0.00840233,1
5684,1365.39,-3031.18,3846.58,1.10039,0.999069,0.999178,1.04804,1.29382,0.146186,-0.00386062,1
5685,1092.28,-2433.02,2942.52,0.783601,0.982677,1.00224,0.982934,1.09373,-0.112067,0.0061509,1
5686,2846.69,-5667.96,9152.11,0.852373,1.00024,1.0153,0.994791,1.41241,0.179952,-0.00142156,1
5687,1245.11,3326.87,-2648.3,0.938317,1.00055,1.00502,1.00047,1.27073,0.030713,0.0198395,1
5688,1073.88,-2349.43,2869.16,1.05828,1.0028,0.994226,0.949736,0.941551,0.0961578,-0.00760216,1
5689,606.235,-1431.79,1593.54,1.36162,0.998504,0.999203,0.987869,0.725926,-0.141547,0.00904165,1
5690,260.626,667.885,-638.849,0.585984,1.00222,1.00916,1.0173,1.35577,-0.206419,-0.014564,1
5691,17433.5,82913.1,-25297.3,1.04986,0.973684,1.00353,0.971226,1.13571,0.00974309,0.00454064,1
5692,415.273,-1005.86,1081.45,0.977107,1.01043,0.99645,0.961921,0.749222,-0.15662,0.0121632,1
5693,716.621,1939.74,-1704.91,1.32125,0.978057,0.990366,1.02291,0.955332,0.14118,0.00754122,1
5694,286.494,751.924,-715.303,0.856163,1.0109,0.98786,1.02097,0.829552,0.276113,0.0100773,1
5695,1685.46,-3249.64,4347.76,1.01155,1.0402,0.992946,1.01355,0.969608,-0.261913,0.00179068,1
5696,23894.6,-34688.5,89854,0.74905,0.995482,0.996466,1.01263,0.842905,0.0873729,-0.000469304,1
5697,695.847,-1600.8,1809,0.951564,0.998322,1.00376,1.02955,1.02264,0.18872,-0.00593291,1
5698,3440.28,8731.11,-4671.59,0.882575,0.972959,0.990426,0.953851,1.09994,-0.046074,-0.00443457,1
5699,1333.26,4047.41,-3172.56,1.02114,0.979715,0.995746,0.997564,0.827636,-0.121621,-0.00465216,1
5700,1181.15,3186.84,-2583.18,0.981268,1.04017,0.999772,1.02208,0.983125,0.102211,0.00657122,1
5701,6186.67,17718.3,-5734.44,1.26565,1.00936,1.01441,0.961937,0.825673,0.0795355,0.00138419,1
5702,2040.24,-4197.79,5909.79,0.88984,0.997282,1.01099,1.0471,0.650563,0.177925,-0.00205069,1
5703,6996.9,17739.2,-6942.47,1.26213,1.00001,0.985618,1.00325,1.28403,0.0111316,0.00737581,1
5704,519.383,-1222.53,1338.81,1.27872,0.987696,1.00291,1.05301,0.78424,0.155874,-0.00954866,1
5705,8911.11,-8437.38,23061.7,0.615871,1.01435,0.978659,0.976827,1.16731,0.011826,-0.00583671,1
5706,10517.5,-12128.2,37127.9,1.06911,1.01041,0.999191,0.974334,0.898781,0.174376,-0.000331634,1
5707,368.561,957.173,-898.726,1.04809,1.0257,1.01797,0.955915,0.887729,-0.117876,-0.0181539,1
5708,283.828,-687.164,721.693,1.16445,0.991647,0.993421,1.03657,1.31784,0.211626,-0.0131874,1
5709,1814.59,-3788.09,5374.21,1.41383,1.00519,0.987209,0.941974,0.891628,0.244872,-0.00176859,1
5710,1373.06,3942.61,-3016.92,0.811875,0.970336,0.989189,0.992926,1.35668,0.0892566,0.00608051,1
5711,1395.52,4305.52,-3339.61,1.01136,1.00955,0.993765,1.00179,0.935748,0.158,0.00348989,1
5712,853.797,2348.73,-2019.12,1.40309,0.993939,1.00622,1.04102,0.806096,0.162421,0.00544818,1
5713,2186.11,-4745,6930.71,0.776328,1.03124,1.01911,0.937126,1.25481,-0.213315,0.00161423,1
5714,1357.53,-3059.54,3875.37,0.999987,1.00279,1.01455,0.979101,0.811952,0.101834,-0.00548895,1
5715,120.834,-302.698,308.944,0.911688,0.985478,1.00614,0.991991,1.04749,-0.243146,0.0259144,1
5716,285.109,-692.835,727.583,1.11838,1.00723,1.00125,1.04383,0.850229,0.124755,-0.0223118,1
5717,1025.7,2720.19,-2262.39,1.15841,0.973669,1.00706,1.03048,1.17666,-0.18205,-0.00399304,1
5718,135.483,-338.925,346.8,1.35852,0.978722,1.00494,0.953342,0.592242,-0.231071,0.0241915,1
5719,1094.21,2970.31,-2424.23,1.22331,1.00951,0.993734,0.994823,1.01765,0.0940896,0.00756545,1
5720,249.054,649.469,-621.892,1.02072,0.989294,0.987742,1.0004,1.12456,0.226009,0.0138956,1
5721,636.591,1698.25,-1517.23,0.750527,1.01599,0.996939,0.940048,0.955786,-0.0629199,-0.0198887,1
5722,5375.06,21151.7,-8750.49,1.16781,0.998695,1.003,1.02673,0.913546,0.162429,0.000869221,1
5723,7515.82,24350,-7608.7,1.07866,1.04962,0.980159,0.987793,0.814339,-0.256129,-0.000467644,1
5724,108558,19639.6,31582.9,0.905308,0.979296,0.998546,1.01746,1.28277,0.0358952,-0.000119853,1
5725,459.066,1196.17,-1103.78,0.980956,0.975251,1.00064,1.00256,0.968802,-0.17554,-0.00950176,1
5726,3109.15,-6005.08,10668.3,1.12348,0.987269,0.985503,0.986715,0.831507,-0.0259246,0.00941453,1
5727,1209.6,-2702.19,3385.3,1.17566,1.00024,0.995356,1.013,1.22761,0.0320571,-0.0200077,1
5728,3290.87,10242.9,-5313.1,0.968757,0.999582,0.997503,1.02177,0.997773,0.026281,0.00830071,1
5729,6520.49,-7571.63,20050.1,1.20663,1.0016,0.991917,1.04317,0.949711,-0.164795,0.00080152,1
5730,3003.37,-6078.46,10449.2,1.07965,1.00092,0.997949,0.9772,0.952402,-0.168982,0.00145854,1
5731,895.343,-1992.03,2335.06,1.16299,1.0192,0.996946,0.997904,0.592778,0.0512608,-0.0173336,1
5732,8445.49,-7490.03,20013.7,1.1177,1.02422,0.99366,0.9724,1.0247,0.0544843,-0.00132898,1
5733,793.511,-1822.35,2096.43,0.821198,1.01195,1.00369,1.03113,0.897517,-0.0862488,0.0113925,1
5734,1956.44,5245.02,-3622.38,1.08372,1.01684,0.976873,0.961897,0.862656,0.213088,0.0018653,1
5735,5385.65,21305.5,-8833.45,0.822821,1.00419,1.00958,0.97427,1.08564,-0.0474068,-0.00298655,1
5736,1745.64,5289.03,-3762.31,0.980988,1.00047,1.00606,0.976712,1.17727,0.0195058,0.0219302,1
5737,67897,-49440.4,121140,0.770571,0.958914,0.996355,0.989639,0.905399,-0.0235316,0.000984121,1
5738,2118.9,7189.58,-4711.07,1.11256,0.975761,0.994436,0.996685,0.403332,0.0808408,0.0042318,1
5739,498.858,-1191.7,1301.74,0.967997,0.985759,0.988117,0.981456,0.848395,-0.105516,0.0148203,1
5740,3877.47,9941.33,-5271.54,0.708634,1.02198,0.991701,0.992796,1.09184,0.00827752,0.0222117,1
5741,16747.6,-22696.8,67597,1.10547,0.995577,1.01349,0.984653,0.624338,-0.0350469,0.00132251,1
5742,1891.61,-3292.24,4627.19,0.991219,0.975941,0.975796,0.965786,0.988527,0.0415424,-0.00973968,1
5743,6356.43,22564,-8325.66,1.16054,1.00434,0.996195,1.01008,1.01846,-0.0170956,-0.00769222,1
5744,513.051,-1205.9,1318.48,0.757247,0.991117,1.00683,0.996306,0.750106,0.246618,-0.00612784,1
5745,523.376,1393.78,-1271.87,1.10348,1.0192,1.00574,0.986527,1.07861,0.131719,0.0113886,1
5746,3129.68,11799,-6469.85,0.815601,0.995339,0.989377,0.978503,0.591298,0.0747821,0.003208,1
5747,2301.99,6791.58,-4289.33,1.00288,0.994061,0.993534,0.999724,0.900632,0.049055,0.0065236,1
5748,4100.27,12537.5,-6742.52,0.824349,1.00116,1.00938,0.997674,1.0899,-0.254484,-0.000662794,1
5749,2022.52,5816.58,-4138.34,1.16176,1.0119,1.00534,1.02482,1.2244,-0.0428778,-0.00864017,1
5750,252.941,-626.026,653.847,1.15758,1.00263,1.00518,1.04414,1.30327,-0.230897,0.0132702,1
5751,869.106,2409.57,-2058.08,1.22798,0.982043,1.0043,0.988137,0.865535,0.137644,0.00626326,1
5752,2912.79,-5926.09,9904.73,1.01525,0.996416,1.00526,0.982113,0.984704,0.0388852,-0.0064572,1
5753,482.346,-1146.48,1247.18,1.04027,1.004,0.998323,1.03165,1.1271,0.0694752,-0.0235533,1
5754,7061.3,-6411,19182.4,1.03066,0.99664,0.984527,0.96367,0.711421,0.0590867,-0.00211802,1
5755,255.117,666.875,-638.286,1.02467,0.96799,1.01064,0.995442,1.17468,0.27509,0.0105207,1
5756,44819.1,157825,-79960.1,1.15207,1.02624,0.994133,1.01129,0.832955,-0.0269741,-0.00106952,1
5757,334.919,-826.842,876.055,1.32019,1.04518,1.0098,0.966798,1.00354,-0.364187,0.00654534,1
5758,3639.82,9185.89,-4857.03,1.12849,1.01024,1.00092,1.00061,1.28021,-0.0414782,-0.00468127,1
5759,2555.64,-3800.82,6027.66,1.14708,1.01113,0.999452,0.939225,1.08267,0.0467086,-0.00634493,1
5760,32647.4,133961,-59873.5,0.824517,1.01803,1.0087,0.991883,1.00374,0.00730368,0.00460521,1
5761,1396.38,-2731.2,3528.44,0.751374,1.03082,0.975317,0.986277,1.1091,0.0766338,-0.00765563,1
5762,4949.82,20148.8,-8741.42,0.703962,1.00958,0.99936,0.991096,0.807875,0.207953,0.000702185,1
5763,816.666,-1854.42,2145.81,1.24402,0.994853,0.997225,0.950288,0.810032,0.206959,-0.00463345,1
5764,50489.1,-61750.4,130996,1.11096,0.993018,1.00373,0.983903,1.41253,-0.0865081,0.00034199,1
5765,1335.76,-2834.49,3560.74,0.958038,1.01135,1.00893,0.996892,1.20929,-0.0572182,0.010024,1
5766,2219.04,6021.95,-3924.44,0.896259,0.968397,1.00459,1.03274,1.05254,-0.0369742,-0.00867384,1
5767,842.976,-1924.9,2241.97,1.45299,1.00931,0.990664,1.04528,0.863446,-0.0743634,0.01261,1
5768,606.418,-1410.09,1569.28,1.14053,0.997295,0.992105,0.984622,0.830829,0.210868,-0.00620527,1
5769,1451.89,3988.69,-3020.91,0.724625,0.993184,0.996703,1.01235,0.864208,-0.0233498,-0.0223525,1
5770,64599.9,-67875.1,143035,0.863441,1.03,1.00123,1.00582,1.11617,0.0119482,-0.002153,1
5771,5500.99,-8207.14,19024.9,1.08703,1.01103,1.00573,1.06001,1.2536,0.164493,-0.000863743,1
5772,5910.17,-7710.88,19098.7,0.809339,0.966519,0.988725,1.0026,0.69146,-0.00821224,0.0170845,1
5773,47423.1,155771,-79657.4,0.845624,1.00379,1.00745,1.02987,1.04188,0.0498382,0.000544131,1
5774,348.445,-842.759,895.36,0.777444,1.03473,0.993388,1.01299,0.853241,0.134655,-0.0175428,1
5775,796.625,-1808.24,2084.19,0.911488,1.02069,0.992407,1.03374,0.748543,0.113261,-0.00891615,1
5776,407.374,-974.82,1046.19,0.981366,0.993835,1.00316,0.984515,1.03025,0.144042,-0.0132922,1
5777,491.828,-1152.03,1256.22,1.35943,0.971938,0.991936,1.06895,0.786982,0.30153,-0.0052347,1
5778,1566.95,-2902.44,3858.74,0.606129,1.00826,0.997411,0.959282,0.979013,0.346309,-0.00144625,1
5779,1978.02,6776.32,-4682.02,1.22149,0.967863,1.01537,1.01738,1.34777,0.0417033,0.00856095,1
5780,109218,1946.46,71088.5,1.06815,0.995462,0.996117,0.947855,1.02507,-0.00722017,0.00125625,1
5781,836.733,-1880.34,2182.26,0.91337,0.991286,0.999204,1.01304,1.04245,0.0569915,-0.0161879,1
5782,3080.83,10568.5,-5853.8,0.898523,0.978658,1.01535,1.00605,1.04918,-0.0833415,-0.00280235,1
5783,630.596,1678.85,-1503.4,1.02725,1.00196,1.01301,0.96507,1.32115,-0.1145,-0.0106649,1
5784,8167.54,-7870.9,19997.1,1.08695,0.967428,0.9923,1.02394,1.10276,-0.04637,0.00158308,1
5785,663.39,1792.57,-1593.41,0.792571,1.00327,0.999531,1.00676,1.28987,0.161561,0.0072291,1
5786,340.724,876.883,-826.802,1.10796,0.991606,1.00317,1.05231,1.02383,-0.266727,-0.00859798,1
5787,174.901,445.446,-432.287,1.21714,0.992479,0.988102,0.935068,1.127,-0.178842,-0.0255438,1
5788,6961.72,-4705.12,13369.4,1.00577,1.01309,1.01008,1.08291,0.599654,0.220578,-0.000392984,1
5789,1808.61,5278.25,-3682.07,1.0231,0.993098,0.979784,0.984669,1.2534,-0.11968,-0.00355939,1
5790,3888.84,-5086.99,9160.59,0.817277,0.977919,0.992073,1.02209,0.656009,-0.0662255,0.00276485,1
5791,1237.96,3308.68,-2641.37,0.826427,0.985659,0.990886,1.06194,0.637043,0.126438,0.00483088,1
5792,917.136,-2094.26,2460.56,0.775059,1.01936,1.00083,1.01088,0.961146,-0.0541402,0.0158626,1
5793,1135.07,-2365.53,2904.51,1.00076,1.0144,0.992271,1.00332,0.955477,0.0520034,-0.0134233,1
5794,1311.91,3661.04,-2915.16,1.25071,1.00167,1.00299,0.979566,1.4045,0.0405515,0.0142947,1
5795,1253.75,3371.02,-2704.3,1.06994,0.987937,1.00518,0.987547,1.15621,-0.051129,-0.0117188,1
5796,1231.61,-2517.78,3138.93,0.917325,0.999036,1.01712,1.00726,1.20367,-0.100958,0.0060189,1
5797,683.53,-1592.14,1798.69,1.04163,0.988285,0.989347,0.998612,0.887548,-0.0790229,0.0144124,1
5798,1581.66,4184.58,-3157.24,0.987224,1.03682,1.01646,1.0508,1.27299,0.0821049,0.0058819,1
5799,2385.48,-3638.35,5656.97,0.65869,0.971402,0.984857,0.989052,0.923952,-0.0585887,0.0052829,1
5800,2014.05,-3424.47,4976.64,1.15751,1.04307,1.00054,1.00664,0.716406,0.033854,-0.0115495,1
5801,2747.51,7307.67,-4627.79,0.958269,1.03949,0.999534,1.05227,0.898974,-0.055588,-0.0049341,1
5802,1912.88,-3466.05,4804.96,1.0435,0.989269,0.998897,1.0069,1.01832,-0.0635765,0.00614419,1
5803,5853.78,-7822.43,19139.7,1.15835,0.973014,0.995795,1.00523,1.18259,0.0467428,-0.00300469,1
5804,274.624,704.659,-672.108,1.31554,0.991901,0.998671,0.98905,0.742675,-0.213223,-0.0134295,1
5805,6236.84,15666.8,-5459.31,0.851652,1.01703,0.998321,1.00575,0.983494,0.056661,0.00163429,1
5806,4041.16,-5475.46,9898.84,0.749417,0.998497,1.00927,0.996041,1.01733,0.0668963,-0.0026313,1
5807,3198.52,8600.09,-4642.71,1.40881,0.959946,0.999486,1.00416,0.832649,-0.0793169,-0.00272944,1
5808,599.457,-1394.84,1549.66,0.917596,0.995706,0.997899,0.948816,0.911953,0.245861,-0.00534496,1
5809,1325.19,3517.57,-2764.11,1.00247,1.00057,0.976421,0.994001,0.905751,-0.155854,-0.00384068,1
5810,634.427,-1474,1646.88,0.760502,1.00071,1.00694,1.00562,1.27651,0.16345,-0.00750581,1
5811,291.028,749.652,-712.858,1.62135,0.997974,0.993183,0.95006,0.746306,-0.177856,-0.015381,1
5812,566.268,-1325.05,1463.83,1.03331,0.972096,1.00084,1.00947,0.676997,0.0873979,-0.0153536,1
5813,3273.93,12060.2,-6496.67,0.963685,1.0096,1.00268,0.930633,1.17329,-0.0247325,-0.0094401,1
5814,118415,7710.18,5466.45,1.13445,1.0032,0.997097,0.978133,1.15211,-0.000157174,0.00355907,1
5815,2448.6,6341.5,-4097.01,0.995679,1.01042,1.01485,1.03365,1.17694,0.0558773,0.00528118,1
5816,2481.94,6427.8,-4167.96,1.1632,1.0074,1.0111,1.02064,1.0561,0.0301524,0.00968141,1
5817,100213,-15365.1,90527.3,0.925842,1.00454,1.00827,1.04651,0.953665,0.117053,-0.000105768,1
5818,106803,6548.18,61521.6,1.06361,0.990979,1.00152,1.01197,1.14125,0.0066648,-0.00122993,1
5819,2769.23,9312.48,-5822.95,1.13904,1.00969,1.01448,0.980023,0.756497,0.0581244,0.00444972,1
5820,396.205,1052.06,-980.543,1.19926,1.02484,0.978001,1.0051,1.21863,0.280988,0.00733501,1
5821,220.835,575.011,-553.724,1.02793,1.01726,1.0065,1.02472,0.908177,0.237538,0.0149615,1
5822,103345,31549.3,-10683.4,1.03492,0.959289,1.00719,1.0043,0.563642,-0.00967772,-0.000214321,1
5823,896.971,2409.19,-2054.24,1.03486,1.01259,0.992821,1.0526,1.1623,-0.183808,-0.00482022,1
5824,6199.71,-7970.31,20076.3,1.31736,1.00477,1.00315,1.02183,1.42026,-0.0123096,0.011002,1
5825,3312.53,-4176.39,7928.51,1.35695,0.969349,0.9989,0.988113,1.08134,0.018725,-0.0115249,1
5826,717.757,1948.54,-1714.57,0.633448,1.0002,0.999378,1.02088,1.40911,0.165724,0.00648117,1
5827,654.852,-1522.08,1705.95,0.478179,1.0302,1.01408,0.919834,1.02288,0.106861,-0.0113341,1
5828,1814.98,5248.22,-3669.16,1.09992,1.0012,0.988782,1.01182,1.13314,-0.0716963,-0.00587664,1
5829,530.839,1414.74,-1289.49,0.947192,1.01498,1.00882,0.993537,0.971343,0.124347,0.0117952,1
5830,657.603,-1542.74,1733.46,0.937503,0.987519,1.00159,0.935243,0.992541,-0.170236,0.00682061,1
5831,500.532,-1183,1292.72,1.02247,0.978306,0.983872,1.02815,0.58456,0.118551,-0.0132282,1
5832,3031.92,11477,-6568.83,0.855014,1.01787,1.01028,0.991788,1.04724,-0.127596,-0.00189986,1
5833,480.841,-1152.57,1253.73,0.909307,0.991049,1.00497,1.00054,1.13448,-0.162963,0.00976174,1
5834,927.425,-2044.36,2405.38,1.15365,0.984545,1.01181,1.00279,1.15909,0.088667,-0.00915837,1
5835,8012.1,24574.3,-9515.37,1.00439,1,0.996274,0.978873,0.956179,-0.0197718,-0.00355617,1
5836,1397.44,-3128.43,4049.01,1.08533,0.998805,1.01178,0.932693,0.916037,0.0942072,-0.0057652,1
5837,358.285,946.095,-889.084,0.877019,1.01275,1.004,1.00458,1.20361,0.258944,0.00841574,1
5838,423.396,-1021.65,1100.46,0.889679,1.02526,0.990347,1.04,0.874887,-0.124037,0.015411,1
5839,795.622,2170.45,-1880.32,1.07719,1.02058,0.988075,0.957222,0.702142,0.141459,0.00710213,1
5840,2194.79,-4529.37,6883.28,0.525785,1.00327,1.01391,1.02949,1.22341,-0.293578,0.00113229,1
5841,62968.6,175521,-94949.8,0.809441,1.02394,1.00835,0.95376,0.821735,0.0366279,0.000618802,1
5842,7008.42,-7285.24,20690.6,0.941699,1.01234,0.991424,0.94488,1.00413,-0.0938146,0.00136114,1
5843,10489.9,-12591.3,37586.5,0.772952,0.994597,1.01236,1.01288,0.860668,0.0868211,-0.000659554,1
5844,2237.11,6862.28,-4406.85,0.994999,0.992115,1.00944,0.961126,1.25199,-0.0648779,-0.00501227,1
5845,260.055,679.801,-650.166,1.22396,1.01815,1.00752,0.964537,1.07658,0.233607,0.0129097,1
5846,90018.7,174419,-96867.6,1.31685,1.05291,1.01448,0.971876,0.758292,0.0368328,0.000423713,1
5847,2634.58,-4589.38,7037.9,1.0621,0.978831,0.994507,0.964372,1.14773,0.0800779,-0.00348437,1
5848,1590.53,4855.95,-3663.63,0.981995,0.979888,0.996028,0.974186,1.05096,-0.174938,-0.00269799,1
5849,355.408,-850.958,904.952,1.05895,0.99725,0.995964,0.96343,1.23834,0.28781,-0.00778062,1
5850,1426.89,-2823.21,3694.75,0.870453,0.983979,1.0053,1.00213,0.881498,0.197184,-0.00268003,1
5851,254.479,-618.697,646.127,0.657048,1.03089,1.00702,1.00654,1.09004,0.198774,-0.0159952,1
5852,4059.58,12142.1,-6536.03,1.11671,0.998338,0.995209,1.02122,0.545651,-0.0451419,-0.00378614,1
5853,568.848,-1326.21,1466.69,1.09275,0.990475,0.98446,0.993415,0.889461,0.255718,-0.00548622,1
5854,690.363,-1592.6,1799.52,1.17236,1.01439,0.995383,0.994347,1.13819,0.106794,-0.0108347,1
5855,241.706,-599.002,624.578,1.18784,0.992712,0.996618,1.01022,0.967619,-0.253443,0.0126617,1
5856,787.492,2135.72,-1851.68,0.989818,0.962744,0.985473,1.00589,1.11127,0.0715222,0.0134249,1
5857,1577.45,5096.29,-3770.45,1.13918,0.965684,0.996774,1.02679,1.08755,0.160452,0.00286313,1
5858,40561.4,143934,-68805.9,0.769977,0.972318,0.996134,1.01418,0.848937,-0.00158515,-0.0188452,1
5859,4034.88,11770.9,-6426.63,1.00896,1.00962,1.00533,1.10929,0.779739,-0.0247164,-0.0068777,1
5860,4287.06,-6734.07,12979,0.852754,0.970728,0.985527,0.965172,0.921739,0.0953243,-0.00174928,1
5861,345.595,905.937,-852.878,0.928082,0.998243,0.992422,1.02514,0.920606,0.116626,0.0195028,1
5862,2509.02,6885.62,-4531.28,1.14258,0.972806,0.997366,0.958534,0.939699,-0.228118,-0.0012614,1
5863,1629.45,-3475.56,4587.25,1.36153,1.00136,1.00721,1.04709,0.895576,0.154345,-0.00301913,1
5864,899.317,2498.61,-2119.7,0.989848,0.996024,1.00309,1.00181,0.640699,0.259579,0.00324271,1
5865,376.579,993.666,-930.721,1.04203,1.02321,1.00165,1.00657,1.09583,0.227273,0.00925541,1
5866,6877.5,23266.8,-8088.89,0.495225,1.03162,0.997488,1.02151,1.04975,-0.0134998,-0.00924507,1
5867,330.796,851.373,-804.105,0.883375,1.01386,0.99805,1.00669,1.00012,-0.239599,-0.0101514,1
5868,627.166,-1461.3,1632.9,0.969587,1.03783,0.987668,1.07269,1.12736,0.175401,-0.00751937,1
5869,2128.9,7304.22,-4930.82,0.935959,0.998754,0.992238,0.954884,0.684852,-0.0261655,-0.0134965,1
5870,6304.67,-3819.21,13563.3,1.06019,0.999223,1.00727,1.03877,1.27757,0.370932,-0.000293166,1
5871,113115,-2141.66,78344,1.02062,1.01572,0.991238,1.00596,0.911048,0.0152856,-0.000604672,1
5872,1468.81,-3084.43,4080.42,1.13129,1.00739,0.997743,1.01532,0.918873,0.0474121,-0.0111233,1
5873,353.258,-842.871,896.192,0.422236,0.98146,0.993366,0.990675,0.882391,0.348241,-0.00639978,1
5874,709.416,1934.12,-1702.69,0.876128,0.990873,0.993101,0.981368,1.13214,0.261123,0.00414381,1
5875,2693.94,7726.72,-4903.78,0.789665,0.994054,0.973347,0.926751,1.23085,0.0442617,0.00628999,1
5876,633.581,1705.17,-1525.43,0.708633,1.01476,1.00846,0.964387,0.968853,0.133666,0.00917277,1
5877,966.174,2718.55,-2281.32,0.740888,0.968634,0.997203,0.990509,0.732505,-0.169216,-0.0046077,1
5878,654.251,-1515.22,1698.35,1.01196,1.02438,1.01072,1.04056,1.32156,0.130214,-0.00928598,1
5879,643.308,1731.3,-1542.53,0.920234,0.970845,0.989392,1.00981,1.36326,0.182783,0.00644899,1
5880,1599.3,-3552.3,4699.91,1.1483,0.986715,0.999158,0.970035,1.18073,-0.210315,0.00222383,1
5881,493.97,1314.16,-1204.79,1.11438,0.986539,1.00398,0.985197,1.03003,0.216623,0.00708836,1
5882,3437.2,-5500.62,10337.8,0.824369,1.01311,1.01096,0.975443,0.943777,0.0479729,-0.00467386,1
5883,1017.17,-2190.69,2631.27,0.998213,0.985666,1.02085,1.00329,1.33989,0.0930391,-0.00785645,1
5884,400.172,1038.84,-968.639,0.815932,0.977551,0.997056,0.928384,1.11732,-0.182402,-0.0105968,1
5885,4158.88,-5494.44,10137.2,0.626405,1.01898,1.00448,0.981707,1.48152,-0.0198331,0.00875114,1
5886,6232.67,15787.5,-5474.93,0.8868,1.01181,0.997646,0.959948,1.14857,0.00640989,0.0145143,1
5887,45301.4,153426,-76816.2,0.908871,0.993131,0.997709,1.00453,1.35132,-0.00278636,-0.0101213,1
5888,1300.45,3456.94,-2740.39,0.994799,0.983741,0.979218,1.00203,0.873413,-0.337435,-0.00178435,1
5889,7184.56,-6968.58,20303.9,1.18806,1.02142,0.998898,0.964527,0.42235,-0.0205405,0.00605297,1
5890,2903.53,10538.7,-6259.1,1.12361,1.01071,0.994686,1.00517,0.78241,0.0211548,0.0119083,1
5891,2365.63,-4289.69,6827.75,1.10187,1.00936,0.995425,0.951327,0.83921,-0.0446585,0.00719804,1
5892,311.588,-761.539,803.822,0.662927,0.98576,0.999906,0.978199,0.713626,-0.147652,0.0167158,1
5893,374.902,977.644,-915.919,1.02504,1.03847,0.997055,1.03693,1.27727,-0.126015,-0.0173575,1
5894,856.534,-1933.62,2251.4,0.711837,1.01065,1.00336,1.06028,0.832659,-0.17305,0.00522605,1
5895,1199.38,3256.39,-2598.46,0.740486,0.979304,0.993844,0.931142,1.05882,0.04016,0.0156833,1
5896,429.256,1134.11,-1051.8,0.720465,1.01958,0.99285,1.05115,0.867941,0.162858,0.0114323,1
5897,111240,39183.1,-14512.1,0.642705,0.989767,1.00053,1.03613,0.805892,-0.00415303,-0.000575771,1
5898,1441.04,-3229.48,4206.89,0.735141,1.01342,1.00604,0.981592,0.873028,0.141397,-0.00380502,1
5899,6654.91,-4493.98,15225.6,1.09199,1.00107,1.0016,1.01249,1.00766,0.108522,-0.00104522,1
5900,1458.37,-3251.31,4273.57,0.870148,1.02142,1.00324,1.00913,1.28612,-0.264358,0.00199875,1
5901,800.609,2172.15,-1881.94,1.05527,0.997727,0.993621,1.04072,1.52032,-0.0561929,-0.0173407,1
5902,278.109,-673.057,705.727,1.0328,1.01028,1.0083,0.994029,0.632227,0.248904,-0.0114542,1
5903,783.03,2090.25,-1822.59,0.681793,1.00754,1.0177,1.00958,0.939511,-0.314621,-0.00313515,1
5904,3251.58,8958.15,-4769.51,0.829297,0.974719,1.00239,0.958603,0.797766,0.0328858,0.00651166,1
5905,1159.18,3437.32,-2779.91,1.15813,0.993553,0.994115,0.998127,1.03264,0.109676,0.00600604,1
5906,6401.91,15531.4,-6383.03,0.964987,0.949233,0.991426,1.01524,1.14492,-0.00631815,-0.0140136,1
5907,2916.08,-5292.37,8474.63,0.841837,1.02281,0.999607,0.985252,1.18393,0.110795,-0.00234425,1
5908,3242.01,11223.9,-6027.38,0.907667,0.994165,1.00265,0.990044,1.17008,-0.0279322,-0.008249,1
5909,1685.42,5444.47,-3978.62,1.0629,1.00367,1.01077,1.0272,0.85832,-0.108555,-0.00409125,1
5910,3618.53,9333.7,-4837.63,1.19872,1.02229,1.00232,1.01576,1.08211,0.0457146,0.00428436,1
5911,249.987,-619.319,646.547,0.955384,0.996406,1.00515,0.962545,0.948752,-0.268358,0.0114683,1
5912,1442.16,-3177.08,4170.64,0.986339,1.00498,0.99252,1.05644,0.903092,-0.0483464,0.011105,1
5913,2099.87,6375.77,-4445.26,1.04808,1.01045,0.990233,1.04435,0.852834,-0.163699,-0.00222363,1
5914,1507.06,-3400.46,4433.24,0.952694,1.05509,1.00199,0.990058,0.682736,-0.15082,0.00351943,1
5915,753.227,2029.62,-1775.62,1.11479,1.00552,1.00082,1.01564,0.780496,-0.0548451,-0.0188889,1
5916,7151.45,18983.2,-7885.34,1.21261,0.977237,1.00016,1.0376,0.810097,-0.0209901,-0.00373779,1
5917,398.714,1033.1,-964.319,0.902949,1.00236,1.00536,1.00193,1.0104,-0.251625,-0.00784172,1
5918,6429.37,15724.7,-5796.5,0.674711,1.0156,1.0028,1.04385,0.897456,-0.0883352,-0.00101037,1
5919,57941.4,152768,-79010.7,0.969761,0.972108,1.00719,1.04666,1.1987,-0.0549364,-0.000409033,1
5920,883.001,2455.69,-2098.86,0.993324,1.00331,1.00516,1.04127,0.379957,0.146665,0.00589946,1
5921,1652.03,-3290.12,4527.97,0.85533,0.965806,1.00279,1.04044,1.31902,-0.218137,0.00201288,1
5922,281.286,-691.097,725.129,1.08284,1.0192,1.01028,1.02785,1.11514,-0.112082,0.0249396,1
5923,793.705,2173.38,-1882.59,1.38008,1.01885,0.984325,0.981561,0.986887,0.235851,0.00426493,1
5924,989.146,-2242.34,2671.27,1.30135,1.0429,0.99551,0.990698,0.909098,0.323108,-0.002572,1
5925,5851.16,-3613.78,12267.9,1.13053,0.985064,1.00567,1.04081,0.998489,0.00474479,-0.0218177,1
5926,1135.59,3054.75,-2497.32,0.763006,1.00723,0.993109,1.00746,0.863831,-0.092145,-0.00748022,1
5927,1804.73,4771.99,-3455.62,1.30054,0.981936,1.00382,0.999636,1.38981,0.141202,0.00285331,1
5928,1929.93,-3844.07,5299.72,0.806879,0.981713,1.00912,1.03258,0.721582,-0.0437209,0.00865315,1
5929,230.792,-574.276,597.332,1.00178,1.0072,1.01533,0.997075,1.10456,-0.30544,0.0108713,1
5930,209.364,532.756,-514.171,0.996284,1.01095,1.00586,0.988886,0.981892,-0.256529,-0.0148328,1
5931,1263.06,-2543.32,3185.67,0.831918,0.994614,1.0033,1.01292,1.06873,0.113547,-0.00533197,1
5932,863.602,-1999.04,2328.23,0.959302,1.04658,1.00543,1.02315,0.960347,-0.179851,0.00515179,1
5933,1476.95,-3126.04,4140.46,0.750185,1.0105,0.997328,0.981202,0.96383,0.0448002,-0.0117629,1
5934,68286.6,166191,-87801,1.05277,0.990457,0.984904,1.04904,1.02976,-0.00972564,-0.00207356,1
5935,4183.43,13698.2,-7130.43,1.08431,0.996925,0.993804,0.997074,1.28909,-0.0560834,-0.00295483,1
5936,845.155,2276.46,-1955.35,1.13737,0.992335,0.992263,0.975195,1.26635,-0.0572965,-0.0160567,1
5937,443.89,-1049.56,1134.18,1.40718,0.968176,0.99907,1.00794,1.25443,0.209158,-0.00823016,1
5938,3941.09,10423.9,-5585.34,1.17058,1.01915,0.994172,0.946226,0.645606,0.0847407,0.0021239,1
5939,531.318,-1267.02,1392.01,0.88332,1.03274,0.987614,1.00175,0.934883,-0.0883967,0.0174106,1
5940,558.876,1473.32,-1335.69,0.929856,0.961195,1.00652,0.988991,0.789898,-0.144094,-0.00924772,1
5941,1191.88,3457.18,-2763.19,1.28499,1.00097,1.00453,1.01438,0.904818,0.0684168,0.00930881,1
5942,725.72,-1658.87,1886.47,1.03053,0.981051,1.00008,0.968052,1.23157,0.235066,-0.00451853,1
5943,1318.13,-2730.2,3433.87,1.00991,0.992486,0.989317,1.00643,1.22284,0.115968,-0.0050813,1
5944,130.634,328.272,-321.064,1.2718,0.968521,0.992235,0.991093,1.06047,-0.271607,-0.021913,1
5945,355.702,-854.461,909.048,0.786226,0.980098,0.994978,0.997936,0.910854,0.148524,-0.0147277,1
5946,32097.5,-45302,104762,0.827636,0.963937,1.00278,1.02329,0.946276,-0.0104708,0.00349268,1
5947,1785.95,4951.12,-3496.47,1.09784,0.987586,0.99293,0.975737,0.670197,-0.0946788,-0.00445031,1
5948,2785.42,9292.29,-5785.89,0.890811,1.00661,1.00504,1.01209,1.22934,-0.0400281,-0.00649027,1
5949,864.145,-1928.39,2251.86,1.13622,1.00419,0.992587,0.995134,0.652776,0.0787131,-0.0116116,1
5950,2192.15,7409.89,-4980.78,1.19639,1.01707,0.993331,1.0048,1.14846,-0.139873,-0.00249514,1
5951,20999.3,-30441.2,83149.7,1.06924,1.0252,1.00756,0.99973,0.676583,0.00350535,-0.0120976,1
5952,5180.15,-8037.88,18596.6,0.777678,0.995638,0.973964,0.968371,0.814741,-0.116232,0.00127481,1
5953,1405.61,4330.91,-3297.03,0.721439,0.987671,0.975519,1.0293,1.25696,0.151259,0.00362052,1
5954,4947.86,19799.1,-8637.73,1.09961,0.98972,1.00051,1.01625,0.81336,-0.0713546,-0.00206561,1
5955,1156.11,3181,-2601.11,0.872862,1.00581,1.00068,0.977703,1.08706,-0.317912,-0.00212671,1
5956,4904.01,19746.7,-8628.49,1.08431,0.987028,0.998726,1.02251,1.25157,0.138237,0.00106648,1
5957,530.733,1395.02,-1271.39,1.04627,0.982953,1.01006,1.02109,1.13938,-0.113467,-0.0125985,1
5958,364.788,-873.902,930.913,0.978537,0.982661,1.00276,1.004,0.791813,0.177947,-0.0119034,1
5959,390.083,-948.845,1015.18,0.839506,1.00225,1.00893,0.971318,0.927674,-0.190085,0.0103934,1
5960,16731.2,79187.7,-23974.8,0.783563,0.982526,0.998413,1.03166,0.996056,0.0836922,0.000532177,1
5961,213.708,551.569,-531.654,0.946514,0.985414,0.998588,1.00356,1.00404,0.127278,0.028349,1
5962,1183.37,3528.43,-2831.86,1.38314,0.996159,0.986412,0.995273,0.990871,0.100483,0.00650569,1
5963,264.155,676.567,-646.761,1.03717,1.0409,1.00859,1.01538,1.02767,-0.283139,-0.0109222,1
5964,6483.74,22827.1,-8196.85,1.12763,1.00381,0.988393,0.993944,0.940446,0.0436853,0.00298676,1
5965,65104.1,-66616.2,142158,0.915975,1.02202,0.996977,1.01228,1.11934,0.0294238,-0.00086791,1
5966,1843.14,5440.76,-3778.7,1.23187,1.01059,0.989113,0.948914,1.03487,-0.0258685,-0.0161979,1
5967,1775.09,-3859.3,5390.44,1.21109,1.01673,1.00377,1.00522,1.17723,-0.0599252,0.00720819,1
5968,438.795,-1057.14,1140.22,1.31551,1.00424,1.02092,1.02552,1.15966,-0.1366,0.0126846,1
5969,8922.74,33707.9,-11736.4,0.704686,1.00444,1.00824,1.01355,1.0644,0.0116501,0.00529363,1
5970,6629.87,-3868.44,13283.7,1.10746,1.02428,0.99634,0.977096,1.02966,0.0117921,-0.007887,1
5971,9373.55,-9371.71,26175.4,1.12761,1.02815,0.984723,0.999455,1.3384,-0.0125742,0.00518566,1
5972,3343.34,-4723.56,9123.17,0.854963,0.989465,0.992245,0.992979,1.06729,0.0321834,-0.00685365,1
5973,1663.48,5004.26,-3616.51,0.663415,0.980094,1.00804,1.01216,0.803981,0.108667,0.00401416,1
5974,603.492,1599.43,-1438.83,0.834488,1.02096,1.00545,1.00603,0.889194,-0.109769,-0.0119674,1
5975,1060.01,-2306.08,2808.58,0.939283,0.998266,0.993213,1.05661,0.976125,-0.157425,0.00462717,1
5976,1838.45,4979.71,-3499.44,1.1882,0.998937,0.99388,0.986931,1.29556,-0.0548289,-0.00751558,1
5977,1554.52,4640.08,-3540.3,1.30301,0.981394,1.00588,0.953552,1.12509,-0.0609564,-0.00780617,1
5978,1530.23,-3002.31,4017.11,0.952265,1.01861,0.995716,1.00086,1.06491,-0.0867596,0.00587889,1
5979,677.376,-1573.57,1773.3,1.17462,0.978799,1.00761,0.969323,0.898625,-0.0614463,0.0180835,1
5980,831.004,-1867.06,2162.8,0.783673,0.979353,1.00012,0.974678,1.03213,0.173282,-0.00531703,1
5981,119414,11911.6,7779.34,0.966255,1.00514,0.996071,0.967115,0.74696,0.0653604,-1.22578e-05,1
5982,966.851,2592.27,-2178.87,0.812982,1.01107,1.00466,0.980954,1.40595,-0.0550188,-0.0146043,1
5983,3501.71,-5518.63,10457.3,0.731874,1.02045,1.00953,0.999194,1.14284,0.131464,-0.00169355,1
5984,5098.45,20713.7,-8825.53,1.41348,1.02037,0.997991,1.02935,0.879387,0.242477,0.000591754,1
5985,252.815,648.603,-621.404,1.10116,1.00374,1.02063,1.02273,1.23374,-0.134874,-0.0225989,1
5986,1435.07,4047.04,-3152.62,1.21764,0.945493,0.9967,0.965228,0.824697,-0.0545741,-0.00922969,1
5987,241.202,-596.078,621.138,1.14667,1.02857,1.00708,1.04606,1.31887,-0.15735,0.0209728,1
5988,7551.41,-6044.18,15996.3,0.769362,0.987024,0.987268,0.970897,0.850751,-0.00821512,0.00985036,1
5989,629.499,1690.79,-1510.08,1.2108,0.951866,0.986394,0.987497,1.0083,0.102288,0.0116217,1
5990,522.532,1389.33,-1266.88,0.822897,0.994098,0.996106,0.998416,0.845995,0.0713036,0.0208537,1
5991,1539.14,4426.79,-3384.29,0.791727,0.973288,0.989027,1.02521,1.1074,-0.0783228,-0.00620779,1
5992,139.13,-341.16,349.246,1.14665,0.996221,1.00768,1.01666,1.03694,0.27877,-0.0202325,1
5993,3861.11,-5768.45,10172.2,1.04161,0.947752,1.00624,1.02393,1.15944,0.103974,-0.00171876,1
5994,114490,18825.2,35815.7,0.862108,1.0062,1.00353,1.01937,0.954666,-0.00213411,0.0020738,1
5995,778.158,-1771.84,2031.02,1.09792,0.987187,1.01844,1.02794,1.11523,0.102515,-0.00941337,1
5996,61276.5,169265,-90146.9,0.734488,1.00172,1.00395,1.02856,0.784962,0.31781,6.94659e-05,1
5997,2374.86,-4880,7685.63,1.00332,1.02683,0.987915,0.986699,1.02843,0.0797818,-0.00413154,1
5998,1864.14,-3423.32,4705.49,1.06197,0.970048,0.997051,0.991534,1.42709,0.0689277,-0.0057523,1
5999,1146.66,3143.7,-2571.02,1.24956,1.00585,0.996044,0.967607,0.957247,-0.125618,-0.00541901,1
6000,75312.1,-63740.7,143467,0.937259,1.01899,0.988176,1.04057,0.921944,0.0144964,-0.00156164,1
6001,570.509,1503.5,-1361.52,1.00406,1.0106,1.01264,0.992045,0.671334,-0.201737,-0.00678521,1
6002,306.433,-744.077,784.373,1.11567,1.02288,1.00128,0.970795,0.966674,0.0775143,-0.0338764,1
6003,839.59,-1882.2,2187.1,1.09196,0.998916,1.00019,1.00126,0.29945,0.161833,-0.00574443,1
6004,1305.54,3756.33,-2992.49,1.05846,0.99483,1.00425,1.05248,0.996985,0.0715503,0.00803451,1
6005,1226.6,-2522.59,3170.38,1.05668,0.984374,0.983839,1.05864,0.87968,-0.338001,0.00183765,1
6006,2478.45,6790.66,-4495.9,0.972154,0.97815,1.00279,0.995673,0.93531,0.0680741,0.00421739,1
6007,4410.22,17138.2,-8180.82,0.947011,0.990236,1.00081,1.03615,0.897018,-0.0158199,-0.00979789,1
6008,1871.34,-3341.99,4621.13,1.01624,0.990587,1.00472,1.05364,0.934237,-0.125609,0.00314586,1
6009,1480.08,-2843.12,3698.58,1.10797,0.989782,1.00905,1.01336,1.18283,-0.0289327,0.0174383,1
6010,7643.14,-6342.07,16415.7,0.923786,1.00085,1.00528,0.984514,1.18955,-0.0050139,0.0157431,1
6011,3421.46,-4157.46,8041.71,1.44081,0.983202,0.993568,1.01347,0.74105,-0.0596261,0.00353584,1
6012,3393.57,9004.8,-4673.09,0.800853,0.976837,0.98042,0.984387,1.15319,-0.0592733,-0.0035412,1
6013,48626.6,153151,-75986.8,1.14517,0.962905,0.989758,1.03411,1.31139,-0.133724,-0.000198127,1
6014,98479,123445,-61678.9,1.30656,0.988293,0.991404,1.05203,0.742691,0.00199799,0.0047893,1
6015,5066.61,-8144.8,17993.2,0.742641,1.01137,1.00701,1.02124,0.926362,-0.118134,0.00123801,1
6016,1867.38,4909.65,-3492.38,1.05654,0.993861,0.993199,0.993025,0.952128,0.0341804,0.0117494,1
6017,3459.5,-5000.64,9645.42,1.23498,1.01679,1.01037,1.00388,1.3215,0.0185737,-0.0116756,1
6018,1497.07,-2965.56,3945.77,1.14415,1.00692,0.995604,0.987547,1.25795,-0.0309806,0.0166973,1
6019,14953.5,-19770.5,60736.3,1.03608,1.01188,1.00648,1.05194,1.07357,-0.00207019,0.0231182,1
6020,2553.93,-3958.85,6110.71,1.1186,1.00703,1.0051,1.00188,0.910507,-0.238709,0.00120825,1
6021,2392.32,6230.22,-4066.42,0.743005,0.990388,1.00638,1.00321,0.828236,0.139171,0.00214727,1
6022,5588.08,-8255.31,19768.3,1.08876,1.02408,0.984108,1.03069,0.661229,-0.0814579,0.00173935,1
6023,3650.46,-4212.32,7986.81,1.14937,1.00476,1.00916,1.01824,1.1152,0.0108899,-0.0180537,1
6024,1980.85,6475.44,-4561.74,0.891124,0.982427,1.01333,1.00061,1.00702,-0.0706739,-0.00514851,1
6025,708.059,-1648.02,1867.38,1.19491,1.0147,1.00232,0.963828,0.758954,-0.120543,0.00919535,1
6026,1727.22,-3580.27,4985.68,0.973796,0.990536,1.00225,0.994179,1.23387,0.0649997,-0.00670705,1
6027,372.967,-903.42,963.758,0.797192,0.974497,1.00555,0.970089,1.16222,-0.123686,0.0163377,1
6028,946.164,-2139.27,2544.6,1.16237,1.0133,0.996452,1.01391,0.924934,-0.223585,0.00369488,1
6029,604.398,1622.99,-1458.26,0.912156,1.00243,0.99778,0.997584,1.27319,0.131198,0.00981571,1
6030,266.642,-659.366,690.364,1.11552,1.01374,0.999403,1.0001,0.779237,-0.219504,0.0135053,1
6031,927.617,2618.94,-2217.94,1.1033,0.971457,0.996445,0.951372,0.899333,0.398914,0.00199793,1
6032,2136.75,-4631.63,6894.71,0.72511,0.991372,1.00666,1.0046,1.06624,-0.032995,0.0104623,1
6033,240.174,627.3,-601.696,1.16279,0.984635,0.994222,0.923805,0.874986,0.329478,0.009713,1
6034,1394.36,4273.49,-3304.15,1.07777,0.996628,0.992963,1.0035,0.89537,-0.180396,-0.00306735,1
6035,348.632,901.411,-848.935,0.575485,0.998152,1.00976,0.971676,0.866732,-0.195149,-0.0114359,1
6036,114296,131413,-67114.6,0.952792,1.04337,0.996565,1.00233,0.935049,-0.0039322,-0.00217911,1
6037,1382.85,4023.49,-3080.7,0.757511,0.983179,1.00041,0.980424,1.17763,0.109195,0.00492703,1
6038,934.945,-2108.83,2503.12,0.939451,1.00008,0.989338,0.999787,1.0624,0.0461062,-0.0182711,1
6039,989.858,2651.69,-2226.03,1.0606,0.958758,1.01743,0.960658,0.6561,-0.0976954,-0.00746555,1
6040,2143.53,-4525.88,6544.04,0.892473,1.01024,1.00719,0.999352,0.657046,0.204462,-0.00173199,1
6041,1525.17,4011.92,-3035.3,0.834003,1.00409,0.998945,1.0184,1.12873,-0.122622,-0.0040941,1
6042,93960.6,-17221.8,89814.9,0.910281,0.987055,1.0126,1.05125,0.681746,0.1101,-0.000120731,1
6043,3560.87,-4153.73,8204.04,0.810326,0.998302,0.989756,1.00087,0.75621,0.0501199,-0.00410516,1
6044,1358.86,-3093.91,3951.18,1.00614,0.991884,1.00578,1.00767,1.09438,0.0457258,-0.0121736,1
6045,2644.23,8030.93,-5154.4,1.14327,0.985304,0.989735,0.948001,1.20892,0.0624945,0.00439268,1
6046,348.99,911.837,-858.282,1.41939,0.975014,1.00502,0.966829,1.21971,0.114893,0.0188025,1
6047,10160.9,-11170.7,33059.8,1.01368,1.02796,0.991185,1.0102,0.801225,0.163469,-0.000365425,1
6048,1426.47,4206.99,-3271.09,0.910176,1.02831,0.988138,1.01281,1.14389,0.108414,0.00511169,1
6049,819.88,-1863.05,2157.55,1.21528,0.991564,0.999462,1.00943,1.07028,-0.0820598,0.0114144,1
6050,934.429,2556.11,-2154,1.12991,1.00183,0.998076,0.993604,0.782675,-0.220415,-0.00379812,1
6051,1082.48,3145.95,-2595.03,1.28564,0.979209,1.01444,1.01845,1.18751,0.157646,0.00428122,1
6052,1374.46,3882.35,-2976.92,1.04393,0.97284,0.99746,0.970479,1.11307,0.0969749,0.00554656,1
6053,1645.08,-3540.16,4679.54,0.664425,1.0135,1.01256,1.00977,1.1835,-0.0728634,0.00631909,1
6054,200.605,-488.563,505.51,1.10702,1.02093,1.00152,1.01789,1.09759,0.285509,-0.0141538,1
6055,6013.54,21705.4,-8172.42,1.06154,0.972711,0.983663,0.987914,1.09212,0.0257057,0.00531301,1
6056,280.202,734.056,-699.171,1.04489,1.00338,0.992425,1.01056,1.30033,0.237547,0.0118338,1
6057,1546.48,-3170.49,4125.29,1.16688,0.981561,1.0005,1.03048,1.04144,0.096759,-0.0050169,1
6058,389.091,1000.13,-934.986,1.22514,0.979663,1.00601,1.01659,0.816581,-0.348562,-0.00568088,1
6059,6619.28,-3818.68,14456.4,0.718677,1.03318,1.00522,0.985257,1.35239,-0.0132678,0.00785197,1
6060,703.963,1901.67,-1679.34,1.12594,1.00962,1.00698,1.0526,0.991465,0.109894,0.00998175,1
6061,3616.86,11017.2,-5396.17,1.06491,1.0506,0.998355,1.00347,0.644819,0.0920377,0.00222607,1
6062,1039.54,2947.15,-2455.59,0.889585,1.02758,1.01056,0.989519,1.01848,0.038323,0.0195495,1
6063,316.462,-781.214,825.228,1.06315,1.01589,0.999636,1.00557,0.728775,-0.319835,0.0077848,1
6064,681.425,-1567.88,1767.61,1.15865,1.01165,0.999929,1.00594,1.10308,0.201769,-0.00578062,1
6065,112342,7702.89,61418.7,0.864523,1.0024,0.993549,0.996539,0.734429,-0.0517971,0.000146467,1
6066,348.765,-850.184,902.92,1.13333,1.00647,1.00722,1.01985,0.783917,-0.118142,0.0188883,1
6067,288.669,751.343,-714.921,1.13923,0.987523,1.00923,1.05579,1.10646,0.184276,0.0142531,1
6068,614.58,-1429.76,1591.19,0.53811,1.00582,1.00936,1.00122,1.01078,0.195332,-0.00650792,1
6069,2932.12,-5732.52,9354.94,0.696362,1.01697,1.00965,0.986522,1.09017,0.0792862,-0.0031917,1
6070,583.453,-1355.34,1498.22,0.721136,0.979817,1.02998,1.00117,1.09624,0.249712,-0.00508694,1
6071,301.656,771.5,-732.591,1.01829,1.01831,1.0025,1.00665,1.23822,-0.318188,-0.00840136,1
6072,727.895,-1665.31,1893.07,0.898517,0.966059,1.00845,0.995594,0.851957,0.141328,-0.00725307,1
6073,1848.25,4939.26,-3534.95,0.972073,0.978541,0.980686,0.975001,1.09153,0.251913,0.00159698,1
6074,1850.4,-3512.45,4787.63,1.0456,0.967992,1.00938,0.9833,1.30225,0.0423741,-0.00926207,1
6075,890.519,2411.43,-2052.75,0.912546,1.02397,0.991929,1.01205,0.588496,0.0784499,0.0114056,1
6076,272.879,-676.152,708.515,0.949356,1.02224,1.00848,0.99755,1.03528,-0.280668,0.0102568,1
6077,454.21,1186.56,-1094.21,0.983332,1.01128,0.970814,0.952658,0.999797,-0.263383,-0.00694826,1
6078,606.843,-1413.64,1571.86,0.9517,0.991079,1.00955,0.98203,0.966782,0.171915,-0.00737002,1
6079,1141.34,-2600.34,3208.81,1.08376,0.980735,1.0033,0.972819,0.95349,-0.0919852,0.00714708,1
6080,3163.62,-5490.79,9861.46,1.24307,0.980968,1.01327,0.985386,0.954832,0.0827833,-0.00283257,1
6081,3542.21,-4219.21,8299.97,1.17571,1.00579,1.00118,0.994795,0.998733,0.0747354,-0.00275235,1
6082,2584.77,-3832.22,6076.2,1.03209,1.01161,0.992238,0.990739,1.3418,-0.0275249,0.0106678,1
6083,7177.89,-4651.66,16550.4,0.769595,1.03036,1,0.99438,1.22072,0.254825,-0.00043801,1
6084,12414.7,59348.6,-16254.9,1.12618,0.978534,0.983817,0.96382,0.687759,0.00474723,0.0108119,1
6085,331.834,857.535,-809.626,1.18882,0.991093,0.998719,0.956474,0.973475,-0.181943,-0.0129844,1
6086,2323.02,6045.53,-3978.45,1.30507,0.984885,1.02032,0.955798,0.877157,0.0492957,0.00617069,1
6087,3461.53,-4091.52,7927.91,1.07653,0.978072,0.992189,0.970523,1.09287,0.211545,-0.000993589,1
6088,392.365,1038.07,-969.042,1.2619,0.99548,0.996435,1.00566,0.720973,0.241134,0.00818869,1
6089,1479.65,-3261.21,4304.93,0.691367,1.02673,1.0024,1.0459,0.950565,-0.187776,0.00279354,1
6090,2587.27,6734.66,-4217.43,1.14901,1.02872,1.00219,0.96252,1.01313,-0.050681,-0.00574508,1
6091,6446.91,15829,-5979.75,0.871204,1.00573,1.00443,1.00565,1.20895,-0.0222142,-0.00399367,1
6092,1528.17,-2883.66,3821.04,0.870524,1.00705,1.00077,1.00308,0.849405,0.109478,-0.00461685,1
6093,6196.81,-3625.74,12956.7,0.56987,1.022,1.00817,1.01277,0.922233,0.0193302,-0.00509642,1
6094,1794.22,4928.08,-3475.72,0.924146,0.989707,0.985838,1.05155,1.3618,0.168565,0.00247528,1
6095,50112.3,-65339.6,134784,1.03431,1.02609,1.01012,0.959222,1.07728,0.0130128,-0.00230624,1
6096,157.22,404.895,-394.019,1.09642,0.977246,0.979931,1.04214,1.01334,0.199524,0.0249518,1
6097,6207.71,-3866.39,12150.9,0.845818,0.97956,1.00327,1.00642,0.644967,0.0779552,-0.00125322,1
6098,232.863,-566.156,589.054,0.850341,0.994944,1.00777,1.05028,1.11686,0.23398,-0.0143318,1
6099,91.06,-230.507,234.087,1.05704,1.00762,0.997814,0.992519,0.767575,-0.323975,0.0266455,1
6100,45883.5,145534,-72176.1,1.20342,0.968899,1.02451,1.02328,1.12598,-0.167986,-0.000160382,1
6101,2714.95,9049.79,-5664.97,0.921589,0.983138,0.994366,1.00475,1.14301,-0.145437,-0.00182671,1
6102,3844.07,10579.6,-5928.99,1.20952,0.994212,1.01378,1.0218,1.13283,-0.0103446,-0.017156,1
6103,3657.95,-4280.71,8060.88,1.02047,1.00355,1.00761,0.988813,1.08956,-0.217848,0.000896962,1
6104,606.539,-1416.3,1575.15,1.12142,1.02776,1.00385,1.0025,1.06617,0.113133,-0.0116836,1
6105,156.501,404.85,-394.152,0.861565,0.993619,0.998212,1.01602,0.986046,0.294253,0.0168036,1
6106,515.352,1353.76,-1237.39,1.01287,1.00758,1.004,1.074,1.25308,-0.14498,-0.0105172,1
6107,710.496,-1649.34,1870.67,1.12895,0.994911,0.999908,1.00885,0.771395,-0.0747165,0.0145477,1
6108,51095.5,155319,-78680.9,0.905252,0.972766,1.00553,1.01507,1.14939,-0.00343938,-0.0073553,1
6109,224.454,573.277,-551.78,1.15204,1.00736,1.00397,1.00309,0.965013,-0.20864,-0.0169537,1
6110,6466.14,-5661.33,16262.6,1.06823,0.975726,1.01295,1.01003,1.2748,-0.0690609,0.00177793,1
6111,6436.05,-7738.21,20011.4,1.08865,1.00433,1.00406,1.02248,0.918666,-0.0118672,0.0111832,1
6112,1660.35,5222.72,-3803.7,1.01537,0.996844,1.02309,1.01295,0.940293,0.125674,0.00346997,1
6113,6369.5,-3893.65,12577.9,0.916772,1.00887,1.01606,1.00497,1.13891,0.217813,-0.000436865,1
6114,944.872,2574.03,-2183.01,0.753354,1.0027,1.02277,0.950889,1.35586,0.114275,0.00692097,1
6115,966.618,2610.77,-2192.24,1.38852,1.01094,0.999616,0.980379,1.13067,0.0973404,0.00825774,1
6116,2704.32,-4684.64,7219.76,0.85968,1.00413,1.00497,1.0028,0.879249,-0.0655965,0.00415091,1
6117,375.472,-912.207,973.756,1.16888,0.995087,1.0028,1.04348,0.783822,-0.158008,0.0130101,1
6118,715.23,1912.61,-1685.31,1.17789,0.956692,1.00902,1.01035,1.0923,-0.15429,-0.00666178,1
6119,288.625,736.335,-700.653,0.98937,0.971567,1.00244,0.943461,1.29079,-0.293032,-0.00907894,1
6120,292.839,-706.76,743.371,0.834205,1.0055,0.992781,1.05961,1.07553,0.243189,-0.0113009,1
6121,562.67,-1343.07,1482.34,0.942384,0.952028,1.01493,1.00053,0.976939,-0.347681,0.00366846,1
6122,3487.39,8743.65,-4830.77,1.17629,0.968432,0.99723,0.9543,0.883321,0.0179855,0.0110401,1
6123,835.656,2255.34,-1942.93,0.64957,0.984477,0.997772,0.977401,0.659591,-0.0542316,-0.0168869,1
6124,13457.4,-17269.2,55252.7,0.959137,1.01791,1.00087,1.01024,0.706689,-0.0440583,0.00113444,1
6125,700.288,-1601.74,1814.42,0.983113,0.9723,0.992653,0.971213,0.879118,0.265786,-0.00415117,1
6126,2290.37,-4192.97,6604.6,0.930829,0.986305,0.985002,0.979774,0.86787,0.0227163,-0.0145085,1
6127,635.05,-1488.77,1667.4,0.759296,0.984552,0.987043,1.04805,0.95407,-0.113888,0.0107405,1
6128,411.01,-990.417,1063.73,0.983629,0.975425,1.00624,1.01911,0.8806,-0.12694,0.0144258,1
6129,1220.36,-2479.45,3096.89,1.24855,0.994849,1.01443,1.07912,0.958298,0.166027,-0.00372204,1
6130,2355.01,-4955.68,7659.64,1.03665,1.02972,0.984891,1.01238,1.0152,0.25149,-0.00133777,1
6131,329.344,865.832,-817.818,0.999444,0.978691,1.00664,1.00943,0.791429,0.301836,0.00753793,1
6132,12264.4,57234.7,-16543.1,0.670378,0.997233,0.998441,1.05499,0.746701,-0.0529725,-0.000955629,1
6133,4765.1,18732.1,-8507.83,0.720537,1.02997,1.00192,1.00013,0.868778,-0.197603,-0.000754179,1
6134,1523.74,4049.5,-3056.42,0.853915,1.00976,1.00284,0.960291,1.32111,-0.0382442,-0.0131352,1
6135,722.669,1951.5,-1714.45,0.651117,0.984664,0.994599,1.03905,0.816219,0.0608204,0.0174334,1
6136,1405.65,-3107.6,4040.67,0.9291,0.994936,1.00104,1.02425,1.02595,0.0893289,-0.00608142,1
6137,410.779,-990.108,1063.21,1.38063,0.98915,1.01107,0.96948,0.98249,-0.104065,0.017784,1
6138,2031.98,6807.14,-4717.96,0.89485,0.991212,1.00032,1.01306,0.98936,0.180289,0.0019925,1
6139,2550.45,-3864.68,6013.67,0.924754,1.00086,1.00059,0.950883,0.925097,0.038647,-0.00758393,1
6140,967.121,2657.15,-2224.24,0.886604,1.02083,0.999422,0.989609,1.51322,-0.0958754,-0.00853236,1
6141,765.452,-1748.34,2002.52,1.40684,0.993056,0.998844,1.00411,1.1439,0.139451,-0.00728604,1
6142,977.149,-2236.88,2668.21,1.12636,1.02862,0.979465,1.0032,1.08934,0.065026,-0.0129077,1
6143,185.61,-453.772,468.43,0.960844,0.97987,0.99462,0.999292,1.01738,0.187068,-0.0225148,1
6144,182.859,461.887,-447.669,0.691512,1.00075,0.987378,1.02271,0.720013,-0.360682,-0.0123108,1
6145,1026.58,2847.16,-2351.47,1.39031,0.986596,0.995957,1.04704,1.33856,-0.112705,-0.00661351,1
6146,675.294,-1557.79,1758.26,0.685847,1.01368,0.977648,1.03265,1.09195,0.168385,-0.0072012,1
6147,1426.21,4213.42,-3277.51,1.23764,1.0298,0.990459,1.05545,0.898308,0.10413,0.00530599,1
6148,205.253,-509.219,527.462,1.12903,0.994625,1.00214,1.02213,1.17288,-0.188768,0.0199719,1
6149,6450.51,-4570.56,14873.5,0.875461,0.990407,1.00925,0.97968,1.36165,-0.0283882,0.00402384,1
6150,477.879,1263.77,-1161.81,0.908557,0.990949,0.997307,1.03618,1.13307,0.0661555,0.0244745,1
6151,591.71,-1379.39,1530.34,1.13284,1.00753,0.99756,0.982242,1.25703,0.189169,-0.00710685,1
6152,607.411,1603.91,-1443.5,0.811966,0.999592,1.02391,1.01902,1.50013,-0.201412,-0.00620723,1
6153,1791.63,5827.36,-4140.76,0.977205,1.02263,1.00133,0.985392,0.873707,-0.138789,-0.00310853,1
6154,539.737,1419.52,-1291.06,0.734917,1.0122,0.996257,0.997837,0.855401,-0.172814,-0.00856669,1
6155,782.428,-1786.27,2052.13,0.850319,1.00045,0.996925,1.01487,0.853225,0.0812041,-0.0123295,1
6156,6049.36,17280.7,-5319.95,1.06475,0.995083,0.985784,0.951802,1.26842,0.0922715,0.00118341,1
6157,1074.48,2952.12,-2417.54,0.893788,1.01016,1.00099,0.998378,0.636967,0.151491,0.0047323,1
6158,651.48,-1531.99,1717.66,0.911799,0.989319,1.01402,1.02951,1.15668,-0.284637,0.00403001,1
6159,6449.4,20258.6,-6986.53,0.859046,0.980137,0.985619,1.02769,0.951683,-0.020337,-0.00615612,1
6160,241.879,636.221,-610.238,1.42379,1.00766,1.00289,1.00818,0.937166,0.431947,0.00741241,1
6161,1787.93,-3213.84,4416.23,0.837331,0.981359,1.0143,0.958327,0.921386,-0.219736,0.00184617,1
6162,9688.02,-11254.2,31271.8,0.931377,1.00878,1.02124,1.0134,0.945063,-0.0438282,0.0013852,1
6163,2173.9,-4659.94,6835.84,0.816202,1.01057,1.00065,1.01041,1.50204,0.0949677,-0.00368768,1
6164,1269.02,3367.38,-2674.81,1.22143,0.995168,0.995403,0.962804,1.05368,-0.0987157,-0.00614033,1
6165,1523.62,-2896.48,3792.58,0.985297,0.982822,0.992746,0.955229,0.755577,0.239378,-0.00210313,1
6166,683.007,1846.22,-1632.82,0.799688,1.02662,0.984152,0.994879,1.20051,0.0818934,0.0145161,1
6167,369.241,958.363,-898.588,0.977745,0.984566,0.99587,0.883053,1.00595,-0.170805,-0.0123867,1
6168,765.562,-1747.22,2003.87,0.756598,1.01496,0.985873,0.958265,1.19894,0.152935,-0.00691971,1
6169,685.789,-1578.25,1782.75,1.03339,1.00488,0.987692,1.0488,0.937348,0.145889,-0.00799491,1
6170,903.483,2426.15,-2059.78,1.22411,1.00985,0.976037,1.00581,1.05972,-0.151985,-0.00590094,1
6171,1813.15,4695.79,-3372.87,1.16073,0.983355,1.00518,1.01254,0.879941,-0.292627,-0.00139706,1
6172,388.519,1006.66,-940.621,1.3038,0.998602,0.989183,1.02449,0.875297,-0.226278,-0.00910159,1
6173,679.211,-1581.19,1781.9,1.02705,0.96901,1.00998,1.00719,0.859884,-0.103001,0.0105795,1
6174,185.808,469.918,-455.397,0.713182,1.00179,1.00742,1.09058,0.889106,-0.334481,-0.0127106,1
6175,987.768,-2116.73,2534.29,1.18623,1.00756,0.987263,1.01443,1.01267,0.306651,-0.0026498,1
6176,506.796,1346.68,-1231.05,0.901783,0.983378,0.994653,1.02859,1.42506,0.147689,0.0102489,1
6177,540.952,1438.25,-1307.96,1.11496,1.02769,1.00261,1.01751,0.954811,0.0812682,0.0181037,1
6178,7045.16,-5320.82,14052.7,1.19224,0.983679,1.00632,1.01549,0.77757,0.0671989,-0.00127044,1
6179,85665.6,152719,-81976.2,0.99625,1.00561,1.01903,1.00833,0.866366,-0.00186816,-0.00757651,1
6180,6546.04,-3923.83,12963.4,1.06169,1.00847,0.996027,0.9841,1.40639,0.013627,-0.00688438,1
6181,591.284,-1399.14,1551.11,1.07612,1.01351,1.0113,0.996389,1.15005,-0.128345,0.0102217,1
6182,3141.93,-6081.91,10343.4,0.692335,1.0488,1.00281,1.01427,1.31687,0.0462645,-0.00525716,1
6183,312.02,-767.705,810.04,0.774907,1.02186,1.0059,0.996567,0.935008,-0.231623,0.0109165,1
6184,1669.54,5413.94,-3962.48,1.22812,0.990668,0.994149,0.966676,1.29545,-0.084805,-0.00534519,1
6185,409.817,1061.84,-987.938,1.18112,1.01075,0.982464,0.988572,1.31013,-0.280037,-0.00713621,1
6186,1262.57,-2782.75,3459.62,0.977733,1.05054,1.00249,1.01976,1.14027,0.12454,-0.00514112,1
6187,162.991,410.951,-399.812,0.880511,0.991458,1.00995,0.984752,0.656047,-0.322197,-0.0148371,1
6188,437.149,1139.15,-1056.1,0.896369,0.996129,1.01087,0.98323,1.02235,-0.195402,-0.0090559,1
6189,1582.18,-3058.87,4021.68,0.638336,1.00178,0.994596,1.01192,1.46559,0.0482938,-0.0100944,1
6190,1926.61,5039.19,-3553.52,1.19152,1.00089,0.98555,1.01927,1.34818,-0.0772505,-0.00513713,1
6191,4167.99,-6221.8,11467.2,1.30746,0.989569,1.00456,1.00812,1.05494,-0.0338625,0.00500171,1
6192,739.431,2002.81,-1757.91,0.581449,0.989547,1.01858,1.02444,1.2914,0.180487,0.0055562,1
6193,140.102,-351.597,360.104,0.871528,1.00273,0.996289,1.04074,1.0747,-0.246367,0.022759,1
6194,951.09,-2088.62,2469.1,1.12499,0.994643,1.00807,0.936793,0.883836,0.0719234,-0.0111929,1
6195,118845,75023.4,-34419.7,1.19705,1.00922,0.97779,1.02238,0.83677,0.0160842,0.000263402,1
6196,590.479,-1383.77,1534.73,1.26249,0.990632,1.00657,0.941879,0.669258,0.093345,-0.0139699,1
6197,1224.19,3516.66,-2791.93,0.974745,1.0128,1.00751,0.97865,0.756565,0.0804804,0.00776786,1
6198,110171,79332.4,-35388.2,0.774582,0.997962,0.999864,1.0211,0.936242,0.0071181,0.00070351,1
6199,995.547,2834.32,-2361.71,0.979736,0.981183,0.99203,0.998724,0.851914,-0.028385,-0.0270294,1
6200,888.472,-2028.66,2383.43,1.11735,0.98502,0.997432,1.01315,0.911347,-0.0850994,0.0100965,1
6201,6619.47,16427.6,-5960.47,1.08877,1.01527,0.983514,1.01408,0.939001,0.0425875,0.00205915,1
6202,1401.27,-2909.54,3792.77,0.98583,0.97843,1.00238,1.01121,1.29609,0.447827,-0.00121156,1
6203,728.485,1975.38,-1736.49,0.922908,1.00851,1.00759,0.982388,1.54599,0.114111,0.00927734,1
6204,13457,63481.2,-17966.6,1.17856,0.98692,0.983465,1.0614,0.978424,-0.00757166,-0.00645988,1
6205,3269.51,9649.15,-5028.2,1.14388,0.991079,0.996971,1.01956,0.939457,0.027452,0.00785943,1
6206,2652.75,6957.43,-4252.01,1.12441,1.03776,0.983011,1.02112,1.02707,0.0303627,0.00956441,1
6207,394.581,-946.733,1013.9,1.19662,1.02973,0.999354,1.03401,1.07756,0.121937,-0.0168666,1
6208,386.864,1000.96,-936.367,0.845612,1.02165,1.00654,1.06502,0.813998,-0.211644,-0.00976093,1
6209,1726.44,-3529.01,4934.6,1.04853,0.986861,0.994602,1.01088,0.891379,-0.14455,0.00300826,1
6210,119970,6827.23,4290.93,1.13809,1.01367,0.999242,1.00975,0.909992,0.000826325,-0.000531813,1
6211,1313.04,3644.5,-2898.57,0.675175,1.00378,1.00044,0.96752,1.01662,0.104629,0.00555314,1
6212,292.656,-723.393,761.149,1.16281,1.00744,0.991974,0.973026,1.00976,-0.277286,0.00975134,1
6213,761.683,-1740.24,1992.3,1.00948,0.991252,0.995673,0.95943,0.72194,0.163258,-0.00628214,1
6214,946.182,2568.07,-2158.06,0.338406,0.996137,0.987355,0.974548,1.13111,0.125832,0.00653023,1
6215,1111.63,3026.22,-2489.33,0.840709,1.00495,1.00392,1.01791,1.0484,0.086317,0.00796213,1
6216,95259.6,143585,-74264.9,0.86478,1.00809,1.00084,1.01726,1.25851,-0.0352561,-0.000339067,1
6217,112794,-23915.5,106870,1.09531,1.04826,0.996407,1.00138,0.745228,-0.00169431,0.00728983,1
6218,1146.33,3354.42,-2732.5,1.07082,0.995779,1.00158,0.93547,0.986227,0.0416202,0.0159706,1
6219,1354.28,-3087.79,3948.9,0.827003,0.982442,0.990102,0.988131,1.1203,-0.0269572,0.0209068,1
6220,1438.92,3829.91,-2945.35,0.837603,0.977476,0.99658,1.04379,0.939777,0.172094,0.00297801,1
6221,691.082,1852.42,-1638.36,1.03883,1.03484,0.995532,0.972364,0.966756,-0.157015,-0.00750383,1
6222,526.373,1406.36,-1281.23,0.770834,0.991347,0.996729,0.991566,0.978765,0.18873,0.00775332,1
6223,1239.33,-2529.68,3177.07,0.978952,1.00238,1.01213,1.00941,1.10023,0.186956,-0.00330013,1
6224,8570.11,30571.8,-10984,0.985906,0.994779,1.00364,0.939881,0.579357,0.0867857,0.000747385,1
6225,2107.88,-4455,6374.53,1.00068,1.01469,1.01234,1.00142,0.768414,-0.112011,0.0031704,1
6226,73437.7,153771,-81230.9,1.1665,0.976772,0.996815,1.00833,1.04423,-0.0554848,-0.000320496,1
6227,62202.5,-66884,141915,1.16898,1.01652,0.989357,1.00454,1.12295,-0.0352067,0.000753524,1
6228,1516.22,-2989.21,3976.4,0.919658,1.01972,1.00932,0.986426,0.584864,0.143479,-0.00356405,1
6229,3185.35,-6229.96,11011.7,0.956649,1.02009,1.00177,0.95893,1.0036,0.0716026,-0.00335141,1
6230,179.485,-436.697,450.214,0.902502,0.990428,1.00135,0.966344,0.90501,0.369355,-0.011906,1
6231,602.166,1594.56,-1433.93,0.93585,1.02305,0.999078,1.01227,1.15136,-0.144337,-0.00922957,1
6232,1816.14,-3450.67,4903.58,1.23775,1.00719,0.998447,1.02926,1.21498,-0.163142,0.00256434,1
6233,191.861,497.093,-481.059,1.2166,1.00566,1.0028,0.994607,1.24284,0.191098,0.0213182,1
6234,1436.28,3829.78,-2931.33,1.18149,0.987914,1.01097,0.989685,1.18025,-0.1555,-0.00333417,1
6235,290.668,-702.36,738.351,1.28621,1.01343,0.998349,0.966666,0.946684,0.235012,-0.0117928,1
6236,2543.61,-3833.8,6003.66,0.904322,1.02749,1.02217,0.992678,0.815645,-0.0788023,0.00369753,1
6237,1168.43,3414.41,-2772.09,1.09512,1.0093,0.992663,0.969547,0.796177,0.262242,0.00252324,1
6238,2481.93,-3929.66,5963.6,0.896196,0.974735,0.996851,1.00803,0.914931,0.0169486,-0.0173541,1
6239,35627,141760,-65738.9,0.961103,1.02184,0.992506,1.02859,0.780632,0.0390924,0.00082758,1
6240,2394.48,7075.97,-4383.17,1.03553,1.01268,0.987394,1.03761,0.9809,0.0730129,0.00430088,1
6241,633.843,-1488.36,1666.05,1.25089,1.01812,0.988085,1.06067,0.813753,-0.169426,0.00745608,1
6242,6354.57,-7530.96,19322.2,1.05169,0.991002,1.00863,1.02082,0.880934,-0.063152,0.00210281,1
6243,471.483,1250.17,-1149.92,1.11529,0.989219,0.98682,1.04519,0.683873,0.121751,0.0136175,1
6244,185.889,-464.036,479.047,0.901726,0.99595,1.00254,1.0244,1.28546,-0.2907,0.0142771,1
6245,507.391,-1200.72,1313.06,1.15817,1.01879,0.989452,0.995149,0.797869,0.0898785,-0.0177868,1
6246,2395.87,-3734.82,5633.96,0.872856,0.973597,1.01226,0.980491,1.08949,0.0514946,-0.0058368,1
6247,1717.57,5643.56,-4060.03,1.01884,0.996651,0.980986,0.991703,1.06605,0.0471736,0.00948247,1
6248,757.954,2043.55,-1783.01,0.809546,1.01709,0.985938,1.0177,0.622877,-0.0567168,-0.0187298,1
6249,2318.25,6800.6,-4292.91,1.02653,0.996393,0.998852,0.944239,0.86763,-0.0303391,-0.0105054,1
6250,1188.26,-2725.89,3381.07,1.11663,1.00077,0.994198,0.972709,1.06588,-0.0422719,0.0154612,1
6251,906.732,2507.63,-2132.61,0.908702,1.00204,0.994539,0.954627,1.14318,-0.160861,-0.00538612,1
6252,2527.48,-3758.97,5975.44,0.891985,1.00152,0.98564,0.993643,0.87939,-0.0639497,0.00468765,1
6253,1422.99,4202.98,-3265.91,1.14944,1.02148,0.983764,0.961954,1.47408,0.0569979,0.00978246,1
6254,1218.17,3359.65,-2717.01,0.814522,0.980856,1.01232,1.03339,1.37376,0.252943,0.00236067,1
6255,345.566,906.583,-853.557,1.52878,1.0018,0.993679,0.966943,1.08505,0.120971,0.0188495,1
6256,508.509,-1218.86,1331.75,1.16097,1.01674,1.00725,1.00315,0.848032,-0.191313,0.00803539,1
6257,200.017,519.241,-501.775,1.14083,1.01933,0.999843,1.00677,0.94126,0.217942,0.0182281,1
6258,6781.41,21699.9,-7344.62,1.22993,1.00894,0.996797,0.982104,1.15662,0.022366,0.00548255,1
6259,2273.56,-4825.64,7422.43,1.49794,1.00775,0.986655,0.960452,1.1899,0.0612835,-0.00554577,1
6260,1181.61,-2591.2,3180.51,1.04544,1.02192,0.997963,1.02614,0.9554,-0.118915,0.00559006,1
6261,682.401,-1577.79,1780.23,0.908851,0.988316,0.998364,0.982032,1.21351,0.116353,-0.00976563,1
6262,4398.62,17412.1,-8213.99,0.971425,0.972926,0.995742,1.00952,0.951856,0.0798836,0.0019505,1
6263,194.046,503.446,-487.243,0.948915,0.98195,1.02562,0.970472,0.941325,0.260974,0.0145396,1
6264,446.231,1162.02,-1075.38,0.884148,1.01035,1.00248,1.03886,1.35947,-0.20668,-0.00860339,1
6265,483.532,-1137.77,1238.57,0.605517,0.977804,0.993134,1.02907,1.10243,0.262995,-0.00612883,1
6266,13192.5,-16715.3,53920.4,0.829207,0.999299,0.998534,0.992254,0.46081,0.0192617,-0.00264129,1
6267,867.733,-1982.3,2310.81,0.85038,0.993143,0.998438,1.02885,0.751392,-0.105001,0.00843299,1
6268,603.727,1621.44,-1456.35,0.994548,0.998495,0.991916,0.956846,1.11734,0.113621,0.0114081,1
6269,202.652,-493.602,511.063,1.00602,1.03622,0.988574,0.95653,1.30279,0.420428,-0.00987271,1
6270,567.753,1518.98,-1373.53,0.789817,0.978382,0.9995,0.99826,0.63819,0.208095,0.00639024,1
6271,2123.1,7438.5,-4977.73,1.22082,0.993525,0.995473,0.939765,0.800565,0.0325286,0.0107613,1
6272,5890.21,-8308.11,20649.9,0.896179,1.02119,0.984895,0.970086,0.814519,-0.156524,0.000889791,1
6273,8683.57,31277.8,-11239.8,1.27549,1.00535,1.01195,0.969814,0.839524,0.00550788,0.0115639,1
6274,1840.13,-3758.2,5372.49,0.953902,1.01573,0.986609,1.01537,1.23399,-0.0534031,0.00795538,1
6275,546.133,1440.22,-1308.05,1.3463,0.99447,0.994448,0.998966,1.19699,-0.16483,-0.00873455,1
6276,1762.58,5570.67,-3958.96,0.900977,1.00924,0.999127,1.05139,0.964267,-0.0710936,-0.00606744,1
6277,3792.05,-4219.32,8377.99,0.790255,1.01014,0.981282,0.96708,0.932019,0.0262981,-0.00745009,1
6278,1906.63,5435.4,-3959.99,1.09815,0.995794,1.02893,1.00393,0.813418,-0.0719452,-0.00523732,1
6279,355.908,922.05,-866.184,1.26816,0.997209,0.9791,1.01238,1.03218,-0.16387,-0.013866,1
6280,3127.1,9888.64,-5317.94,0.908396,0.983475,1.01316,0.975666,1.14425,0.0654659,0.00340286,1
6281,693.503,-1619.87,1834.14,1.11019,0.994831,0.98403,1.00226,0.654761,-0.18241,0.00621308,1
6282,782.809,-1801.78,2074.11,0.943444,0.964332,0.990432,0.956425,1.12097,-0.202064,0.00475801,1
6283,6457.16,15757.1,-6009.83,1.03629,0.995776,0.997654,1.01626,1.38376,-0.0340271,-0.00260725,1
6284,874.123,2415.83,-2061.98,1.05108,0.984559,1.00704,0.995386,1.33011,0.0904299,0.00948579,1
6285,147.755,372.593,-363.44,1.13738,0.988661,1.01078,1.00963,1.24696,-0.251694,-0.0208089,1
6286,1625.51,5187.71,-3810.75,1.02793,0.980656,1.00792,1.0507,1.29097,-0.0512525,-0.00877745,1
6287,2395.06,6177.03,-4023.31,1.07308,0.98924,1.00796,1.00857,0.940816,-0.0730851,-0.00411213,1
6288,901.236,2510.87,-2138.09,1.3523,1.01029,0.995841,0.988487,0.7977,0.159291,0.00543024,1
6289,315.553,-761.793,803.982,0.866445,1.03633,1.01232,1.00258,1.0501,0.212849,-0.0120183,1
6290,1161.63,3131.74,-2526.3,1.107,0.97135,1.00433,1.02533,1.27534,0.146227,0.00431294,1
6291,360.509,-880.332,937.665,1.13702,0.998456,0.989945,0.962036,1.10574,-0.184437,0.0118562,1
6292,536.358,1410.96,-1284.91,1.35427,1.00876,1.00522,1.0189,1.03327,-0.168595,-0.00869747,1
6293,525.681,1379.02,-1257.1,0.976374,0.97072,0.999526,0.987509,1.0855,-0.155997,-0.00928342,1
6294,5892.2,16249.7,-4945.97,0.928526,1.01788,0.978867,1.04438,1.09283,-0.0215233,-0.00467257,1
6295,2028.43,6345.14,-4459.42,0.974257,0.992437,0.996285,1.01691,1.20371,-0.0776741,-0.00472263,1
6296,809.036,2204.72,-1902.7,1.14779,0.939905,0.985989,1.00834,0.957679,-0.0814464,-0.0112301,1
6297,893.988,-2024.13,2366.45,0.984739,1.01733,1.00773,0.988873,0.713795,-0.0479153,0.0182092,1
6298,814.795,2196.11,-1899.53,0.784156,0.963126,0.999968,0.979688,0.905632,-0.197266,-0.00466632,1
6299,2521.84,6554.21,-4159.45,1.02205,1.01354,1.00277,0.95266,0.579388,-0.033568,-0.00877394,1
6300,236.414,602.554,-578.8,1.11555,1.01541,1.00526,1.00859,1.25633,-0.2656,-0.0127499,1
6301,1111,3172.46,-2597.63,0.774457,0.968087,0.979242,0.984926,0.696516,-0.108449,-0.00636332,1
6302,285.183,-691.61,726.504,1.03622,1.00582,0.99258,0.975393,0.852684,0.171497,-0.016433,1
6303,359.689,932.279,-876.222,1.08765,1.01243,1.00475,0.96413,0.941312,-0.15931,-0.0138485,1
6304,269.611,693.045,-661.423,0.998324,0.990072,0.989765,1.01189,1.19236,-0.16775,-0.0175319,1
6305,8254.87,-7284.63,19176.5,0.74281,1.00701,0.992746,0.992022,0.889203,0.231315,-0.00031976,1
6306,6210.86,17675.5,-5814.39,1.12372,0.985788,1.00288,1.01405,1.19494,-0.286472,-0.000403815,1
6307,427.457,1112.26,-1033.08,1.06527,1.00376,1.00965,1.02746,1.20288,-0.206362,-0.00885501,1
6308,77427.1,-60173.6,139524,1.14366,1.01395,0.999803,0.987702,1.242,0.0301729,-0.000722593,1
6309,5668.85,-8233.55,19594.6,0.862034,1.00934,0.999509,1.02575,1.17359,-0.036843,0.00381905,1
6310,855.043,2345.24,-2013.38,1.16042,0.996057,0.997412,0.960015,1.05969,0.212383,0.00421982,1
6311,700.218,1906.5,-1681.03,1.17768,0.986307,0.993311,1.00664,0.812091,0.28565,0.00381264,1
6312,430.545,-1026.77,1106.1,1.08578,1.02437,1.00659,1.03822,0.880634,0.125757,-0.0147601,1
6313,1567.85,-3091.66,4038.03,1.21767,1.00995,1.01169,1.0323,0.766574,-0.122913,0.00391688,1
6314,209.377,533.746,-514.934,0.41748,0.992483,0.994631,1.0214,1.15214,-0.217924,-0.0173631,1
6315,993.754,-2186.8,2627.15,0.919342,0.967264,0.997851,1.02243,1.08802,0.146977,-0.00515773,1
6316,188.258,486.366,-470.864,1.20788,0.988557,0.99519,0.962988,0.967944,0.1815,0.022717,1
6317,2300.48,-4921.32,7529.67,1.31258,1.02194,0.992617,0.9326,1.1486,0.109872,-0.00308534,1
6318,392.965,-958.382,1026.48,0.994774,0.989527,1.00253,0.923629,1.26158,-0.312953,0.00620888,1
6319,2159.12,-4678.04,6887.41,0.76966,1.0044,0.990201,1.00143,1.14567,-0.18012,0.00195253,1
6320,115402,12756,51818.8,1.14453,0.988961,0.978757,0.936437,0.945989,0.00168952,-0.00361448,1
6321,659.458,1771.58,-1577.59,0.958751,1.01389,1.00817,1.00608,1.06213,0.0616989,0.019112,1
6322,915.175,-2031.58,2401.61,0.770588,0.982307,0.991506,0.955417,0.901258,0.235437,-0.00361113,1
6323,273.064,695.692,-664.131,1.00238,0.993992,1.01582,1.00894,0.954231,-0.331439,-0.00854754,1
6324,885.19,2435.88,-2080.06,1.49817,0.999817,0.991568,0.991587,1.08912,0.0518867,0.0169723,1
6325,17768.2,-24413.1,71022.8,0.765352,0.996502,1.01209,0.983351,1.00445,0.0244204,-0.00185979,1
6326,458.935,-1104.01,1196.74,0.679084,0.986376,0.997132,1.0066,0.911687,-0.193054,0.00867528,1
6327,222.748,579.073,-557.378,1.10258,1.00316,1.00534,1.04051,1.04731,0.221483,0.0157128,1
6328,8034.02,24773.1,-9520.28,1.11226,1.00842,0.992116,0.945045,1.28137,0.326887,0.000214424,1
6329,220.555,-536.161,556.847,0.995626,0.981954,0.996462,0.990681,0.835959,0.246245,-0.0144173,1
6330,959.95,-2171.41,2591.14,1.17647,0.959447,0.998458,1.00122,0.834445,-0.0469456,0.0164465,1
6331,104191,-15568.3,94567.3,0.879719,1.00325,0.983225,1.02601,0.963821,0.189257,-6.66266e-05,1
6332,382.524,997.621,-932.138,1.04571,1.0104,0.971835,1.04775,1.2759,-0.0763748,-0.0281929,1
6333,1231.4,3318.89,-2666.11,1.13182,1.04884,0.988834,1.02013,0.750153,-0.0830142,-0.00798669,1
6334,2162,7511.97,-5006.51,0.755661,1.00282,0.998922,0.997547,0.743608,-0.142651,-0.00242987,1
6335,819.398,-1894.18,2190.62,1.12725,1.02832,0.998384,1.003,0.844039,-0.308151,0.00313259,1
6336,3984.69,11463,-6239.27,0.740351,0.99202,0.996217,0.976083,1.36293,-0.117788,-0.00148463,1
6337,849.014,-1926.35,2243.29,0.905043,1.01169,1.00147,0.980995,1.1509,-0.129334,0.0071077,1
6338,1083.59,-2346.92,2836.82,1.06939,0.988791,1.00369,0.970345,0.787223,-0.103104,0.00677713,1
6339,6150.58,-3737.11,13251.3,0.965902,1.00321,1.00603,1.0169,0.848701,-0.0235647,0.00446829,1
6340,725.371,-1676.07,1904.6,0.935387,0.973324,1.01084,0.959218,1.30045,-0.070964,0.0144524,1
6341,17929.4,88308.1,-26869.1,0.786452,1.01676,0.984216,1.01638,0.841907,0.0134785,0.00320406,1
6342,6669.71,-5056.9,15868.4,1.21382,1.00035,1.01628,0.995526,1.10687,-0.00938509,0.0123693,1
6343,2145.42,-4355.65,6587.41,1.11713,0.984696,1.01328,0.976563,0.992543,-0.275428,0.00122018,1
6344,1069.95,3062.12,-2515.71,1.11305,1.01813,1.00145,1.00358,1.13486,-0.118314,-0.00620198,1
6345,1604.46,-2996.07,3998.91,0.928985,1.02556,0.997057,1.00562,0.879502,-0.0234619,0.0208461,1
6346,3598.56,9095.03,-4832.65,1.29558,0.999026,0.994525,0.992997,1.26535,0.0297473,0.00658905,1
6347,2474.34,6414.3,-4112.33,0.914868,1.007,1.00298,1.02267,0.513202,0.0469811,0.00629247,1
6348,131.197,339.933,-332.396,0.879276,0.996578,0.995294,0.966526,0.815451,0.369854,0.0160224,1
6349,834.039,-1912.25,2215.26,0.904795,1.0321,1.00086,1.01449,0.84871,-0.0969873,0.00985783,1
6350,649.05,1752.63,-1563.45,1.2236,0.975125,1.01546,0.939283,1.46194,0.21212,0.00533802,1
6351,69.6792,-170.938,172.952,1.05624,0.957955,0.992129,1.02019,0.681475,0.360935,-0.0306929,1
6352,2524.86,-3739.86,5934.12,1.0908,1.01017,1.00314,0.987336,0.756953,0.222377,-0.00134681,1
6353,580.084,-1347.47,1492.79,1.10134,1.00993,0.989042,1.00671,1.12534,0.28258,-0.00493713,1
6354,429.786,1143.13,-1059.82,0.856092,0.999507,0.993489,0.970243,0.684175,0.256494,0.0070781,1
6355,4209.55,13808.6,-7249.24,1.26396,1.01434,1.01183,1.04607,0.738037,-0.0187946,-0.00864188,1
6356,7507.03,-5612.71,18857.1,0.840311,1.03181,0.983716,0.998694,0.915695,0.0231152,-0.00504551,1
6357,745.193,2018.76,-1766.76,1.00088,0.973473,0.999584,1.03106,1.099,0.152889,0.00656784,1
6358,1545.85,4129.02,-3133.2,0.807576,1.00141,0.993041,0.989968,1.18065,0.0721275,0.00684633,1
6359,1012.92,-2257.04,2694.11,1.31557,1.00344,0.998091,0.950769,1.01302,0.203324,-0.00381541,1
6360,3205.84,-5759.78,10299.2,1.25064,0.998584,1.02212,0.977672,1.13587,0.0264266,-0.00882526,1
6361,560.787,-1331.53,1468.75,0.727884,1.00634,1.00525,0.969668,1.05134,-0.109681,0.0126449,1
6362,5742.68,21477.4,-8481.35,0.57608,0.980192,0.995904,0.991679,0.900839,-0.134347,-0.00103807,1
6363,251.864,-622.121,649.593,1.07976,0.973945,1.00764,1.02017,1.18142,-0.22755,0.0130692,1
6364,22308.1,103309,-36899.1,0.858435,1.00623,1.00022,1.04571,0.877882,-0.0360201,-0.00109595,1
6365,562.678,-1337.65,1476.98,1.4572,1.00709,0.997461,0.946509,1.24023,-0.149842,0.0093171,1
6366,1939.83,5079.43,-3573.23,1.34771,0.999036,0.978996,1.02817,1.11596,-0.0777269,-0.00510051,1
6367,28033.8,122241,-49685.2,1.16764,1.00192,1.00187,0.984309,0.854826,0.00281919,0.0128423,1
6368,1378.69,4063.31,-3195.42,0.645439,1.02113,1.00825,0.971219,1.1724,0.0892603,0.00623681,1
6369,333.515,861.362,-813.543,1.25089,1.01507,1.01057,0.940243,1.02235,-0.189018,-0.012549,1
6370,853.292,2301.85,-1974.13,0.986208,1.04225,0.984238,1.01079,0.885164,-0.120531,-0.00803647,1
6371,1886.99,5076.62,-3679.57,1.028,0.993832,1.0111,1.04035,0.777051,-0.040883,-0.00948875,1
6372,342.072,895.076,-843.684,0.98513,1.0023,1.00735,1.01365,0.948886,0.0995714,0.0227327,1
6373,6366.77,-3719.51,13844.8,0.907937,1.01312,1.0007,0.951182,0.559215,-0.0120144,0.0086986,1
6374,50351.9,-58296.2,127357,0.858365,0.965951,0.996346,0.975556,0.645695,-0.0067142,0.00440671,1
6375,429.302,-1035.09,1114.75,0.992891,1.0008,1.01718,1.0013,0.937016,-0.127203,0.0139552,1
6376,381.77,1009.57,-944.769,0.852277,0.980648,1.00905,0.993884,0.919332,0.324035,0.00603778,1
6377,29439.8,125808,-52978.3,0.927642,1.0008,1.00978,0.977718,1.07201,0.335387,0.000104391,1
6378,925.061,-2015.3,2377.17,1.1546,0.974203,0.994511,1.04848,0.64897,0.219346,-0.00377275,1
6379,4853.3,19287.5,-8695.16,1.0078,1.03577,1.01343,1.00561,0.791279,-0.143185,-0.00102321,1
6380,210.041,-511.264,529.972,1.04192,0.972819,0.999522,0.979975,1.13463,0.193605,-0.0189477,1
6381,2653.54,-3994.09,6276.06,0.817955,1.02667,1.00004,1.05854,0.957948,-0.151046,0.0018794,1
6382,746.549,2021.87,-1771.26,1.00436,1.03057,1.00562,1.03139,0.975032,0.11543,0.00915797,1
6383,6591.86,-3979.45,12956.6,1.11439,1.01119,0.99649,1.00968,0.74327,-0.0401683,0.00231245,1
6384,3702.44,9325.49,-5086.29,1.03087,1.00687,1.00532,1.03143,0.83339,0.0153523,0.0122574,1
6385,1035.93,2789.42,-2316.21,0.936637,1.04543,1.00138,1.01628,1.39299,0.0490366,0.0157655,1
6386,52585.3,165233,-86429.4,0.985404,1.00832,0.98975,1.03839,1.02353,0.156704,0.000163578,1
6387,1737.82,-3797.78,5259.01,1.07814,1.00059,0.997245,1.01829,0.977766,0.143761,-0.00307118,1
6388,1616.37,-3643.51,4893.62,0.865079,0.974906,0.998826,0.996929,0.837126,0.0432732,-0.0106532,1
6389,8913.11,33740.8,-11689.2,1.21746,1.00102,1.00642,1.00426,0.520219,-0.0464729,-0.00133279,1
6390,92650.4,155937,-84120.7,1.00685,1.0191,1.00774,1.01136,1.16798,0.0085102,0.00154668,1
6391,346.746,913.19,-859.837,0.873597,1.01654,0.999861,1.0146,1.17529,0.232774,0.00977685,1
6392,824.994,2230.75,-1924.11,1.20438,1.00276,1.00429,1.04824,1.03791,-0.0796992,-0.0117584,1
6393,1073.36,3109.81,-2565.41,1.05543,1.03409,1.00014,1.01469,1.0914,0.114682,0.0064226,1
6394,351.048,929.443,-873.581,1.21017,0.991566,0.983103,0.992943,1.33064,0.324622,0.00687937,1
6395,10834.4,50191.8,-14859.3,1.48986,1.0173,1.01379,0.982414,0.679402,-0.124371,-0.00043053,1
6396,256.023,667.976,-638.909,1.4454,0.988454,0.99344,1.03421,0.765998,0.259554,0.0116467,1
6397,7317.32,19368.4,-7736.18,1.32632,1.00849,0.999537,0.994914,1.13491,-0.100495,-0.000774017,1
6398,299.911,783.586,-743.866,0.529637,0.993142,1.00072,0.928938,0.929667,0.161226,0.0159907,1
6399,3613.7,-4240.38,8493.57,1.41529,1.01719,0.993945,1.02185,0.629154,-0.073073,0.00277872,1
6400,6176.69,17282.5,-5152.15,0.907778,1.03465,0.993725,1.00932,1.22197,-0.0226512,-0.00451134,1
6401,441.202,-1062.35,1147.46,1.1174,1.01673,0.99653,1.00343,0.869497,-0.121808,0.014816,1
6402,582.309,1538.69,-1389.54,0.640287,1.01442,1.00426,1.04153,0.670099,-0.132423,-0.0102392,1
6403,318.214,-778.76,823.208,0.970216,0.982881,0.994187,0.991919,1.21928,-0.204344,0.0118526,1
6404,1554.33,4865.29,-3676.7,0.848298,0.970236,1.00621,1.03293,1.05637,-0.136585,-0.00343679,1
6405,3217.96,-6105.89,11000.9,1.02131,1.00255,0.980392,1.00943,0.964097,0.154138,-0.00156804,1
6406,628.44,-1481.71,1657.17,0.652954,0.984365,0.993104,1.04577,0.989913,-0.261583,0.00465807,1
6407,3253.01,11923.2,-6348.54,0.633742,0.995725,0.980178,0.995278,1.07436,0.0983659,0.00239452,1
6408,2595.59,-3858.89,6220.78,1.20084,1.03992,1.00846,1.0259,1.05503,-0.061262,0.00478523,1
6409,545.142,-1295.38,1424.33,0.754269,1.00777,1.01046,0.996946,0.956864,-0.0853924,0.0166296,1
6410,6676.79,-3980.87,14873.1,0.854413,1.01598,0.988618,1.01561,1.08121,-0.0607421,0.00178741,1
6411,1024.95,2801.79,-2316.19,0.740524,0.984469,0.998504,1.02073,0.974922,0.134093,0.00548008,1
6412,2760.63,9750.89,-5944.74,0.825855,0.983062,0.983714,1.00855,0.924469,0.102312,0.00255477,1
6413,1227.4,-2778.13,3491.1,0.95319,1.00812,0.986897,1.04418,0.965037,-0.0852246,0.00751366,1
6414,122580,57323.5,-23281.3,1.05438,1.01592,0.986234,0.963389,1.01177,-0.0750213,-4.06129e-05,1
6415,6406.83,-3544,13679.1,0.932051,1.0228,0.993612,1.03091,0.588458,0.058774,-0.00175119,1
6416,371.441,-901.804,962.42,1.10453,0.990487,0.990937,1.05913,0.871097,-0.123732,0.0170076,1
6417,325.924,-796.597,842.872,0.843759,1.00165,0.99864,1.046,1.0453,-0.124561,0.0192962,1
6418,3458.58,8819.49,-4712.47,1.1031,0.983839,0.996952,0.968094,0.64332,0.0334905,0.00604512,1
6419,1454.52,3910.93,-2984.96,1.26238,0.98941,1.00138,0.927187,1.04883,0.184197,0.00278339,1
6420,4034.28,12040.4,-6527.08,0.9674,1.00237,1.00125,1.02073,0.753736,0.098672,0.001728,1
6421,103139,167239,-91630,1.28393,1.05878,1.00722,1.00175,0.601611,-0.00907627,-0.00136877,1
6422,3665.54,-4195.9,8267.09,0.367264,1.01466,1.00164,0.974637,0.712201,0.114514,-0.00174505,1
6423,1828.26,-3710.41,5275.87,1.03551,1.01425,0.99429,1.03448,1.03136,0.119462,-0.00356027,1
6424,408.326,1065.07,-991.926,1.19635,0.997484,0.997999,0.965901,1.20776,-0.13882,-0.0138865,1
6425,3506.04,11531.6,-5820.78,1.28823,1.02319,0.992525,0.962847,0.874364,0.158355,0.001374,1
6426,600.281,1590.03,-1429.28,0.749244,0.992904,0.988439,0.985373,1.24239,-0.177523,-0.00742204,1
6427,10719.9,-12639.6,38842,1.2855,0.991317,0.994556,1.05511,1.30956,-0.015271,0.00371053,1
6428,685.303,1823.22,-1612.47,0.94458,0.987092,0.981299,1.03366,0.724168,-0.232277,-0.00498216,1
6429,3143.96,9958.76,-5345.08,0.76064,0.98405,1.00802,1.03252,0.998123,0.0120824,0.0185115,1
6430,7459.32,20313.1,-8115.46,1.21447,1.00796,0.996727,0.989804,0.963105,0.0435057,0.00174795,1
6431,81730.8,156602,-83237.5,1.00195,0.997362,1.00443,1.00639,1.03976,-0.00990535,-0.00158184,1
6432,149.22,374.783,-365.452,0.77213,0.989194,1.00074,1.00013,1.29391,-0.40275,-0.0131416,1
6433,998.739,-2301.92,2749.88,0.925819,0.997726,1.0142,0.97725,1.47806,-0.0685503,0.0110407,1
6434,833.798,-1894.83,2203.76,1.02403,0.996503,0.983413,0.986731,0.89395,0.117954,-0.00808676,1
6435,1738.03,-3713.76,5161.47,0.84524,1.00082,1.00194,1.04922,1.21146,0.0368054,-0.0118528,1
6436,9214.67,36358.1,-12009.8,1.24651,1.00996,0.997101,1.0069,1.1868,-0.10869,-0.000555673,1
6437,5894.28,16229.9,-5219.12,0.947052,1.02089,1.0045,0.947109,0.797635,0.0393949,0.0025042,1
6438,1528.17,4050.77,-3098.82,0.724755,0.999749,1.00855,0.987786,1.15243,-0.132109,-0.00373366,1
6439,262.963,666.985,-637.282,0.921339,0.968623,0.988466,0.985038,1.30395,-0.393856,-0.00756678,1
6440,665.277,1787.16,-1589.28,1.11253,1.01834,1.00457,0.968462,1.1262,0.0502837,0.0234876,1
6441,851.937,-1945.9,2271.63,1.21634,0.961569,0.991834,1.01065,0.62187,-0.0458687,0.019231,1
6442,827.201,-1869.93,2165.88,1.09252,1.03136,0.994861,0.983409,1.19128,0.107092,-0.00914679,1
6443,3205.63,8943.09,-4809.54,1.03512,0.976727,1.01252,0.99459,1.07608,-0.065046,-0.00331617,1
6444,9012.9,34603,-11861.2,1.04013,1.00227,1.00276,1.03554,0.9598,-0.0127948,-0.00477709,1
6445,23509,-33596.4,87753.3,0.94963,0.981256,0.996952,1.0091,0.876799,-0.00828723,0.00498958,1
6446,286.341,-700.643,735.928,1.19531,0.980468,1.01028,1.00923,0.772814,-0.126597,0.0208147,1
6447,436.674,-1053.1,1137.17,1.12027,1.01504,0.987834,1.01667,0.965005,-0.160707,0.0114411,1
6448,859.922,2359.93,-2023.91,0.812499,0.991978,0.994368,0.9356,0.764397,0.131528,0.00680116,1
6449,2399.91,6262.5,-4037.36,1.01157,0.9902,1.00125,0.957911,1.36965,0.0298709,0.0101303,1
6450,440.038,-1061.65,1147.59,0.964664,0.989447,0.983377,1.01704,1.24854,-0.160825,0.0111208,1
6451,384.534,998.289,-933.654,1.25991,0.985334,1.00073,1.0084,1.07157,-0.146664,-0.0137328,1
6452,261.443,667.014,-637.839,1.16768,1.01586,1.0011,0.961593,0.948759,-0.299497,-0.010298,1
6453,4033.62,12168.5,-6631.09,1.11063,1.00082,1.01154,1.03768,1.08281,-0.0710358,-0.00238512,1
6454,6752.4,-6736.5,18523.4,0.735833,1.00063,1.01468,1.01996,0.601108,-0.0297075,0.00422106,1
6455,2484.57,6683.02,-4368.05,0.850298,0.975785,0.985326,0.991057,0.7327,0.057791,0.00504605,1
6456,3410.22,-5243.68,9953.19,0.882931,1.00405,1.00165,1.003,0.8881,0.0162441,-0.0137634,1
6457,772.234,2080.1,-1811.69,0.898457,0.992496,0.992635,0.986926,0.633611,-0.138316,-0.00731427,1
6458,83835.9,-45198.6,120800,0.999092,1.0038,1.01337,1.00157,1.19885,-0.00615888,0.00303745,1
6459,422.471,-1005.33,1081.27,0.797853,1.00344,1.00855,0.997925,0.983956,0.240914,-0.00771019,1
6460,6782.22,-4619.94,15877.7,1.06379,0.99996,0.990524,0.973189,0.748718,-0.107104,0.00106822,1
6461,868.256,-1964.87,2290.96,0.678501,0.98333,0.995198,0.996283,0.723435,0.189518,-0.00470085,1
6462,161.385,-404.679,416.024,1.03447,0.998216,0.997538,0.974165,0.759776,-0.299184,0.0161314,1
6463,103662,84487.2,-37818.5,1.38054,0.984587,1.01421,0.977059,0.806885,-0.0572361,-0.000105496,1
6464,60744.8,167223,-87303,0.994746,0.985183,0.995043,0.998947,0.691849,0.0298986,0.000751836,1
6465,115.704,-294.219,300.071,0.811,1.01449,0.998458,1.00479,0.959322,-0.475008,0.0142974,1
6466,6814.25,20442.6,-6495.62,1.25284,1.0177,0.990591,1.02257,1.1195,-0.028955,-0.00401931,1
6467,5795.55,22622.3,-8822.69,1.2091,1.01058,0.995402,0.962377,0.596287,-0.0313485,-0.0044109,1
6468,463.588,-1101.2,1193.78,1.21227,0.982536,1.00731,1.00411,0.747674,0.0695555,-0.0236609,1
6469,4052.98,12843.1,-6941.89,0.826338,0.995695,1.01626,1.02474,1.15621,-0.0489536,-0.00341288,1
6470,410.166,-1001.36,1075.65,0.939547,1.01399,0.999049,0.95731,1.41569,-0.319231,0.00600377,1
6471,79092.9,-47916.2,123591,0.743317,0.985705,0.996944,0.978712,0.927048,0.00397406,-0.00512918,1
6472,594.945,-1396.69,1551.83,0.779259,1.0267,0.99043,1.02214,1.24207,0.0421859,-0.0323858,1
6473,2054.82,6410.04,-4494.24,1.02628,0.994355,1.00291,0.96739,0.673986,-0.369571,-0.000988998,1
6474,2634.74,-4093.63,6343.9,1.24759,1.0116,1.00079,1.03383,0.947441,-0.0533965,0.00530406,1
6475,454.228,1185.05,-1094.85,0.791293,1.00457,0.998969,0.987023,0.828948,-0.206649,-0.0084479,1
6476,176.187,456.394,-442.819,0.736967,0.97132,0.998196,0.955513,0.905727,0.279866,0.0153219,1
6477,1205.48,-2657.85,3323.95,1.16191,1.00635,1.01448,0.923256,1.17732,-0.0576272,0.0109525,1
6478,1125.89,3041.38,-2493.78,0.760535,1.00498,0.999031,0.974278,0.895878,-0.0804749,-0.00855885,1
6479,88554.1,123453,-61837.4,1.06576,0.962493,0.999799,1.00244,0.769332,0.0602083,0.000187418,1
6480,58098.8,-60150.2,132673,1.25839,0.976643,0.992349,1.00474,1.36343,0.00360003,-0.00751484,1
6481,1501.55,-2874.34,3756.63,1.45729,1.00569,1.01861,0.971584,0.592358,-0.0482766,0.0103496,1
6482,734.372,1972.79,-1731.49,0.600095,0.994398,1.00086,1.07316,1.21178,-0.0761802,-0.013788,1
6483,385.903,-939.274,1004.57,0.918825,1.03011,0.998493,0.975376,0.947987,-0.199907,0.0104118,1
6484,199.412,-487.379,504.097,1.34055,1.00415,1.0113,0.992492,0.699982,0.228804,-0.0172097,1
6485,969.33,-2200.58,2606.18,1.18137,1.00001,1.00936,0.963093,0.676128,-0.265729,0.00294023,1
6486,820.86,-1849.43,2139.66,1.21899,1.02626,0.994326,1.01273,1.19297,0.192281,-0.00512672,1
6487,295.995,771.613,-732.865,1.0371,1.01004,0.988193,1.02435,0.678107,0.109308,0.0247681,1
6488,103.368,-254.148,258.625,1.10888,1.02706,0.993439,0.988447,0.681529,0.348204,-0.0229912,1
6489,2134.25,6799.89,-4691.36,1.07211,1.02267,0.996594,0.982081,0.891134,0.125032,0.00284591,1
6490,7272.82,-4935.61,14521.6,1.06455,1.01619,0.988629,0.967928,0.982983,0.0618852,-0.00137202,1
6491,16689,-22064.7,67808.6,1.32059,0.994289,0.984569,1.02159,0.965407,-0.136629,0.000341481,1
6492,223.917,-556.939,578.74,0.688879,0.994503,1.00696,0.994743,0.912695,-0.32249,0.010585,1
6493,359.855,-879.533,935.872,1.09036,0.971286,1.0142,0.969315,0.905846,-0.243278,0.00843526,1
6494,1447.99,-3157.33,4152.71,0.912961,1.00207,0.992435,1.00271,0.770591,0.0760663,-0.00705972,1
6495,2829.09,-5838.59,9753.44,1.24095,0.972388,1.00187,1.01763,0.969719,-0.137809,0.00183655,1
6496,448.901,-1082.33,1170.59,0.946096,1.00987,0.998188,1.0093,0.980367,-0.158286,0.0110864,1
6497,469.588,1229.83,-1133.45,0.871878,1.0048,1.00613,1.01007,0.94984,-0.150066,-0.011114,1
6498,90718.3,129553,-66372.3,0.963286,0.976605,0.997258,1.00925,0.923695,0.0379146,0.000306034,1
6499,1775.61,5234.48,-3711.23,0.659257,1.01205,1.01464,0.983957,1.22002,0.103361,0.00405062,1
6500,407.669,1069.23,-995.256,0.971888,0.967822,0.992473,0.993324,0.964473,0.0797791,0.0233931,1
6501,8607.08,32022.3,-11262.5,1.2713,0.962708,0.990992,1.02626,1.08757,-0.016639,-0.00385506,1
6502,10599.4,48990.7,-14073.8,1.00604,0.996171,0.982193,0.997768,0.700312,-0.00421967,-0.0129859,1
6503,2360.46,-3770.09,5951.33,1.10925,0.993566,0.995706,1.03443,1.30617,-0.14554,0.00215541,1
6504,1174.8,3260.56,-2652.6,1.13055,1.0147,0.9919,0.982703,1.15762,-0.0702644,-0.00955834,1
6505,667.145,-1534.62,1725.88,0.908426,0.998658,0.996906,1.02767,1.16657,0.264283,-0.00447761,1
6506,225.255,586.381,-564.307,1.11339,0.998156,1.01673,1.02399,1.13675,0.319255,0.0105152,1
6507,216.202,563.704,-543.054,0.748214,0.998342,0.99576,0.988208,1.21257,0.290025,0.0124329,1
6508,7770.77,-7112.85,17780.5,1.20794,0.957426,0.991604,1.02782,0.936264,-0.0196309,0.0039313,1
6509,1673.1,-3775.11,5080.76,0.846337,1.00827,1.02198,0.95535,0.703015,0.0309175,-0.0144745,1
6510,1465.4,3860.22,-2959.95,0.706253,0.997118,1.01829,0.98695,0.888494,-0.114366,-0.00443214,1
6511,6013.28,15839,-5268.64,1.14321,1.02846,1.01324,0.995651,1.5053,-0.0463947,-0.0020677,1
6512,253.347,662.28,-633.91,1.00046,0.964885,1.00116,0.968862,1.05304,0.282318,0.0104234,1
6513,1756.69,-3790.54,5292.09,0.822983,1.00121,0.992051,1.01565,1.14022,0.0531004,-0.0082541,1
6514,1432.74,4377.8,-3330.25,1.09605,1.01084,1.00003,1.02674,0.594238,0.136833,0.00389235,1
6515,1215.46,3568.59,-2850.92,0.890132,1.01774,1.01202,1.02986,1.00794,-0.0713535,-0.00886036,1
6516,513.473,1343.21,-1229.47,1.27756,1.00615,1.02136,0.982528,1.08505,-0.263487,-0.00570275,1
6517,6901.95,17551.3,-7287.26,0.731093,0.992557,1.00535,1.03366,0.994397,0.315667,0.000256418,1
6518,1080.11,3084.37,-2517.86,0.637258,1.01441,0.988824,1.02174,0.748231,0.0746076,0.00978045,1
6519,329.81,-811.413,859.428,0.709036,0.999846,0.994201,1.02843,1.18409,-0.29167,0.00812313,1
6520,788.097,-1781.68,2051.06,0.917166,1.00706,0.986772,0.992636,0.867427,0.250722,-0.00407421,1
6521,424.601,-1011.08,1088.76,0.65844,1.02028,0.994873,0.983526,0.849249,0.198385,-0.00963247,1
6522,325.754,854.359,-807.206,0.708136,0.989275,0.998626,0.963124,0.652341,0.216259,0.0109267,1
6523,105563,-28531.9,111194,0.992334,1.02463,0.992856,0.977089,0.993496,-0.00161265,0.00847116,1
6524,384.5,1009.21,-944.706,1.09204,1.0309,1.0164,0.961768,0.842443,0.0923349,0.022175,1
6525,81120.2,158137,-84306.4,0.543761,0.995116,0.999121,0.981917,0.848133,-0.00476309,-0.00338604,1
6526,3157.23,11219.4,-6064.69,1.10231,0.979,0.989105,0.99153,0.800521,0.0474162,0.00497808,1
6527,372.075,-907.184,966.941,0.745706,1.02621,1.01587,0.999633,0.673935,-0.184788,0.0113805,1
6528,1104.76,-2330.61,2843.45,0.506967,1.01348,1.00538,1.00305,0.874667,-0.0526043,0.0133413,1
6529,728.826,-1704.81,1940.73,0.86148,0.998651,0.999836,0.974425,0.821001,-0.299636,0.00351951,1
6530,2633.18,-4441.67,6788.84,1.19935,0.99282,1.00424,0.987654,0.810232,0.047706,-0.00584446,1
6531,503.443,-1183.79,1292.66,1.00109,1.0002,0.995469,1.03655,0.905774,0.24918,-0.00633327,1
6532,3895.29,10086.4,-5431.27,0.954826,1.01461,0.993687,1.01392,0.859066,-0.0697937,-0.00260516,1
6533,2238.03,7871,-5079.01,1.06361,1.0098,0.991992,1.00958,0.962671,0.0318798,0.0105519,1
6534,898.156,2419.12,-2056.02,0.873463,1.02725,0.991688,1.02805,1.38734,-0.0543815,-0.0164514,1
6535,6914.62,-4462.9,16055.2,1.06152,1.0027,0.984447,0.937313,1.31089,0.0544221,-0.00208866,1
6536,2584.88,-4365.46,6633.43,0.862108,0.981079,1.00196,0.963388,1.03878,0.0701441,-0.00403015,1
6537,3349.42,-4848.09,9299.36,1.03429,0.988148,0.994778,0.981684,0.997334,0.153712,-0.00144994,1
6538,2039.2,7070.03,-4811.34,1.48987,0.975369,0.997307,0.976268,0.921596,0.0170335,0.0209387,1
6539,2733.26,-4709.5,7295.94,1.22443,1.0093,1.00196,1.02907,1.19021,-0.087874,0.00308253,1
6540,544.634,-1289.32,1419.25,1.02076,0.972399,0.998849,0.984578,1.6015,-0.113375,0.0122533,1
6541,3130.6,-6039.97,10800.3,1.28668,0.989872,0.974721,1.00886,1.0647,-0.0398071,0.00615045,1
6542,4664.03,-7738.64,16353.3,0.970464,0.976024,0.995947,0.967664,0.949968,0.120568,-0.00128489,1
6543,1978.67,-3382.31,4790.69,1.26534,1.00357,0.989454,1.00614,1.00383,0.253131,-0.00155011,1
6544,2786.14,10348.6,-6213.25,1.08827,0.98581,1.00514,0.962282,1.1548,0.0337407,0.00755004,1
6545,325.874,855.041,-808.377,1.20181,1.00228,1.01473,1.02131,1.03782,0.239152,0.00978203,1
6546,947.887,-2098.34,2475.89,0.874596,0.981558,1.0058,0.953728,1.30252,0.199992,-0.00401414,1
6547,8453.67,29028.2,-10654.7,0.88975,0.996949,1.00256,0.955669,0.868454,-0.00774436,-0.00852355,1
6548,592.081,1559.53,-1405.99,1.14169,0.984526,1.0124,0.981434,0.625157,-0.218922,-0.00586556,1
6549,643.579,1731.59,-1542.46,1.11432,0.97182,0.987734,1.01089,0.980097,0.168968,0.00700114,1
6550,3766.68,9505.35,-5133.76,0.722055,1.02974,1.02168,0.988418,1.38022,-0.040224,-0.00461166,1
6551,2896.53,10191.7,-6149.13,1.14227,1.01937,1.00314,1.02366,1.0327,-0.0260506,-0.009686,1
6552,2802.29,-4296.16,6793.25,0.814003,1.03523,0.99785,0.996053,0.596878,0.113166,-0.00242853,1
6553,3534.53,8849.4,-4816.73,1.15014,1.00094,1.02012,0.983578,0.925157,-0.100472,-0.00195098,1
6554,407.394,1073.23,-999.297,0.956306,0.999392,0.994192,0.992415,0.943365,0.0916763,0.0210188,1
6555,9740.45,-11434.2,32774.5,0.992747,0.982269,1.01179,0.961423,0.913464,0.00784323,-0.00776807,1
6556,3209.43,-5928.33,10583,0.682547,1.00114,1.0031,1.06562,0.841038,0.175459,-0.00135201,1
6557,436.538,-1053.93,1137.35,1.16453,1.00569,0.999485,0.962906,0.926585,-0.133109,0.0135013,1
6558,679.922,-1586.42,1788.34,1.13933,1.0223,1.00251,1.00745,0.863634,-0.123064,0.00944388,1
6559,30635.7,-45751.2,107100,1.28745,0.995902,1.00353,0.998097,0.955699,0.0548348,-0.000680549,1
6560,88864.6,-44205.8,122704,1.06408,1.00899,0.998315,1.01116,1.06065,-0.0275408,0.000649827,1
6561,742.887,2024.72,-1769.06,1.16136,0.982339,0.978357,1.00085,0.993238,0.169378,0.0061845,1
6562,3772.3,-4467.57,8286.93,0.769738,1.00629,1.01228,0.960265,1.01477,-0.0414454,0.00458216,1
6563,2452.17,-3934.07,5948.24,1.02048,0.969577,0.994661,0.983626,1.01465,-0.230075,0.00128476,1
6564,595.667,1598.38,-1439.74,0.605965,1.00251,1.01333,1.03682,0.813596,0.178551,0.00714877,1
6565,98.7114,247.616,-243.539,1.06251,1.00847,0.992734,0.985303,0.905268,-0.323811,-0.02542,1
6566,1783.85,-3888.1,5267.55,0.801755,1.05781,1.01825,1.00383,1.38128,-0.147361,0.00296626,1
6567,1561.25,4160.92,-3153.84,0.783057,1.00097,0.993114,0.956652,0.91654,-0.0798047,-0.00617235,1
6568,1225.84,-2711.99,3363.19,0.89307,1.02042,0.984053,1.01321,0.982633,0.134202,-0.00490103,1
6569,9126.97,33232.6,-11303,1.22852,1.04481,0.992462,0.967829,1.15595,0.0535102,0.00115648,1
6570,108340,15331.6,-3383.07,0.890644,0.9661,0.994875,0.993109,0.695958,-0.0697915,-1.03834e-05,1
6571,1899.49,-3365.9,4700.33,1.01859,0.972777,0.97588,1.01675,1.19439,0.0410945,-0.00973929,1
6572,6750.16,16959.8,-7080.13,1.10233,0.976275,1.00976,1.01189,0.595581,0.0277708,0.00298936,1
6573,1580.4,4540.57,-3456.87,1.0792,0.991792,0.998918,1.00184,1.20359,-0.113226,-0.00421746,1
6574,110597,3642.98,67735.3,0.897161,1.00242,0.99671,0.981946,1.12543,0.00136388,-0.00630689,1
6575,621.015,1643.98,-1475.05,1.22909,1.00609,1.01158,1.00699,0.720362,-0.202246,-0.00618846,1
6576,872.616,-1993.05,2328.76,1.26597,0.982682,0.995939,1.02954,1.0304,0.0642982,-0.0136809,1
6577,12162.7,-15206.2,48140.9,1.30438,0.974271,1.01041,1.02238,0.990537,-0.0897834,0.000587008,1
6578,546.977,-1284.4,1412.72,1.08141,0.96459,1.01239,0.967092,1.20495,0.128368,-0.0105902,1
6579,58610.6,-60692.2,132325,1.2514,0.988438,1.00802,1.01726,0.838135,0.0106534,-0.0024939,1
6580,6928.33,21102.9,-6804.87,0.626099,1.0273,1.00188,0.985283,1.19187,0.0097549,0.0119476,1
6581,1447.85,4438.71,-3414.21,1.39818,1.02173,0.989528,1.02005,0.952784,-0.100589,-0.00542779,1
6582,294.427,758.969,-721.751,0.848714,1.00843,1.01162,0.939271,0.809637,-0.1608,-0.0165692,1
6583,1206.09,-2465.92,3063.16,1.50498,0.988897,1.02012,0.982038,1.15584,0.0624872,-0.00986426,1
6584,8123.31,25620.4,-9799.52,0.852754,0.994329,0.992258,0.994621,1.13781,-0.0121124,-0.00571466,1
6585,1005.19,2875.95,-2399.4,1.25465,0.997818,1.00227,0.993105,1.20777,0.0665651,0.0114124,1
6586,342.648,903.347,-851.07,0.799386,1.00731,0.998723,1.00919,0.979866,0.251948,0.00906404,1
6587,177.14,448.849,-435.424,0.875376,0.976662,0.991695,1.01265,1.14505,-0.21984,-0.0200997,1
6588,1037.35,-2258.12,2729.49,1.37784,0.996528,1.01357,1.00583,1.19616,0.0571466,-0.0127891,1
6589,239.907,610.718,-586.154,0.817794,1.00219,0.997148,0.983139,0.941198,-0.319727,-0.0104358,1
6590,207.064,537.462,-518.508,1.1034,1.01542,0.982455,1.03303,1.11089,0.207959,0.0188172,1
6591,6505.89,15927.6,-6339.82,0.885039,0.973459,0.994931,0.99091,0.771391,0.0143254,0.00611446,1
6592,723.706,1962.17,-1722.3,1.14904,0.975708,0.990813,1.02266,1.1496,0.184461,0.00568502,1
6593,2014.28,5728.37,-4066.77,0.592649,1.00963,0.997982,0.948814,0.847611,0.0887547,0.00421729,1
6594,1765.49,5703.62,-4059.25,1.02299,1.01661,0.999857,1.0407,0.987386,0.0519133,0.00830807,1
6595,1237.14,3343.74,-2688.22,0.993973,0.98152,1.00148,1.02838,0.91988,0.0596075,0.0101044,1
6596,245.244,639.539,-613.129,1.01207,1.0041,1.00391,0.992589,0.999739,0.225338,0.0140638,1
6597,1074.28,2960.99,-2426.87,1.00637,1.01595,1.00788,1.01344,1.34484,0.131509,0.00543671,1
6598,2328.38,-4136.95,6536.41,1.01524,1.00216,0.996667,1.00964,0.601038,-0.145278,0.00221208,1
6599,333.04,860.995,-813.23,0.974623,1.00417,1.01257,1.02037,0.918793,-0.157738,-0.0148224,1
6600,2155.03,-4521.78,6536.17,0.884289,1.01919,1.00496,1.05723,0.83718,0.0245557,-0.0143549,1
6601,1989.34,6279.09,-4429.88,0.87602,0.982938,0.993901,0.956569,1.30021,0.0941286,0.0039332,1
6602,563.45,-1323.73,1460.96,0.913999,1.04356,0.998158,0.964466,1.01011,0.238354,-0.00614228,1
6603,1328.31,3923.97,-3102.41,0.845508,0.988691,1.00102,0.98965,1.37043,-0.144496,-0.00394664,1
6604,358.165,926.502,-870.133,0.686317,0.998458,0.981535,0.993695,0.972474,-0.203462,-0.0110941,1
6605,3726.58,-4798.73,8499.93,1.01512,0.968268,1.00779,0.960968,1.01274,0.0156197,-0.0120784,1
6606,1012.71,2706.37,-2248.46,0.799212,0.962859,0.994105,0.977952,0.704801,-0.0975974,-0.00757326,1
6607,616.969,-1434.89,1600.39,1.20675,0.97335,0.998076,0.976713,1.10617,0.0966962,-0.0128025,1
6608,6152.78,-3807.47,12152.5,1.53184,0.986917,1.00622,1.04287,1.08738,-0.0600285,0.00163392,1
6609,903.14,-2045.59,2399.31,1.0379,1.00031,0.996259,0.954755,0.971109,0.231904,-0.00376146,1
6610,1760.61,-3870.6,5385.23,0.915108,1.01154,0.997893,1.01369,1.15859,-0.0567846,0.00768888,1
6611,757.82,-1766.21,2021.89,1.34701,0.986425,1.00358,0.980776,0.902015,-0.397599,0.00249321,1
6612,1330.56,4068.87,-3201.53,0.983012,0.99514,1.00209,0.979112,1.08937,0.290941,0.00193009,1
6613,938.186,-2113.65,2492.48,0.647183,1.0348,0.995803,0.988135,1.00136,-0.0550231,0.0155891,1
6614,401.475,-974.465,1044.95,1.15684,0.984037,1.00695,1.03197,1.09599,-0.277402,0.00677387,1
6615,1065.66,-2300.06,2804.65,1.21907,0.993682,0.989431,0.956001,1.15483,-0.165107,0.00440237,1
6616,463.092,1231.93,-1135.98,0.964824,1.01493,1.00031,0.984207,0.983737,0.215035,0.00789267,1
6617,775.901,-1772.48,2031.99,0.900435,1.01106,1.00481,1.02324,0.770223,0.0823755,-0.0122591,1
6618,149.108,384.999,-375.375,0.975225,0.995713,1.0074,1.02375,1.3255,0.292839,0.0175424,1
6619,66454.1,177645,-95607.4,1.07207,1.01569,0.995697,0.999359,1.16007,-0.0161702,-0.00133104,1
6620,1717.19,-3826.28,5210.88,1.08974,1.00946,0.993315,1.06998,1.21457,-0.0349813,0.012837,1
6621,1056.55,-2225.71,2681.36,0.795681,0.978737,1.00713,1.02742,0.851588,0.30949,-0.00231531,1
6622,55793.1,168165,-89327.6,0.802184,1.01909,1.0006,1.02017,1.17447,-0.00578934,-0.00426813,1
6623,1652.46,-3677.74,4925.8,1.06171,0.994502,1.00397,1.0083,0.931321,0.126081,-0.00363449,1
6624,515.726,-1232.79,1349.48,0.906948,0.998577,1.00165,1.03662,0.857731,-0.169656,0.00883822,1
6625,631.194,1676.41,-1499.72,0.829087,1.00944,0.99819,1.02474,0.99693,-0.125847,-0.00995791,1
6626,4124.56,12417.1,-6602,1.06997,1.01171,0.990271,1.01544,1.2548,0.162279,0.00104124,1
6627,306.905,790.297,-749.706,0.980345,1.00322,1.00377,1.05171,1.17302,-0.193029,-0.0133105,1
6628,6615.26,-5175.46,16079.3,0.641279,0.97622,0.992123,0.998918,0.95565,0.0189112,-0.00638568,1
6629,312.148,817.966,-774.694,0.60696,0.998046,0.994457,0.962917,1.03933,0.171121,0.0146604,1
6630,722.998,1938.47,-1705.27,0.61365,0.995231,1.00219,0.966784,1.02768,-0.148576,-0.00721579,1
6631,406.545,-984.44,1057,0.789606,1.0152,0.991404,1.03103,1.10732,-0.162648,0.0120909,1
6632,126446,24291.9,-7304.01,0.794814,1.02327,0.978327,1.02066,1.05604,-0.000174521,-0.00693261,1
6633,262.984,-652.568,682.592,0.972602,1.00442,1.01697,1.05399,0.780591,-0.36404,0.00793662,1
6634,1952.84,5167.98,-3631.42,1.05216,1.02017,0.991748,1.04627,1.19933,0.228767,0.00170251,1
6635,1124.81,-2482.14,3017.95,1.34178,0.989192,1.00011,0.995138,0.979015,0.157489,-0.00433479,1
6636,548.689,1443.62,-1310.17,0.987226,0.9835,0.992917,0.977989,0.913942,-0.227655,-0.00625322,1
6637,363.722,957.662,-898.688,1.3603,0.99626,0.996813,0.972349,1.10136,0.177921,0.0120206,1
6638,446.308,1184.23,-1095.39,1.12415,0.995848,1.00856,0.980594,0.829231,0.228246,0.00748001,1
6639,6001.46,16897.7,-5325.46,1.22838,1.00988,1.00821,0.934533,0.92213,-0.0438354,-0.0024101,1
6640,4346.07,-6348.46,12055.8,0.857637,1.00952,0.995906,0.927951,1.24813,-0.0673264,0.00247388,1
6641,365.514,-887.167,944.389,1.00532,1.03001,1.01747,0.974493,1.08202,-0.0650845,0.0331158,1
6642,643.998,-1507.52,1689.71,1.03384,1.0063,0.991984,1.02386,0.897025,-0.0880315,0.0139387,1
6643,119063,3990.07,1056.17,1.16334,1.02047,1.00667,1.05421,1.04844,-0.00136979,7.35152e-05,1
6644,3394.26,11820.6,-6249.13,1.04773,1.02246,1.01146,0.984967,1.15856,0.0251535,0.00893206,1
6645,1165.27,-2423.82,2969.75,0.972884,0.952619,1.01147,1.03612,0.810908,0.137474,-0.00452746,1
6646,932.074,-2115.34,2505.51,1.29375,1.01505,1.00968,0.996989,0.963125,-0.387217,0.00211937,1
6647,1205.56,3221.46,-2583.92,0.904232,0.987695,1.01188,0.947418,0.79514,-0.0397468,-0.0155683,1
6648,66290.6,155961,-81886.7,0.927554,0.968144,0.985552,1.01988,0.741641,0.0188274,0.00107081,1
6649,141.568,357.141,-348.666,1.18291,0.983039,0.998695,0.963749,1.21452,-0.247168,-0.0223525,1
6650,39202.9,-56960.7,122842,0.812937,1.00781,0.998638,0.976092,0.784737,0.0247078,-0.0013703,1
6651,337.801,875.534,-825.176,0.811154,0.991834,0.980255,1.0056,0.871216,-0.131257,-0.0180957,1
6652,77801.4,-63203.8,143026,0.807642,1.02447,1.00321,0.975656,1.16629,0.00416001,-0.00527446,1
6653,411.26,1084.79,-1009.65,0.791536,0.996367,1.00383,1.00833,0.794023,0.146931,0.0127485,1
6654,9363.51,38964.7,-12326.4,0.816567,1.00651,0.9896,0.974628,0.927012,0.301802,0.000195972,1
6655,30421.6,-44481.4,103680,1.07206,0.982529,1.01253,1.0112,1.12435,-0.0210927,0.00176344,1
6656,924.558,2488.04,-2107.22,0.97338,0.92986,1.00616,1.01651,1.02907,0.258242,0.00295478,1
6657,409.548,-991.145,1064.68,0.906766,0.987988,1.00072,0.987427,0.717697,-0.186082,0.0100689,1
6658,3631.44,9119.96,-4978.5,1.04557,0.999948,1.00709,1.00235,1.00898,0.0167703,0.0114179,1
6659,2278.58,-3986.31,6235.23,0.808235,0.985919,0.996976,1.01291,1.11549,0.0230823,-0.014091,1
6660,807.6,-1832.03,2111.95,1.0171,1.01811,1.00325,0.995227,0.908125,0.158664,-0.00618883,1
6661,2697.67,-4786.44,7416,0.89617,0.985655,0.993211,0.962997,0.941779,0.0779389,-0.00352051,1
6662,525.333,1396.94,-1274.21,1.22883,0.988637,1.01211,1.00924,0.99732,0.164896,0.00868755,1
6663,8484.34,29188.6,-10457.9,1.09936,0.987386,0.981135,0.959271,1.20361,0.00885994,0.00751864,1
6664,821.103,-1862.38,2150.43,0.81881,1.02203,1.00728,0.98868,1.16528,0.206809,-0.00467124,1
6665,50611.7,157534,-80931.4,0.872288,0.991011,1.01214,0.998961,1.09523,0.0114504,0.00225209,1
6666,1474.25,4191.41,-3168.43,0.630983,1.01891,1.01594,1.00233,0.888078,-0.0752519,-0.00685373,1
6667,2841.58,7909.4,-4939.84,0.758119,1.03425,0.984691,0.973782,0.642417,-0.0895544,-0.0030175,1
6668,384.534,995.334,-930.549,0.710006,0.979407,0.9917,1.03131,1.33355,-0.221192,-0.00918607,1
6669,420.305,-1013.69,1090.58,0.767708,1.00897,0.99927,1.03118,0.909077,-0.0850199,0.0220636,1
6670,1024.41,2879.49,-2405.37,0.840578,1.02039,1.00551,1.00691,1.06693,0.0723671,0.0104839,1
6671,1219.49,-2646.45,3336.47,0.882992,0.989839,0.983673,0.981898,0.903616,0.074869,-0.00856152,1
6672,932.084,-2067.25,2451.13,1.03818,0.995488,0.99484,1.01217,0.708629,0.0992219,-0.0084294,1
6673,371.032,-890.97,949.683,0.916049,1.00231,1.00869,1.00596,0.988573,0.174013,-0.0121166,1
6674,21118.5,-29179.8,79033,1.13813,0.959449,1.00793,1.01583,1.17108,0.0438579,-0.000982138,1
6675,1763.01,-3162.65,4376.22,0.887468,0.967876,0.991867,1.00714,1.20419,-0.351208,0.00118188,1
6676,453.444,1199.74,-1108.01,1.36547,1.03192,0.99771,1.02418,1.15464,0.117946,0.0150494,1
6677,3311.99,10283.5,-5348.34,0.943775,1.00463,1.00713,0.982288,1.00075,-0.0453275,-0.00478728,1
6678,534.449,-1273.7,1397.27,1.00556,1.02294,1.01493,0.956067,1.10281,-0.117668,0.0124197,1
6679,701.385,-1635.5,1853.83,1.41374,0.986753,0.993805,1.02568,0.831516,-0.199407,0.00549119,1
6680,2072.42,-4404.18,6318.77,0.702599,0.990693,0.990754,1.00106,1.14012,-0.125922,0.00287979,1
6681,721.703,1937.19,-1704.34,0.930361,1.01578,0.999695,0.942247,1.34342,-0.0865601,-0.012688,1
6682,420.85,1094.85,-1017.82,0.792719,1.00252,1.00409,1.02012,1.00236,-0.201653,-0.0092618,1
6683,1941.67,-3520.17,4898.82,0.861027,1.00775,1.00627,0.999985,0.791665,-0.305913,0.00125714,1
6684,1364.83,4128.3,-3228.86,1.0291,0.996564,1.00269,1.01512,0.979141,-0.185645,-0.00300732,1
6685,1192.57,3562.14,-2859.8,0.696578,1.00893,0.999445,0.986196,0.947907,0.132562,0.00486573,1
6686,3109.84,11865.6,-6660.6,1.05576,1.02748,0.996673,1.02112,1.21641,0.0162197,0.0148114,1
6687,1015.38,-2307.26,2779.26,1.03375,0.994496,1.00536,1.01776,1.1518,-0.191385,0.00389707,1
6688,176.474,-439.087,452.592,1.10879,0.989369,0.996215,0.984372,0.952335,-0.189451,0.0232191,1
6689,1725.06,-3756.28,5052.1,1.1134,1.03004,1.00882,0.962038,1.40711,-0.0386556,0.0116226,1
6690,2797.79,9506.79,-5852.42,1.23187,1.00135,0.9917,1.02705,0.818619,0.052202,0.00498072,1
6691,3300.19,-5796.96,10546.1,0.979464,1.00616,1.01202,1.00453,1.02903,0.0222839,-0.0103792,1
6692,4330.58,-5764.57,10793.2,0.749847,1.04406,1.01301,0.984165,0.911271,0.0949614,-0.00176693,1
6693,3049.03,11351.3,-6387.87,1.10188,0.992419,1.00619,1.01329,0.983529,-0.128277,-0.00187976,1
6694,96816.2,126806,-63523.1,0.884481,0.984375,0.988824,1.01854,1.3402,0.000717201,0.0144224,1
6695,308.62,-752.958,794.222,0.894857,0.976395,1.00245,0.978253,0.939045,-0.120441,0.0204307,1
6696,6579.45,-3926.54,14697.7,1.18712,1.00227,0.985517,0.964598,0.696371,-0.0116477,0.00941367,1
6697,44840.2,-57516.5,125186,1.06176,0.971835,0.991196,0.973427,0.95601,-0.00578112,0.00550175,1
6698,1281.65,-2753.62,3429.24,1.26176,0.984928,1.0095,0.997028,1.05367,0.104677,-0.00559395,1
6699,285.736,735.505,-699.889,1.1049,1.03262,0.985531,1.01564,0.836514,-0.269128,-0.0108533,1
6700,235.348,610.916,-586.978,0.793006,1.02178,1.01509,1.00705,0.966722,0.139169,0.0238871,1
6701,6435.79,18537.7,-5692.64,1.17629,1.01009,0.990743,0.987426,0.943069,0.00722349,0.0154355,1
6702,1212.94,-2479.15,3109.86,1.46075,0.97922,0.990681,1.05043,0.868175,0.0739733,-0.00851353,1
6703,6526.45,-3908.29,12781.7,0.763226,0.998529,0.990951,0.992438,0.882348,0.093227,-0.00101169,1
6704,447.664,-1070.17,1156.96,0.948191,1.04111,0.99829,0.940241,0.998186,0.171633,-0.010711,1
6705,657.269,-1511.45,1697.74,0.882187,0.932875,1.00241,0.999525,1.05254,0.238571,-0.00465535,1
6706,1019,-2328.57,2806.15,0.869409,0.990547,0.996018,0.962003,1.40814,-0.0612789,0.0123157,1
6707,360.541,-877.714,934.466,1.5647,1.03464,0.999785,0.979159,1.19428,-0.106327,0.021094,1
6708,1931.28,-3369.75,4731.47,1.26597,1.01236,1.0062,1.01984,1.1365,-0.129498,0.00301922,1
6709,1928.28,-3320.64,4754.94,0.940974,1.012,0.989277,1.01494,0.980008,-0.102149,0.00392354,1
6710,5877.02,16441.4,-5095.65,1.0081,1.00503,0.987804,1.02186,0.694089,0.0907764,0.00115982,1
6711,2478.36,6790.11,-4481.83,1.16573,0.976846,0.997577,0.979014,1.15318,0.126281,0.00228179,1
6712,233.331,607.607,-583.633,0.942647,0.997936,0.998364,1.00613,0.936848,0.229734,0.0145148,1
6713,235.775,603.261,-579.379,0.598444,0.989735,1.0031,1.00854,1.07353,-0.158274,-0.0208655,1
6714,6760.76,16868,-6887.64,0.92416,0.985042,1.00145,1.01765,0.605458,0.0890225,0.000937874,1
6715,2674.59,-4604.77,7048.71,0.899953,1.00186,1.01205,0.995308,1.08363,0.0502302,-0.00545138,1
6716,34947.9,-52374.2,116628,0.86068,1.00753,0.994868,1.01489,0.987965,-0.00336678,0.0105162,1
6717,458.772,-1110.05,1202.25,1.09259,0.99657,1.01452,0.957418,0.949415,-0.321409,0.00512291,1
6718,2273.93,6936.35,-4414.71,0.837752,1.00511,1.00465,1.04331,0.892257,0.243331,0.0013121,1
6719,1471.54,4253.58,-3305.41,0.908095,0.977722,1.02112,0.951079,0.697131,0.231057,0.00209851,1
6720,505.09,1327.59,-1215.05,1.13045,0.98367,1.00426,0.956051,0.891332,-0.114762,-0.0132266,1
6721,529.738,1391.96,-1267.84,0.959334,1.01499,0.992224,0.994453,0.850119,-0.181284,-0.00839403,1
6722,5939.02,15195.4,-5105.8,0.51052,1.00552,0.998154,1.03306,1.14797,-0.0868407,-0.00112307,1
6723,1214.75,3556.54,-2866.42,0.874177,1.02921,0.994671,0.992332,0.968292,0.167724,0.00386816,1
6724,2461.59,6698.87,-4448,1.34879,0.983305,1.01259,0.935222,1.21108,0.129837,0.00221464,1
6725,7008.62,-5085.85,13840.7,0.993598,0.98456,0.998829,1.0063,0.91023,0.11395,-0.000759436,1
6726,1396.9,4048.63,-3166.27,1.32917,1.01665,0.986077,1.00596,0.909654,0.0423069,0.0133154,1
6727,2443.32,-3890.69,6259.19,1.05503,1.01382,0.990762,1.06626,1.08352,-0.217752,0.00141934,1
6728,1264.56,-2660.08,3363.85,1.18741,1.02058,1.01332,0.992071,1.14481,0.241305,-0.00255386,1
6729,110936,76263,-34131.8,0.900057,0.979803,0.978898,0.986968,1.39694,0.000834416,0.00564733,1
6730,11519.9,-14088.2,44610.5,1.10928,0.989399,1.00951,0.991039,0.608954,-0.00633903,0.00854899,1
6731,40098.3,-57834.4,124413,1.05398,1.00825,0.993582,0.987504,0.994066,0.00541319,-0.00620174,1
6732,116430,-12218.5,92223.8,0.937134,1.03735,0.995412,0.97023,0.83329,-0.0136563,0.000752765,1
6733,1732.87,-3768.32,5103.41,0.701904,1.01692,0.990052,1.0055,1.05852,0.0653608,-0.00693472,1
6734,82242.7,172761,-94606.1,0.795238,1.03548,1.01087,0.988484,0.90336,0.00434339,0.00393092,1
6735,452.642,-1089.88,1179.28,0.988014,1.0095,1.00214,1.02322,0.754056,-0.135394,0.0127893,1
6736,5933.86,15212.1,-5233.43,0.998103,1.00138,1.00458,0.984564,1.1406,0.0179492,0.00540924,1
6737,1053.78,-2414.59,2930.19,1.08764,1.00185,0.979012,1.0547,1.21816,-0.0854115,0.00880334,1
6738,1152.82,-2401.44,2944.11,0.797864,1.01362,0.994374,0.995372,0.790752,0.204951,-0.00336128,1
6739,235.668,613.412,-588.944,0.560021,1.00583,0.992905,1.01128,0.911879,0.188614,0.0178073,1
6740,1048.44,2790.7,-2308.81,1.32788,0.986241,1.00733,0.963021,0.690139,-0.15743,-0.00458152,1
6741,2657,7154.53,-4538.04,0.940442,1.00599,0.978847,0.935326,0.918447,0.064508,0.00439894,1
6742,1098.46,2994.91,-2445.89,1.28205,1.02309,1.01086,1.00477,0.89258,-0.171831,-0.00413461,1
6743,6803.62,16879.4,-6598.62,0.640613,0.992263,0.990916,1.00251,0.913147,-0.173053,-0.000488345,1
6744,589.927,1562.34,-1407.78,0.967743,0.995189,0.995783,1.01107,0.912624,-0.14952,-0.00888698,1
6745,3458.11,-4283.94,8272.97,0.95578,1.00485,1.01368,1.00541,1.0863,0.0644242,-0.00322713,1
6746,578.87,1533.67,-1384.17,1.06684,0.994417,0.990439,0.929287,1.03472,-0.150414,-0.00907728,1
6747,2948.57,10736.8,-6352.03,1.29699,1.02271,1.0056,1.028,0.980394,-0.0820996,-0.00302112,1
6748,3414.99,-4086.33,7450.7,0.848441,0.964521,1.01263,0.973077,1.13025,0.0529992,-0.00387756,1
6749,851.554,2314.51,-1986.67,0.3574,1.01945,1.00822,1.02684,0.772168,0.104285,0.00873832,1
6750,982.161,-2191.72,2628.4,0.817565,0.961438,0.992171,0.993382,0.81233,0.136667,-0.0056236,1
6751,1142.93,3242.47,-2647.78,1.09593,1.00055,0.988559,0.964896,1.25365,0.200722,0.00337044,1
6752,560.87,-1331.17,1467.73,0.940921,0.997333,1.01782,0.991383,1.35141,-0.163587,0.00823566,1
6753,114093,11172.4,12338.7,0.950114,0.988664,0.992865,1.01454,1.24064,-0.0111884,0.000106086,1
6754,1037.48,2883.11,-2376.9,0.839807,0.998136,1.00272,1.01249,1.30482,0.161412,0.00453257,1
6755,3837.51,9980.63,-5435.24,1.11962,1.00154,0.998086,0.95536,1.23527,-0.106713,-0.00172115,1
6756,3387.06,9934.92,-5090.22,0.819545,1.01647,1.00442,1.04215,1.2295,-0.0521948,-0.0040204,1
6757,3288.01,11146.3,-5884.78,1.26033,0.997133,0.996699,0.995216,1.10491,0.0951302,0.00238451,1
6758,361.169,-865.446,921.885,1.12365,0.968727,0.990002,0.994699,0.949338,0.144693,-0.014803,1
6759,3579.72,-5311.64,10407.2,0.884677,1.01876,0.991856,0.978975,1.12986,0.0220908,-0.00996456,1
6760,10213.9,46521.7,-13691.8,0.801232,1.00233,0.985706,1.00461,0.983314,0.00908571,0.00612195,1
6761,778.37,-1803.64,2072.52,1.28592,0.968939,1.00095,1.00992,0.971675,-0.336444,0.00282764,1
6762,1707.3,-3441.06,4796.13,0.978503,0.978487,0.994054,1.03064,1.22923,-0.0895764,0.00487655,1
6763,500.935,-1184.48,1293.84,1.06237,0.99098,0.986913,0.955911,1.39951,0.15375,-0.0103114,1
6764,6800.16,-4196.14,15261.7,1.01015,1.02344,0.999853,1.01238,0.918441,0.0509508,-0.00213956,1
6765,3893.08,-4929.92,8918.66,0.972632,0.992995,1.00675,0.984083,1.13206,0.0937314,-0.00195697,1
6766,111329,18151.3,25515,1.27546,0.985482,0.99863,1.01356,0.733147,-0.000505734,0.00578568,1
6767,358.445,937.626,-881.123,1.21487,0.986989,1.00776,1.00813,1.14287,0.13192,0.0160727,1
6768,2989.36,-5555.41,9135.29,0.79123,1.02233,0.981443,1.01002,1.28943,-0.0710269,0.00360708,1
6769,5716.53,15774.3,-5101.15,1.38116,1.00345,0.998665,0.997209,0.813879,-0.00786762,-0.0129649,1
6770,5595.8,21161.9,-8415.3,0.88199,0.971204,0.986563,1.01445,0.970954,0.0101941,0.0138541,1
6771,594.656,-1404.2,1555.58,1.04256,1.01517,1.0308,0.994313,0.871428,-0.0736168,0.0173333,1
6772,1235.73,3670.88,-2940.38,1.0206,1.03264,1.00379,1.01806,1.08607,-0.0454506,-0.0140185,1
6773,4452.09,17638.9,-8262.73,0.914456,0.953485,1.00226,1.05415,1.21436,-0.0145072,-0.0106751,1
6774,342.79,883.953,-832.56,0.785791,0.968166,0.990761,0.990816,0.717679,-0.169363,-0.0133012,1
6775,94856.8,160379,-86883.2,1.2229,1.02906,1.00789,0.996355,0.566811,-0.0115641,-0.00113982,1
6776,6107.15,-4201.3,13733.7,1.37115,0.978732,1.01516,0.950886,1.05526,-0.0697362,0.00160967,1
6777,587.628,1554.94,-1401.57,0.899923,1.00993,0.993367,1.00359,0.637079,-0.130773,-0.0103831,1
6778,3275.7,-4794.92,9111.75,1.31057,0.979187,0.992419,1.01766,0.912003,0.0982926,-0.0022884,1
6779,503.344,1344.95,-1229.2,1.3986,0.982825,0.98228,0.964651,0.810763,0.21229,0.00728629,1
6780,1406.62,-3134.69,4059.88,1.08516,1.00074,1.01229,0.948062,0.983799,0.225555,-0.00240596,1
6781,2164.06,-4668.01,6830.04,0.810399,1.01246,1.01286,1.02105,1.15951,0.165566,-0.0021004,1
6782,96004,-16149,90527.8,0.983771,0.977019,0.993655,1.02024,0.6544,0.0040446,-0.00324224,1
6783,48743.6,-60619,128469,0.770006,0.991713,1.01141,0.986236,1.04431,-0.0608368,0.000492496,1
6784,6169.3,23394.3,-8660.22,0.970487,1.01621,0.980135,1.00574,0.673365,0.0663637,0.00203046,1
6785,1338.78,4113.12,-3209.55,1.19299,0.99238,1.01559,0.991295,0.739574,0.142426,0.00385905,1
6786,8483.65,-8178.74,21030.6,1.32154,1.00757,1.00772,1.04383,1.23869,0.0638148,-0.00110419,1
6787,75625.3,168419,-91257,0.877022,1.01331,1.00342,0.998081,1.45305,0.103934,0.000176078,1
6788,782.073,2107.79,-1834.42,1.05129,0.992566,1.00548,0.976104,1.37788,-0.142459,-0.00689297,1
6789,1962.62,5139.8,-3592.28,0.861138,1.02246,0.993838,1.04433,0.577023,-0.0215313,-0.0181979,1
6790,2336.72,-4390.07,6922.75,0.819019,1.01574,1.00114,1.01324,1.17718,-0.22384,0.00143672,1
6791,56602.3,-64589.4,137701,0.936824,0.996315,0.990757,0.905581,1.00088,0.00336522,-0.00845266,1
6792,5732.51,-8529.16,20338.1,0.852661,1.03496,1.01531,0.927262,0.974272,-0.105658,0.00131346,1
6793,1148.79,-2561.11,3125.57,1.06708,0.999578,1.00566,1.00942,0.851198,0.173918,-0.00385502,1
6794,626.202,1683.95,-1506.75,0.74912,1.00858,0.994518,0.945746,1.07053,0.116861,0.0107616,1
6795,717.305,-1649.4,1874.04,0.987862,0.985945,0.991353,0.944667,0.973721,0.151422,-0.00719976,1
6796,2625.51,8298.76,-5361.45,0.875113,0.985095,1.01138,1.01872,1.10469,-0.0349271,-0.00771177,1
6797,3493.43,-4850.3,9479.2,1.27356,1.02042,1.0083,1.01541,0.942967,0.101551,-0.0021088,1
6798,238.233,620.265,-595.266,1.00856,0.967331,0.998231,1.00762,1.324,0.250227,0.0126109,1
6799,249.56,637.803,-610.918,0.79406,1.0062,0.988025,1.05864,0.866209,-0.228803,-0.0141869,1
6800,135.812,-343.08,351.144,0.516437,1.01976,0.990606,0.976173,0.97194,-0.374954,0.0157383,1
6801,5945.57,16639.6,-5097.74,0.752137,1.02789,0.988644,0.987404,1.18516,0.138677,0.000716311,1
6802,568.995,-1349.08,1490.18,1.10633,1.0038,1.00866,1.00261,1.0241,-0.114375,0.0118546,1
6803,2536.23,-3900.13,6011.96,0.907767,1.00406,1.00763,1.0034,0.980611,-0.0880243,0.00329966,1
6804,9571.05,-11630.6,32305.6,1.17566,0.959544,1.02211,1.05803,1.27207,0.0727941,-0.000835652,1
6805,2239.17,7158.99,-4597.81,1.20015,1.0059,1.01292,0.9961,0.889858,0.164068,0.00197389,1
6806,105265,8090.65,59292,1.28846,0.979847,1.00127,0.982708,0.873846,-0.00210254,0.00380446,1
6807,9143.85,34298.5,-11565,0.831715,1.02761,0.989642,1.00224,1.19782,0.117713,0.000520186,1
6808,1490.78,3939.12,-2998.26,0.969481,0.988312,0.995638,0.947327,0.998313,-0.0805962,-0.0063104,1
6809,3985.21,13270.2,-7107.64,1.11691,0.968738,1.0068,0.976849,0.897541,0.0346427,0.00487051,1
6810,6388.56,-3608.08,13703.7,0.936182,1.02825,1.00083,0.995612,1.25771,-0.0237284,0.00426794,1
6811,1007.24,2859.04,-2373.26,0.782181,0.988669,0.999641,1.02033,1.06394,0.0812224,0.00926099,1
6812,6451.45,15745.5,-6086.28,0.989583,0.999428,1.00569,1.01588,1.07298,0.0328779,0.00268197,1
6813,1126.95,-2583.93,3176.19,0.970877,0.975481,0.996955,1.04657,0.717665,-0.116885,0.00569411,1
6814,1467.55,-2844.15,3759.31,1.14174,0.986637,0.988951,1.02226,0.805667,0.07733,-0.00676626,1
6815,924.448,-2097.88,2478.14,0.946693,1.003,0.997,1.0344,0.89476,0.171664,-0.00494807,1
6816,6100.29,23397.6,-8861.99,1.24086,1.02194,1.00011,0.951263,0.518722,0.0519595,0.00259032,1
6817,606.094,-1412.24,1571.96,1.01361,0.960872,0.996554,0.9893,1.11063,0.0785027,-0.0158505,1
6818,553.985,-1301.39,1433.92,1.05132,0.993735,1.00214,0.971866,1.05448,0.153663,-0.00915328,1
6819,1890.68,-3263.59,4626.02,1.38861,0.999039,0.99441,0.978371,0.655441,0.0518283,-0.00780404,1
6820,20629.6,-29594.3,80014.6,0.694112,1.01153,1.00936,1.05998,0.963128,-0.0494908,0.000858809,1
6821,6012.45,22355.3,-8743.22,1.03821,1.01579,1.0143,1.01807,1.26206,0.0603718,0.00221571,1
6822,618.556,-1454.17,1623.69,1.05033,0.988235,0.986347,1.03211,0.850218,-0.107904,0.0117057,1
6823,2604.08,6964.52,-4501.5,0.911219,1.00816,1.00024,0.998309,0.549814,-0.0275947,-0.0102346,1
6824,2035.12,5431.82,-3811.75,0.961211,1.03879,1.00223,1.00639,0.89923,0.157904,0.00238518,1
6825,4352.9,-6383.57,12028.4,1.08661,1.01993,1.0066,1.01011,1.0173,-0.0255701,0.00643249,1
6826,3716.24,11671.4,-5688.63,1.35468,1.0499,0.991078,1.02795,1.08519,-0.102366,-0.00204766,1
6827,393.014,-958.603,1027.32,1.18054,0.985266,0.991375,1.02216,1.0389,-0.338933,0.00578093,1
6828,120221,5870.9,2888.48,1.03997,1.01521,0.996756,1.03342,1.02506,0.000278003,-0.00108074,1
6829,277.515,714.533,-681.104,0.987584,0.95305,1.00059,0.993973,0.412122,-0.122156,-0.0220682,1
6830,35670.2,-53215,117937,1.04019,1.00645,0.998635,0.97713,0.873255,0.0336571,-0.00104727,1
6831,4397.84,15501.6,-7681.28,1.22883,1.01175,0.994777,1.00006,0.916551,-0.230422,-0.000690668,1
6832,1235.5,-2806.58,3493.87,0.878284,1.02626,0.996941,0.996932,0.910021,0.0683294,-0.00942264,1
6833,6408.47,18504.3,-5875.78,1.05712,0.99782,0.992624,1.00834,1.19706,-0.133612,-0.000858623,1
6834,1665.28,-3721.49,5007.59,0.986947,0.995422,0.994718,0.962847,1.23366,-0.0491518,0.00932686,1
6835,368.36,949.002,-890.145,0.650471,1.02393,0.994509,1.01769,1.09342,-0.34177,-0.00650408,1
6836,829.293,-1865.27,2161.45,1.09229,0.995527,1.00622,0.976365,1.00521,0.132292,-0.00703003,1
6837,443.861,1161.71,-1075.62,1.21505,0.99853,1.00991,0.962472,0.833189,-0.121951,-0.0143039,1
6838,719.033,1946.16,-1711.43,0.925577,1.02353,0.993912,0.993728,0.940003,0.116894,0.00948505,1
6839,2270.34,6677.26,-4259.65,1.07834,0.994284,1.00326,1.00729,0.624318,0.1086,0.00294307,1
6840,3570.48,12641.1,-6378.98,0.592224,1.02395,0.977453,0.960951,1.29727,-0.0122998,-0.01835,1
6841,2584.66,7956.77,-5170.77,0.926876,0.976518,1.00018,1.004,0.907136,0.0827761,0.00331729,1
6842,748.717,2014.27,-1765.83,0.830932,1.01382,1.01281,0.962951,1.15748,-0.0876648,-0.011831,1
6843,571.808,-1340.81,1481.6,0.823751,1.01863,1.0037,0.989657,1.04047,0.108921,-0.0127718,1
6844,63919.4,-63741.1,137278,0.75506,1.00058,1.01114,0.986936,1.12599,-0.363187,6.87974e-05,1
6845,524.297,-1232.85,1352.01,0.842417,1.01305,0.989804,1.03858,1.17803,0.157323,-0.00979021,1
6846,4374.94,-6832.61,13241.1,1.47887,0.994198,0.995322,0.982065,1.34018,-0.0283037,0.00576604,1
6847,5315.25,-8199.68,18814.9,1.02586,1.00623,1.00051,0.993948,0.823867,0.0174882,-0.00827349,1
6848,1504.26,-2989.8,3981.48,0.81505,1.01198,0.997586,0.996525,1.36063,-0.0481929,0.0106948,1
6849,259.195,677.128,-647.523,0.783615,1.0349,0.999905,0.972927,1.2647,0.232973,0.013336,1
6850,8587.38,28603.7,-10331.2,0.927739,1.02902,0.995345,0.921504,1.19047,-0.0105068,-0.00629483,1
6851,2331.82,7662.72,-4869.03,1.01391,1.03326,1.02057,1.01676,1.14116,-0.0667656,-0.00477608,1
6852,109706,17876.9,37986.9,1.23585,0.995351,1.00929,1.03969,0.506949,0.0132824,-0.000365947,1
6853,863.929,-1955.91,2288.01,0.588506,1.01101,0.98845,0.93381,0.781722,-0.144843,0.00634346,1
6854,268.835,-664.107,695.676,0.873442,1.0001,0.999328,1.03865,1.03813,-0.224118,0.0129322,1
6855,2796.13,10401.9,-6245.18,1.04807,0.989939,1.01235,0.96144,1.29884,-0.0256949,-0.00985108,1
6856,3045.64,-5223.86,8443.38,1.12857,1.06181,1.00511,1.01063,1.15598,0.0701435,-0.00362507,1
6857,3342.41,10124.6,-5209.31,0.747971,1.00437,1.00306,0.973952,0.942324,-0.186733,-0.00115157,1
6858,870.247,-1980.03,2318.72,0.975609,0.972778,0.998337,0.998278,0.914767,-0.0682568,0.0126842,1
6859,9991.39,-11407.2,33220.9,0.740672,1.00902,1.00236,0.97794,1.24472,-0.00491144,0.0122218,1
6860,804.566,2164.25,-1870.65,0.66975,0.973112,0.985951,1.03762,0.839036,-0.109925,-0.00870103,1
6861,1384.36,-3050.46,3955.27,1.16112,0.98513,1.00143,0.982888,1.02964,0.107549,-0.00508842,1
6862,3626.47,-4163.16,8168.44,0.919795,1.01442,1.00354,1.04299,1.18448,0.104511,-0.00191953,1
6863,2722.74,9876.69,-6036.11,1.42779,0.979305,0.995387,0.988955,1.1603,0.298337,0.000870156,1
6864,4313.92,15882.9,-7818.53,0.751739,0.993737,0.992325,0.987191,1.03983,0.0319,0.00499692,1
6865,343.327,-818.686,868.465,1.22521,0.991401,1.00559,0.994357,1.04002,0.405596,-0.00563293,1
6866,2260.42,6878.78,-4368.14,1.14379,0.986706,0.99185,0.995027,1.24667,-0.0306651,-0.0106279,1
6867,1505.9,4117.52,-3158.08,0.958753,0.966287,0.981681,0.9948,1.11296,-0.130115,-0.00384699,1
6868,917.085,-2090.47,2459.14,0.969222,1.01171,1.01133,1.04189,0.919636,0.154427,-0.0054841,1
6869,174.37,440.367,-427.454,0.921089,0.977425,0.996128,1.01644,0.982415,-0.281448,-0.0159055,1
6870,7219.09,-5235.97,14461.2,0.734434,1.00262,0.995445,0.99641,1.14485,-0.0246009,0.00343135,1
6871,6431.7,18853.8,-6276.86,0.974734,1.00985,1.01021,1.04432,1.18554,0.023106,0.00498015,1
6872,247.631,-613.761,640.298,0.853567,1.01834,1.00767,1.00403,0.861162,-0.21736,0.0145967,1
6873,20757.8,97968.9,-32370.1,0.94081,0.973532,0.988448,0.959423,1.12474,-0.0111649,-0.00372135,1
6874,3531.64,-4177.72,8149.02,1.11517,0.996926,0.998588,0.966346,1.29323,-0.0115741,0.0177653,1
6875,751.841,2016.66,-1766.23,1.07341,1.00568,1.00804,1.01987,1.02582,-0.151044,-0.00683365,1
6876,740.89,-1683.77,1919.63,1.13519,1.00912,0.995453,1.0211,0.814539,0.285512,-0.00377639,1
6877,6137.17,17421.1,-5293.18,0.792812,1.00037,0.985845,0.955062,0.824497,-0.0241749,-0.00449604,1
6878,516.289,1377.49,-1258.13,0.947173,0.999951,1.00593,1.0104,1.34547,0.183611,0.00809899,1
6879,456.284,1193.56,-1101.98,1.01588,0.987209,1.00044,0.891699,0.952209,-0.1806,-0.00943362,1
6880,957.934,-2123.19,2518.48,1.16958,0.991763,0.99266,0.931909,1.00938,-0.178529,0.00451151,1
6881,6272.13,18202.3,-5845.03,0.983485,0.990604,0.9904,1.01158,1.09186,0.0289914,0.00397646,1
6882,1811.47,4843.64,-3446.29,1.10097,0.999777,1.00974,1.00743,1.11444,-0.0526243,-0.00778424,1
6883,312.224,-766.423,808.469,0.858675,1.01277,1.01614,0.969686,0.802898,-0.163892,0.0151153,1
6884,300.6,791.433,-751.283,0.983181,1.00378,1.00364,1.00135,0.997015,0.328867,0.00781783,1
6885,243.387,-604.637,630.377,0.841108,1.0046,1.01029,0.94684,0.531819,-0.28575,0.011075,1
6886,765.751,2043.08,-1783.59,0.970655,0.983132,1.00562,1.01238,0.616921,-0.295328,-0.00338136,1
6887,731.607,1986.94,-1743.85,0.718611,1.03489,0.999,0.967095,0.497041,0.113078,0.00968126,1
6888,1064.04,3071.41,-2538.66,1.0255,1.03025,0.999073,1.05526,0.741132,0.125465,0.00589965,1
6889,888.689,-2019.58,2363.17,0.944048,1.04538,0.997488,0.982901,1.06925,0.321404,-0.00288369,1
6890,2434.42,-3666.46,5753.58,0.693383,0.985032,0.99021,0.992925,1.45742,0.0786907,-0.00389675,1
6891,1419.7,-3230.27,4165.04,1.15714,1.0177,1.00195,1.05601,1.16268,-0.092712,0.00587748,1
6892,808.461,2204.51,-1906.38,0.981814,0.971465,0.994535,0.983996,0.838901,0.162956,0.0057006,1
6893,812.464,-1861.77,2152.31,1.23893,0.999437,1.00336,0.998783,0.989616,-0.0846628,0.0112013,1
6894,693.903,-1594.51,1805.03,0.659433,0.9734,0.986902,1.03512,0.738076,0.149742,-0.00745957,1
6895,488.695,-1174.79,1279.76,0.963607,1.03756,1.00092,0.993772,0.81742,-0.18091,0.00910638,1
6896,2810.47,8542.03,-5391.47,0.861591,1.02223,1.00415,1.00736,1.10087,-0.161008,-0.00163729,1
6897,93581.3,151253,-79355.1,0.800168,1.00262,0.995085,0.982494,0.938882,-0.000896681,-0.0141851,1
6898,243.797,-598.327,623.922,1.05475,1.04842,0.995084,1.00787,1.10697,0.137981,-0.0247767,1
6899,1120.33,3279.47,-2678.74,0.958278,0.990693,1.02136,1.03693,1.02961,0.0425889,0.0154168,1
6900,6080.52,19799.7,-7464.64,1.19659,0.972927,1.00582,1.07763,0.831057,0.112807,0.00114477,1
6901,240.588,-587.48,611.917,1.37932,1.01489,1.0143,0.975418,1.12652,0.150593,-0.0217435,1
6902,572.892,1508.28,-1364.38,0.726777,1.00081,1.00422,0.940806,1.1129,-0.262113,-0.00522432,1
6903,282.734,-695.832,730.636,0.98973,0.986398,1.00446,0.983851,0.637032,-0.248223,0.010857,1
6904,286.941,-709.617,746.025,0.930433,0.99656,0.989644,1.03629,0.777017,-0.297952,0.00917012,1
6905,2340.48,-3568.86,5473.36,0.606996,0.964798,0.9949,1.04292,0.980512,0.114688,-0.00271685,1
6906,1989.11,-3420.99,4841.89,0.979167,1.02026,1.00375,0.990301,1.2889,0.0770971,-0.00502038,1
6907,430.759,-1041.4,1121.71,0.873274,1.00965,1.0169,1.02459,1.01332,-0.163316,0.0109172,1
6908,3464.26,-4070.5,7742.52,1.16034,0.971775,0.992735,0.972449,0.942861,0.0314066,-0.00661605,1
6909,28188.9,-41943.8,100836,0.855776,0.993411,1.00262,1.01542,0.703928,0.0184235,-0.0020865,1
6910,3503.27,11413.9,-5822.51,1.10076,1.02795,1.00718,0.943068,1.24729,0.0302367,0.00715577,1
6911,6323.58,15173.1,-6280.67,0.869954,0.966884,1.01362,1.03268,0.823803,0.0114688,0.00771789,1
6912,3053.33,11209.6,-6281.66,1.36775,0.989024,1.01126,1.00849,0.854312,0.0180905,0.0131795,1
6913,349.217,916.718,-863.089,1.2746,0.999761,1.01389,1.0469,1.18022,0.212881,0.0102416,1
6914,461.894,1222.77,-1126.83,1.19157,1.00462,0.984596,0.999043,1.39123,0.104916,0.016466,1
6915,116052,20810.9,29261.6,1.22155,0.997704,0.994573,0.972269,0.796677,0.00759772,-0.000472062,1
6916,774.499,2104.79,-1832.79,1.2139,1.02296,0.997782,0.962177,1.09041,0.095792,0.0106861,1
6917,4521.15,-7361.95,14657.4,0.88031,1.00974,1.00967,1.00903,0.891085,0.0224425,-0.00697604,1
6918,2290.26,-4885.74,7472.97,0.995856,1.01936,0.990379,0.993878,1.04392,0.0764241,-0.00443392,1
6919,360.374,933.807,-876.703,1.21245,0.981796,0.988482,0.972133,0.763767,-0.178469,-0.0122276,1
6920,2960.94,9176.4,-5097,0.85227,0.954774,1.00973,1.05797,1.20061,0.120423,0.00190345,1
6921,3933.19,10716.3,-5849.61,1.0055,1.0059,0.993093,1.03629,0.877947,0.0934083,0.00189754,1
6922,814.966,2224,-1918.05,0.862568,0.990654,0.989419,0.964049,0.874503,0.0604435,0.0157551,1
6923,105.686,273.828,-268.977,0.930771,1.02252,0.998072,0.96178,1.18225,0.382467,0.0196755,1
6924,2426.96,6583.1,-4164.52,1.00592,1.02636,1.01645,1.05426,1.00623,0.144174,0.00208562,1
6925,110186,7866.88,60651.5,1.32163,1.00069,1.00146,1.00345,1.06554,-0.00148867,0.00516647,1
6926,830.154,2253.39,-1938.45,1.12758,0.993757,0.991318,0.975924,1.11956,0.0412324,0.0226917,1
6927,411.689,-982.413,1055.1,1.19475,1.00194,1.0002,1.01142,1.06084,0.195048,-0.00985011,1
6928,285.76,729.962,-694.993,0.988964,0.992732,1.00041,1.01983,0.953555,-0.335748,-0.00822065,1
6929,4470.85,-7439.66,14911.1,0.832392,0.98897,1.00521,1.01699,1.0417,0.0352301,-0.00446949,1
6930,229.579,585.056,-562.697,0.855811,1.01184,1.00765,0.965366,0.833445,-0.268525,-0.0129065,1
6931,5978.84,-3927.03,12967.3,1.08631,0.993384,1.02215,1.03198,1.03752,-0.0593947,0.00180657,1
6932,6663.21,20841.3,-6985.73,1.14894,1.00166,0.990782,1.01352,0.967392,0.0959692,0.00126667,1
6933,3599.05,-4419.56,8888.12,0.952909,1.03085,1.00284,1.01104,1.26504,-0.0492586,0.00414294,1
6934,696.688,1864.11,-1649.35,0.927343,1.01193,1.00947,1.00941,1.39284,-0.0939765,-0.0118979,1
6935,2766.08,-5599.8,8992.24,0.87651,0.97715,1.00754,0.981484,1.07325,0.0346595,-0.00751295,1
6936,1303.06,3904.75,-3097.01,0.89417,0.986903,1.00658,1.03391,0.999803,0.113356,0.00501575,1
6937,865.975,2351.56,-2016.83,1.08518,0.989965,1.03425,1.0551,0.989951,0.0752305,0.0111489,1
6938,2735.9,9885.65,-6045.75,0.642516,0.978555,1.00627,0.951452,0.76688,-0.0582974,-0.00444539,1
6939,1209.56,3222.71,-2597.24,0.598712,0.975344,1.0059,0.963614,1.13614,-0.0648083,-0.0094665,1
6940,707.225,-1639.9,1858.1,0.790639,1.01389,0.9985,1.06264,1.04564,-0.084852,0.0131257,1
6941,8591.83,30822.8,-11088.3,0.975526,0.99313,1.00466,0.965795,1.01197,0.0713405,0.000903482,1
6942,956.711,2575.41,-2167.62,1.26695,1.01657,1.01337,0.983187,0.938757,-0.0730753,-0.0110571,1
6943,358.936,-863.464,919.138,0.994632,0.986774,0.994093,1.02262,0.96425,0.136349,-0.0160184,1
6944,1117.25,-2540.48,3109.94,1.00509,0.974917,1.01201,1.00904,0.82366,0.126932,-0.00523804,1
6945,543.36,1452.44,-1320.35,1.17152,1.0223,1.00367,0.989564,0.570397,0.184713,0.00784652,1
6946,6668.82,-5126.51,16007.8,0.774009,0.992983,1.00499,1.0165,1.10881,-0.0386948,0.00304517,1
6947,500.555,1320.98,-1209.04,0.978876,1.03273,0.985872,1.0209,0.587926,-0.135932,-0.0121336,1
6948,6413.74,-7527.46,19847.2,1.30447,0.98263,0.990534,0.963073,0.870812,0.134438,-0.00100458,1
6949,2190.49,7300.85,-4931.3,0.713647,1.02254,0.990285,0.987874,1.13547,0.0219836,0.0159363,1
6950,8467.75,-7956.79,20639.9,0.997463,1.02471,1.01567,0.969602,0.983083,0.100532,-0.000706192,1
6951,428.432,-1021.27,1100.16,1.1042,0.984343,1.00691,0.961269,1.03765,0.119246,-0.0150205,1
6952,223.35,-543.93,565.128,1.03494,0.983014,1.00192,1.03633,1.08979,0.168275,-0.0206292,1
6953,1256.69,-2602.92,3297.43,0.9946,1.00501,0.991505,1.00972,1.3325,-0.222585,0.00277029,1
6954,4136.97,-6001.7,11011.1,0.901011,0.987508,1.00046,0.989315,1.35167,0.042133,-0.00408031,1
6955,1162.2,-2526.9,3095.44,0.917752,1.00253,0.988175,1.01218,1.03061,0.0997037,-0.00680108,1
6956,471.067,1253.64,-1153.5,0.855563,0.975749,0.995451,1.00497,1.08865,0.286011,0.00561385,1
6957,227.299,580.876,-558.598,0.641433,1.01001,0.989834,0.980653,0.795991,-0.192152,-0.018565,1
6958,63874.9,182347,-98887.3,0.876845,1.0274,0.97785,0.962329,1.09644,0.0252599,0.000922309,1
6959,756.453,-1727.35,1977.8,0.990798,1.00577,0.983727,1.02233,0.837437,0.101251,-0.0104788,1
6960,9078.31,-9808.38,26730.3,0.909743,0.975303,0.995285,0.9848,0.723478,0.0213273,-0.00309515,1
6961,5548.23,-8378.77,19538.9,1.00439,1.0334,1.00829,1.02586,1.15724,0.013629,-0.0103071,1
6962,9843.88,-10879.5,31244.2,1.08894,1.02184,1.00003,0.979372,1.21561,-0.096845,0.000630913,1
6963,420.468,1109.92,-1031.52,1.02051,0.963285,1.00903,1.02073,0.822376,0.14763,0.0118705,1
6964,419.107,1104.38,-1026.49,1.08234,0.978963,1.0054,1.02021,1.0469,0.180154,0.00997242,1
6965,326.06,-801.631,848.312,0.857418,1.05014,0.99546,1.03205,1.07456,-0.147733,0.0171004,1
6966,444.956,-1055.8,1140.1,1.21594,1.02332,1.00852,1.05303,1.15204,0.196972,-0.00910688,1
6967,1735.71,5644.72,-4064.58,1.40775,1.01296,1.00469,1.01681,1.52402,-0.0404683,-0.0108027,1
6968,1097.75,3166.22,-2601.65,0.92145,0.973412,0.995334,0.962783,0.919562,0.0392599,0.0174083,1
6969,201.941,513.331,-495.8,0.843029,0.968487,0.991058,0.991931,1.13308,-0.179063,-0.0214273,1
6970,623.389,-1450.44,1619.23,0.739821,1.01592,0.993426,0.969197,1.48158,0.130726,-0.00986996,1
6971,2848.89,-5068.53,8019.72,1.07678,1.015,0.996922,0.987031,0.543525,0.0456485,-0.00579497,1
6972,45672.6,148869,-72757.5,1.13266,0.956361,0.995848,1.0014,0.972777,-0.00308277,-0.00892374,1
6973,3723.07,9396.53,-5032.9,1.45505,1.01861,1.00694,1.00368,0.517615,0.015146,0.0124627,1
6974,590.971,1582.12,-1425.16,0.933939,0.975589,1.00374,1.01458,0.923393,0.184132,0.00687674,1
6975,1260.74,3756.2,-2974.83,1.04996,1.04081,1.01566,0.966807,1.02585,0.0522524,0.0118259,1
6976,1339.27,-2781.02,3502.34,0.848395,1.00877,1.00082,0.981493,1.21141,0.0545257,-0.0106294,1
6977,416.69,1089.13,-1013.63,1.23299,1.00562,1.01481,0.978808,1.15805,-0.0920603,-0.0201832,1
6978,577.897,1523.38,-1376.65,0.829532,0.993677,1.00581,0.99806,1.32581,-0.225715,-0.00594113,1
6979,1568.87,4751.96,-3503.65,1.33472,0.944279,1.00176,0.989548,0.917647,-0.181967,-0.00251612,1
6980,6384.47,-4696.75,12307.9,1.22389,0.942584,1.00969,0.991639,1.07007,-0.0153427,0.00607521,1
6981,396.518,1027.78,-958.489,1.31161,0.976404,0.984819,1.07245,1.26527,-0.215304,-0.0091997,1
6982,790.172,2169.11,-1882.35,1.45285,1.02578,0.995623,0.965324,1.08549,0.300483,0.00332747,1
6983,79204.1,171816,-93340.9,0.910786,1.02499,0.998253,1.03904,0.948141,-0.00859846,-0.00205655,1
6984,487.061,1279.71,-1174.13,1.0467,0.976142,0.992272,1.00931,0.988974,-0.0717602,-0.0220688,1
6985,1408.89,4030.41,-3157.88,1.22676,1.03574,1.0018,1.00476,1.12547,0.0840006,0.0066219,1
6986,279.683,-679.36,712.649,1.27381,1.01255,1.00499,0.976127,0.645315,0.157973,-0.0180037,1
6987,3600.57,-4788.65,9603.57,1.053,1.03489,1.00452,0.988358,0.971666,0.0198273,-0.0105509,1
6988,22920.4,-32858.9,87108.5,0.928966,0.989947,0.994208,1.00456,1.1639,-0.0171783,0.00242746,1
6989,103837,-10444.1,84812.2,1.27571,0.990581,0.994385,0.991848,1.27922,0.00286726,-0.00383011,1
6990,5774.82,15676.4,-5155.74,0.882296,1.01119,1.00695,0.9997,0.926047,-0.0135183,-0.00740592,1
6991,1314.73,-2661.45,3354.24,0.725804,1.01478,1.00427,0.98899,1.03357,-0.0649051,0.00906875,1
6992,16105.5,-21320.8,65307.4,0.739361,0.991613,0.998434,0.987288,1.09577,0.0663044,-0.000714434,1
6993,2119.11,-4284.42,6444.29,1.25867,0.972529,1.0098,0.991414,0.899204,-0.0673499,0.00505964,1
6994,2485.79,-3783.42,5879.2,0.939887,0.998675,1.00035,1.00636,1.03047,-0.166872,0.00177933,1
6995,157.136,-393.283,403.934,1.04297,0.959785,1.01112,1.02345,1.02199,-0.236909,0.0197167,1
6996,217.716,566.735,-545.91,1.03414,0.999203,1.00158,0.997262,0.759718,0.265044,0.013428,1
6997,1672.06,-3700,4920.78,0.65608,1.0258,1.02481,1.0283,1.19073,-0.146579,0.00306528,1
6998,6408.82,-3912.91,12657.7,0.573578,1.00149,0.999725,1.00353,0.968266,-0.0734722,0.00129461,1
6999,3222.44,-5946.92,10726.4,0.90851,0.999989,0.997617,1.02173,1.07651,-0.124336,0.00190169,1
7000,1979.9,6749.72,-4671.85,0.887572,0.965519,0.997836,1.00801,0.700869,0.0519892,0.00698411,1
7001,412.136,1074.32,-1000.26,0.797032,1.02032,1.00429,0.953176,1.33309,-0.12647,-0.0153172,1
7002,2698.33,-4413.14,6830.02,1.14179,1.00896,0.999575,0.987386,1.09999,-0.0434457,0.00637259,1
7003,268.931,-660.781,692.19,1.3567,0.986542,1.00179,1.05664,1.25847,-0.177876,0.0160297,1
7004,14616.4,-19447.7,58566.3,0.798601,0.991249,1.02516,1.04678,1.16851,0.0602361,-0.000803066,1
7005,80151.6,-41209.7,115000,0.938788,0.979068,1.00708,1.0501,0.915648,-0.0208556,0.000896572,1
7006,698,1866.63,-1651.26,1.04568,1.00031,1.01324,0.993344,1.13036,-0.132743,-0.00828124,1
7007,6117.49,-3770.07,13136.5,0.718331,0.991296,1.00488,1.03967,0.800796,0.167054,-0.000647344,1
7008,2774.29,9412.04,-5827.88,1.53889,1.00047,0.996332,1.01908,0.924944,0.0854011,0.00304898,1
7009,1325.77,3578.71,-2791.95,1.05111,1.02907,0.991928,1.02801,0.845078,0.0487464,0.0122435,1
7010,7667.16,21513.5,-8670.24,0.587398,1.01556,1.00104,1.0369,1.1386,0.17234,0.000424152,1
7011,703.316,-1611.31,1825.44,0.869829,0.988335,0.991184,1.01204,0.932102,0.252506,-0.00442811,1
7012,1565.77,4468.22,-3411.65,0.880491,0.989465,0.999138,1.06324,0.974309,-0.108477,-0.00441832,1
7013,1409.11,-2748.74,3542.38,0.950342,0.979599,1.02048,1.0086,1.31276,-0.0933193,0.00552586,1
7014,499.006,1321.49,-1209.32,0.542914,0.957899,0.987387,0.959725,1.10571,0.0738684,0.0205222,1
7015,2216.13,-4335.55,6303.03,1.15764,1.03269,0.981258,1.0506,0.759659,-0.0408332,0.00873447,1
7016,5930.89,16820.5,-5189.01,0.9783,0.99746,0.983258,0.991234,0.853808,0.163378,0.000658206,1
7017,316.328,831.98,-787.548,1.0187,0.997896,1.00408,0.988675,1.07384,0.292464,0.00830791,1
7018,209.435,534.171,-515.315,0.784487,0.988324,0.994861,1.02786,0.734167,-0.191728,-0.0196158,1
7019,2837.3,9352.49,-5770.93,0.894506,1.01576,0.992832,0.975188,0.927054,0.146768,0.00176905,1
7020,281.363,735.472,-700.39,1.26959,1.01762,0.990805,0.941807,0.790587,0.194245,0.0146865,1
7021,87173.7,-22024.9,93496.8,1.02395,0.959649,1.00444,1.01362,1.13168,0.00175049,-0.00858821,1
7022,760.572,2048.07,-1786.26,0.945747,0.975979,0.991833,0.965993,1.04607,-0.109412,-0.00922938,1
7023,1529.03,4244.31,-3165.96,0.766849,1.01931,0.997974,0.950992,0.790249,-0.0811456,-0.00628329,1
7024,865.51,-1950.34,2272.61,0.767661,1.00344,1.00034,1.01265,0.916902,-0.0608795,0.0147339,1
7025,2925.83,-5341.97,8632.99,0.763454,1.01954,0.984235,1.02537,0.939081,-0.120503,0.00215552,1
7026,1683.03,-3341.5,4448.24,0.999907,1.02803,0.996022,0.991507,1.21864,-0.0323826,0.0144277,1
7027,4593.7,18105.4,-8336.43,1.34257,1.0047,0.990723,1.03802,0.871689,0.00764004,0.0199147,1
7028,5095.74,19901.5,-8532.94,1.12496,0.965064,1.00377,1.01221,0.991715,-0.0598409,-0.00244351,1
7029,845.718,-1892.54,2199.3,1.08087,1.00297,1.00497,1.04358,1.13407,0.109433,-0.00838712,1
7030,1793.79,-3792.28,5353.64,1.09063,1.00404,0.986595,0.992593,1.07274,0.107847,-0.00403016,1
7031,98.3583,-249.395,253.595,0.842641,1.01441,0.994264,0.984854,0.760472,-0.364339,0.0221559,1
7032,566.71,-1344.3,1485.22,1.39845,0.99458,1.00384,0.99445,0.976375,-0.14438,0.00939003,1
7033,1350.62,-2785.43,3520.33,0.816369,1.00762,0.990737,1.03758,1.13198,0.0685554,-0.00846957,1
7034,543.419,1432.89,-1302.04,1.48948,1.01787,0.994585,1.03317,1.00686,-0.112827,-0.0130942,1
7035,395.156,-941.774,1008.56,0.968225,0.962648,1.00331,0.954202,0.536317,0.203329,-0.00940841,1
7036,207.965,529.125,-510.797,0.750627,1.00083,1.0092,1.02215,0.916523,-0.250707,-0.0150485,1
7037,511.847,1344.86,-1230.12,1.14135,1.0096,1.00546,0.965078,0.949957,-0.163623,-0.00940782,1
7038,809.127,2204.35,-1909.32,1.14925,0.979376,1.00838,1.0523,1.40517,0.174006,0.00526793,1
7039,3688.43,9402.81,-4804.68,1.18426,1.0199,0.984192,1.05954,1.15274,-0.0227858,-0.00855122,1
7040,747.288,-1705.08,1948.81,1.27201,0.966113,0.992747,0.997815,0.986093,0.105659,-0.00963956,1
7041,486.497,-1148.34,1248.9,0.837221,0.993865,1.01808,1.01209,1.19022,0.200426,-0.00784234,1
7042,6321.24,-3640.74,13616,0.707793,1.01207,0.996674,0.984475,1.40033,0.0166204,-0.00626177,1
7043,902.648,-1996.6,2349.45,1.17184,1.0241,0.988054,1.03912,0.794874,0.066442,-0.0134754,1
7044,332.136,-809.779,857.827,0.945491,0.98759,1.00164,1.00116,0.837682,-0.147757,0.0156545,1
7045,6214.76,-3669.79,13181.6,0.803657,1.02239,1.01386,1.01312,0.903942,0.0716941,-0.00140717,1
7046,458.565,1217.71,-1123.36,1.04274,1.00881,0.993664,0.965999,1.01999,0.170873,0.0100806,1
7047,321.356,828.489,-784.417,1.13277,1.00879,1.02099,0.997893,0.488557,-0.195646,-0.0123296,1
7048,8760.39,30378.8,-10924.6,1.00974,1.02891,1.00286,0.985544,1.07987,-0.00320834,-0.0199153,1
7049,1201.89,3165.9,-2544.72,1.10029,0.966587,0.996369,0.970936,1.0242,-0.267374,-0.00233767,1
7050,1808.65,-3755.3,5313.08,1.056,1.01592,0.999779,0.988974,0.772101,-0.0578924,0.00735545,1
7051,501.146,-1198.59,1309.12,0.899063,1.01866,0.991681,1.049,0.948303,-0.171802,0.00928929,1
7052,290.08,758.308,-721.098,1.0504,1.01796,0.993539,0.977171,1.35611,0.183682,0.0150131,1
7053,370.078,970.758,-910.006,0.704692,0.972153,0.998719,1.00724,1.28399,0.165812,0.0123154,1
7054,1731.55,5418.64,-3852.79,0.970606,0.995308,0.992877,1.00006,0.922708,0.127581,0.0034016,1
7055,1243.49,3326.81,-2650,0.853021,0.990369,0.993366,1.007,1.15357,0.115258,0.00529826,1
7056,625.165,1686.47,-1508.75,1.10343,0.969984,0.997793,1.02474,1.1608,0.273715,0.00435922,1
7057,7829.72,21947.6,-8549.94,0.76978,1.0294,0.988485,1.02462,0.898821,0.0222649,0.00327062,1
7058,240.136,-586.253,610.599,0.970021,1.0348,1.01432,0.991457,0.897568,0.138389,-0.0241569,1
7059,6745.96,22330.3,-7841.97,1.09049,1.01743,1.00521,0.999815,0.673993,0.00741264,0.0168027,1
7060,584.602,1569.3,-1414.45,0.871324,1.03311,0.993159,0.896643,1.07612,0.0828203,0.0167456,1
7061,4285.2,-6452.87,12045.6,1.23272,1.00913,1.01245,1.00734,0.981865,-0.0605229,0.00272644,1
7062,1007.36,2869.24,-2379.08,0.836048,0.977218,0.980876,1.00102,0.832686,-0.0488164,-0.0157113,1
7063,15324,-20461.9,63328.1,1.08192,1.03209,1.01396,0.961135,1.21729,0.174597,-0.000272229,1
7064,1327.56,-3047.03,3869.75,0.912876,0.981588,1.00226,0.957953,1.34476,-0.0995448,0.00566963,1
7065,23414.9,110864,-41013.3,1.07039,1.04797,1.00417,1.0356,1.11015,0.0468192,0.000818203,1
7066,7799.13,23192.6,-9138.29,0.772311,0.978959,0.98884,1.01896,0.886899,-0.207225,-0.000349605,1
7067,4897.6,19629.7,-8679.76,1.20538,1.00172,1.00645,1.02502,0.704946,-0.042556,-0.00345493,1
7068,177.528,-433.172,446.384,1.04968,0.97495,1.00846,0.964533,0.780974,0.225129,-0.0191221,1
7069,4211.3,-5813.58,10820.7,1.15628,1.00248,0.991788,1.00258,1.12842,0.089042,-0.00193104,1
7070,6445.85,19277.3,-6454.51,0.707658,0.995339,1.00277,0.996451,1.19487,-0.0126108,-0.00938844,1
7071,7091.84,-4919.25,16881.7,1.0719,1.01323,0.991634,0.978602,1.06946,0.0791909,-0.00145227,1
7072,868.365,-1988.31,2313.88,0.912578,0.996467,1.02297,0.956104,1.02366,0.0943253,-0.00919895,1
7073,1122.53,3110.04,-2556.95,0.862548,1.00545,1.00649,0.989717,0.632339,0.085228,0.00796773,1
7074,1305.76,3456.42,-2739.9,0.929968,1.01276,1.0048,1.01051,1.03674,-0.141512,-0.00418214,1
7075,96895.5,-42195.9,124056,0.869608,1.03101,1.00352,0.963656,0.892658,0.114875,-0.000144383,1
7076,1382.55,3947.18,-3109.57,1.03397,1.02502,1.00682,1.01548,1.50453,-0.0427047,-0.013126,1
7077,911.572,-2014.1,2375.73,0.877977,0.971632,0.989342,0.951304,1.27442,-0.0268796,0.0311586,1
7078,1189.34,3181.47,-2565.59,0.932776,0.964551,0.994943,0.999618,0.917917,0.0510186,0.0121903,1
7079,59724,172180,-92239.7,1.15093,1.01839,1.00091,1.00654,1.16812,0.0377292,0.000622043,1
7080,4303.82,16145.7,-7927.37,1.0648,0.988063,0.99952,1.00583,1.15771,-0.0920089,-0.00172299,1
7081,6539.65,-3807.99,13093.7,1.13742,1.01994,0.997087,0.991817,1.12032,0.0131538,-0.0071518,1
7082,351.278,-859.292,913.458,0.757837,1.00035,0.997358,0.956098,0.961408,-0.197986,0.01124,1
7083,474.705,-1125.09,1221.24,0.556613,1.02028,1.00949,0.95481,0.871283,0.170024,-0.00984394,1
7084,672.453,1792.09,-1588.26,1.13162,0.99507,0.979009,0.937224,1.01774,-0.188405,-0.00633461,1
7085,6695.96,16688.9,-6466.61,0.955714,0.987436,0.991637,0.954948,0.605873,-0.0935142,-0.000919639,1
7086,1531.74,-3019.85,4035.48,1.01359,1.0256,1.0031,1.03896,0.870577,-0.0548128,0.00926566,1
7087,1100.2,3146.1,-2558.35,0.874187,0.957586,1.00097,0.994829,1.11609,-0.0634329,-0.0105089,1
7088,702.346,-1631.05,1847.91,0.851823,1.00341,0.991206,0.999202,1.04845,-0.0730452,0.0153713,1
7089,7138.84,-5428.2,17420,0.570454,1.02502,1.00295,1.04251,1.18856,-0.00844572,0.0137045,1
7090,3620.4,11559,-5774.78,1.14711,1.03822,0.998286,1.01204,0.967286,-0.138832,-0.00153972,1
7091,1195.24,-2689.39,3316.27,0.863927,1.01123,0.999876,0.980434,1.38794,0.190606,-0.00344927,1
7092,2161.34,-3909.25,5601.72,1.14728,1.04604,0.997511,1.0044,0.71779,-0.060836,0.00598332,1
7093,1000.67,2836.58,-2362.48,0.665739,0.996601,1.01669,0.999478,0.734383,0.143012,0.0052079,1
7094,3380.25,-4000.95,7360.65,0.836898,0.94169,0.986317,0.968286,0.98774,0.0579378,-0.00363085,1
7095,1428.74,3806.61,-2906.95,0.955988,0.976921,0.997028,1.03398,0.787677,-0.227342,-0.00231152,1
7096,409.729,-979.689,1052.35,0.98943,0.996477,0.990881,1.00068,1.08717,0.151404,-0.0128195,1
7097,1477.39,-3076.36,4068.47,1.27954,1.00762,1.00171,1.00991,1.19149,0.35637,-0.00148194,1
7098,348.171,909.943,-857.568,1.04776,0.993415,1.03057,1.02415,0.947101,0.155205,0.0137163,1
7099,1052.66,-2284.35,2740.63,0.858605,0.991706,1.02516,0.993868,0.875859,-0.119632,0.00585444,1
7100,201.89,-501.496,519.049,0.842414,0.997159,1.01088,1.01085,1.0326,-0.228332,0.0166077,1
7101,33326.7,132042,-58265.7,0.700457,0.974622,0.998431,0.975207,0.858498,0.00442704,0.00756061,1
7102,541.769,-1283.22,1410.98,1.07753,0.986976,1.00754,0.998639,1.13593,-0.0850625,0.0165009,1
7103,405.133,-971.056,1041.97,1.09148,1.01019,0.995565,0.986825,1.01596,0.0974184,-0.0202642,1
7104,509.672,1357.97,-1241.47,0.893488,1.00472,0.998011,0.951598,0.950713,0.130424,0.0117714,1
7105,6729.89,20502.7,-6723.83,0.912424,1.00881,0.990602,1.03661,1.07239,-0.00803026,-0.0148354,1
7106,1123.21,-2553.65,3110.14,0.785617,0.986348,1.01097,1.01662,0.777496,0.130388,-0.005142,1
7107,1193.12,-2645.54,3312.02,1.31578,0.994279,0.994817,1.0425,1.08143,-0.207392,0.00308637,1
7108,593.657,1567.06,-1412.01,1.28168,1.00786,1.00146,0.985549,1.027,-0.210248,-0.00633247,1
7109,6759.06,16926.7,-6521.85,0.876038,1.00733,1.00127,0.957468,1.15238,-0.0132888,-0.00638139,1
7110,176.398,-432.391,445.639,0.792674,0.985922,0.993419,1.00803,1.22954,0.185809,-0.0240467,1
7111,316.776,-774.887,818.736,1.12862,1.01026,0.9915,0.985195,0.87116,-0.116655,0.0216154,1
7112,2261.48,6152.32,-4000.75,0.685394,0.991196,1.02199,1.04783,1.00509,-0.0545166,-0.00575145,1
7113,1850.66,-3338.42,4598.56,1.05519,0.976063,0.998202,1.0239,1.09052,-0.0549625,0.00725595,1
7114,2068.79,-4540.04,6628.77,0.909767,0.977777,1.00089,1.01211,0.743871,0.0248941,-0.0142757,1
7115,36240.3,-52957.9,116650,1.39135,1.00159,1.01121,1.00495,0.24644,0.0232392,-0.00149077,1
7116,1653.76,-3356.4,4439.37,0.957686,1.01994,1.00268,0.985412,0.745301,-0.0491849,0.00951252,1
7117,8349.43,28546.6,-10868.6,1.057,0.996175,1.02048,1.01204,0.758603,0.10277,0.000636525,1
7118,3067.18,10298.5,-5647.81,0.943321,0.964298,1.00049,1.01157,1.03153,-0.15406,-0.00152471,1
7119,633.405,1687.23,-1509.62,0.859486,1.0022,1.008,1.04897,1.05699,-0.0774395,-0.0157576,1
7120,751.244,2052.02,-1793.66,0.974371,0.987581,1.00196,1.01613,0.97561,0.298755,0.00335474,1
7121,2776.75,10105,-6116.66,1.29362,0.986731,0.999922,1.01381,0.872316,0.0199338,0.0128722,1
7122,914.589,-2015.06,2367.43,1.24778,0.981852,1.01287,1.00144,0.917101,0.0877819,-0.00934236,1
7123,3914.44,10458.2,-5674.87,1.19891,1.00591,0.993679,0.968292,1.52493,0.00881918,0.0204043,1
7124,134.654,-338.301,346.082,1.22432,0.979968,1.01231,1.005,0.731594,-0.310995,0.0178621,1
7125,27811.7,-40987.3,100445,0.939948,0.987615,0.994481,0.987189,1.10171,0.207227,-0.000188579,1
7126,1757.37,-3153.65,4326,0.922817,0.980094,1.01782,1.02667,0.985914,-0.197994,0.00206997,1
7127,968.381,2737.12,-2306.94,0.957112,0.992982,1.01645,0.963017,1.00887,0.0811414,0.00949633,1
7128,752.336,2015.35,-1763.09,1.18992,0.990668,0.999893,0.995144,1.05095,-0.216721,-0.00475289,1
7129,899.437,2474.09,-2097.39,0.816809,0.984195,0.992088,1.01,0.992869,-0.0596446,-0.0143376,1
7130,768.741,2066.45,-1804.15,0.721976,1.0099,1.00709,1.04808,1.04402,-0.108903,-0.00929442,1
7131,717.303,1921.9,-1691.6,0.681316,1.00963,0.994192,1.02776,1.13691,-0.0882754,-0.0125115,1
7132,984.475,-2135.89,2537.78,0.964748,0.957368,1.01859,1.08514,1.22359,-0.0333248,0.021927,1
7133,428.943,-1016.58,1096.14,1.18565,0.967944,0.990493,1.01493,0.974287,0.201932,-0.00892396,1
7134,79011.2,-38935.9,111527,0.638796,0.972639,1.01355,1.04879,1.04303,0.127505,-0.000145331,1
7135,584.404,1561.64,-1407.66,0.929624,1.01635,0.990291,1.01323,1.32758,0.10026,0.0136295,1
7136,3264.91,10528.8,-5557.98,1.04772,0.997741,1.00526,1.00931,0.822667,0.021111,0.0105301,1
7137,1131.79,-2541.71,3102.96,0.733664,0.986892,0.987053,1.06615,1.06043,-0.112125,0.00606132,1
7138,159.469,-387.695,398.354,0.886116,1.00096,0.991101,1.03423,0.936145,0.436314,-0.0116579,1
7139,4173.2,13588,-7083.49,0.793914,0.999003,0.993363,0.954419,1.21796,0.0866237,0.00191914,1
7140,2076.18,-4125.2,5810.6,1.11827,1.0166,1.01381,1.00998,1.18823,0.0576485,-0.00629925,1
7141,3954.93,11152.5,-6116.32,1.04742,0.992645,0.99933,1.01432,0.831061,-0.194622,-0.000903152,1
7142,368.823,950.784,-891.658,1.13646,0.978101,0.997583,1.01315,1.11248,-0.256855,-0.00818657,1
7143,325.441,-785.368,830.897,0.902048,1.00383,0.992272,1.06764,1.05911,0.156851,-0.0156853,1
7144,870.566,2416.11,-2066.76,0.924654,1.04298,1.00927,0.961501,1.19911,0.0858578,0.0106287,1
7145,1039.45,-2231.05,2691.93,1.30967,0.997026,1.02004,1.02907,0.991188,0.081963,-0.00882877,1
7146,1410.07,4261.88,-3321.62,1.28367,1.02366,1.00835,0.963114,1.24445,-0.0448674,-0.0122264,1
7147,1067.77,-2354.93,2832.37,0.707775,0.968964,1.00883,1.01719,0.954413,0.250966,-0.00278195,1
7148,1418.47,4335.84,-3358.14,0.861746,1.0162,0.998168,0.969108,1.18847,-0.0799532,-0.00686796,1
7149,2085.19,-4442.52,6388.86,1.13192,0.991021,0.998603,0.958312,0.754482,0.102307,-0.00352839,1
7150,4006.11,12428.1,-6755.86,0.920879,0.992542,1.0098,0.992887,0.701603,0.114101,0.00148502,1
7151,470.509,-1135.89,1231.68,0.964168,1.02737,1.02095,1.01268,1.03856,-0.23639,0.00696692,1
7152,2830.84,-4678.32,7354.38,1.11299,1.02807,0.998954,0.999111,1.43939,0.0217616,-0.0123421,1
7153,956.012,2635.91,-2203.32,1.04117,1.00309,0.975809,1.05098,1.21773,0.165956,0.00499228,1
7154,2504.03,6685.09,-4364.4,1.2727,0.985758,0.991766,1.01912,0.860964,0.0334802,0.00864775,1
7155,897.689,-2005.78,2355.13,0.655238,1.02692,0.995529,0.985365,1.22928,-0.102358,0.00868835,1
7156,7236.58,-7582.15,21520.1,1.4943,1.04976,0.999753,1.04537,1.13007,-0.0183716,0.00677817,1
7157,64756.5,-64912.7,140452,1.01611,1.00577,1.0008,0.93604,1.00844,-0.0530172,0.000483126,1
7158,487.906,1294.56,-1187.44,0.38508,0.993823,0.988445,0.995641,0.810161,0.0842223,0.0191082,1
7159,7649.02,-6555.4,16645,0.964749,0.985465,1.00455,1.00343,1.12744,0.110808,-0.000709434,1
7160,374.732,-906.902,967.983,1.05948,0.987279,1.00241,1.02441,1.05632,-0.0980871,0.0208924,1
7161,180.874,459.281,-445.284,1.20557,1.02794,0.991234,0.987746,0.970469,-0.295044,-0.0155074,1
7162,1022.54,-2315.26,2764.21,0.806469,1.01473,1.01527,0.972951,0.840429,0.172589,-0.00439283,1
7163,706.229,1894.95,-1670.34,0.947838,1.0431,0.986037,1.03626,0.97857,-0.158921,-0.00738939,1
7164,31168.3,-48109.2,111445,1.17113,1.01674,0.997799,0.977345,0.90264,-0.00848458,0.0043749,1
7165,471.151,1248.23,-1149.15,1.02205,0.990987,1.00309,0.999163,0.921467,0.13834,0.011751,1
7166,111514,105036,-50553.5,1.04119,1.02428,1.00717,1.02184,1.02124,0.0155259,0.000443047,1
7167,627.971,1684.22,-1508.34,1.03699,1.00229,1.01241,1.01047,0.895919,0.081168,0.0149882,1
7168,684.093,1813.82,-1606.86,1.11722,0.995336,0.995584,1.01759,1.10004,-0.296344,-0.00388189,1
7169,343.403,889.695,-838.533,0.854593,1.02055,1.00326,1.03296,0.699362,-0.106481,-0.0218665,1
7170,3872.75,11036.5,-6123.73,0.668602,0.986837,1.00211,0.996546,0.907495,0.142526,0.00123813,1
7171,3777.54,-4301.41,8272.55,1.37725,1.00946,0.998441,0.970225,0.950717,0.0513869,-0.00376066,1
7172,6411.02,18757.2,-6134.43,1.08336,1.00394,1.00383,1.01229,0.985128,0.00854864,0.013451,1
7173,136.905,-335.389,343.384,0.80622,0.98414,0.972555,0.994274,1.12664,0.327292,-0.0181795,1
7174,1868.89,5918.1,-4098.27,1.12601,1.02828,0.987736,1.00019,0.83746,-0.112355,-0.00375087,1
7175,212.489,-526.935,546.718,0.989433,0.99806,0.981751,0.999935,0.876146,-0.14198,0.0265183,1
7176,1462.54,-3230.59,4244.7,0.923167,1.02269,1.01165,0.946119,1.37706,-0.108864,0.00483524,1
7177,2011.93,-3708.81,5198.47,1.12991,1.00308,0.995603,1.0001,1.13621,0.0397652,-0.00953493,1
7178,998.358,2809.66,-2339.18,0.843106,0.991702,1.01487,0.999016,1.19225,0.129305,0.00576075,1
7179,2348.98,-4559.05,7195.81,0.877423,1.01783,0.997408,0.985474,0.756336,-0.0761539,0.00426219,1
7180,85947.4,164007,-88682.2,0.776082,1.01469,0.998906,0.972199,0.603441,-0.002502,-0.00626083,1
7181,491.209,1308.9,-1201.18,0.931352,0.98393,1.01132,1.01813,1.30808,0.288873,0.00525774,1
7182,67242.2,149568,-78059.1,1.00781,0.956332,0.995894,0.976006,0.97796,-0.0525494,-0.0003677,1
7183,412.402,1071.8,-996.954,1.3054,0.976948,0.992569,1.03793,1.0446,-0.164774,-0.0114181,1
7184,3542.54,-4150.79,8109.37,1.118,0.995333,0.994008,0.987591,0.860457,-0.0312103,0.00657693,1
7185,3612.94,-4199.93,8273.83,1.11442,1.01353,0.999926,1.01494,0.610372,-0.0758577,0.00265518,1
7186,28428.7,118237,-48880.9,0.806609,0.981465,1.00613,1.07821,1.07097,0.0289079,0.00122422,1
7187,3658.89,9355.18,-5202.31,1.01432,0.988443,1.00533,0.974886,0.957565,0.0889906,0.00211852,1
7188,1596.74,4468.9,-3397.48,0.657805,1.00465,1.00213,0.994097,0.92259,-0.0988159,-0.00482398,1
7189,54995.1,-61078.8,132569,0.938365,0.980824,0.98826,1.01763,1.3775,-0.00193195,0.0145899,1
7190,6269.66,-3677.55,12885.7,0.913418,1.02381,1.01251,1.01148,1.00897,0.0581231,-0.00167064,1
7191,6410.92,20082.9,-6893.27,1.14017,0.975202,0.992229,0.951059,1.05089,0.00839919,0.0148218,1
7192,7156.11,19836,-8420.8,1.06484,0.953309,1.00768,1.03308,0.753767,0.0527068,0.00146394,1
7193,1042,2779.55,-2297.51,0.887247,1.02712,0.976608,1.03275,1.12058,-0.187884,-0.00419167,1
7194,1221.73,-2507.7,3130.7,1.17344,1.05774,0.994969,1.00046,0.935757,0.0558136,-0.0120342,1
7195,2899.23,-5729.95,9716.46,0.742953,0.970311,1.02323,1.01846,1.15729,0.0206903,-0.0118484,1
7196,91064.2,-32593.2,109338,0.993841,0.985394,0.996988,1.01818,1.2171,-0.0864901,0.000181478,1
7197,2503.56,-4008.97,6059.6,0.86671,0.982643,1.00877,0.995343,0.990697,0.0843135,-0.00344055,1
7198,491.118,-1177.42,1283.73,0.787506,0.96091,0.997557,1.02141,1.15962,-0.211656,0.00717142,1
7199,1979.1,-3705.88,5151.43,0.593583,1.00437,1.00744,0.98188,1.00616,-0.112022,0.00337769,1
7200,290.4,759.19,-721.779,1.01778,1.00124,0.990667,1.00755,1.03024,0.166608,0.0163271,1
7201,2884.7,10889.2,-6247.66,1.28833,0.970144,0.989075,1.06079,0.941874,-0.0231947,-0.0107464,1
7202,346.149,-834.301,885.523,1.21236,1.00002,1.00639,0.996182,1.09569,0.156859,-0.014417,1
7203,8286.08,-7832.79,20148.4,1.0084,0.996969,1.00504,0.972566,1.12812,0.0301279,-0.00240947,1
7204,1158.56,-2601.57,3235.06,1.01782,0.978293,0.99165,0.98536,0.923908,-0.183428,0.00356151,1
7205,505.754,-1188.02,1296.71,1.05548,0.990477,1.0153,1.02149,1.25669,0.248809,-0.00608626,1
7206,3270.17,-6285.74,11283,1.09793,1.03194,0.997991,1.02564,0.699926,-0.0647186,0.00364594,1
7207,9726.73,-10885.9,31303.6,0.593264,1.006,1.00397,0.908196,0.94699,-0.0121457,0.00509912,1
7208,6139.96,-3443.38,12942.9,0.82545,1.00242,0.984541,1.03848,1.19458,0.0232032,-0.00441707,1
7209,332.72,854.975,-807.413,0.754086,0.987569,1.00939,1.01153,0.874348,-0.25195,-0.00920302,1
7210,723.278,1969.72,-1729.8,1.09306,0.994089,0.991484,1.01564,0.808943,0.213211,0.00501039,1
7211,209.063,-519.348,538.298,1.03545,1.01496,0.996991,1.00815,1.33802,-0.175349,0.0217171,1
7212,12608.4,58644.1,-17247.9,1.06939,0.972771,1.00862,1.05902,1.17111,0.167453,0.000298646,1
7213,342.931,-821.27,871.436,1.26076,1.0048,0.995535,0.965362,0.962694,0.302959,-0.00772995,1
7214,697.147,1881.96,-1661.77,1.14595,0.999044,0.992964,1.01395,0.937211,0.0720176,0.015544,1
7215,2745.05,-5168.18,8074.66,1.07585,0.995094,1.00922,0.976893,0.930071,0.0471473,-0.00563595,1
7216,4413.2,16625.3,-7956.38,0.749988,1.00263,0.983779,0.962169,0.98706,0.147234,0.00106895,1
7217,1385.71,4228.26,-3260.61,1.07215,0.998197,1.00585,1.03618,0.95359,-0.0255449,-0.0212859,1
7218,8160.22,25934.1,-9857.7,1.23983,0.992079,0.989523,1.0027,0.864121,-0.0466192,-0.00147999,1
7219,8253.45,-7382.63,19400.1,1.2452,1.01336,1.0007,0.952762,1.09487,0.011598,-0.00634648,1
7220,6202.13,-7718.51,19493.9,0.931894,0.985179,1.00474,0.986057,0.857672,0.0323398,-0.00419751,1
7221,6926.89,-4890.51,13655.8,1.25747,0.986212,0.99783,0.97789,1.06363,0.0319887,-0.00274468,1
7222,6259.68,-3548.44,12891.5,0.850926,1.01086,0.992734,1.00124,0.985033,0.0138914,-0.00709239,1
7223,94938,135503,-70092,1.28462,1.00354,1.00935,1.00237,1.13598,-0.015443,-0.000740951,1
7224,353.204,-862.222,917.028,1.23693,0.952325,1.00093,0.993587,1.44535,-0.179522,0.0116349,1
7225,438.127,-1038.94,1121.05,0.891637,1.0001,0.999325,1.0158,1.00969,0.262038,-0.00689882,1
7226,1831.76,4985.59,-3502.71,1.09931,0.997174,0.993738,0.981433,1.07839,-0.113665,-0.00364426,1
7227,3937.7,-5288.93,9516.67,1.12972,0.981008,0.998915,0.99053,0.898276,-0.0345033,0.00522868,1
7228,787.135,2160.26,-1877.78,0.601758,1.01458,1.00468,0.978025,0.957148,0.275415,0.00356351,1
7229,105283,106640,-51175,1.3393,1.00312,1.00695,1.01643,0.928965,-0.00886305,-0.000842537,1
7230,462.302,1210.66,-1116.11,0.721069,1.01748,0.99042,1.02239,1.21842,-0.120337,-0.0145429,1
7231,8049.49,24255.2,-9449.05,1.20928,1.00942,0.992469,1.04825,0.738107,-0.0141272,-0.00494769,1
7232,311.602,-764.825,807.31,0.94517,0.991285,1.00113,0.957114,1.18974,-0.222831,0.0110909,1
7233,5963.59,-3722.12,12243,1.31531,0.994048,1.01763,1.02901,0.543128,-0.0105754,0.00953004,1
7234,1104.8,-2361.03,2864.57,1.08452,0.988982,0.99706,0.994186,0.791665,0.146844,-0.0047518,1
7235,805.092,-1828.82,2114.06,0.801433,0.995649,0.975308,1.00793,1.25486,0.105859,-0.00942259,1
7236,16035.9,81141.9,-23045,1.07208,1.04745,0.989242,0.980153,0.91594,-0.0437396,-0.00102511,1
7237,5069.9,20671.9,-8789.72,0.98012,1.01321,0.996816,0.944269,1.13691,0.00915492,0.0159079,1
7238,67983.2,166116,-87658.1,1.03563,0.987909,0.986275,1.02385,0.6104,0.00837358,0.00242195,1
7239,38474.8,-54386,120204,1.45238,0.985617,0.990178,0.99071,1.08652,0.00409232,-0.00836808,1
7240,1589.83,-3270.96,4286.69,0.815895,0.990546,0.998326,0.980267,0.751495,0.127942,-0.00374638,1
7241,1551.7,-2900.54,3840.82,1.0233,1.01111,1.00138,1.04273,1.15175,0.131482,-0.00379273,1
7242,8216.66,-7748.41,19708.3,0.769987,0.985378,0.996637,1.04641,0.915705,0.0523584,-0.00139494,1
7243,7770.19,-6014.63,16528.4,0.993157,1.0263,0.997488,0.939403,1.19097,0.0121528,-0.0064987,1
7244,632.266,1701.41,-1519.73,0.929799,1.01989,0.988879,0.984804,1.24532,0.147487,0.00858667,1
7245,94376.3,-45606.3,126818,1.30062,1.02925,0.997819,1.00011,0.818715,0.0139998,-0.00123393,1
7246,382.884,-909.766,972.823,1.17766,1.00458,0.983207,1.00139,0.665707,0.343907,-0.00620206,1
7247,383.367,-918.834,981.777,1.18086,0.995132,1.00562,1.02626,1.29035,0.164635,-0.0123434,1
7248,268.723,698.012,-666.372,1.01031,0.986445,1.00295,0.9883,1.13252,0.155619,0.0183079,1
7249,121537,62413.4,-28276.2,0.474804,1.03924,1.01255,1.01394,0.976762,0.0115453,0.000289345,1
7250,2397.48,6929.09,-4330.29,0.786112,1.01862,1.00439,0.99317,0.915213,0.0406264,0.00763348,1
7251,314.902,-772.775,816.163,0.929201,1.03363,0.996853,1.01153,0.999871,-0.1791,0.0143463,1
7252,829.144,2255.2,-1945.33,0.955273,1.01446,1.00798,1.05671,1.06799,-0.0937346,-0.0100207,1
7253,935.231,-2140.32,2535.03,0.9917,1.00741,0.988282,0.992287,1.08201,0.0438498,-0.0193767,1
7254,3537.77,-5543.2,10650.8,0.97229,1.0172,0.994993,0.999024,1.21988,0.0710576,-0.00314892,1
7255,1236.78,3365.57,-2665.5,0.858362,0.997241,0.995537,1.0015,0.893377,-0.0546096,-0.0113829,1
7256,1661.06,5316.23,-3865.48,0.868694,0.982485,0.997547,1.02302,1.10601,-0.0924366,-0.0048506,1
7257,3916.26,11043.7,-6100.01,0.693593,0.99154,1.00418,0.9985,0.793724,-0.0852019,-0.00206713,1
7258,5224.62,-8014.22,18187.5,1.04906,0.977549,0.999013,1.03152,0.812227,-0.0189534,0.00773238,1
7259,194.398,-472.606,488.508,0.84922,0.958641,1.0019,1.06872,0.866108,0.287813,-0.0135549,1
7260,866.685,2332.92,-1994.36,0.839294,1.01115,0.994221,0.974452,0.926184,-0.128734,-0.00710356,1
7261,5602.24,-8352.47,19516.6,0.904361,1.01884,1.01446,1.00699,1.41644,-0.0391274,0.00358332,1
7262,2689.26,-3959.24,6329.66,1.01455,1.03287,0.99707,0.977859,1.07881,-0.049072,0.00581929,1
7263,1024.78,2779.27,-2318.39,0.952541,1.01321,0.989534,0.99072,0.684737,-0.202901,-0.00383728,1
7264,39635.5,144249,-69827.2,0.641408,0.999583,1.01239,0.992442,1.08177,0.0058934,0.00514474,1
7265,3904.79,10411,-5729.29,1.13191,1.00686,1.00682,1.01305,0.913321,-0.161294,-0.00110696,1
7266,449.768,1177.12,-1089.07,1.07778,1.00273,1.01465,0.99594,1.01815,-0.122934,-0.0139673,1
7267,1773.67,-3512.99,4937.7,0.986606,1.00447,1.00736,1.03332,1.23006,-0.0646718,0.00656,1
7268,3671.21,9288.29,-5074.74,1.46089,0.978208,0.980872,1.03314,0.56622,-0.0435446,-0.00439596,1
7269,753.688,2064.03,-1799.94,1.04783,1.03388,0.975568,1.01966,0.993943,0.194066,0.00561304,1
7270,5807.92,21600.5,-8579.75,0.776878,0.994333,1.0087,1.01465,0.735295,0.0462768,0.00295364,1
7271,2173.2,6456.58,-4201.28,1.1761,0.974199,1.00993,0.949169,0.996934,0.0398569,0.00822576,1
7272,9393.15,-10993.8,30731.4,0.895688,0.955488,1.00076,1.02471,0.898299,-0.0985476,0.000636506,1
7273,1385.89,-3092.8,3946.93,0.662604,0.999448,0.999493,1.00467,0.989118,0.298591,-0.00187561,1
7274,6990.57,18050.4,-7571.49,1.00367,0.977463,1.0079,1.04282,0.909722,-0.0900004,-0.000889614,1
7275,737.251,2005.32,-1757.31,0.933572,1.00397,0.992318,0.995299,1.08395,0.164754,0.00643353,1
7276,1226.31,-2496.01,3103.85,0.80642,0.987145,1.01258,0.987082,0.793689,0.0677174,-0.00902194,1
7277,225.378,-560.708,583.009,1.09628,0.99736,0.991904,0.995683,0.773396,-0.262853,0.0132422,1
7278,719.845,1961.2,-1728.32,0.897011,1.01303,1.02172,1.01708,0.76051,0.2706,0.00387499,1
7279,1073.76,3092.9,-2532.16,1.28278,1.01567,0.992385,0.979768,0.967248,0.056726,0.0129253,1
7280,36791.3,-57569.1,123245,0.817485,1.04989,1.00454,0.989147,1.38545,0.0334147,-0.00103302,1
7281,1065.32,-2277.42,2760.92,1.17124,0.986002,0.991054,1.05543,1.20765,-0.231216,0.00309413,1
7282,2921.06,10579.7,-6197.96,0.793252,0.998395,0.96908,1.04437,0.962066,-0.0451481,-0.00565245,1
7283,1003.67,2790.33,-2311.48,0.942888,0.970837,0.98847,0.979625,0.819258,-0.0673669,-0.0112464,1
7284,7271.1,-5585.75,14785.1,0.979722,0.997458,1.00475,1.00774,1.19216,-0.00631634,0.0131351,1
7285,7831.45,23665.6,-9462.77,1.56282,0.992405,1.00979,1.00475,1.20504,-0.0123788,-0.00573511,1
7286,17454.1,85555.2,-25491.8,1.12745,1.00074,0.985442,0.998173,0.894319,0.0466899,0.000940748,1
7287,1997,-3498.44,4941.78,0.856516,1.00744,0.990697,0.966832,0.850458,0.0271824,-0.0142321,1
7288,226.414,578.1,-556.445,0.835936,0.998007,1.02461,0.997226,1.15686,-0.142558,-0.0236274,1
7289,118171,10622.1,54884.8,1.27431,1.01758,0.991322,1.01714,1.20076,0.014787,-0.00041434,1
7290,451.407,1191.53,-1099.94,0.841591,0.980445,0.987776,1.00666,1.34968,0.0831784,0.0206529,1
7291,214.664,-524.4,543.872,0.923633,0.99932,1.00872,0.977111,0.990028,0.193595,-0.0188368,1
7292,8921.92,35290.1,-12086,0.908394,0.980188,1.00817,1.03509,1.47998,0.065303,0.000933818,1
7293,36192.6,134869,-61267.5,1.14377,0.955689,1.0007,0.978684,0.723554,-0.0150689,-0.00211539,1
7294,1091.32,-2367.1,2868.76,0.78127,0.978698,0.988146,1.00924,0.613001,-0.0379204,0.0185069,1
7295,1593.03,-3173.29,4309.31,1.1998,0.944392,1.00552,1.01704,0.657514,-0.118132,0.00380028,1
7296,238.693,-582.659,607.517,1.22083,1.01482,0.970944,0.963532,0.801524,0.194469,-0.0180138,1
7297,935.978,2502.64,-2115.95,0.827897,1.00117,1.01122,1.0295,1.09862,-0.118521,-0.00688619,1
7298,658.998,1776.52,-1580.12,0.835737,1.02962,0.99731,1.01512,0.906409,0.143736,0.00842892,1
7299,3462.72,-4133.17,7728.27,0.815249,0.976813,1.00635,0.941323,1.25465,-0.0869225,0.00236163,1
7300,489.912,-1157.44,1259.84,1.06745,1.02019,1.00899,1.00471,1.24547,0.181962,-0.00891283,1
7301,496.406,-1192.01,1300.36,0.811857,0.954063,1.00864,0.954575,0.859513,-0.188805,0.007783,1
7302,1036.94,-2220.91,2668.62,0.950357,0.962756,0.996181,1.02912,0.667859,0.126447,-0.00571778,1
7303,207.46,-502.206,520.18,1.09567,1.01252,1.00435,0.980219,0.946425,0.416954,-0.0093081,1
7304,6416.17,-3812.15,12573.2,0.817965,1.00284,0.994575,1.04482,1.13113,-0.0186576,0.00510575,1
7305,93744.3,145208,-75265.8,0.871297,1.00416,1.00314,0.992734,1.00942,-0.013617,-0.000901668,1
7306,1475.75,3911.1,-3005.37,1.29718,0.993493,1.01145,0.997549,1.10615,0.045573,0.0110138,1
7307,308.684,793.958,-752.894,0.861563,1.02321,1.00201,1.00039,1.12845,-0.209705,-0.01247,1
7308,3441.7,8726.89,-4675.56,0.947696,0.974606,0.989739,0.97779,1.03048,0.0176034,0.0115711,1
7309,909.593,-2018.24,2379.56,0.735497,0.987904,1.002,1.06454,0.855029,0.127173,-0.00662284,1
7310,451.54,-1075.71,1164.74,0.982235,1.0027,0.98359,0.942836,0.891265,0.103754,-0.0172175,1
7311,4149.07,-4878.73,9344.9,1.0285,1.0481,0.999218,1.02669,1.15789,-0.0645457,0.00274537,1
7312,167.507,-419.476,431.594,1.03136,0.979343,1.00894,1.00346,1.01928,-0.325336,0.0137666,1
7313,7892.71,-7321.43,18215.2,1.18275,0.985893,1.01493,1.00783,0.648919,0.0154146,-0.00488294,1
7314,3729.78,10113.4,-5744.53,0.973977,0.978677,1.01405,0.998351,0.93326,0.0231789,0.00783155,1
7315,7398.43,-6424.44,19600.6,0.83546,1.03503,0.99927,1.03001,1.08407,0.0999436,-0.00119961,1
7316,865.77,2349.63,-2012.62,0.940903,1.01292,1.00171,0.951789,1.17692,0.114707,0.00783929,1
7317,1686.21,-3130.26,4229.22,1.21921,1.0442,0.989704,0.976744,0.733091,-0.0850734,0.00560235,1
7318,109676,103264,-48855.2,0.895163,1.01183,1.00199,1.00803,0.552302,-0.0402065,-0.000172707,1
7319,13933.3,65946.1,-18853.2,1.59874,0.964385,1.00065,0.990404,1.11365,0.0124215,0.00391791,1
7320,3929.36,11899.1,-6615.57,1.03181,0.983382,1.02615,1.02074,0.665533,-0.268853,-0.000637144,1
7321,413.469,-987.362,1061.69,1.01053,0.967559,0.991137,0.954929,1.16318,0.0792788,-0.0234583,1
7322,2094.21,6877.88,-4748.09,1.02457,1.00746,1.00325,1.0473,0.878117,-0.0364426,-0.00975441,1
7323,1449.85,3931.6,-2983.85,0.73264,0.989952,0.996898,1.02838,0.965606,-0.0546041,-0.00954311,1
7324,1976.65,-3638.06,5064.06,1.21431,1.00474,1.0043,1.05052,1.26726,-0.0509658,0.00745656,1
7325,151.171,-369.2,378.719,0.862918,0.973802,1.0096,0.968603,0.956446,0.270524,-0.0186748,1
7326,2198.88,-4729.95,7142.33,1.04529,1.00043,0.993643,1.03042,0.628699,-0.0658256,0.00520963,1
7327,775.706,-1782.37,2046.07,1.43068,0.970821,1.00346,0.985743,1.28751,-0.128942,0.00746257,1
7328,6155.41,18668.9,-6439.04,0.810968,0.966098,0.997028,0.961341,0.727905,0.0685761,0.00178423,1
7329,2788.54,-5743.98,9421.46,1.29458,0.970351,1.00426,1.00426,0.922865,-0.0395162,0.00650205,1
7330,1541.02,-3349,4364.4,0.928984,0.972461,1.00671,1.0156,0.976636,0.0855211,-0.00559407,1
7331,2576.4,-4062.86,6229.54,1.17743,0.992422,1.00097,0.9864,1.13531,0.120316,-0.00238874,1
7332,699.231,1878.94,-1658.3,1.27579,0.990807,0.991771,1.01532,0.816723,-0.0429078,-0.0259539,1
7333,809.884,-1849.94,2139.07,1.00864,0.98886,0.997713,0.975854,1.08562,-0.0916338,0.0103497,1
7334,104265,131629,-66959.4,1.14114,1.01796,0.995819,1.02446,1.21038,-0.072419,-0.000136182,1
7335,1588.66,4236.73,-3196.89,0.761532,1.01201,0.993793,0.979261,1.0189,-0.040837,-0.0119348,1
7336,221.458,575.847,-554.276,0.992854,1.01314,0.992375,1.0684,1.12399,0.212975,0.0169009,1
7337,495.184,1314.7,-1205,0.972047,1.0021,0.996348,1.02587,0.730202,0.101583,0.0155552,1
7338,1877.65,5439.38,-3745.65,0.818883,1.01304,0.978929,1.03329,0.917897,-0.0670145,-0.00620994,1
7339,6634.76,-4552.87,12723.4,1.23517,0.967344,0.990544,1.04911,1.25433,-0.0724723,0.00125858,1
7340,6622.57,16337.6,-6406.56,0.865474,1.00141,1.00894,0.985301,1.12911,-0.0365292,-0.00235092,1
7341,1122.15,-2383.89,2900.92,1.17815,1.00319,1.00058,1.02773,1.18708,0.0698801,-0.00988444,1
7342,550.289,-1305.15,1437.66,1.00827,0.992736,1.00229,0.983614,1.06307,-0.0858972,0.0163035,1
7343,878.959,2391.05,-2047.23,0.792772,0.997143,1.0017,0.954749,0.989682,-0.201865,-0.00437377,1
7344,540.702,-1272.5,1399.25,1.00429,0.997536,0.99441,1.00402,1.16072,0.132987,-0.010981,1
7345,3818.23,11318.4,-6314.11,0.733156,0.952214,1.00285,0.971382,1.25091,-0.347363,-0.000513641,1
7346,546.563,1446.19,-1312.74,0.814042,0.989686,0.990271,0.997589,0.894505,-0.0959833,-0.0149549,1
7347,3984.35,13633.2,-7292.35,1.04692,0.968681,1.01899,0.958949,0.773377,0.020349,0.00820444,1
7348,2493.39,6482.1,-4114.24,0.92337,1.00925,0.999554,0.989882,0.970432,-0.0247447,-0.0120048,1
7349,253.265,-627.177,655.196,1.19766,1.00989,0.99585,0.976025,1.03564,-0.211658,0.0147701,1
7350,1930.73,-3330.51,4743.04,1.05977,1.02273,1.01118,0.961427,1.24436,0.0809016,-0.00490988,1
7351,62436.3,-61827,135552,0.931286,0.992481,1.00182,0.994871,1.03901,-0.00192279,0.0133695,1
7352,330.051,-795.125,841.346,1.3184,0.986083,1.0164,0.996363,1.02584,0.119844,-0.019214,1
7353,1019.2,2916.16,-2428.39,1.10911,1.00437,0.993643,0.992014,0.88625,0.118715,0.00641185,1
7354,319.391,-768.861,812.093,1.02432,0.983617,1.01352,0.957443,0.61826,0.175353,-0.0136252,1
7355,1760.33,4983.71,-3529.72,1.14465,0.987063,0.993961,0.989686,1.07338,0.0397171,0.0106757,1
7356,1725.75,-3439.66,4792.84,0.93401,0.985168,1.00515,0.991702,1.33688,0.136686,-0.00317132,1
7357,4809.04,-7857.78,16956,1.18234,0.960774,1.00337,1.00081,1.25116,0.0398705,-0.00381728,1
7358,2012.47,6713.68,-4682.54,0.654211,0.990116,1.01009,0.993019,0.882096,0.107596,0.0033412,1
7359,421.329,1114.22,-1034.64,1.25078,1.00298,0.990045,0.951446,0.977881,0.140406,0.0133698,1
7360,2612.51,-4257.53,6503.72,0.865921,0.99601,1.00588,0.986414,0.898093,0.0888699,-0.00317322,1
7361,6406.26,-4406.6,14649.1,1.0573,0.982356,0.993596,1.03858,1.10855,-0.0138583,0.00831045,1
7362,330.124,844.754,-798.598,1.19964,1.01155,1.01528,1.03107,1.38097,-0.373274,-0.00639921,1
7363,1872.96,4904.96,-3500.04,1.18461,1.00352,1.00756,0.991707,0.756346,-0.0288151,-0.0138129,1
7364,282.848,727.702,-693.573,0.832004,1.01432,1.01705,0.956128,1.18517,-0.172193,-0.0160944,1
7365,5214.14,-8183.24,18337.2,0.656992,1.00824,1.00985,1.01157,0.694993,0.161665,-0.000898505,1
7366,873.011,2372.62,-2035.86,0.71135,1.01427,1.01394,1.01148,1.11827,0.0399604,0.0220164,1
7367,627.335,-1474.58,1649.38,0.919853,1.00498,0.981486,0.991988,0.766154,-0.14387,0.00885676,1
7368,4644.82,18422.3,-8543.08,0.959799,1.01793,1.01542,1.00116,1.28664,0.0299529,0.0049884,1
7369,103.71,267.074,-262.404,1.26665,0.993292,0.993951,1.04326,1.14044,0.316173,0.023729,1
7370,607.28,1610.54,-1448.09,0.674076,1.05068,1.00488,1.00581,0.844023,-0.231451,-0.0058333,1
7371,1204.69,-2466.24,3079.44,1.19009,0.972038,0.990041,1.00275,0.845043,-0.0820093,0.00764441,1
7372,6586.44,-6976.59,18839.6,1.04779,0.983161,1.00557,0.968182,0.941407,0.00917147,-0.0141468,1
7373,438.683,1136.39,-1052.99,0.8945,0.960195,1.00618,1.00862,1.15089,-0.281008,-0.006089,1
7374,1077.71,-2380.03,2869.31,1.1538,0.983217,1.00766,1.02759,0.716211,-0.110385,0.0062796,1
7375,956.898,-2123.11,2505.57,0.89963,1.01094,1.02478,1.00669,1.24029,-0.121896,0.00646446,1
7376,1192.12,-2560.42,3211.64,0.977029,0.980774,0.98865,0.947172,1.07479,-0.158533,0.00403871,1
7377,257.245,-632.525,661.058,0.798034,0.985479,1.00789,0.987594,0.978937,-0.160306,0.0184457,1
7378,1341.19,3774.1,-2981.64,0.964609,1.00252,0.987533,0.969822,0.80791,0.0774878,0.00746157,1
7379,112333,14801.8,-3833.22,1.16636,0.995132,1.01658,0.979437,1.05228,0.00152074,0.000427296,1
7380,749.419,-1719.76,1964.13,0.840805,1.04284,0.992984,0.964218,0.887291,0.204035,-0.00539977,1
7381,555.675,-1323.07,1458.33,1.18884,0.955695,1.01457,0.997681,1.19536,-0.186103,0.00700027,1
7382,1442,4421.69,-3404.23,0.809787,1.0194,0.991007,0.993833,1.20054,-0.114836,-0.00476232,1
7383,565.447,1493.55,-1352.92,0.954569,0.993685,1.01079,0.980778,1.0675,-0.145008,-0.00936219,1
7384,1201.19,-2620.5,3217.86,0.944056,1.03555,1.0119,1.02822,1.44323,0.0733405,-0.00893349,1
7385,6845.47,-4023.23,13551.1,1.09129,1.03731,0.993224,1.0179,1.17358,-0.101939,0.000882879,1
7386,4732.04,-7478.57,15476.7,1.10907,1.03073,0.993839,1.03486,0.78989,0.0542617,-0.00282486,1
7387,3292.56,-5323.85,9800.54,1.0112,0.989296,1.01121,0.985517,1.16621,0.314959,-0.000728835,1
7388,309.563,-764.844,807.313,0.938061,1.01947,0.988198,0.971341,0.890917,-0.337397,0.00768571,1
7389,254.348,650.079,-622.416,0.836441,1.00692,1.00149,1.00389,0.633232,-0.254141,-0.0123324,1
7390,600.393,-1398.5,1554.94,0.776401,1.00814,0.989746,1.02607,0.618267,0.145766,-0.00916579,1
7391,439.034,-1057.93,1141.77,1.00635,1.00101,1.00815,0.990155,0.995957,-0.112379,0.0156474,1
7392,2534.09,6960.32,-4572.67,0.946738,0.989282,1.00585,0.965581,1.1183,-0.0331952,-0.0085474,1
7393,897.986,2471.41,-2102.26,1.19157,0.989754,0.993103,1.02219,1.01935,-0.271384,-0.00319868,1
7394,522.934,1380.76,-1258.79,1.11255,0.992893,0.989071,0.939978,1.17395,-0.114287,-0.0132235,1
7395,389.614,-949.356,1015.95,0.772912,1.00246,1.00161,0.912826,1.07519,-0.201981,0.00989479,1
7396,654.257,1756.82,-1564.09,1.28611,1.00867,0.994582,0.994074,1.00759,0.0526155,0.0229006,1
7397,536.165,1427.34,-1299.58,0.821327,1.02198,1.00623,1.01189,0.823253,0.11566,0.0126862,1
7398,427.745,-1020.87,1100.01,1.38905,1.00146,0.993314,1.00288,1.23556,0.137576,-0.0135255,1
7399,541.737,-1296.24,1427.65,0.930607,0.98761,0.985061,0.976996,0.862953,-0.273919,0.00524922,1
7400,83949.1,144045,-74381.1,1.08594,0.981367,1.00271,1.05558,0.788498,-0.108234,-0.000127422,1
7401,496.597,-1174.83,1282.46,0.947855,0.994225,0.98364,0.995794,1.0675,0.131453,-0.0122435,1
7402,1781.18,-3277.85,4617.81,1.2782,0.985221,0.99876,0.956792,0.960495,0.109612,-0.00386245,1
7403,72766.5,160826,-86140.4,0.96507,0.993701,1.00142,0.99149,1.14587,0.00183157,0.0101674,1
7404,2353.04,-3921.92,6193.13,0.741592,0.996654,1.00328,0.967524,0.682162,0.202353,-0.0015743,1
7405,1169.89,-2710.55,3336.33,1.13629,1.01555,1.02075,1.02484,0.818068,-0.249417,0.00258308,1
7406,98.975,-249.28,253.502,1.21962,1.01289,0.991049,1.05248,1.00773,-0.218324,0.037056,1
7407,18579.7,-25971.1,74812.4,0.822712,1.0144,1.00825,0.977018,1.22117,-0.0158664,0.00280474,1
7408,1713.8,-3745.86,5048.41,0.991544,1.01615,0.999641,0.980027,1.36691,0.0764188,-0.00593146,1
7409,3500.54,-4259.51,8419.9,1.05101,1.00001,0.992295,0.999794,1.0916,-0.0115559,0.0180741,1
7410,7480.69,-6012.2,15618.7,1.00516,1.00261,1.00919,1.00878,0.687872,0.0447179,-0.00179838,1
7411,170.346,-426.102,438.768,0.85464,0.979606,0.993827,1.01187,0.879356,-0.335729,0.0133934,1
7412,469.789,-1132.88,1230.09,0.81144,1.00781,0.996548,0.918046,0.827281,-0.195156,0.00858793,1
7413,893.296,-1996.94,2346.38,0.90313,0.981098,1.00698,0.925278,0.810098,0.113816,-0.00745701,1
7414,844.039,-1905.96,2220.23,0.816227,0.988268,0.983263,0.944172,1.55495,-0.0903403,0.0102676,1
7415,114204,8429.09,57535.6,0.897819,1.00933,0.99734,1.0152,1.176,-0.054967,0.000120537,1
7416,168.05,433.431,-421.175,0.787124,0.974977,1.00115,1.04348,0.972298,0.221605,0.0203302,1
7417,1779.76,5085.1,-3578.38,1.12026,0.991007,0.986848,1.02196,0.903336,0.0824898,0.0051321,1
7418,6673.4,-7025.2,19134.1,0.965259,0.988808,1.00389,0.965662,0.842339,0.0482205,-0.00268148,1
7419,89.0536,229.573,-226.143,0.908232,1.01228,0.995276,0.984054,1.08163,0.307312,0.0289671,1
7420,606.841,1603.41,-1441.17,0.852926,0.990868,1.0045,0.947261,0.952938,-0.251949,-0.00506922,1
7421,4872.63,19530.5,-8587.66,0.989792,0.992529,0.994406,1.08186,0.995263,0.165916,0.000887712,1
7422,17396.6,-23831.7,69948.7,1.0931,1.00746,1.0071,1.02735,1.11634,-0.0911259,0.000498276,1
7423,6198.31,-8126.03,20477.3,0.852889,1.0086,1.00686,0.954188,0.922389,-0.268156,0.000503932,1
7424,1176.31,-2392.53,2958.56,0.863381,0.961531,1.00347,1.03476,1.38728,0.237404,-0.00265681,1
7425,93583.4,149875,-77932.5,0.885617,0.998693,0.985812,1.02283,1.43097,-0.0271588,-0.000465079,1
7426,989.471,-2171.01,2581.91,1.30449,1.00484,1.00077,1.00209,1.12091,0.0933291,-0.00844544,1
7427,738.421,-1692.84,1932.94,1.10073,0.984829,0.979502,0.954559,0.912434,0.131276,-0.00817683,1
7428,1776.18,-3142.03,4388.43,0.685521,0.971175,0.992632,1.00013,0.909075,0.0749745,-0.00560216,1
7429,655.255,-1520.48,1707.74,1.25898,0.991452,0.992316,0.997909,0.818799,0.111529,-0.0107334,1
7430,222.738,-542.065,563.233,0.969277,0.978962,0.99494,0.976178,0.766531,0.200427,-0.0174882,1
7431,4159.23,12898.6,-6913.69,0.825851,1.02186,1.02143,0.973267,0.852548,-0.0129246,-0.0127732,1
7432,163.149,-399.24,410.382,0.711135,1.02335,1.00526,0.973218,1.06682,0.277687,-0.0178564,1
7433,579.712,1534.9,-1385.83,0.808089,0.990226,1.00117,1.02796,1.06133,-0.116854,-0.0114113,1
7434,464.404,-1105.04,1199.08,0.72702,0.992676,0.986709,0.981193,1.12116,0.107444,-0.0159245,1
7435,1599.71,4528.72,-3427.7,1.1321,0.990823,0.984383,0.998898,0.753471,-0.144651,-0.00332567,1
7436,701.143,1870.79,-1655.14,1.16334,0.974951,1.02329,1.03367,0.687009,-0.103406,-0.0101301,1
7437,2216.09,-4740.19,7073.53,1.08101,1.00426,0.988756,0.938981,1.48536,0.24591,-0.00142342,1
7438,4125.72,-5924.16,10848.9,0.985494,0.99045,1.0026,0.957379,1.07472,-0.0136667,0.0126285,1
7439,5278.9,21185.5,-8863.48,0.932774,1.02352,1.00058,1.0175,0.977688,-0.0434084,-0.00327432,1
7440,1201.14,-2635.07,3293.06,1.19173,1.00027,1.00988,0.980639,1.31126,0.0938627,-0.00677542,1
7441,286.816,-695.773,731.218,1.16157,0.990571,0.990643,1.01117,0.860308,0.161437,-0.0171213,1
7442,1632.76,5234.45,-3843.51,0.759983,0.974055,0.993182,1.02034,1.18099,-0.203434,-0.0022484,1
7443,1633.78,-3602.56,4791.31,1.10067,0.995133,1.00249,1.07234,1.21025,0.0344736,-0.0133948,1
7444,4158.3,-6639.18,12367.2,0.958775,0.969808,1.00538,1.0418,0.849884,0.0408328,-0.00409371,1
7445,9432.65,41486.7,-13082.6,1.1519,0.979041,1.00605,1.00961,0.538663,-0.00656461,-0.0088391,1
7446,335.395,861.029,-812.446,0.907958,1.02306,0.995771,0.975393,1.06646,-0.351764,-0.00693412,1
7447,240.295,-599.146,624.499,0.853739,0.955729,1.00862,0.985013,0.90801,-0.357011,0.00849327,1
7448,2206.83,-4597.5,7017.17,1.10083,0.99503,0.995191,1.04627,0.77765,-0.0651675,0.00519664,1
7449,1374.44,-3123.17,3970.63,0.374978,1.0116,1.01595,0.991569,1.09197,-0.0426282,0.0129567,1
7450,135.354,-331.93,339.649,0.832797,1.01107,0.99028,0.974055,1.14844,0.295429,-0.0204133,1
7451,1435.35,3933.27,-2994.94,0.726517,0.990936,1.00591,0.950692,0.944466,-0.0516471,-0.0101174,1
7452,529.02,-1247.17,1367.95,0.799013,1.0121,0.999161,0.979421,0.695412,0.118034,-0.0127514,1
7453,630.137,1699.85,-1520.08,0.771054,1.01628,0.996752,0.992757,1.16646,0.212976,0.00586635,1
7454,14619.4,-19076.2,60574.6,1.10602,1.00192,1.00087,0.965287,1.05227,-0.151569,0.000322045,1
7455,770.771,-1761.04,2022.15,0.850622,1.00232,0.9822,0.969819,1.08725,0.0680231,-0.0152799,1
7456,2752.7,9742.39,-6017.1,1.04935,0.996014,1.01645,0.989197,0.685289,-0.0178938,-0.0143563,1
7457,3257.34,12431.1,-6710.4,0.856534,1.02417,0.98305,1.00739,1.04084,0.0317105,0.00746661,1
7458,1167.62,-2424.77,2979.46,0.906575,1.03583,1.00964,0.983777,1.06963,0.124694,-0.0054458,1
7459,118572,33248,-12523.1,1.09046,1.00924,0.995334,1.01564,0.906514,0.00052019,0.00361204,1
7460,2263.55,6876.75,-4382.94,0.967679,1.00018,1.00204,1.05877,0.669134,0.181588,0.00176703,1
7461,1490.85,3959.09,-3020.43,0.835342,1.00677,1.01469,0.985631,0.698268,0.0704142,0.00711881,1
7462,682.099,-1564.98,1766.98,0.64018,0.969552,0.991711,1.05194,0.859415,0.180441,-0.00623687,1
7463,960.152,-2115.79,2508.82,0.682554,1.00153,1.00053,1.01232,1.02009,-0.160552,0.00499438,1
7464,877.29,-2005.62,2340.95,1.06276,0.998947,1.00207,0.980356,0.688547,-0.0763001,0.0115178,1
7465,514.614,1375.95,-1256.6,1.16598,1.00391,0.997607,1.01989,1.02873,0.219899,0.00687856,1
7466,1946.79,-3333.91,4730.15,0.988707,1.01723,1.00273,1.01897,1.17847,0.0284853,-0.0138265,1
7467,1123.39,3200.91,-2621.9,1.18559,0.98409,0.991147,1.04403,1.06769,-0.0560281,-0.012139,1
7468,2103.04,5777.01,-4050.93,1.08615,1.0257,0.995546,1.01599,1.3363,-0.378076,-0.000980934,1
7469,609.639,1619.49,-1454.08,0.968199,0.989309,1.00049,1.04063,0.83465,-0.094824,-0.013345,1
7470,64464,-63812,138391,1.16652,1.01007,1.00802,0.991995,0.863927,0.0758986,-0.000333518,1
7471,7542.89,-5720.08,15453,1.26526,1.00458,0.985939,1.06521,0.972624,0.047284,-0.00171194,1
7472,494.955,1317.76,-1208.61,1.15771,1.009,1.00748,1.01742,1.40685,0.170766,0.00915959,1
7473,197.238,-479.629,495.879,0.877864,0.991142,1.01485,1.01228,1.08976,0.284959,-0.0137449,1
7474,957.304,2658.74,-2242.05,1.08233,0.981301,0.99247,0.965644,0.969591,0.113646,0.00698858,1
7475,2964.9,11328.8,-6473.86,0.926942,0.998959,0.99408,0.996092,0.959512,0.0382367,0.00644277,1
7476,12781.9,61246.3,-17334.7,1.09522,1.02364,1.00018,1.00468,1.08645,0.0154556,0.00319616,1
7477,1440.68,-3228.38,4174.13,0.784245,1.01359,0.98779,0.981603,0.614651,0.145378,-0.00379275,1
7478,915.994,2494.47,-2120.24,1.23051,0.980181,1.00726,0.929181,0.981322,0.141724,0.00573742,1
7479,942.672,-2053.17,2431.42,1.23565,0.993961,1.00126,1.01287,1.22629,0.136834,-0.00598987,1
7480,886.045,-1996.16,2339.59,1.09473,1.03736,1.00764,1.00134,0.914829,-0.109957,0.00814237,1
7481,103302,-12601.1,90973.7,1.00195,0.992782,0.986557,0.983628,1.13732,0.157594,-7.77256e-05,1
7482,476.923,1266.26,-1163.82,0.898871,0.991303,0.990954,1.00373,0.811262,0.132044,0.0123704,1
7483,297.02,-717.648,755.058,0.837771,0.984694,1.01224,1.05993,0.996855,0.13046,-0.0197036,1
7484,278.597,-676.231,709.27,0.885467,0.99788,1.00613,1.02125,0.99727,0.167728,-0.0167448,1
7485,3673.81,-6231.98,12083.1,1.14224,1.04576,0.983305,0.985991,0.923538,-0.00973059,0.0231704,1
7486,2426.38,6886.33,-4292.64,0.923932,1.02295,1.00411,0.993525,1.26107,0.113769,0.00269399,1
7487,7695.57,22099.8,-8678.67,0.907873,0.989499,0.979115,1.00249,1.14117,0.0386925,0.00191204,1
7488,794.815,-1814.31,2088.86,0.799458,0.997045,0.999082,0.978096,0.973451,0.10615,-0.00924058,1
7489,1846.27,-3278.75,4533.24,0.991561,0.985707,1.00515,1.01307,0.812077,-0.0823713,0.00485697,1
7490,608.689,1630.98,-1462.39,1.03716,0.977752,0.987428,1.07912,1.33664,0.146878,0.00858063,1
7491,1037,-2279.01,2737.56,1.10291,1.01046,0.980382,1.01235,1.23429,0.122431,-0.00634531,1
7492,1904.59,-3677.91,5344.27,1.05925,1.02123,0.979983,1.00023,1.15233,0.0519681,-0.00803543,1
7493,1193.45,-2712.15,3367.34,0.799684,1.00754,1.0121,0.975346,1.00279,0.069172,-0.00928889,1
7494,224.365,-554.555,576.307,1.00428,0.986956,1.00461,1.01173,1.01631,-0.193516,0.0176091,1
7495,271.364,-666.062,697.573,1.08093,0.988365,1.01906,1.01781,1.2251,-0.158,0.0175195,1
7496,6837.92,23883.4,-8255.08,1.0907,1.02677,0.987799,0.985769,0.859286,-0.016407,-0.00775019,1
7497,1090.21,-2296.03,2793.59,0.848378,1.00923,1.01036,1.02095,0.955799,0.0794392,-0.00890043,1
7498,9587.64,41897.7,-13500,0.700713,1.00342,1.02052,1.04606,1.23533,-0.0406324,-0.00139537,1
7499,2497.12,6459.98,-4108.13,1.03088,1.01,1.0017,1.00678,0.577845,-0.0821231,-0.00360921,1
7500,1834.14,5632.16,-3940.69,0.907135,1.01903,1.0014,0.956573,1.11678,-0.271164,-0.00155797,1
7501,3255.83,-4461.91,8399.67,1.07603,0.98458,1.00932,1.05236,1.07245,-0.0791827,0.00275319,1
7502,1488.18,4086.07,-3156.16,1.39007,0.980077,1.00456,0.993044,1.21293,0.0773955,0.0063847,1
7503,49133.3,-63390.2,132942,0.975705,1.0102,0.992523,1.0089,0.79044,0.0294294,-0.0010325,1
7504,108388,114351,-56261.6,1.11909,1.0016,0.992432,0.957569,1.17964,-0.0263122,-0.00029562,1
7505,1165.84,-2420.04,2979.65,1.07591,1.03722,1.00584,1.0175,1.04105,0.0503486,-0.0135383,1
7506,1489.82,4044.62,-3047.23,0.904464,1.0028,0.997106,0.999316,1.02484,-0.0600845,-0.00855656,1
7507,1258.8,-2886.01,3625.18,0.869062,1.0354,1.00327,0.968071,0.762772,-0.0715107,0.00879715,1
7508,2146.62,6833.9,-4423.95,1.27972,0.963709,0.987169,0.978612,0.903582,-0.0607307,-0.00557904,1
7509,6679.96,-6418.48,18012,0.72704,0.985124,0.992433,1.08249,0.964465,-0.0109973,0.0115288,1
7510,6059.34,22349.5,-8551.29,0.833448,0.999021,1.00144,0.97844,1.08407,-0.0129805,-0.0104029,1
7511,3183.43,12092.2,-6641.48,0.922776,1.01808,0.990855,1.02006,0.905509,-0.0264236,-0.00902248,1
7512,4027.28,-5357.99,9736.49,0.995307,1.00058,1.00244,1.00461,1.18969,-0.104649,0.00169283,1
7513,352.104,913.434,-859.267,1.06792,0.994468,0.997667,1.00149,1.07109,-0.1336,-0.0166993,1
7514,1810.31,-3923.79,5552.04,1.2921,1.01894,0.988712,0.979816,0.895348,-0.230051,0.00186991,1
7515,245.663,639.07,-612.563,0.933218,0.9668,1.00101,0.943802,1.00153,0.201324,0.0151686,1
7516,2029.79,-3721.77,5220.45,0.883597,1.0248,1.00737,1.02937,0.778413,-0.233544,0.00159826,1
7517,476.22,1265.33,-1163.79,1.30685,1.02487,0.997417,0.982708,1.18099,0.179389,0.00933785,1
7518,1042.19,2944.85,-2447.91,1.00542,1.015,0.99896,1.00688,0.93074,-0.170857,-0.0044227,1
7519,2751.93,-4703.54,7303.82,1.21762,1.01364,1.00364,0.988629,1.11652,-0.0774734,0.0034918,1
7520,1109.23,-2527.84,3092.06,1.16567,0.969554,1.00471,1.05407,1.34683,0.0708042,-0.00946131,1
7521,345.705,-847.793,900.535,0.865935,1.02672,0.991785,1.00669,1.12506,-0.272746,0.00854573,1
7522,7718.94,22805.7,-9065.23,1.05336,0.982468,0.993951,0.992339,1.05386,-0.0107479,-0.00678011,1
7523,2737.83,-4089.42,6482.48,1.00421,1.03349,0.996285,1.03583,1.02868,0.0227242,-0.0123229,1
7524,2305.79,-4515.54,7107.45,0.738404,0.997317,0.978877,1.01711,1.10445,0.0220131,-0.0151185,1
7525,55351.2,-66121,139232,1.01119,1.00664,0.980174,0.969913,0.916585,-0.0788277,0.000366012,1
7526,607.807,-1417.87,1574.74,1.00093,1.01791,1.02061,1.00271,1.1814,0.15685,-0.00816118,1
7527,1268.82,3784.24,-2989.49,1.22461,1.04349,1.01277,0.997142,1.493,0.11007,0.00559218,1
7528,3181.03,9659.26,-5083.87,1.26312,0.97492,0.991325,1.02106,0.921735,-0.0779506,-0.00284807,1
7529,512.567,1322.26,-1208.85,0.8283,0.9955,0.992768,1.04207,0.839887,-0.555445,-0.00281599,1
7530,669.736,1812.38,-1609.92,0.959468,1.01346,1.00396,0.927848,1.22024,0.168505,0.00690452,1
7531,4552.02,17097.7,-8065.43,1.01292,1.02343,0.988731,0.961193,1.23602,-0.0372343,-0.00415193,1
7532,110439,56944.8,-23106,1.1637,0.989669,1.0061,0.986144,1.03855,-0.067931,-4.98708e-05,1
7533,2376.71,-3625.19,5675.39,1.14648,0.980795,0.993941,1.02853,1.29979,0.136334,-0.00228537,1
7534,2656.37,-3883.28,6242.43,0.919099,1.03119,0.998107,0.965094,1.30403,0.0289336,-0.0100123,1
7535,1575.47,5008.36,-3756.51,0.557995,0.974736,1.0078,0.9902,1.26524,-0.081751,-0.00567538,1
7536,493.349,-1186.27,1294.09,0.975266,0.946174,1.00208,1.01821,0.774802,-0.282403,0.00521917,1
7537,116003,11183.5,50133.8,1.22659,1.02604,1.01029,1.06366,1.23911,-0.00693866,0.000805943,1
7538,9872.84,-11392.1,32439.5,0.940737,1.00655,1.00855,1.02904,1.03756,-0.0229338,0.00261995,1
7539,13353.6,-17072.2,54663.9,0.84171,1.00834,1.0008,1.00483,1.08131,-0.0183947,0.00273682,1
7540,427.004,-1028.65,1108.15,1.0635,0.990316,1.00456,1.00367,0.997819,-0.123755,0.0145101,1
7541,116.644,291.244,-285.589,1.03937,0.96214,1.00056,0.980728,1.47369,-0.397238,-0.0165556,1
7542,196.485,-477.224,493.471,1.28973,0.980968,1.00313,0.987268,1.22481,0.303048,-0.0130511,1
7543,62369.2,-65370.4,140048,0.82623,1.00885,0.99154,1.0045,0.723334,-0.00544758,0.00482591,1
7544,35955.9,-51289.8,114071,0.997808,0.982253,1.00859,1.00941,0.600758,-0.0987606,0.00035151,1
7545,443.598,-1069.09,1155.41,1.00048,1.00908,0.994161,0.969664,1.06868,-0.128981,0.0138567,1
7546,839.899,2279.21,-1965.67,1.00369,1.03261,1.00572,0.975907,1.20284,-0.176533,-0.00539092,1
7547,44879.3,-61880.9,130311,1.05171,1.01271,0.994348,0.964375,0.877447,0.00924662,-0.00345945,1
7548,601.014,1608.64,-1446.35,0.74347,0.969309,1.0027,1.01467,0.994124,0.142089,0.00872631,1
7549,1812.23,-3281.42,4629.49,1.51192,0.997226,1.0052,0.957114,0.696953,-0.0673784,0.00615248,1
7550,6319.28,19247.2,-6764.44,0.337549,0.987732,1.01758,0.962666,1.37798,0.0191855,0.00629961,1
7551,98129.6,-30966.3,112138,1.08151,0.995845,0.975416,1.02827,0.849551,-0.00255287,0.00584934,1
7552,1622.25,-3643.8,4858.26,0.921105,0.989369,1.00351,1.02708,0.692395,-0.0798318,0.00576954,1
7553,1161.96,-2619.32,3207.02,0.956635,1.00498,1.0061,0.99859,0.818791,0.0727353,-0.00912233,1
7554,1435.83,4438.56,-3389.18,0.697403,1.00843,0.992472,1.00297,0.526018,-0.101172,-0.0053544,1
7555,207.029,-516.105,534.66,1.06204,1.01179,1.00722,0.964114,1.28014,-0.240872,0.0156607,1
7556,1276.24,-2653.08,3321.16,0.920668,0.990631,0.994299,0.952358,0.992043,-0.230691,0.00258708,1
7557,2480.41,-3729.19,5970.45,0.886159,1.00147,0.989796,1.00486,0.922275,0.152445,-0.00201112,1
7558,20922,-29429.2,80850.1,1.05984,0.992208,0.996111,1.03494,0.768546,-0.0243195,0.00176348,1
7559,537.741,1416.35,-1288.04,0.993536,0.971216,0.997598,1.01281,0.617495,-0.0823748,-0.0171751,1
7560,7810.58,-6621.23,17150.4,0.825823,0.999726,0.99907,0.990685,0.793097,0.00643664,-0.0120419,1
7561,1801.37,4741.26,-3450.36,1.09179,0.988201,1.02064,0.955458,0.980226,0.0281049,0.0142525,1
7562,1224.7,-2808.24,3497.53,1.20515,1.02432,1.00246,1.0205,0.953523,-0.0671887,0.00952372,1
7563,220.261,571.164,-550.121,0.916314,1.01874,1.00767,1.04401,1.18931,0.151597,0.0235823,1
7564,113106,-13554.9,93456,1.20456,1.03448,0.995961,1.01819,0.709833,-0.00149427,0.00724892,1
7565,2158.85,-4713.94,6920.08,1.08368,1.01379,1.01248,1.01092,1.28741,-0.0870383,0.00397541,1
7566,359.972,946.684,-888.63,1.07122,0.980054,0.990966,1.0079,1.02487,0.231782,0.00921278,1
7567,1570.64,4284.28,-3257.17,0.868302,0.995665,0.992624,0.947841,0.964365,-0.0875176,-0.00556996,1
7568,843.275,2277.45,-1955.81,0.775488,0.996451,0.991671,1.03449,1.09764,0.0282796,0.0326025,1
7569,3943.91,-5872.57,10361.3,1.31071,0.980908,1.02797,0.99307,0.750083,-0.169806,0.00102372,1
7570,483.672,1290.33,-1186.11,1.01807,1.02463,1.01018,0.915814,0.817511,0.231908,0.00698118,1
7571,676.891,1823.36,-1616.57,1.0225,0.972392,1.00231,1.01359,1.43353,0.148051,0.00744881,1
7572,1493.15,-2855.15,3775.58,0.949515,0.994222,0.990468,1.03522,0.809386,-0.0672095,0.00764273,1
7573,120.34,-303.27,309.516,1.14326,1.01043,1.00286,0.992608,1.0054,-0.284392,0.0229065,1
7574,341.131,-833.518,884.206,0.573691,1.02599,0.999987,1.02315,1.01712,-0.176922,0.0132463,1
7575,80787.3,156705,-82731.8,0.843819,0.984124,0.995268,0.965547,1.10385,0.0125977,0.00126829,1
7576,313.834,822.281,-778.275,1.04016,1.00864,0.982423,0.954522,1.18916,0.171581,0.0149428,1
7577,2644.62,-5387.55,8480.74,1.02379,0.948922,1.00189,0.977881,1.17951,-0.0318392,0.00843538,1
7578,108.454,-265.572,270.419,0.880483,1.00074,1.01245,0.969929,1.25423,0.394741,-0.0183928,1
7579,194.063,-483.264,499.527,0.72043,0.984747,1.00784,0.998451,0.973225,-0.286818,0.0135974,1
7580,1839.95,-3255.53,4496.21,1.13448,0.976091,0.998875,1.03358,1.13907,0.0757466,-0.00531819,1
7581,942.551,2521.95,-2130.44,0.710155,1.00685,1.01459,1.00909,0.991527,-0.113695,-0.00713992,1
7582,467.478,1238.34,-1142.24,1.0024,1.02294,1.01695,0.986049,1.08682,0.122485,0.0135838,1
7583,1975.73,5707.22,-3845.86,1.15858,1.03238,0.970804,0.993188,0.977892,-0.0519522,-0.00782848,1
7584,991.886,2818.07,-2358.92,1.23781,0.992187,0.993104,0.997611,1.37322,0.133208,0.00580117,1
7585,1710.84,-3757.84,5055.84,1.20922,1.01861,1.01032,0.948368,0.834593,0.155037,-0.00290908,1
7586,1622.73,-3661.57,4893,0.992339,0.986697,1.00452,0.984354,0.844473,-0.0536033,0.00858099,1
7587,808.35,-1847.37,2135.64,0.632865,1.02342,0.986395,1.00878,0.993272,-0.109535,0.00910498,1
7588,256.379,-635.358,663.818,1.23136,1.02072,1.00983,1.03304,1.09873,-0.242591,0.0126083,1
7589,1331.98,-2660.82,3369.95,1.04343,1.02611,1.00837,0.982136,0.887263,0.0375869,-0.0156081,1
7590,75419.8,-62079.4,141054,0.733913,1.00937,0.995783,0.974985,1.16577,-0.109005,0.000205577,1
7591,2489.4,6719.02,-4436.33,1.22974,0.980686,1.00512,0.979552,1.17899,-0.136047,-0.0021172,1
7592,1255.06,-2598.48,3277.73,0.698602,1.01257,1.01334,0.973754,1.18332,0.249475,-0.00247196,1
7593,99538,-29676.6,110217,1.25003,1.00646,0.990328,1.00895,1.3016,-0.0303242,0.000475933,1
7594,1416.6,-3103.24,4048.3,0.773498,1.00879,1.01387,1.00076,0.994381,-0.273442,0.00193878,1
7595,1876.81,-3293.58,4601.36,0.919507,0.984306,0.989798,0.993881,1.05743,-0.0656003,0.00612092,1
7596,6345.75,15442.5,-6032.29,1.2791,0.966776,0.996492,0.966328,1.30144,-0.183705,-0.000491961,1
7597,6024.65,-8453.84,20946.1,1.23406,1.039,1.00431,0.967282,1.22519,-0.0173928,0.00785054,1
7598,6094.53,-4189.85,13660.1,0.648626,0.967803,0.998333,1.03181,1.06378,-0.010402,0.0110469,1
7599,1469.28,4237.43,-3192.53,1.00827,1.01384,1.00166,1.01652,0.911875,0.170082,0.00304953,1
7600,6704.64,-7767.31,20720.9,1.2419,1.01874,1.00644,0.97961,0.836813,-0.0203325,0.00639956,1
7601,241.93,628.654,-602.969,1.19242,0.971765,1.00005,0.957833,0.71897,0.208725,0.0149556,1
7602,3597.85,9084.31,-4798.58,1.09221,0.986201,0.977669,0.994978,0.930126,0.0233649,0.00846527,1
7603,432.251,1136.06,-1052.9,0.79433,1.03661,0.987956,0.975137,0.9425,-0.11026,-0.0173599,1
7604,210.344,-511.883,530.665,1.0264,0.979441,0.998226,1.03006,0.876733,0.216232,-0.0171048,1
7605,659.204,1759.02,-1565.29,0.887454,1.02338,0.99954,0.972599,1.21189,-0.0967342,-0.0125428,1
7606,2098.67,7134.33,-4860.75,0.88752,0.995276,1.00357,0.987641,1.16446,-0.176959,-0.00199837,1
7607,155.243,-381.351,391.472,1.0491,0.997199,1.00914,0.979502,0.898172,0.197731,-0.025457,1
7608,6340.69,15657.1,-5934.17,1.22089,0.994642,1.0042,0.970399,0.629002,0.0560245,0.00160867,1
7609,211.49,-516.739,535.869,0.647123,0.982741,0.993644,1.00571,0.839071,0.153395,-0.0241607,1
7610,6380.54,22172.2,-8078.08,1.26393,0.989336,0.989501,0.995232,0.585822,-0.176679,-0.000748063,1
7611,77223,189724,-104733,0.354804,1.04171,0.993801,0.958402,1.059,-0.0131122,-0.00148473,1
7612,46932.2,153789,-76458.4,1.24142,0.972638,0.992077,0.991473,0.971347,-0.0562644,-0.000488872,1
7613,429.588,1121.47,-1040.82,0.758503,0.994799,1.00645,0.972109,1.15857,-0.146886,-0.0122946,1
7614,1069.73,3055.62,-2496.48,0.963751,1.00804,0.987733,0.933254,0.849016,0.200252,0.00365298,1
7615,1632.49,-3612.9,4812.47,1.33216,0.994415,0.995805,1.05589,1.21665,-0.152816,0.00302852,1
7616,966.086,-2229.13,2647.26,1.03806,0.980661,1.00927,0.95605,0.686352,-0.0853208,0.00906962,1
7617,629.098,-1479.46,1654.36,1.16086,0.996316,0.990782,0.961298,0.991533,-0.108562,0.0114799,1
7618,3348.95,9021.72,-4756.51,0.923365,0.992271,1.00204,1.0347,1.12088,0.0826592,0.00252103,1
7619,5759.63,-8126.9,19659,0.935209,1.00173,0.991121,1.03532,1.16845,0.052524,-0.00267985,1
7620,3650.48,9235.39,-5022.22,0.888329,0.990417,1.00015,0.925349,1.13698,-0.0565573,-0.00340086,1
7621,3390.87,8909.65,-4714.25,1.27886,0.989652,1.00743,0.98372,0.741302,-0.186044,-0.0011129,1
7622,4482.42,17865.7,-8377.27,1.14507,0.9676,1.01283,0.973814,0.871029,-0.0652295,-0.00236243,1
7623,591.814,1584.99,-1425.96,1.26109,0.986631,0.987358,0.972627,1.12722,0.0762225,0.0172671,1
7624,255.638,656.136,-628.292,0.967039,1.00751,1.01727,0.977274,0.845659,-0.161369,-0.0188641,1
7625,1604.15,4705.28,-3432.03,1.01377,1.041,0.97674,1.02315,0.876029,-0.0898373,-0.00564882,1
7626,325.166,-800.116,847.005,1.29484,1.01611,0.985214,0.97889,0.872946,-0.290398,0.00852016,1
7627,6314.24,18253.2,-5701.2,0.762098,1.00093,0.988696,0.995861,1.12338,0.108632,0.00103757,1
7628,281.461,720.649,-686.652,1.11287,1.02486,1.00116,1.00996,1.05832,-0.263734,-0.0109331,1
7629,92372.6,123687,-61293.5,1.02246,0.967675,0.996001,0.9784,1.07693,0.0051049,0.00208903,1
7630,8791.11,-9378.28,24391.1,0.92462,0.984769,1.0102,1.0319,1.2072,-0.0362882,0.00185309,1
7631,3494.83,-5416.09,10419.8,0.931451,1.00453,0.985682,1.01247,0.707127,0.133057,-0.0016983,1
7632,432.136,-1032.57,1113.28,1.08217,1.02612,0.998936,0.982742,0.824669,0.104765,-0.0178589,1
7633,1063.2,2954.3,-2428.04,0.557531,1.01619,1.01446,0.976073,0.826276,0.0775482,0.0092725,1
7634,312.371,812.613,-769.95,0.869813,0.992335,1.00743,1.05357,0.874752,0.0876377,0.0280069,1
7635,994.7,-2198.61,2625.58,0.965615,0.996233,0.978354,1.00763,1.11004,-0.12432,0.00638486,1
7636,1035.86,2766.72,-2296.63,0.977082,0.972946,0.999849,1.0007,0.960976,-0.063336,-0.0114164,1
7637,5555.47,-8421.09,19569.3,1.32455,1.03209,1.01754,1.00765,1.27206,-0.0416082,0.0033636,1
7638,857.604,2335.78,-2003.11,1.10409,0.97718,1.01781,1.01332,1.01405,-0.112675,-0.0076509,1
7639,6025.41,-3650.53,12103.8,0.346739,0.982243,0.998881,1.03488,0.747865,0.00960991,-0.0104999,1
7640,6317.72,-3998.51,12654.5,1.03953,0.989264,1.00531,0.93033,1.02442,-0.0969589,0.000992733,1
7641,16192.3,81023.1,-22994.4,0.973125,1.02051,0.988392,0.960831,0.897624,-0.0033284,-0.0135645,1
7642,86524.9,151567,-80132.1,1.06851,0.986185,0.990054,1.03192,1.30039,0.0701878,0.000197759,1
7643,190.604,-475.797,491.453,0.936236,1.01319,1.01105,0.979199,1.24185,-0.234165,0.0174399,1
7644,17257.5,82716.5,-25789,1.08031,1.00815,1.01394,1.02522,1.2058,0.00827714,0.00525946,1
7645,1003.69,2809.77,-2330.43,0.989713,0.974716,0.989814,1.02993,1.44267,-0.13478,-0.00564274,1
7646,2629.63,7091.63,-4557.05,0.842693,1.01226,0.997138,0.956811,1.14278,0.0861325,0.00326468,1
7647,211.519,-528.099,547.453,1.06505,0.991366,1.01636,0.960372,0.995717,-0.382679,0.00927117,1
7648,811.644,2192.51,-1896.88,1.02862,1.0247,0.996038,0.965212,1.11397,-0.0730364,-0.0135083,1
7649,2201.92,-4408.74,6381.21,0.897728,1.03106,0.996444,1.02388,0.971221,0.11339,-0.00312513,1
7650,6623.86,-7263.43,19525.7,1.21863,0.994516,0.997279,1.02462,0.859286,0.0692487,-0.00188839,1
7651,115082,10875.9,11181.7,1.2547,0.98888,0.997088,0.954124,1.34721,-0.000345237,0.00312532,1
7652,289.055,753.692,-716.951,1.02279,1.00948,0.997329,0.998913,0.972447,0.116266,0.0235426,1
7653,322.144,846.975,-800.897,1.05383,1.00552,0.999133,0.944736,1.14433,0.219392,0.0110728,1
7654,560.941,1486.83,-1346.24,0.848465,0.984349,0.995898,1.00614,0.776112,-0.0544248,-0.0252994,1
7655,878.375,-1950.57,2277.38,1.01581,0.965473,1.01568,0.995598,1.00681,0.0987443,-0.00846906,1
7656,2575.57,6921.61,-4246.28,0.737791,1.03661,0.992377,1.00296,0.844355,0.125215,0.0023571,1
7657,1854.83,-3486.45,4756.26,1.05748,0.972191,1.01271,0.967843,1.06119,0.109056,-0.00359744,1
7658,17524.7,-23959.4,70606.7,1.20147,1.00072,1.01129,0.97682,0.964098,0.0101916,-0.00447684,1
7659,94411.3,-35344.4,115891,1.12631,0.986627,0.974665,0.997149,1.107,0.00796265,-0.00201443,1
7660,2074.69,-4183.71,5956.26,1.05744,0.999822,0.984582,0.996372,1.16185,-0.209576,0.0017539,1
7661,2327.13,-3814.09,5977.01,0.816219,0.992748,1.00553,1.01115,0.914861,0.0290366,-0.0109126,1
7662,1929.05,5082.01,-3581.74,1.03836,1.00692,0.989529,0.990007,1.16862,0.0602568,0.00655319,1
7663,204.831,-507.909,526.224,0.884558,0.989268,0.988389,0.984043,0.809277,-0.147824,0.0259449,1
7664,879.82,-1992.66,2334.16,1.01104,0.984687,1.01351,1.01283,0.925159,-0.222637,0.00379067,1
7665,1692.93,5449.28,-4008.94,0.713326,1.01297,1.01284,0.970847,1.1575,-0.112269,-0.00397737,1
7666,64162.3,177686,-93786.8,0.920379,0.996567,0.971432,0.963298,1.20082,-0.164622,-0.000138361,1
7667,663.489,-1555.17,1750.78,0.878964,0.987874,0.98904,0.991057,1.21498,-0.166829,0.00701197,1
7668,735.336,2007.08,-1761.51,1.11939,1.01363,1.00516,0.994961,1.3254,0.259425,0.00405018,1
7669,3594.76,-4491.89,9127.7,1.14574,1.03083,0.995307,1.02145,0.902726,-0.017785,0.0115826,1
7670,4631.5,-7782.76,16100.5,1.04745,0.995621,1.01242,0.990179,0.853116,-0.0329175,0.00465405,1
7671,310.213,-766.072,808.294,1.29053,1.01165,1.00249,1.04074,0.584945,-0.313579,0.00803502,1
7672,1344.4,3647.73,-2878.72,1.29069,1.01974,0.997489,0.969486,0.826614,0.0595317,0.00973764,1
7673,227.006,591.758,-569.057,1.33011,0.963204,1.00158,1.02481,0.881693,0.277324,0.0118164,1
7674,2593.78,-3950.4,6137.05,1.06963,1.01813,1.01228,0.984625,1.23997,-0.0516675,0.00555067,1
7675,429.261,1121.52,-1040.3,0.735236,1.01746,0.992905,1.00697,1.1582,-0.104239,-0.018028,1
7676,1492.47,-2817.02,3716.22,1.49121,0.986002,0.992923,0.964535,1.24266,0.249092,-0.00207138,1
7677,1991.74,5277.62,-3731.46,0.953656,1.02059,0.999978,1.00898,1.27979,-0.0304682,-0.0125661,1
7678,493.83,-1170.96,1275.65,1.36412,1.00789,1.00875,1.00017,1.13868,0.112808,-0.0140548,1
7679,1248.77,-2570.18,3199.81,1.08579,0.989694,1.00684,1.01873,1.22608,-0.0905697,0.00664015,1
7680,7431.83,-5769.87,15381,0.977609,0.990241,0.988441,1.00191,0.909653,-0.0251586,0.00326105,1
7681,265.76,678.523,-648.454,0.85765,1.013,1.00543,0.986452,0.99193,-0.29415,-0.0102215,1
7682,234.742,600.558,-577.052,1.21382,1.03983,1.00965,0.966094,1.19876,-0.231708,-0.0149676,1
7683,1684.4,-3254.74,4510.3,0.974426,0.966791,0.999355,1.0312,1.42435,0.042601,-0.0102466,1
7684,558.514,-1329.2,1465.32,1.00363,1.01409,1.00762,1.0312,1.32776,-0.181745,0.00766822,1
7685,94543,-41031.6,122411,0.705348,1.01252,0.992882,0.96535,0.899725,0.02618,-0.000642928,1
7686,1449.44,-2778.43,3612.19,0.800597,0.987195,1.01514,0.999613,0.955793,0.117928,-0.00435278,1
7687,2331.8,-4904.94,7606.57,0.634774,1.02891,0.999075,0.978105,1.12694,-0.0260102,0.0127173,1
7688,4365.39,16201.1,-7986.86,0.979438,1.00879,1.00959,1.02115,1.15028,-0.0474183,-0.00329201,1
7689,2282.3,-4271.03,6714.1,1.12615,0.98978,0.987194,0.967209,1.14264,-0.106926,0.00308294,1
7690,1283.66,-2767.93,3460.62,0.612243,0.978642,0.990214,0.999345,0.615175,-0.136499,0.0043233,1
7691,668.096,-1562.51,1757.22,0.893093,1.00904,1.00467,1.01711,0.83227,-0.109962,0.0105909,1
7692,101821,122948,-61830.1,0.946322,0.992592,0.989562,1.01491,0.769182,-0.0108669,-0.00083948,1
7693,1610,-3171.87,4172.95,0.934263,1.01455,1.00397,0.99029,1.13195,-0.0566778,0.00842462,1
7694,94802.4,-39534.7,120319,0.934809,1.01158,0.998548,0.972261,1.02678,0.00515783,-0.00316801,1
7695,5570.12,15289.5,-5007.18,1.15234,0.981574,0.988989,1.01024,1.03378,0.00969225,0.0107863,1
7696,591.565,-1395.89,1548.73,0.953861,0.958195,1.00881,1.02002,1.04839,-0.103757,0.0119465,1
7697,1068.79,2923.99,-2397.17,1.3664,1.0031,0.999503,0.946037,1.12048,0.0574013,0.0125646,1
7698,12749.6,61667.1,-17199.4,0.856985,1.0213,1.0022,0.95069,0.473353,0.00655651,0.00758674,1
7699,989.414,-2275.09,2714.56,0.897629,0.98622,0.996311,0.978774,0.887465,-0.0780775,0.00990004,1
7700,2270.42,6252.18,-4037.57,0.920703,0.986147,1.01389,0.969261,0.772606,-0.0838189,-0.00377057,1
7701,264.696,-653.123,683.586,0.991155,0.973607,1.0041,1.00283,0.965844,-0.243526,0.0116639,1
7702,2695.16,8549.67,-5416.25,1.16618,0.989271,0.98926,0.983606,1.05951,0.0620312,0.004341,1
7703,176.584,-432.419,445.739,1.10634,1.03801,0.982494,0.955323,1.10582,0.373203,-0.0128692,1
7704,13240.8,-16769.4,53515,1.09406,0.95262,1.00486,0.989929,0.807404,-0.122485,0.000419668,1
7705,801.784,-1809.34,2087.68,0.739696,1.02437,0.99153,1.03025,1.30166,0.27272,-0.00371907,1
7706,200.543,-487.996,504.976,0.903545,0.999137,0.996042,1.0019,0.855533,0.325282,-0.0122696,1
7707,6550.31,21395.4,-7478.99,1.11149,0.987009,0.994683,0.95455,0.893678,-0.064367,-0.00197319,1
7708,5854.38,15772.5,-5021.46,1.05125,0.997075,0.986936,0.959339,0.579487,-0.213786,-0.000470783,1
7709,625.039,1671.63,-1498.4,1.0454,0.985488,1.01901,0.991556,0.644301,0.103048,0.011538,1
7710,710.671,1927.03,-1696.58,0.981642,1.00249,0.989075,0.967088,0.814502,0.13284,0.00832372,1
7711,830.054,-1891.16,2191.18,0.916655,1.01371,0.995925,1.07718,0.658014,0.122113,-0.0078349,1
7712,684.885,1791.95,-1590.76,1.05007,1.00865,1.01431,1.02719,0.790106,-0.550348,-0.00208549,1
7713,1428.37,3919.15,-2988.69,1.01587,0.991281,1.00593,0.985245,1.2971,0.0724444,0.00720048,1
7714,3315.56,12021.4,-6424.15,0.973102,1.01595,1.00098,1.00249,1.01452,0.0893768,0.00257494,1
7715,350.795,909.394,-855.682,0.908388,0.993201,0.998317,0.958156,1.30231,-0.15531,-0.0144067,1
7716,485.926,1294.42,-1190.12,1.07599,1.01649,1.02258,1.01235,0.814506,0.214334,0.00732955,1
7717,1511.5,4118.58,-3110.32,1.33233,1.02953,1.02433,0.970334,0.919971,0.044153,0.0113342,1
7718,690.423,-1607.69,1818.51,1.00255,1.02815,0.988014,1.02061,1.01917,-0.0625997,0.0187762,1
7719,6904.19,-6784.74,19308.4,1.12185,1.0004,0.997982,0.979651,1.21092,-0.0753136,0.00167519,1
7720,2883.78,-5273.55,8440.06,1.31357,1.01352,0.994285,0.9897,0.727092,0.056179,-0.00465714,1
7721,2226.75,-4742.48,7192.43,0.777767,0.999738,0.989103,1.01027,0.96491,0.170603,-0.00201536,1
7722,1183.06,-2567.82,3198.53,1.14226,0.995031,1.01464,0.997332,0.970009,-0.0424992,0.0149284,1
7723,498.04,-1173.34,1279.56,0.958393,0.993385,1.00479,1.06549,1.09432,0.219694,-0.00710974,1
7724,464.436,-1122.05,1216.2,0.615024,1.01274,1.01039,0.982515,1.1323,-0.227664,0.00733056,1
7725,467.744,-1117.82,1214.05,0.972287,0.974215,0.990859,1.03745,1.055,-0.116602,0.0140637,1
7726,2232.28,7809.08,-5140.22,1.08591,1.01969,0.998954,0.990469,1.27504,-0.14642,-0.00232934,1
7727,160.371,-399.775,410.815,0.674489,0.980443,1.00604,1.01643,1.20979,-0.221725,0.021302,1
7728,226.311,-552.668,574.521,1.12261,1.02903,0.997609,1.03465,1.15438,0.181994,-0.0198476,1
7729,4204.37,-5615.62,10473.4,0.953162,1.01166,0.991247,0.987543,1.12276,-0.0128766,0.0134404,1
7730,1738.91,-3155.73,4381.11,0.976586,0.979135,1.00928,1.06357,1.17061,0.0461664,-0.00913412,1
7731,4487.51,-7199.7,14423.7,1.40564,0.995859,0.992521,0.966391,1.04906,-0.0177153,0.00901378,1
7732,97101.2,128567,-64407,0.887341,0.979417,0.982531,0.985002,1.06332,-0.0111369,-0.000947655,1
7733,9457.64,38827.6,-12482,0.906291,1.02588,1.00136,0.989507,0.987319,0.00925701,0.00634033,1
7734,926.608,2495.58,-2106.25,1.14946,0.98547,0.99256,0.931153,1.19687,-0.121108,-0.00688784,1
7735,5867.38,-3709.94,12707.1,0.967728,0.964092,0.99189,0.998044,0.91625,-0.0171478,0.00641353,1
7736,11783,-14050,46373.8,1.28207,1.0176,0.994199,0.94702,0.782724,-0.0370092,0.00145177,1
7737,9297.01,-10239,28587.4,0.839935,0.968647,0.988892,1.00685,1.0261,0.106065,-0.000608697,1
7738,406.13,1077.62,-1003.65,1.30248,1.00936,0.996163,0.980854,0.671811,0.259425,0.00745657,1
7739,8090.29,-7337.58,18803.5,0.663975,0.989296,0.99532,1.01267,0.98288,0.0903692,-0.000826353,1
7740,602.935,1585.85,-1426.63,1.01658,1.0082,1.0009,0.997357,0.75856,-0.297163,-0.00442998,1
7741,1351.56,3968.92,-3122.79,0.914999,1.0034,0.985313,0.993936,1.12756,0.308802,0.00184356,1
7742,438.223,-1039.66,1122.5,0.644585,0.966995,0.995692,0.994234,1.17298,0.149403,-0.0116851,1
7743,2215.26,7709.37,-5001.18,0.904352,1.0074,0.998819,1.03253,0.861499,0.0303809,0.0110489,1
7744,71984.1,-55558.9,130051,0.714639,0.998297,1.01284,1.01156,1.16,-0.0366388,0.000608929,1
7745,118617,12079.7,13832.7,0.977199,0.992164,0.977065,0.999245,0.764219,-0.00229884,0.000560056,1
7746,42574,-59769.4,125188,0.839018,1.01931,1.01792,1.03018,1.18836,-0.00296044,0.0107954,1
7747,361.748,-869.754,925.63,0.988183,0.993841,1.01105,1.04152,1.22663,0.125134,-0.0170383,1
7748,424.207,-1010.31,1087.49,1.03841,0.977943,1.00688,1.03143,1.17107,0.100372,-0.0178689,1
7749,775.234,2083.15,-1817.42,0.856428,0.998248,1.01634,1.01004,1.02784,-0.156883,-0.00626006,1
7750,702.531,1879.93,-1659.92,1.22321,0.998915,0.999795,1.0173,1.1083,-0.127094,-0.00873027,1
7751,457.787,-1087.88,1178.58,1.26169,0.990519,0.995712,0.981618,0.743143,0.160912,-0.0106561,1
7752,348.789,904.619,-851.559,1.20503,0.99663,0.999539,1.01091,1.13619,-0.129626,-0.0173666,1
7753,130520,6716.78,4585.45,0.884252,1.04489,0.990047,1.02033,0.928701,-0.000200541,0.00210272,1
7754,4303.55,16106.4,-7963.34,1.14244,0.996757,1.00793,0.978831,1.10959,0.0359332,0.00438963,1
7755,5858.19,14951.6,-5125.6,0.906866,0.990412,0.995778,1.00875,1.40643,0.0258121,0.00382049,1
7756,1039.74,2908.79,-2421.56,1.24656,1.01511,0.998234,0.988705,1.21783,-0.220044,-0.00345532,1
7757,719.517,1931.88,-1697.79,1.2103,0.996305,0.983366,1.02242,1.14966,-0.0808338,-0.0136319,1
7758,3196.8,12122.5,-6608.92,1.3057,1.01022,0.987775,0.988858,1.16845,-0.032801,-0.00727787,1
7759,2363.68,-4035.4,6403.47,0.906744,1.00421,1.00083,0.951705,1.10402,-0.0713705,0.00444772,1
7760,1326.63,-2879.06,3619.16,0.934041,0.997428,0.999877,0.971268,1.12755,-0.0933625,0.00617028,1
7761,2643.35,-3937.46,6194.97,1.32432,1.02196,0.999939,1.05775,0.983968,0.0428552,-0.0066748,1
7762,321.575,-774.31,818.491,1.10461,0.98605,1.00297,1.00575,1.0423,0.199119,-0.0121276,1
7763,890.998,2455.47,-2084.06,0.860644,1.03238,0.984818,1.02224,1.17996,0.0614856,0.0148068,1
7764,890.228,2389.18,-2037.12,1.22796,1.02682,1.00239,0.994854,0.734808,-0.123093,-0.00725627,1
7765,1575.84,4100.51,-3094.45,1.28272,1.02149,1.01064,1.01964,1.04616,-0.327533,-0.00149816,1
7766,397.528,-945.859,1014.13,0.985186,1.00444,0.982731,1.01965,1.12853,0.26385,-0.00776177,1
7767,358.855,-861.882,916.881,1.00027,1.02982,1.00454,1.02747,0.924709,0.193348,-0.0116593,1
7768,909.616,2545.55,-2156.79,1.07798,0.99961,0.994539,0.984815,0.882278,0.0623357,0.0136768,1
7769,881.456,2436.98,-2081.8,0.829396,0.996911,0.992629,0.960388,1.16491,0.0912818,0.00963771,1
7770,5667.15,21904.6,-8845.14,0.879227,1.00873,1.01275,0.977343,0.964678,-0.114049,-0.00121488,1
7771,1150.01,3194.55,-2567.3,0.821663,0.968267,0.994823,0.993264,1.21359,0.0911462,0.00708545,1
7772,928.093,2538.9,-2143.55,1.10006,1.00544,1.00588,1.01549,1.01975,0.0512003,0.0161556,1
7773,6988.38,-5390.93,13987.2,0.882113,0.952436,0.985777,1.02581,1.0585,0.0171334,-0.00505592,1
7774,526.333,1421.1,-1294.99,1.05673,0.996152,1.00584,0.958903,0.810306,0.461155,0.00311536,1
7775,27596.1,122409,-49814.1,1.01067,1.02687,1.00224,1.02811,0.7665,0.025604,0.00140972,1
7776,7573.21,20538.5,-8224.81,0.910475,1.03516,1.01151,1.01053,0.895956,0.034995,0.00212629,1
7777,553.286,-1311.18,1444.98,1.07398,1.02544,0.999039,1.02012,1.40187,-0.0972985,0.0148432,1
7778,640.436,1732.83,-1548.11,1.04076,1.01308,1.01013,0.989833,0.882359,0.241493,0.00497687,1
7779,279.574,716.103,-682.43,0.834924,0.9637,1.00038,0.993189,1.01205,-0.190319,-0.0142799,1
7780,879.673,-2011.84,2359.11,1.23831,1.03543,0.997637,0.993665,1.08674,-0.155262,0.00586526,1
7781,7594.92,21256.6,-8574.54,1.12454,0.998027,0.994161,1.04937,0.845194,0.0092719,0.00799397,1
7782,9222.27,-8875.46,24888.7,1.03241,1.03106,0.982763,0.937394,1.02374,0.020274,-0.00330152,1
7783,9559.18,-10116.9,29170.6,1.19354,0.994142,0.976067,0.984793,0.918893,-0.0264051,0.00241767,1
7784,1246.69,-2866.47,3590.84,0.893946,1.0291,0.994414,0.990238,0.831818,-0.144423,0.00440771,1
7785,9479.94,-10719,29765.8,0.933314,0.991942,1.00728,1.00506,1.161,-0.00437184,0.0143202,1
7786,1460.75,4434.07,-3341.19,0.900469,1.00398,0.98389,0.99039,1.11056,-0.0636417,-0.00840891,1
7787,102632,70298.9,-31473.1,0.802664,0.966597,1.00212,1.01425,0.906655,-0.00446129,-0.00105315,1
7788,21194.6,101934,-34404.9,1.12592,1.01249,0.983646,1.01318,1.401,0.00273473,0.0148423,1
7789,298.73,765.513,-726.996,0.94976,1.01299,0.992806,1.04828,0.801131,-0.265071,-0.0102374,1
7790,542.403,-1286.87,1415.86,0.839611,0.997256,0.994298,0.968001,0.786742,-0.0460901,0.0313726,1
7791,762.244,-1739.02,1993.84,1.37347,1.00732,0.982894,1.00055,0.741987,0.113728,-0.00929092,1
7792,313.882,-770.243,813.151,0.786747,0.964198,1.00726,1.00743,0.804229,-0.209136,0.0112872,1
7793,1918.09,-3328.58,4743.97,1.21546,1.01941,1.00533,0.98473,0.724206,-0.053597,0.00744537,1
7794,1522.83,4176.38,-3130,0.865375,1.02166,1.00769,0.99037,0.877866,-0.168012,-0.00302218,1
7795,1604.27,4775.61,-3617.11,1.46308,1.00296,1.00448,0.980188,1.42763,0.112954,0.00414189,1
7796,1776.7,-3203.2,4480.07,1.00294,0.985981,1.00728,0.9958,0.696459,0.0775785,-0.00539545,1
7797,1771.42,5205.29,-3682.09,0.957466,1.00511,1.00389,1.01659,1.26622,0.152695,0.00275665,1
7798,3811.55,-5230.19,9221.12,0.958217,0.961555,1.00077,1.01822,0.798778,-0.0588197,0.00311683,1
7799,1973.16,-4199.06,5897.34,1.0184,0.979195,0.998451,0.959496,1.13759,-0.37657,0.00098374,1
7800,5709.27,21948.8,-8774.35,0.855694,1.00976,1.00216,1.02698,1.09234,-0.0840664,-0.00164419,1
7801,24776.2,-35819.3,90411.3,1.29401,0.976253,1.01943,0.947249,0.967113,-0.0610809,0.000662639,1
7802,2279.51,8041.48,-5169.1,1.08271,1.02072,0.997211,0.974762,1.10065,-0.0786629,-0.00424392,1
7803,7972.89,-6477.55,17235.8,1.13875,1.01775,0.987241,1.06479,0.854944,0.0395496,-0.00193511,1
7804,1186.77,-2478.8,3045.6,0.41627,0.959852,1.01183,0.998074,1.0385,0.14453,-0.00425593,1
7805,2016.27,-3710.66,5215.37,1.09086,0.997081,0.989228,0.945438,0.874862,0.104902,-0.00363567,1
7806,691.582,1876.81,-1658.28,1.23757,0.993603,0.993627,0.952088,0.9516,0.168417,0.00663888,1
7807,996.567,-2243.89,2693.33,1.03113,0.982257,1.00688,1.01675,1.02112,-0.0691848,0.0108772,1
7808,2797.04,7747.55,-4923.64,0.97344,1.03809,1.00713,1.01556,1.07257,-0.192916,-0.00139226,1
7809,23161.3,107206,-39043.5,1.10673,1.00022,1.00981,0.971702,1.01741,0.113713,0.000343312,1
7810,53408.1,161404,-84196.6,1.12635,0.999625,1.01522,0.992416,0.785216,0.00666536,0.00373763,1
7811,4539.47,-7477.32,15181.9,1.11505,1.00156,0.999078,0.978789,1.33803,-0.203942,0.00076695,1
7812,1469.26,4019.09,-3055.61,0.829921,1.0148,1.02496,0.943363,1.15838,-0.0286942,-0.0177593,1
7813,578.707,-1358.66,1505.53,0.912088,0.989395,0.98586,1.00237,0.815811,0.0664753,-0.0205198,1
7814,317.362,819.589,-775.871,0.936363,0.99423,1.00104,1.0137,1.20282,-0.152799,-0.0161451,1
7815,266.382,680.117,-649.608,1.05844,0.975934,0.999146,1.01373,1.12768,-0.22696,-0.012784,1
7816,2495.19,-4043.05,6096.75,0.681776,0.976265,1.00275,1.01454,0.937007,-0.0183427,0.015836,1
7817,1311.47,-2606.97,3304.22,1.27488,0.998958,0.981735,1.04549,1.34396,0.120294,-0.00500083,1
7818,7564.84,-5948.42,15644.9,1.05131,1.01686,1.00816,1.0527,1.31612,0.0815159,-0.000976795,1
7819,6985.15,-5315.6,16897.7,1.11421,1.02905,1.02373,0.986745,0.971544,-0.194843,0.000582699,1
7820,518.27,1369.16,-1251.69,1.25247,1.05461,1.01615,0.976723,1.20614,-0.141097,-0.0110798,1
7821,6495,-3566.65,14092.9,0.691963,1.00777,0.978976,0.978647,1.39877,0.050874,-0.00208879,1
7822,66.8742,-170.425,172.375,1.34192,0.998347,0.991162,1.07359,0.889892,-0.474727,0.0245965,1
7823,2150.65,7089.98,-4638.28,1.00601,0.982107,1.00872,0.960378,0.893981,-0.14399,-0.00234148,1
7824,216.695,551.416,-531.195,0.701408,0.977988,0.990286,1.03535,0.743777,-0.228975,-0.0158197,1
7825,2569.44,7731.49,-5046.49,0.995364,0.977982,1.00053,0.978435,1.32071,0.108553,0.00254902,1
7826,123.278,318.153,-311.644,1.13327,1.01513,1.01781,1.02728,0.826423,0.285526,0.0219152,1
7827,136.502,-345.74,353.958,1.09589,0.985071,0.991515,1.04336,1.07418,-0.541578,0.0103714,1
7828,9969.5,-11180.1,32170.4,0.682257,1.0224,1.00095,1.01221,1.22068,0.010266,-0.00586085,1
7829,410.061,-975.314,1046.93,0.993586,0.999823,1.0039,0.995819,0.954479,0.285149,-0.00674184,1
7830,508.369,-1214.69,1329.67,0.770683,0.991769,0.978699,0.980624,0.958363,-0.129688,0.0120473,1
7831,2003.49,-3864.74,5388.71,1.0532,0.998304,1.00559,0.985578,1.2489,0.0736007,-0.00509285,1
7832,1819.93,-3561.51,5076.31,0.953315,1.00341,0.987862,1.0406,0.893584,0.0685801,-0.00620206,1
7833,3753.41,10221.1,-5752.01,1.42128,0.968654,1.00085,0.990918,0.906455,-0.141119,-0.00129551,1
7834,213.233,-520.239,539.513,0.948711,1.02632,1.00041,0.973755,0.889956,0.230063,-0.0166005,1
7835,2311.29,6676.65,-4235.16,1.23823,0.998711,1.00271,1.01811,0.950542,-0.0209849,-0.0151066,1
7836,227.054,579.829,-558.116,1.16363,1.03959,1.02351,1.00002,0.944909,-0.191708,-0.0183336,1
7837,256.639,673.798,-644.714,1.02831,1.05505,1.0053,0.95105,0.888258,0.255187,0.0124326,1
7838,651.743,1753.12,-1562.8,0.954805,0.996161,1.01163,0.96472,1.08826,0.0989581,0.0117753,1
7839,1461.05,3893.27,-2969.39,1.0755,0.98249,0.992867,0.963072,1.47415,0.0751236,0.00684258,1
7840,603.504,1604.8,-1442.36,0.60273,1.00316,0.99476,1.00625,0.901487,-0.0714827,-0.0182814,1
7841,2739.25,7518.05,-4786.49,0.901739,1.0299,0.997273,1.03428,0.948012,0.0191079,0.0142742,1
7842,562.48,-1334.95,1474.67,1.24283,0.991672,0.99392,0.979235,1.16834,-0.131775,0.010483,1
7843,6318.22,18094.5,-5614.9,0.842766,1.00814,0.991648,1.00894,0.848617,0.064851,0.00171242,1
7844,43775.4,152236,-75232,1.23017,0.989848,0.994707,0.966975,1.10846,-0.0101674,-0.00285956,1
7845,587.49,-1382.47,1535.01,1.21656,0.964411,0.988528,0.996171,1.11405,-0.120417,0.0107382,1
7846,1766.45,-3736.93,5235.75,1.24626,1.00969,1.00352,1.00851,0.939988,-0.128372,0.00334956,1
7847,505.643,1330.74,-1217.9,1.24558,1.00355,0.998151,0.989095,1.00575,-0.119031,-0.0131116,1
7848,1944.99,5226.57,-3746.28,1.13931,1.00009,1.0033,0.981697,0.798551,-0.158462,-0.00243371,1
7849,1734.73,5666.06,-4105.76,1.34068,1.01183,0.990421,0.955957,1.34558,-0.0249589,-0.0178852,1
7850,999.519,-2238.1,2664.43,0.835817,1.00225,1.001,1.01065,0.926382,0.0673807,-0.0115284,1
7851,1630.14,4534.79,-3424.03,0.905962,1.01293,0.996081,0.993198,1.46969,-0.106144,-0.00446958,1
7852,925.738,2534.55,-2143.54,0.741198,1.00591,1.01093,0.964021,0.974093,0.310113,0.00263155,1
7853,2234.97,7920.55,-5166.52,1.11193,1.01533,0.996628,0.938075,1.43483,-0.0419206,-0.00810383,1
7854,3329.89,8784.15,-4709.67,1.19601,0.981657,1.01098,0.950373,0.845588,-0.0480902,-0.00433743,1
7855,146.932,381.373,-371.969,1.19488,1.02013,1.00097,1.04777,1.15477,0.332388,0.0161979,1
7856,267.398,697.633,-665.891,1.29747,0.957186,0.991507,0.9771,1.04909,0.203037,0.0138379,1
7857,1207.7,3236.12,-2603.55,0.572928,0.976824,1.00014,1.01012,1.02797,0.119249,0.00515028,1
7858,667.522,1807.76,-1606.22,1.11997,1.01935,1.00209,0.974359,0.957644,0.224792,0.00521963,1
7859,837.605,-1901.05,2204.48,1.04696,1.0175,1.01153,1.02819,1.29338,0.208029,-0.00450124,1
7860,3124.66,-6029.75,10654.2,1.25985,0.995187,0.990431,1.01691,1.29301,0.206899,-0.00117806,1
7861,2344,6420.77,-4078.93,0.749603,0.993575,0.999465,0.973593,0.777417,0.0379769,0.00821244,1
7862,529.677,-1249.93,1370.6,0.77883,1.01235,1.00487,0.987735,0.978773,0.10506,-0.0141943,1
7863,15984,-21272.8,65093.4,0.883942,0.993224,1.00102,0.990838,1.04485,-0.120095,0.00039371,1
7864,539.832,-1280.74,1409.04,1.21882,1.01666,0.988775,1.01762,0.854456,-0.0947082,0.0157158,1
7865,595.993,1581.78,-1423.68,1.18669,0.997673,0.995632,1.00042,1.29089,-0.115119,-0.0114411,1
7866,396.135,-946.593,1013.76,1.11653,0.958257,1.00772,0.983877,1.15231,0.170693,-0.0110357,1
7867,1147.75,3246.65,-2625.18,1.29525,1.05087,1.00865,0.982188,1.31308,-0.269115,-0.00261098,1
7868,2068.99,7210.35,-4878.25,1.10309,0.988208,1.00413,1.02085,1.24115,0.106556,0.00328825,1
7869,210.722,548.576,-529.228,1.02255,0.999515,1.0146,0.98797,0.736924,0.339472,0.0106143,1
7870,491.308,-1175.65,1282.94,0.922812,0.986528,0.980545,1.00844,1.35446,-0.12275,0.0130683,1
7871,3612.34,9053.02,-4990.31,1.0881,0.988188,1.00705,0.976474,0.973974,-0.108324,-0.00177596,1
7872,6160.98,21541.4,-8328.51,0.925298,0.998488,1.02645,0.978295,1.07694,0.0162594,0.00806188,1
7873,1002.15,2787.6,-2320.58,1.08677,1.04186,1.00063,1.00826,1.09196,-0.324318,-0.0024996,1
7874,1498.46,4091.71,-3154.21,0.965493,0.977617,1.00011,1.01082,1.17006,-0.0693908,-0.0071353,1
7875,3209.61,-5059.87,9335.19,0.874635,0.980561,1.00966,0.962924,1.00874,-0.0417015,0.00545712,1
7876,3623.07,-4794.09,8286.84,0.715709,0.952341,1.01585,0.987702,1.00043,0.0727313,-0.00261787,1
7877,487.815,1275.02,-1169.71,0.643466,0.966221,0.991104,1.00359,1.47219,-0.163553,-0.00961516,1
7878,6436.11,-8235.36,21204.5,1.06078,1.03569,1.00346,1.01022,1.26184,-0.0425975,0.00311329,1
7879,632.955,1680.39,-1504.5,1.02508,0.993324,1.01951,0.981598,0.926672,-0.128753,-0.00928308,1
7880,401.928,1041.64,-970.733,1.33716,0.946629,0.991384,0.999836,0.973762,-0.236208,-0.00793824,1
7881,1674.67,5029.73,-3767.83,1.02323,1.02198,1.00853,1.00602,1.13111,-0.0782077,-0.00584273,1
7882,6758.39,-5769.46,17288.4,1.08493,0.981053,0.996926,0.962788,0.773086,0.0470659,-0.00261723,1
7883,819.737,2222.71,-1916.81,0.768854,0.986569,0.993646,0.958483,0.81154,0.0513728,0.0182506,1
7884,480.686,1282.46,-1178.64,1.17905,1.0112,0.998836,0.980441,1.18687,0.235347,0.00692655,1
7885,2668.07,-4105.24,6381.71,0.73396,1.02344,1.01025,0.989023,1.07107,0.0210994,-0.0133236,1
7886,1550.42,4722.33,-3588.04,0.975642,0.973908,0.995655,1.03975,0.762054,0.028572,0.0166502,1
7887,1553.43,-3132.61,4216.59,1.12134,1.02851,0.995801,0.958999,1.15786,0.108979,-0.00469604,1
7888,1061.82,-2234.93,2710.73,1.02055,0.988827,1.0022,1.00715,0.807498,0.264956,-0.00273517,1
7889,3801.06,9905.57,-5420.27,1.19991,1.00258,0.996875,0.991103,0.919242,0.130636,0.00140544,1
7890,443.684,1187.71,-1099.69,0.820199,1.02636,1.01336,1.02006,1.0375,0.412582,0.00423291,1
7891,4954.19,-8033.19,17667,1.01305,0.993029,1.0019,0.96509,0.871479,-0.0373595,0.00399658,1
7892,13662.4,66409.7,-18357.9,0.890091,1.00217,0.995247,0.946853,1.07185,0.00508652,0.0095773,1
7893,405.021,1053.27,-981.147,0.714931,1.0219,0.990514,1.01411,0.737328,-0.19338,-0.0104192,1
7894,2137.09,-3580.17,5206.11,0.831779,1.05102,0.990348,0.999191,1.33627,0.0638381,-0.00587918,1
7895,3976.13,-4880.99,8979.32,0.724475,1.02434,1.01983,0.962658,0.899087,0.042086,-0.00429053,1
7896,2425.36,6435.83,-4288.13,0.685067,0.977375,1.01192,0.993594,0.858985,-0.0228453,-0.0127699,1
7897,514.361,-1213.59,1328.02,1.09482,0.989757,0.999174,1.02642,1.12344,0.140088,-0.0108053,1
7898,197.366,-491.631,508.49,0.832343,1.00514,1.00417,0.973528,0.722956,-0.211032,0.0187236,1
7899,6496.56,21593.4,-7684.58,1.06349,0.990736,0.99604,0.981924,0.861188,-0.00630855,-0.0202874,1
7900,847.936,2300.15,-1976.14,0.927747,1.01803,1.0095,1.04003,1.14405,0.0539491,0.0169433,1
7901,1992.43,-4305.83,6075.68,0.677492,0.976938,1.01389,0.982997,0.805692,0.140581,-0.00259916,1
7902,49123.9,-61314.7,129793,0.624656,0.995672,1.00229,1.00161,1.09954,0.0243796,-0.0012328,1
7903,6645.93,-4240.54,12895.5,1.61317,1.01341,1.01503,1.02912,1.14795,0.050911,-0.00178289,1
7904,6423.24,-6498.33,17529.3,1.10252,0.967973,1.0113,0.980658,1.36335,0.0414695,-0.00310841,1
7905,6565.28,20763.4,-7375.25,0.691113,1.00279,1.01216,1.02062,0.9518,-0.0946243,-0.00130608,1
7906,1810.2,-3310.31,4678.52,0.844822,0.998859,1.00257,1.03925,1.0817,0.06323,-0.00660264,1
7907,220.317,-535.47,555.842,0.455799,0.996433,1.01143,0.985698,0.651938,0.285713,-0.0123968,1
7908,1134.92,-2365.88,2902.7,1.26836,1.01602,0.996894,0.971765,1.10151,0.0850792,-0.00818838,1
7909,430.444,1125.18,-1043.85,0.940812,1.01371,0.998265,0.986848,1.05962,-0.099723,-0.0185908,1
7910,6888.45,-4136.25,13671.9,1.44389,1.04153,0.996751,1.01965,1.16484,-0.24071,0.000369791,1
7911,689.989,-1605.9,1817.35,0.869823,1.0154,0.982416,0.95813,0.983053,-0.0901063,0.0129928,1
7912,174.014,450.402,-437.051,1.38595,0.98737,0.98608,1.00262,0.609855,0.240445,0.0187173,1
7913,496.525,-1176.05,1282.29,1.41642,1.03187,1.00482,0.984211,0.825791,0.142868,-0.0113742,1
7914,369.775,-888.293,946.965,0.76631,0.994712,1.00203,1.03828,1.05552,0.149554,-0.0141432,1
7915,2624.78,-4651.17,7120.78,1.22913,0.978392,0.995765,0.97274,0.69213,-0.103968,0.00267319,1
7916,1945.09,-3513.29,4921.48,0.925705,0.992938,0.985664,0.950413,1.22019,-0.274639,0.0014205,1
7917,1307.55,3579.84,-2787.33,0.910423,1.01562,0.982053,1.00472,1.39533,-0.213998,-0.00286383,1
7918,192.323,-479.305,495.539,0.993217,0.987005,0.987327,0.983307,0.855819,-0.254587,0.0159629,1
7919,1684.18,-3744.44,5041.47,0.965544,1.00442,1.00661,0.987809,0.750334,0.152494,-0.00297208,1
7920,837.76,-1936.06,2246.14,1.40566,1.02646,1.00715,0.992883,0.948489,-0.147966,0.00633576,1
7921,924.256,2529.92,-2146.44,0.899341,1.03335,0.994214,0.987942,0.967453,0.128399,0.00673876,1
7922,7673.82,23231.1,-9367.6,0.910049,0.956323,0.99921,1.04311,1.08879,-0.233693,-0.000310157,1
7923,1282.86,3676.41,-2945,1.13467,0.992863,1.01441,1.01035,1.11017,0.0831013,0.00694221,1
7924,2307.86,6143.84,-3964.29,0.695701,0.977871,0.9974,0.970869,1.00022,0.0914025,0.00341105,1
7925,2627.62,-4353.08,6647.8,0.806525,0.99725,1.00757,0.9744,0.905373,0.0497329,-0.00562666,1
7926,563.272,-1338.03,1479.32,1.10335,1.00865,0.980982,0.999768,1.28568,-0.196936,0.00723091,1
7927,457.582,1209.49,-1116.23,0.88944,0.992398,1.00197,1.02442,1.1077,0.108093,0.0155519,1
7928,3263.63,10987.8,-5814.15,1.40349,0.992744,0.996864,0.989949,1.06043,0.0759492,0.00299069,1
7929,967.808,-2227.73,2650.62,0.930341,1.03202,0.989593,1.02212,0.90372,-0.0600102,0.0139077,1
7930,812.452,2218.62,-1918.34,0.872695,0.996976,1.00723,0.991458,0.99793,0.235027,0.00396136,1
7931,1996.94,5361.78,-3818.85,1.24522,1.02154,1.0115,0.982559,1.03556,-0.0989953,-0.00382124,1
7932,1064.59,3044.97,-2519.1,0.955395,1.02727,1.00303,1.0167,0.935247,-0.11436,-0.00649061,1
7933,1140.23,-2562.72,3136.16,1.10274,0.989642,0.98232,0.992364,0.998718,-0.219731,0.0030927,1
7934,5652.48,15633.6,-5305.12,1.06077,1.00239,1.0234,1.04783,1.12053,0.115698,0.000915269,1
7935,764.834,-1759.58,2014.32,1.13556,0.985059,1.01093,1.00338,1.10124,-0.109584,0.00896028,1
7936,2263.01,-4301.93,6688.99,1.12241,0.993896,1.00044,0.987875,1.03381,0.0398195,-0.00828094,1
7937,380.227,1003.68,-939.351,1.24331,1.00256,1.00225,0.9498,0.921886,0.19238,0.0106183,1
7938,476.601,-1128.76,1225.9,1.04337,1.00133,1.0083,0.971387,1.32296,0.202671,-0.0080913,1
7939,1332.24,3556.26,-2806.56,1.06988,1.01642,0.997068,0.991566,0.983901,-0.0747264,-0.00784839,1
7940,123.423,-309.467,316.022,0.838886,0.970441,0.999701,1.05188,0.533786,-0.243143,0.0251666,1
7941,1140.09,-2576.88,3186.21,1.00876,0.977888,0.999538,1.03478,0.962345,-0.189969,0.00345003,1
7942,7045.47,-6510.8,18766.8,0.785416,1.01612,1.00476,1.07568,1.06699,0.195091,-0.000629833,1
7943,240.149,616.326,-591.745,0.643528,1.02966,1.01426,0.990187,0.911101,-0.109499,-0.0303209,1
7944,6252.06,15052.3,-5742.33,1.28628,0.981008,0.991018,1.05767,0.748262,0.0519702,0.00176,1
7945,309.118,792.607,-751.73,0.977158,0.986418,1.01301,1.01782,0.832679,-0.223018,-0.0111139,1
7946,189.449,497.471,-481.81,1.0459,1.02941,1.02232,1.00953,0.873791,0.504429,0.00805706,1
7947,781.651,-1786.73,2051.79,1.63748,1.00021,1.00266,0.9912,1.09435,0.0810315,-0.0122779,1
7948,150.994,384.533,-374.802,1.03293,1.0513,0.995357,0.993512,0.861879,-0.241892,-0.0229906,1
7949,2208.25,-4687.89,6923.64,0.679034,1.01437,0.989216,1.00733,1.02134,0.0487317,-0.00718912,1
7950,2139,-4615.76,6766.67,1.27356,0.99758,0.997158,1.02785,1.17077,0.101103,-0.00349058,1
7951,3757.56,10038.8,-5563.01,1.16324,0.972174,0.985473,0.977944,0.859903,0.0178312,0.0103843,1
7952,858.501,2378.37,-2039.38,0.854068,1.03473,1.00245,0.970965,1.45897,0.0521645,0.017785,1
7953,59348.7,179904,-98679.2,0.977052,1.0631,1.00211,1.02214,0.678891,0.0275995,0.000882035,1
7954,2188.67,7653.55,-5084.75,1.01834,1.01693,1.00227,1.0273,0.936418,0.0268643,0.0127376,1
7955,435.029,1148.72,-1064.69,1.05649,1.00779,1.00019,1.02509,0.909401,0.10569,0.0170536,1
7956,104671,6225.12,60593.2,1.04052,0.990859,1.01144,1.0235,0.922461,0.019345,-0.000426046,1
7957,1124.11,-2414.66,2970.71,1.14189,1.03219,1.00668,0.995386,1.04394,0.138893,-0.00508616,1
7958,1373.59,4154.53,-3254.37,0.915747,1.00887,1.011,0.979108,0.819328,-0.0835858,-0.00662704,1
7959,3477.5,8823.1,-4692.69,0.928226,0.982728,0.991454,0.988644,0.901646,-0.0279479,-0.00724208,1
7960,3345.15,-5840.72,10803.3,0.976192,1.00757,0.996239,1.01423,0.864187,-0.234974,0.000982713,1
7961,1601.21,-3047.09,4033.85,1.16215,1.01232,0.990977,1.06003,1.14178,-0.0442144,0.0109935,1
7962,302.73,773.628,-734.22,0.657321,1.00959,0.992797,0.990501,1.15359,-0.346987,-0.00771985,1
7963,645.677,-1500.74,1683.44,0.967346,1.00828,0.985485,0.987621,0.821827,0.0620182,-0.0200778,1
7964,649.833,-1528.24,1715.37,0.943152,0.99492,0.992939,0.975864,1.22315,-0.179718,0.00666026,1
7965,9340.21,-9784.76,26811.5,1.10766,1.01723,0.994597,1.03695,0.649681,-0.125477,0.000512942,1
7966,3970.57,11323,-6191.71,1.04609,1.00075,0.999882,1.00112,1.08245,0.0685983,0.00254,1
7967,336.324,-806.388,854.24,1.12676,0.987313,1.01394,1.02027,0.890138,0.228372,-0.00998146,1
7968,101562,115588,-57269.3,0.854566,0.983596,0.996887,0.95061,0.984857,-0.117031,-7.36317e-05,1
7969,785.569,-1789.6,2057.86,0.854354,1.02294,0.99549,1.04202,0.82762,0.0942826,-0.0108337,1
7970,2937.11,11180.1,-6398.64,1.05317,0.986482,0.996477,0.99303,1.07278,-0.0243904,-0.0101353,1
7971,1131.3,3339.35,-2716.12,1.31854,0.980528,0.987836,0.950383,1.52009,0.152565,0.00440244,1
7972,5877.68,16305.8,-5125.71,1.01529,1.01972,0.999173,0.983201,1.35495,-0.0100445,-0.0100143,1
7973,6531.04,-4096.46,12988.5,1.07917,1.00132,1.00471,0.930024,0.488707,0.0173245,-0.00540036,1
7974,4311.27,-6628.4,12531.7,0.891166,0.998046,1.00504,1.01401,0.810848,0.0645582,-0.00254794,1
7975,9808.23,43727.9,-13766.7,0.867836,0.98122,1.01612,1.03846,1.28552,0.0115035,0.00489788,1
7976,866.891,-1947.68,2279.17,0.74269,1.01345,0.989061,1.01999,1.18496,0.118928,-0.00777452,1
7977,769.485,-1757.68,2011.96,0.999155,1.00206,1.01012,1.01124,1.02501,0.140676,-0.00714149,1
7978,497.83,1320.63,-1210.12,0.823748,0.984228,1.00597,1.00297,1.02192,0.160754,0.00944699,1
7979,907.413,2489.71,-2106.95,0.943194,0.986654,0.991571,1.0199,1.41787,-0.0715983,-0.0118788,1
7980,2261.01,-4726.34,7268.77,0.972264,1.00617,0.992333,1.02142,0.79388,0.027828,-0.0121068,1
7981,945.467,2707.86,-2278.1,0.866855,0.965983,0.988273,0.996004,1.17157,0.344996,0.00227943,1
7982,314.933,809.892,-767.415,0.72582,1.02895,1.01032,1.05647,1.31139,-0.209341,-0.0121695,1
7983,2330.67,6662.21,-4228.82,0.99369,1.00388,1.01055,0.966634,1.10936,-0.0347917,-0.00902715,1
7984,1627.07,-3050.97,4066.1,1.29936,1.02,0.990752,1.01053,0.980904,0.0646007,-0.00750738,1
7985,1618.47,-3061.22,4071.45,0.985545,1.01877,0.991905,0.980445,1.24216,-0.039811,0.012183,1
7986,1458.94,-2980.97,3929.3,0.72075,1.00239,1.0062,0.976196,0.913205,0.139875,-0.00375533,1
7987,12346.7,58962.4,-16465.9,1.04645,0.99808,0.99428,0.977094,0.759802,0.0277855,0.00182962,1
7988,377.645,994.638,-930.936,1.38751,1.02574,0.991407,1.00469,1.28584,0.174041,0.0122743,1
7989,544.968,-1297.68,1425.06,0.852931,1.02387,1.02735,1.02765,0.773944,-0.128735,0.0109419,1
7990,1457.32,-3313.31,4314.16,0.966233,1.02656,1.00396,0.98454,0.720587,-0.036064,0.014872,1
7991,3400.18,-4188.93,8036.17,0.668877,0.983824,1.00071,0.994943,1.13522,0.0147564,-0.014328,1
7992,187.121,472.245,-457.329,1.06066,0.987989,0.984262,0.920561,1.11037,-0.416075,-0.0103648,1
7993,8813.1,-8793.42,23244.2,1.24315,1.01292,1.0036,0.992911,1.07933,-0.0785883,0.000867531,1
7994,1577.14,4437.2,-3388.38,0.980691,1.0064,1.00961,1.00482,0.926668,0.0473303,0.0100487,1
7995,6153.37,21827.2,-8206.6,1.16107,0.989203,0.995787,1.01694,1.01998,0.109614,0.00121402,1
7996,84812.8,163350,-88845.6,0.860139,1.01963,1.00527,0.996718,0.884924,0.034536,0.000456992,1
7997,363.347,-885.722,944.326,0.764868,0.989121,0.979828,1.00026,1.17873,-0.17085,0.0127524,1
7998,19042.9,90632,-29161.8,0.734309,0.988119,1.00562,0.978027,1.14457,-0.00256163,-0.0165759,1
7999,7459.07,-5523.37,15245.3,0.97145,1.02512,1.00041,0.995606,1.1881,-0.170102,0.000479301,1
8000,96.656,-236.959,240.834,0.932755,1.02194,0.99922,0.996189,1.05548,0.393298,-0.0215357,1
8001,110986,18060.9,32675.7,0.77447,0.998023,1.00894,1.03751,1.01409,-0.00104133,0.00407097,1
8002,2515.31,6622.24,-4326.65,1.09212,0.995369,1.00196,1.04603,0.855054,-0.0695644,-0.00414167,1
8003,199.063,-493.523,510.575,0.660237,0.975539,1.00564,1.03059,1.01846,-0.186389,0.020331,1
8004,1383.94,4177.88,-3217.45,1.0487,0.994645,1.00762,1.01801,1.18041,-0.0595967,-0.00910043,1
8005,636.099,-1490.84,1670,0.931356,1.01182,0.983218,1.04865,1.20175,-0.133787,0.00942677,1
8006,691.555,-1622.69,1836.88,0.874291,1.01048,0.983124,0.967875,1.09219,-0.30081,0.00382774,1
8007,6304.33,15769.4,-5651.08,1.49356,1.00671,0.992634,0.989802,0.753711,0.151473,0.000604344,1
8008,1974.76,5365.64,-3810.67,1.05712,1.00554,0.990928,0.97802,0.935928,0.0820968,0.00467401,1
8009,3370.34,12451.4,-6596.25,0.808882,1.02249,0.991698,0.989825,1.00334,-0.0449033,-0.00516001,1
8010,379.098,-909.248,971.849,1.07968,0.992615,0.97976,0.988729,0.622451,0.159324,-0.0133279,1
8011,1372.31,4202.49,-3287.27,1.0135,1.013,1.01631,1.00059,1.3544,0.0729992,0.00751517,1
8012,432.443,1139.94,-1056.98,0.848808,0.992243,1.0048,0.97141,0.910644,0.0930573,0.0190761,1
8013,7441.57,-5739.97,15404.5,0.820705,1.00925,1.00296,0.969113,1.10824,-0.0652492,0.00124965,1
8014,720.031,1935.79,-1705.58,1.22229,1.04504,1.01194,0.975156,1.07685,-0.116477,-0.00957135,1
8015,1392.62,3705.56,-2880.58,0.726585,0.967396,1.0097,0.988661,0.798438,0.114272,0.00452855,1
8016,43146.2,146353,-72123.7,1.13352,0.980018,1.01885,0.989258,0.799923,0.020544,0.00138599,1
8017,1446.16,-3161.3,4137.44,1.18952,1.01195,1.01218,0.958228,0.780212,0.167195,-0.00318225,1
8018,6203.51,-3663.47,13312.7,1.38471,1.01712,1.00599,0.955596,1.22149,-0.103202,0.000971643,1
8019,5877.43,-8271.06,20093.6,0.765594,1.01556,1.00193,1.00712,1.11411,-0.0201688,0.00686769,1
8020,514.554,1348.87,-1233.65,0.86088,0.999754,1.0137,1.01472,1.04377,-0.211234,-0.0071049,1
8021,962.094,-2131.5,2532.98,1.30918,1.02865,1.01982,1.007,1.19721,-0.137759,0.00582503,1
8022,3227.96,-4323.91,8138.05,0.997695,0.963918,0.998672,0.984216,1.37607,0.0266109,-0.00830902,1
8023,8628.73,-8680.83,22699.9,1.121,0.990884,1.00207,0.981583,1.27349,-0.0105099,0.00661496,1
8024,609.862,-1418.25,1578.05,0.793963,0.984693,1.00937,1.01212,0.936942,0.148216,-0.00843688,1
8025,4408.41,-6622.55,12638.3,0.838318,1.01894,1.00427,1.01541,0.92029,-0.0312982,0.00518819,1
8026,356.451,922.006,-866.14,1.14544,0.984098,0.983043,1.04157,0.957423,-0.210209,-0.0106066,1
8027,3586.82,13371.5,-6858.93,0.973206,1.04938,0.99265,0.91567,1.11395,-0.103793,-0.00218167,1
8028,6496.74,-4649.46,15098,1.17747,0.988376,1.00425,0.999962,1.09203,-0.0252771,0.00456604,1
8029,4288.21,-6093.32,11524.7,0.741954,0.999357,0.980574,1.00661,0.984205,-0.0197702,0.00857774,1
8030,1049.68,2796.61,-2323.35,1.02446,0.987216,1.01758,0.949673,0.705793,-0.138219,-0.00514314,1
8031,128372,19352.1,28450.8,0.968981,1.03745,0.986963,1.00385,1.28284,-0.0111601,0.000253302,1
8032,246.845,632.051,-606.006,0.709058,0.993221,1.01214,0.974031,0.679283,-0.155614,-0.0200952,1
8033,1156.32,-2621.21,3240.89,0.899226,0.999243,1.02,1.02812,0.990747,-0.295431,0.00216758,1
8034,399.456,-966.175,1036.23,0.970446,0.970217,0.994613,1.03285,1.29756,-0.193539,0.00980959,1
8035,11444.1,54082.9,-15564.8,0.797727,1.03959,1.0089,0.967273,1.23252,0.00672429,0.00769918,1
8036,9152.35,-10209.7,27422.3,1.14925,0.990618,1.01757,0.989092,0.720932,-0.00562961,0.011455,1
8037,824.967,-1863.72,2155.08,0.741534,0.978088,1.00595,1.01112,1.27612,0.110229,-0.00831353,1
8038,66458.4,160387,-84279,1.03186,0.982851,1.00405,0.970248,0.955652,-0.0766324,-0.000266473,1
8039,6462.86,22300.3,-8073.83,0.930966,1.00082,0.993123,1.01612,1.26095,-0.0147017,-0.00883459,1
8040,109778,83226.9,-36909.7,1.46173,0.989777,0.993486,0.976366,0.996204,0.00150339,0.00362755,1
8041,12260.7,-15448.8,48854.7,1.01329,1.01919,1.01387,1.01651,0.719449,-0.0438889,0.00118063,1
8042,1220.55,-2605.45,3215.07,1.28913,0.973722,1.01162,1.06911,0.699434,-0.12645,0.00473743,1
8043,506.504,-1196.12,1306.97,0.932495,0.998994,0.996089,0.968876,1.21178,0.168485,-0.00927008,1
8044,771.589,2093.11,-1824.7,1.20322,0.994508,1.00671,0.96418,1.29392,0.0300329,0.032929,1
8045,1833.18,-3250.42,4492.04,0.885905,0.982797,1.00582,0.987204,1.04157,-0.0449633,0.00895459,1
8046,1482.81,-2823.73,3705.38,0.896252,0.981117,0.990641,0.964437,0.81507,0.0270529,-0.0189892,1
8047,269.432,-653.964,685.122,1.3431,0.954848,0.99591,1.00297,0.984315,0.142542,-0.0196935,1
8048,8783.48,-9119.32,23638.8,0.692635,0.997158,1.01453,1.03674,0.810098,0.28365,-0.000238522,1
8049,6329.04,21242.3,-7751.55,0.774841,0.980411,0.993062,1.01171,1.20914,-0.110547,-0.00118316,1
8050,113468,19897.8,-5166.57,1.14457,0.994191,1.00772,0.985753,0.913166,-0.00269375,-0.000372232,1
8051,531.191,1396.4,-1273.32,0.888092,1.00481,1.01219,0.975777,1.1127,-0.197256,-0.00742124,1
8052,32892.4,-48460.7,111022,0.996348,0.988106,0.998791,0.995202,1.05814,-0.0117998,0.00308172,1
8053,2506.84,-4047.8,6150.93,0.847043,0.97571,0.990298,1.02106,0.782328,-0.204006,0.00142713,1
8054,661.876,-1534.6,1723.13,1.30104,1.02209,1.00738,1.02704,0.948711,0.0808297,-0.0147919,1
8055,485.893,-1146.3,1247.18,0.859437,0.988694,1.00997,1.04417,0.900434,0.195819,-0.00807555,1
8056,7085.24,-5756.23,18127.7,0.854912,1.00123,0.993225,0.924572,0.84141,-0.0399098,0.00301414,1
8057,307.905,792.843,-752.143,1.16661,1.00436,1.00992,1.01056,1.00054,-0.201041,-0.0126574,1
8058,350.608,907.797,-854.218,1.00115,0.993567,0.997872,1.07523,0.784365,-0.155272,-0.0144138,1
8059,989.561,2669.42,-2230.33,1.03499,0.979663,0.962524,0.993312,0.820505,-0.211265,-0.00382963,1
8060,2318.96,6063.9,-4071.64,1.0923,0.951053,0.99754,1.01066,0.816536,0.111617,0.00271421,1
8061,7920.78,-6832.14,17664.4,0.927878,1.00793,1.00451,0.98489,1.07865,-0.00810535,0.00940505,1
8062,909.794,2513.54,-2134.36,0.936505,0.998703,0.983656,0.993309,0.835556,-0.149401,-0.00583534,1
8063,1543.51,-2929.91,3870.69,0.887011,1.00588,0.996175,0.986354,0.859475,-0.130661,0.00381346,1
8064,1169.06,-2688,3304.91,0.998193,1.00794,1.00119,0.942947,0.82303,-0.253651,0.00259533,1
8065,6353.74,15496.7,-5781.01,0.823899,1.00313,0.998637,1.04148,0.811245,0.015686,0.00574649,1
8066,910.826,-1991.24,2346.84,1.1006,0.976198,0.998695,0.994376,1.12985,0.26462,-0.00317655,1
8067,2921.41,9982.81,-6034.51,0.972872,1.02181,0.995246,1.07662,1.43342,-0.174517,-0.00145385,1
8068,3841.36,-5388.9,9583.92,0.844215,0.947188,0.988311,0.962092,0.984317,0.0268162,-0.00685032,1
8069,3500.41,-5493.16,10454.9,1.18933,1.02095,1.00684,1.01112,0.954386,0.0144932,-0.0153238,1
8070,941.318,2627.19,-2208.9,0.76056,0.953656,0.998926,1.0395,1.08935,-0.0643022,-0.0121352,1
8071,6047.54,17564.2,-5974.72,0.961264,0.978219,1.00222,1.04083,0.975975,0.0580051,0.00202559,1
8072,1008.33,2843.15,-2376.61,1.13263,1.00018,1.00196,1.04802,1.23734,-0.122088,-0.00626082,1
8073,706.292,-1648.12,1865.09,1.03913,1.02749,1.01314,0.943764,0.689648,-0.161321,0.00686832,1
8074,746.763,2022.86,-1770.21,1.11874,0.988027,1.00087,0.989486,1.04777,0.0668015,0.0152883,1
8075,444.999,1174.82,-1086.77,0.730764,0.998651,0.999876,0.995458,0.921569,0.0702108,0.0249114,1
8076,2553.8,-4519.87,7508.6,1.15592,1.04064,0.975984,0.98976,1.28586,0.03428,-0.00913244,1
8077,1216.11,3622.17,-2909.06,0.843174,0.94593,1.00054,1.02618,1.08216,0.135238,0.00436243,1
8078,6440.98,-3934.67,12749,1.14583,0.991582,0.992905,0.961798,0.828978,-0.0302199,0.0031533,1
8079,118160,40465.8,-14962,1.18312,1.02015,1.01101,1.01097,0.879172,-0.0398357,-5.74714e-05,1
8080,1212.15,3524.57,-2847.4,0.900251,1.02751,1.00738,0.974076,0.839337,-0.139444,-0.00464217,1
8081,1123.07,3096.98,-2505.02,0.719124,1.0192,0.98607,0.973521,0.96369,-0.165292,-0.00432713,1
8082,1168.12,3459.07,-2789.87,1.18532,1.00171,1.00798,1.00875,0.797247,0.116425,0.00555324,1
8083,269.163,-649.454,680.016,1.00646,1.02154,1.00378,0.999729,1.29772,0.321778,-0.00934035,1
8084,4347.59,-6917.4,13266.8,1.13077,0.996091,1.00839,1.00239,0.928313,-0.00738144,0.0219532,1
8085,3526.24,-6010.56,11290.1,1.20055,1.03401,1.01055,0.968516,0.848583,0.0486031,-0.00463661,1
8086,890.31,2487.68,-2120.87,0.723942,1.00284,1.00874,1.00183,0.701571,0.130519,0.00655016,1
8087,178.38,-446.061,459.876,1.05766,1.01314,0.997562,1.02423,1.20092,-0.244407,0.0181711,1
8088,451.274,1202.94,-1110.88,1.2224,1.04047,0.991592,0.992974,0.794588,0.205407,0.00879694,1
8089,380.645,1004.23,-939.926,0.813636,0.990541,1.00884,1.00524,0.91654,0.280168,0.00709523,1
8090,901.54,2525.77,-2148.72,0.930704,1.00767,1.0113,0.916879,0.688794,0.0906423,0.00936474,1
8091,591.648,1585.13,-1427.14,1.09407,0.980348,0.999994,1.03887,1.19428,0.204603,0.00623834,1
8092,574.182,1539.28,-1391.04,0.761068,1.02927,1.00123,0.994928,0.608376,0.194114,0.00712788,1
8093,6915.94,-4547.09,13367.9,1.04983,1.00933,0.996168,1.05601,1.00944,-0.0587525,0.00149681,1
8094,3789.85,-4506.39,8334.86,1.03618,1.00196,1.00406,1.00972,0.71909,-0.0850536,0.00222284,1
8095,83126,-33872.3,107502,1.12498,0.963457,1.00322,1.01731,1.0859,0.0102539,-0.00167049,1
8096,1863.13,-3854.29,5517.09,0.823458,1.02491,0.990851,0.982588,1.13735,0.0500971,-0.00844773,1
8097,2562.7,6726.75,-4345.27,0.856695,1.00671,1.00044,1.00784,0.962196,-0.0215405,-0.0133054,1
8098,6826.24,-3990.27,15243.9,0.742469,1.02916,0.995684,0.951668,1.11684,-0.0206332,0.00516904,1
8099,801.134,-1828.78,2109.86,1.26084,0.986372,1.00218,1.00019,0.89636,-0.0562931,0.0169007,1
8100,560.087,-1331.59,1470.49,0.812808,0.975348,0.995496,1.00603,0.889955,-0.273198,0.00494768,1
8101,171.283,-427.568,440.091,0.736816,1.00976,1.02113,0.994549,0.897692,-0.230973,0.0193478,1
8102,3559.31,-4712.38,9400.66,0.756163,1.03014,1.00618,0.978436,0.702315,0.0374686,-0.00558352,1
8103,409.467,1071.65,-998.517,1.22814,1.05129,1.01018,1.03457,1.1514,-0.12287,-0.0161982,1
8104,257.97,-622.302,650.28,0.943214,1.00838,1.00337,1.02783,1.0536,0.363519,-0.00853372,1
8105,2316.96,-4355.93,6821.72,0.900598,1.01098,1.00788,0.985303,0.808734,-0.025414,0.0127231,1
8106,688.25,-1595.89,1802.34,1.15275,0.983965,1.00553,1.02035,0.996128,-0.050236,0.0219366,1
8107,8053.99,24592.1,-9635.53,1.09564,1.02196,1.01098,0.977857,1.05651,0.157475,0.000439837,1
8108,5820.34,21178.2,-8294.74,0.972514,0.976716,0.992326,1.05283,0.813217,-0.0186509,-0.00738177,1
8109,323.227,-787.145,832.534,0.870281,0.978579,1.00022,1.00892,0.760645,-0.126737,0.0186252,1
8110,1443.99,3836.62,-2933.91,0.625022,0.983966,1.00192,1.00004,0.958328,-0.0454219,-0.0113775,1
8111,383.597,995.578,-931.636,0.976179,0.962116,1.00855,1.02757,0.992589,-0.133746,-0.0145395,1
8112,1354.68,-2740.71,3464.08,0.961619,1.01356,0.997676,1.0554,1.35716,0.254004,-0.00228649,1
8113,436.17,1157.49,-1073.53,1.06019,1.03897,1.01737,1.03673,1.20369,0.264058,0.00681718,1
8114,630.778,1693.84,-1515.35,1.0656,0.980209,1.00925,0.985346,1.13256,0.169937,0.00696473,1
8115,613.153,1644.99,-1475.25,0.951412,0.9975,0.99445,0.989313,1.07843,0.0842874,0.01508,1
8116,5258.41,-8110.71,18406.6,0.887813,0.98486,1.00602,0.994339,1.01428,-0.0174249,0.00836318,1
8117,3217.89,9549.1,-5056.1,1.38743,0.987296,1.00813,1.01312,1.54072,-0.121642,-0.00179012,1
8118,9039.29,-10195.8,27091.4,1.14311,0.979474,1.02015,1.00092,0.681623,0.00575917,-0.011273,1
8119,531.027,-1267.83,1392.51,0.801518,0.986831,0.996913,0.906885,0.980903,-0.183772,0.00788679,1
8120,1022.6,-2362.39,2839.07,0.805496,1.0056,1.00519,1.01045,0.600808,-0.179932,0.0041669,1
8121,9468.21,41165.1,-12776.1,1.24071,0.987756,0.989246,1.01933,0.8186,0.0141044,0.00413264,1
8122,1385.24,3935.01,-3011.18,1.04452,0.975428,0.99649,0.998248,1.04484,-0.0733161,-0.00735635,1
8123,2315.2,-4056.06,6430.01,0.953157,0.985499,0.978894,1.07326,0.941272,0.127187,-0.00257411,1
8124,912.493,-2102.7,2480.41,0.819773,1.00203,0.995383,1.00405,1.2137,-0.186027,0.00457058,1
8125,1278.74,3540.54,-2778.49,0.802954,1.02151,0.996631,1.05946,1.14145,0.057131,0.0106827,1
8126,730.593,-1678.48,1909.19,1.27622,1.00228,1.00264,1.00137,1.1968,0.116852,-0.00914961,1
8127,285.043,-705.566,741.347,1.05468,1.03983,0.995288,1.01767,1.08039,-0.26625,0.0107145,1
8128,1307.9,4032.02,-3145.38,0.996604,0.961439,0.980962,0.985888,0.998084,0.172977,0.00329317,1
8129,3249.45,9824.83,-5169.52,1.20459,1.00131,1.01121,1.02701,1.0966,0.0320305,0.00672355,1
8130,282.658,739.954,-704.665,0.980856,0.965665,1.00445,0.978738,0.794318,0.251216,0.0104664,1
8131,1023.84,-2284.22,2734.2,1.26476,1.01483,0.992155,1.0329,1.31985,-0.0970271,0.00794682,1
8132,1260.66,3412.57,-2732.67,1.09288,0.999431,1.01021,0.939736,0.750741,0.165362,0.003595,1
8133,8612.9,-8495.39,22376.8,1.03515,0.987165,0.993871,0.98894,0.847913,0.114514,-0.000612732,1
8134,4519.1,15119.3,-7495.82,1.13486,1.05025,0.993916,0.977021,1.18589,-0.0153102,-0.0102848,1
8135,389.041,1026.09,-959.224,1.10131,0.997181,1.01451,0.990363,1.36984,0.238196,0.00817499,1
8136,831.799,2257.05,-1952.46,0.957726,1.04055,1.02121,0.972452,0.688666,-0.109799,-0.00862108,1
8137,691.719,-1609.08,1818.68,0.776533,1.00403,0.99599,0.964819,0.953543,-0.0509538,0.0222856,1
8138,54074.2,157993,-80521.5,1.2195,0.969543,1.00478,0.980344,1.10931,-0.00223134,-0.0109005,1
8139,335.294,-821.014,870.441,1.06231,0.995447,0.994331,0.968399,0.966967,-0.189351,0.012307,1
8140,6985.68,-4644.6,13756.3,1.01664,0.989749,0.97662,0.971082,1.19131,-0.100025,0.000884974,1
8141,511.409,-1211.89,1326.43,1.16435,1.02397,0.988442,0.943597,0.942355,0.107281,-0.0148982,1
8142,2605.93,8338.94,-5366.95,0.927402,0.972343,0.998857,0.993741,1.12799,0.0623091,0.00436704,1
8143,477.451,1268.48,-1166.55,0.882153,0.992755,1.00529,0.987938,1.32376,0.191637,0.00834281,1
8144,557.729,-1334.44,1471.51,0.933284,1.00459,1.00763,0.998894,0.85163,-0.3008,0.00457532,1
8145,2260.17,-4323.41,6679.56,0.762153,1.00201,1.01452,0.971022,0.945917,0.0218664,-0.0149549,1
8146,249.653,-608.492,635.429,1.14225,0.993785,0.981835,0.98078,0.955958,0.156891,-0.020567,1
8147,881.992,-1975.15,2314.15,0.861644,1.01866,0.994265,0.976742,1.02592,-0.0760753,0.0118425,1
8148,3614.76,-4209.39,7912.55,1.52609,0.999724,1.01172,1.01429,1.05074,-0.0342898,0.00575382,1
8149,6202.89,-3656.12,12960.3,1.18819,1.02126,1.01104,1.00174,1.13718,-0.00744287,0.0131945,1
8150,4799.58,-7916.25,16873.9,0.740891,0.998564,1.00703,0.974961,0.817742,0.0960635,-0.00157355,1
8151,1883.5,5272.79,-3837.77,0.938682,0.981631,1.01179,1.01433,0.883632,-0.111263,-0.00345951,1
8152,283.388,741.002,-705.397,1.04223,0.998546,0.993673,0.998899,0.872715,0.191174,0.0144701,1
8153,6203.13,-3966.35,13627.3,1.15637,0.995435,1.00883,1.02188,1.08016,-0.0323536,0.00337407,1
8154,1135.71,3018.84,-2460.14,1.30523,1.00904,0.988739,1.03232,0.892198,-0.160528,-0.00433555,1
8155,3912.97,-4641.07,8689.9,1.25331,1.01433,0.999955,1.00359,1.60394,-0.0708289,0.00261366,1
8156,2061.4,-3513.9,5044.89,1.02239,1.02095,0.983604,0.95382,1.04083,0.125758,-0.00305703,1
8157,25914.5,-38257.6,94884.6,0.915997,0.995399,1.00482,1.01598,0.885651,0.0065209,-0.00607385,1
8158,566.787,-1327.5,1465,1.20497,1.00136,1.01064,1.00267,1.1049,0.185537,-0.00738712,1
8159,70589.4,-49038,123073,0.687776,0.959622,0.98455,0.985736,1.14726,0.0768109,-0.000296348,1
8160,737.6,-1695.6,1929.96,1.1494,1.03404,1.01085,0.985804,0.934835,0.101931,-0.0105992,1
8161,885.087,-2013.82,2365.06,0.976065,0.978282,0.991215,1.0233,0.846866,0.0360165,-0.0240898,1
8162,4182.45,-5617.87,10425.4,1.10626,1.01184,0.992589,1.02545,1.03821,-0.0962857,0.00179463,1
8163,6184.42,18068.4,-6061.07,0.567293,0.986047,1.00796,0.971814,1.49753,0.0246274,0.00473294,1
8164,1143.36,-2389.32,2946.4,0.949281,1.01984,0.986051,1.02975,1.26104,-0.0828816,0.008421,1
8165,1306.64,3938.08,-3105.63,0.916245,0.976744,1.01172,1.04034,1.10391,-0.197112,-0.00286308,1
8166,636.349,-1469.35,1645.46,0.982115,0.959833,0.990148,0.956966,1.44869,0.18969,-0.00632531,1
8167,71049.3,-62361.1,139858,1.22968,1.00449,0.993604,1.02199,1.03905,-0.0993345,0.000235493,1
8168,2650.07,7019.08,-4483.63,0.803725,1.01628,0.992791,1.02449,1.17191,-0.0425351,-0.00662326,1
8169,218.331,557.798,-537.107,0.740262,1.01586,0.982194,0.98948,1.08054,-0.197298,-0.0191325,1
8170,6066.92,-3542.99,12915,0.597923,0.970694,0.980875,1.02229,1.08473,0.338345,-0.000325079,1
8171,37292.4,-57226.1,123465,1.1602,1.03436,0.994881,0.999679,0.877031,-0.0562678,0.000612617,1
8172,9331.91,38096.6,-12245.4,1.07516,1.01132,0.998456,0.96667,0.791058,-0.0785818,-0.000760009,1
8173,4253.93,13054.8,-6782.58,1.08581,1.01956,0.986903,0.978698,0.60264,-0.0601422,-0.00277334,1
8174,1390.02,4269.94,-3320.69,1.05696,1.01035,0.996203,1.00004,0.99184,0.159627,0.00346018,1
8175,3602.65,-4157.45,7915.79,1.11504,0.989584,0.998632,0.977635,0.900622,0.0515311,-0.0038907,1
8176,1375.34,-2756.57,3517.04,1.06368,1.03137,0.993409,0.983092,0.789341,-0.0947363,0.00610787,1
8177,883.819,-1972.41,2314.62,1.23152,1.02313,0.99346,1.00677,1.29413,0.163179,-0.00558707,1
8178,369.397,970.45,-910.499,1.31267,1.01723,1.00901,0.959412,1.10253,0.117965,0.0179875,1
8179,260.724,667.705,-638.406,1.13941,0.971675,1.00043,1.00146,1.06971,-0.135753,-0.0216183,1
8180,2747.65,-4612.14,7156.88,1.19633,1.01126,1.00222,1.01343,0.648546,0.108942,-0.00249934,1
8181,4081.43,-5362.46,9885.04,0.712466,0.99614,0.983439,1.04991,1.15289,-0.0293904,0.0060322,1
8182,6563.59,22661.9,-8147.5,1.18969,1.00358,0.99794,0.971264,1.06679,-0.180511,-0.000718456,1
8183,236.586,602.037,-578.144,0.893455,0.998543,0.996739,1.00585,1.01468,-0.322116,-0.0104704,1
8184,2666.52,7863.24,-5042.96,1.2358,0.989882,0.989492,0.932023,0.607019,-0.0750659,-0.00367444,1
8185,2819.32,10394.1,-6234.68,1.03411,0.997257,1.00549,0.984453,1.09843,0.0365391,0.00692826,1
8186,28054.7,-41158.3,99322.2,0.976132,0.984004,1.00211,1.01543,1.0262,0.00334405,-0.0115362,1
8187,409.812,1069.34,-995.786,1.0698,0.996354,1.00227,0.96871,1.18158,-0.128179,-0.014873,1
8188,2678.48,8548.08,-5438.59,0.776054,0.991506,0.996376,1.01262,1.18422,0.10285,0.00260488,1
8189,1025.79,-2212.7,2657.19,0.933285,0.978076,1.00999,0.993436,0.846906,-0.148132,0.00487646,1
8190,1121.57,3280.39,-2670.12,0.917118,0.976649,1.00357,0.989524,1.21129,-0.0491397,-0.0135397,1
8191,38899.7,-57759.9,122794,0.844,1.02688,1.01162,1.00746,0.639,0.0233275,-0.00143847,1
8192,810.498,2218.12,-1920.44,0.812532,1.01329,1.00508,0.954045,0.880035,0.0645131,0.0148803,1
8193,1354.62,-3009.31,3810.29,0.988092,1.00538,0.994517,1.03388,0.963913,-0.315407,0.00179447,1
8194,211.028,-515.64,534.776,1.15259,0.937963,0.993293,0.976409,0.571374,0.182521,-0.0193705,1
8195,145.352,376.997,-367.674,1.04484,0.982882,0.987093,0.95799,1.27505,0.396642,0.0134223,1
8196,3507.92,-4143.63,7607.73,0.759822,0.978773,1.01181,1.02159,0.892645,0.0169379,-0.0118644,1
8197,434.149,1146.26,-1062.68,1.06968,0.99246,1.00893,1.00893,0.881298,0.163588,0.0107129,1
8198,1483.31,-3285.39,4259.23,0.94213,1.03658,0.997849,0.971406,1.27508,0.250143,-0.00216731,1
8199,2045.51,6032.88,-4272.95,0.883321,1.01374,1.00653,1.01398,0.873803,-0.05378,-0.0068158,1
8200,506.52,1321.79,-1209.51,0.953159,0.977762,1.0028,1.0389,1.15,-0.237556,-0.00636742,1
8201,250.826,653.035,-625.516,0.811404,0.973252,1.00801,1.01502,0.813363,0.228902,0.0130105,1
8202,260.516,-626.213,654.823,0.762233,0.982227,1.00075,0.990531,0.946232,0.411762,-0.007302,1
8203,119967,11273.7,-2722.42,1.00259,1.01872,1.00932,0.986641,1.17041,-0.00836068,-4.78349e-05,1
8204,221.498,-552.737,574.054,0.945853,1.01094,1.0101,0.987366,0.988464,-0.315524,0.0110836,1
8205,1881.88,5025.06,-3613.21,1.03898,0.993166,0.998475,1.01212,0.827314,0.1298,0.00302709,1
8206,10008,45110.9,-13761.4,1.11614,0.984044,1.00447,1.01464,0.824282,-0.0774603,-0.000725526,1
8207,547.701,-1285.73,1415.51,0.717357,0.980161,1.00164,0.996498,1.1378,0.109577,-0.0127788,1
8208,3841.93,10241.8,-5602.5,0.753838,0.98976,0.989744,0.95499,1.16748,-0.0108403,-0.0168587,1
8209,1556.03,4349.13,-3330.89,0.948328,0.994027,1.00759,0.952631,1.09614,-0.106488,-0.00452553,1
8210,1089.6,2957.46,-2434.05,0.829778,0.990929,0.992029,0.986955,0.942004,0.140151,0.00500566,1
8211,2020.53,-3900.99,5456.87,1.17316,1.00398,1.00494,0.962349,1.07864,-0.0349683,0.0106647,1
8212,911.069,-1996.02,2352.6,0.761156,0.968116,0.989268,1.01715,1.19493,0.136915,-0.00612687,1
8213,161.859,418.823,-407.297,1.05176,0.993575,0.986431,0.988672,0.983038,0.23299,0.0209064,1
8214,1028.78,-2363.17,2836.08,1.51355,1.00961,1.00172,0.971974,1.27817,-0.061529,0.0122896,1
8215,6402.47,-4224.48,12460.5,1.12138,0.985051,1.0136,0.978965,0.9762,-0.0514836,0.00182356,1
8216,14351.2,69087,-19536.3,1.24426,1.00419,0.993546,1.00753,1.14674,-0.136422,-0.000348594,1
8217,5210.94,21176.9,-8675.53,0.909658,0.989747,0.981079,0.966132,0.969679,0.267673,0.000541413,1
8218,618.056,1665.09,-1490.97,0.840227,0.987138,0.992538,1.02224,1.4759,0.204426,0.00608094,1
8219,1743.27,-3779.95,5256.49,0.68669,0.999046,0.993909,1.01677,1.071,0.0677448,-0.00649478,1
8220,1368.89,3847.21,-3034.41,0.961616,1.03121,1.00447,1.00443,0.584094,0.264367,0.0021341,1
8221,73156.4,-50700.7,126240,1.06022,0.972505,0.993004,0.955459,0.949257,0.0129414,-0.00171672,1
8222,7226.35,-4885.41,14293.9,0.932053,1.0243,0.995392,1.00897,0.866973,-0.0143514,0.00590671,1
8223,265.966,-646.845,677.199,0.830273,0.988515,0.996433,1.03155,0.923042,0.136067,-0.0216696,1
8224,736.671,-1708.93,1947.91,0.760896,1.00808,0.994546,0.992963,1.37461,-0.15334,0.00695614,1
8225,8406.06,29792.2,-10845.5,1.06782,0.966388,0.99061,1.01599,1.31259,0.10507,0.000626108,1
8226,122183,18390.3,26263.3,1.14948,1.01224,0.991002,0.946702,1.0729,0.000618177,-0.00435186,1
8227,136.304,-340.811,348.811,1.0139,0.975855,0.998874,1.01419,1.22077,-0.230589,0.0242159,1
8228,161.605,-395.335,406.385,0.764378,0.981401,0.994943,1.01133,1.04607,0.242077,-0.0200569,1
8229,76189.4,154761,-82159.2,0.837843,0.983887,0.998466,1.01366,1.1543,0.00871238,0.00195264,1
8230,3208.19,11635.5,-6283.6,0.810414,0.995781,0.995351,0.987332,0.963405,0.101153,0.00231655,1
8231,1850.87,-3606.05,4913.82,1.14818,0.955744,1.00159,1.05257,1.20483,0.100148,-0.00391299,1
8232,254.093,663.167,-634.853,1.01627,1.01083,1.00497,0.996484,1.1459,0.213495,0.0144095,1
8233,1823.83,-3238.85,4539.39,1.46911,1.0034,1.01841,0.991616,0.902028,0.0300866,-0.0135647,1
8234,855.124,-1943.92,2257.25,0.597033,1.00209,1.01267,1.03466,0.648211,-0.110569,0.00804645,1
8235,1155.51,3367.82,-2721.86,0.833252,1.00159,1.02296,1.02973,0.804632,0.135208,0.00473099,1
8236,380.198,-926.26,989.356,0.951484,1.02971,1.00326,1.04014,0.786133,-0.225346,0.0092974,1
8237,3695.6,9464.13,-5228.7,1.09252,0.980096,0.990675,1.0086,0.917513,-0.0469649,-0.00401769,1
8238,122902,11872.1,52426.8,0.518605,1.03633,0.998612,0.994693,0.938919,0.0197744,-0.000282971,1
8239,795.163,-1826.81,2109.37,0.877034,1.02198,0.979534,0.984705,1.16765,-0.111386,0.00917972,1
8240,533.544,1404.18,-1279.55,0.602384,1.00186,1.00955,0.964563,1.0693,-0.183566,-0.00793982,1
8241,897.183,-2063.66,2432.32,1.11889,0.988279,0.988899,1.02034,0.933821,-0.300861,0.00284481,1
8242,349.414,-851.628,904.495,0.882377,0.996341,1.0132,1.06018,1.23212,-0.195951,0.0111162,1
8243,621.535,-1450.07,1616.9,1.2852,0.995028,1.00807,0.984146,0.675085,0.103045,-0.0120418,1
8244,392.702,1012.69,-946.172,1.10239,0.988246,1.00591,0.986885,1.37441,-0.334751,-0.00591442,1
8245,479.95,1247.63,-1147.63,0.896435,0.969237,1.00803,0.996797,0.812429,-0.258761,-0.00608037,1
8246,78320.1,-69097.7,150097,0.995471,1.05308,0.999403,1.01432,0.816213,0.00139071,-0.0161591,1
8247,250.135,651.085,-623.756,1.16318,1.01871,1.00409,1.0234,1.52412,0.17218,0.0183454,1
8248,1297.2,-2977.27,3757.05,1.0596,1.05406,0.998605,0.979968,0.896519,-0.108136,0.00576205,1
8249,2539.48,-4016.4,6130.62,1.09032,0.987277,0.998829,1.04007,0.975767,0.0551083,-0.00524625,1
8250,3998.69,-5499.03,9918.96,0.64969,0.980722,0.997707,1.01807,1.0094,0.0797788,-0.00222852,1
8251,5588.19,21152.4,-8492.43,1.14293,0.975117,0.996257,1.00053,0.980152,-0.0145819,-0.00965365,1
8252,32483.9,134295,-59270.2,1.04748,1.01044,0.998182,0.980904,0.970668,0.00235672,0.0144122,1
8253,537.367,1437.06,-1305.44,0.776768,1.00071,0.978946,0.981201,1.07242,0.168433,0.00881044,1
8254,2594.37,-4139.99,6347.68,0.944257,0.99545,1.00341,0.940645,0.901658,0.0446768,-0.00638834,1
8255,6046.11,-3720.22,12480.3,0.960766,0.995488,1.01076,0.982842,0.789463,-0.023722,0.00422619,1
8256,621.821,-1473.3,1647.13,0.781973,0.981847,0.985145,1.01508,0.696077,-0.346942,0.00356885,1
8257,649.586,-1500.43,1684.43,0.803313,0.969941,0.990191,0.980746,0.949658,0.163586,-0.00725305,1
8258,4078.8,13754.2,-7254.47,1.24722,0.978133,1.00821,0.973048,0.766658,-0.12049,-0.00138172,1
8259,1049.42,2766.96,-2289.55,0.760882,0.993756,1.01878,1.02576,0.901616,-0.460531,-0.00157052,1
8260,1241.78,-2668.94,3378.91,1.20409,1.00359,0.989343,0.997002,1.2688,-0.0987903,0.00636259,1
8261,1208.07,3435.68,-2734.35,1.19464,0.999047,1.00082,1.01974,1.25601,-0.0756741,-0.00837518,1
8262,1415.32,4005.72,-3039.95,1.338,0.98084,0.985974,1.01105,1.27502,0.113164,0.00471365,1
8263,963.298,-2217.58,2638.59,0.893943,0.967395,0.990244,0.964842,1.14487,-0.0763855,0.0102782,1
8264,96068.7,-23132.2,98842,0.585052,0.993997,1.00011,1.02792,1.09313,0.00130422,-0.0107359,1
8265,5690.84,22051.2,-8872.65,1.15864,1.01516,1.01072,1.00423,0.613102,0.0101277,0.0135896,1
8266,4274.32,16468.6,-8141.68,0.989943,0.991055,1.02227,0.976723,1.4263,0.103356,0.00151054,1
8267,1527.64,4052.83,-3070.35,0.881061,1.00718,1.00113,0.977522,1.01001,0.0507367,0.00982316,1
8268,809.317,-1860.19,2150.33,1.23925,0.996287,1.00041,1.00097,0.9912,-0.185957,0.00510223,1
8269,332.712,-803.614,851.217,0.962332,0.995027,0.998251,1.0006,0.993058,0.139966,-0.0168997,1
8270,1037.71,2941.45,-2444.2,0.88389,1.01051,0.991928,0.996522,1.20494,-0.0720447,-0.0105453,1
8271,1317.78,-2778.07,3481.51,0.879969,1.00026,1.00492,1.01367,1.19228,0.0706404,-0.0082206,1
8272,381.297,988.6,-926.423,0.96995,1.02462,1.02289,0.974951,1.01726,-0.179245,-0.0114756,1
8273,6193.39,24146.3,-8971.68,1.23327,1.04898,0.983203,1.01417,0.393279,-0.162203,-0.000826378,1
8274,6936.09,-4411.07,13574.5,0.92791,1.00767,0.986053,0.987116,1.01296,-0.0465909,0.0019079,1
8275,487.871,-1176.06,1280.83,0.722844,1.00207,1.00438,0.943476,1.27114,-0.247727,0.00639039,1
8276,2238.39,-3960.45,6149.23,0.868113,0.980174,0.999405,0.992974,0.919087,-0.125917,0.00259534,1
8277,1912.33,5362.7,-3687.61,1.02632,1.01893,0.986517,0.956357,0.798702,-0.105278,-0.00388523,1
8278,8963.07,-9677.51,25752.7,0.802997,0.976171,0.999267,1.04261,1.2129,0.0109411,-0.00606069,1
8279,5188.06,-8054.19,18338.1,1.01469,0.981381,0.994562,0.981004,0.663866,-0.0325612,0.00452898,1
8280,52456.9,161306,-82487.7,1.0121,0.983077,0.990099,1.00143,1.2066,-0.116196,-0.000220503,1
8281,2519.16,-3928.02,6425.14,0.958656,1.01898,0.983844,0.989157,0.55474,-0.0437098,0.00702829,1
8282,6363.48,-3850.87,14044.6,1.27668,1.00849,0.997959,0.995907,1.14676,-0.215757,0.000495531,1
8283,2206.32,6633.62,-4279.95,1.02783,0.988021,1.00673,1.01984,1.01723,0.237384,0.00136296,1
8284,623.845,-1444.97,1612.73,1.0574,1.01024,0.995104,1.03436,0.987444,0.206981,-0.00619179,1
8285,476.323,-1120.27,1216.92,0.822082,0.968538,1.00705,0.999332,1.11182,0.250353,-0.00634718,1
8286,821.873,2213.33,-1911.88,1.20819,0.971469,0.998134,0.999152,0.856152,-0.146761,-0.00627529,1
8287,6180.27,17492.7,-5615.28,1.01212,0.99864,0.993325,1.08637,1.0154,-0.0312191,-0.00361217,1
8288,2550.32,7087.64,-4667.37,0.845486,0.996146,1.01401,0.994775,1.02485,-0.017925,-0.0156169,1
8289,758.09,-1727.78,1974.55,0.98654,0.981919,1.01175,1.03074,1.09467,0.129155,-0.00770634,1
8290,1746.45,-3686.81,5138.17,0.914514,1.00672,1.01094,0.982349,1.03097,-0.119951,0.00358735,1
8291,336.983,883.455,-833.619,0.946974,1.01125,1.00987,0.995913,0.943955,0.141129,0.016353,1
8292,3002.75,11311.3,-6483.4,1.27681,1.0115,0.986673,0.953224,0.713539,-0.0667724,-0.0037171,1
8293,5992.31,-4124.84,13413.4,0.930613,0.960972,1.00121,0.98517,1.29391,-0.0142736,0.00803939,1
8294,621.524,1648.93,-1477.73,1.02233,0.981322,1.00679,0.964343,0.855086,-0.120659,-0.0101338,1
8295,25528.6,-39448.8,99415.1,0.97432,1.0377,0.995182,0.995282,0.983252,0.0952075,-0.000417302,1
8296,122629,11543,27215.2,1.6087,1.02455,1.00088,0.986947,1.09848,-0.180652,1.41221e-05,1
8297,669.895,1787.44,-1586.75,0.977721,0.972015,1,1.02472,1.11767,-0.0454314,-0.0248027,1
8298,1279.43,-2720.75,3388.4,0.802297,0.985178,1.00597,1.01368,0.990001,0.0765621,-0.00768643,1
8299,1106.56,-2446.58,2968.6,0.675028,0.989122,0.995757,0.983538,1.22907,-0.200252,0.00343804,1
8300,5823.97,15924.9,-5023.6,1.11158,1.00785,0.98635,1.01118,1.0771,-0.010658,-0.00944603,1
8301,404.895,-967.414,1037.29,1.03123,1.03637,1.01041,1.00986,1.01797,0.213253,-0.00935545,1
8302,1187.5,-2488.58,3115.72,1.23942,1.03684,0.972294,0.99462,1.10452,-0.0659912,0.0105432,1
8303,5616.58,-3754.78,11843.1,1.20494,0.968471,1.02365,1.04226,0.924953,0.0389058,-0.00273509,1
8304,6117.55,15514.4,-5370.79,1.23767,1.03212,1.01698,1.04435,1.14324,0.0397714,0.00234825,1
8305,89.118,229.45,-226.037,0.771286,1.00015,1.00614,0.989011,1.17968,0.36164,0.0238807,1
8306,903.871,-2051.54,2415.74,0.694183,0.991067,0.998521,0.992101,0.874213,0.0942966,-0.0090683,1
8307,910.961,2560.39,-2167.45,1.18588,1.00528,0.99942,1.01778,1.1441,0.283972,0.00296425,1
8308,9767.34,43758.9,-13483.5,0.791827,0.988426,1.00654,0.993534,0.755508,-0.0106476,-0.00533883,1
8309,639.275,-1504.67,1686.15,0.941315,0.995652,0.988092,1.02623,1.07975,-0.192201,0.00636895,1
8310,471.502,-1131.54,1229.04,0.825656,0.982895,1.00215,0.946058,0.969443,-0.184826,0.0087351,1
8311,1680.16,5199.54,-3732.18,1.16992,0.977175,0.991493,0.998512,1.02258,0.0598971,0.00737002,1
8312,2730.83,-4078.92,6483.84,0.96337,1.0275,0.988538,1.01884,0.531148,-0.0280375,0.0100504,1
8313,1379.89,4158.78,-3196.66,1.09161,0.984786,0.996754,1.00423,0.859093,-0.0944216,-0.00579712,1
8314,1165.13,-2683.57,3321.47,0.774241,0.989215,0.991416,0.961641,0.899997,-0.152753,0.00431227,1
8315,111316,58086.1,-24836.6,0.921515,1.00305,1.00875,1.05988,0.799904,0.00637907,0.000534998,1
8316,881.235,2368.21,-2025.98,1.0982,1.01256,1.00175,1.02153,0.751157,-0.121515,-0.00732381,1
8317,1037.3,2860.9,-2358.28,0.777508,0.991692,0.998995,1.01267,1.26557,-0.0489446,-0.0150612,1
8318,1109.75,2959.16,-2416.87,1.06934,1.00083,0.988313,0.975669,0.944257,-0.102827,-0.00687431,1
8319,1470.65,4141.28,-3129.89,1.29957,1.01352,1.01138,0.968705,0.97425,0.0459194,0.0112228,1
8320,1745.14,-3556.35,4976.49,1.1914,0.992217,0.999906,1.00793,0.902253,0.0911864,-0.00475472,1
8321,83964.3,-42441,118868,1.22589,0.991193,0.997993,1.03628,1.36097,0.0310876,-0.000595773,1
8322,3698.2,9230.23,-5058.24,0.810904,1.00651,1.0078,1.0751,0.911989,-0.100787,-0.00186537,1
8323,177.669,-431.694,445.016,1.05652,0.98069,0.991895,0.999058,0.533844,0.383998,-0.0116039,1
8324,735.104,-1680.92,1913.73,0.825867,1.00505,0.998253,1.06362,1.36102,0.162991,-0.00657833,1
8325,773.887,2076.26,-1811.66,0.795782,1.00042,1.01269,1.05073,0.990232,-0.177483,-0.00558285,1
8326,1293.77,3789.47,-3020.83,0.80597,0.987873,1.00782,1.02984,1.07209,0.0627942,0.00913904,1
8327,7533.09,-5673.7,15729.4,1.14635,0.996859,0.980513,0.939107,0.808544,0.0231004,-0.00355431,1
8328,318.346,809.485,-765.986,1.15562,0.980831,0.987342,1.0293,0.605423,-0.514822,-0.00486888,1
8329,104955,30945.7,-10291,0.651635,0.953643,0.987767,1.01986,0.857767,-0.00085595,-0.00235138,1
8330,1340.46,-3039.33,3899.77,0.698662,0.972522,0.993872,0.978025,0.880119,-0.0285973,0.0196094,1
8331,1104.75,-2328.02,2843.68,0.954975,1.01063,0.999803,1.02892,0.967634,-0.0606548,0.01161,1
8332,852.532,2307.4,-1980.17,0.868801,1.00987,1.00223,0.999418,0.717784,0.0651156,0.013988,1
8333,274.367,-675.937,708.843,0.923511,0.992701,0.997237,1.03553,1.07069,-0.203397,0.0139045,1
8334,2078.03,6470.45,-4253.06,1.34678,0.945222,0.986082,1.0155,1.30108,0.0536631,0.00641099,1
8335,391.12,-932.481,998.196,1.14586,0.98852,0.993839,1.03619,0.715531,0.263223,-0.00766391,1
8336,253.913,-627.527,655.328,1.16297,1.02371,1.00922,1.00153,1.18396,-0.174446,0.0178244,1
8337,2212.74,7743.28,-5098.4,1.06068,1.01003,0.981842,1.00453,0.877484,-0.0148762,-0.0232694,1
8338,417.861,-995.415,1071.67,1.27572,1.01778,0.97756,0.990084,1.23622,0.2657,-0.00747964,1
8339,401.616,1047.27,-976.63,1.2694,0.993294,1.00302,0.986725,1.103,-0.111949,-0.0172914,1
8340,486.086,1273.74,-1170.48,0.965426,0.969196,1.01191,0.979161,1.11205,-0.112339,-0.0136701,1
8341,3611.43,9050.74,-4988.95,0.682114,0.98527,1.00088,1.00462,0.792301,-0.0579928,-0.00331737,1
8342,1137.33,3297.09,-2693.11,1.19058,0.994463,1.00626,1.0816,1.21764,-0.063022,-0.0105455,1
8343,1378.16,4183.5,-3197.07,1.01154,0.97826,0.979974,1.01731,1.04592,0.21372,0.00256748,1
8344,586.461,-1366.2,1514.17,1.23465,0.999284,0.998663,0.974218,0.646213,0.244418,-0.00550883,1
8345,23937.8,-33730.7,86997.1,0.800726,0.95792,0.999657,0.999843,0.800931,-0.153168,0.000268971,1
8346,1798.43,-3867.96,5443.59,1.14401,1.01332,0.99244,1.00065,0.88343,0.0563848,-0.00768077,1
8347,6828.48,16827.5,-6365.29,1.23503,1.01901,0.986135,1.05894,0.910304,0.0590129,0.00142839,1
8348,1050.22,-2328.99,2797.45,0.951824,0.965942,1.00297,1.00636,0.887482,-0.0639646,0.011014,1
8349,2646.19,8143.81,-5242.29,0.861992,0.993514,1.00069,0.998825,0.931374,0.120575,0.00224519,1
8350,10723.1,49719.6,-14625.1,0.964524,1.02392,1.00798,0.970118,1.14895,-0.0351106,-0.00153122,1
8351,574.053,1536.91,-1388.24,1.06443,1.00414,0.992944,1.03051,0.966995,0.139275,0.00981526,1
8352,2488.02,6969.38,-4319.71,1.24253,1.03644,1.01183,1.00421,0.900925,-0.0999375,-0.00302411,1
8353,1169.86,3389.02,-2759.04,0.971832,1.01473,1.00865,0.966326,1.2913,0.0291853,0.0225206,1
8354,56252.4,-63158.6,133913,1.18559,1.00684,1.01267,1.01981,0.894459,0.0694546,-0.000396235,1
8355,782.027,2129.44,-1851.76,1.21573,1.00041,0.998652,0.930025,0.750222,0.0627107,0.0158148,1
8356,3527.92,9035.6,-4737.73,1.11583,0.997811,0.991871,1.01336,0.829465,0.0415622,0.00481981,1
8357,375.071,971.008,-910.796,1.03537,1.0163,1.01974,1.00189,0.978681,-0.208211,-0.0100117,1
8358,2075.92,-4431.41,6361.42,1.41336,0.994476,1.00033,1.09049,0.748894,0.0160652,-0.0223425,1
8359,393.192,-940.878,1006.87,0.940823,1.00629,1.00575,1.01504,0.659099,0.186708,-0.0107417,1
8360,318.838,815.885,-772.254,0.840423,0.987847,1.00113,1.04471,1.00033,-0.349507,-0.00703149,1
8361,551.301,-1307.73,1441.97,0.734181,0.985865,0.990469,0.984257,0.893405,-0.102271,0.0137797,1
8362,4910.47,-7799.53,17297.9,1.09988,0.964078,0.979919,1.04163,0.985532,0.0319999,-0.00475255,1
8363,296.106,757.007,-719.551,1.1273,1.00558,1.0023,1.006,1.2604,-0.334171,-0.0080552,1
8364,573.334,-1335.94,1476.47,1.35473,1.0166,1.0041,1.04091,0.835649,0.232029,-0.00598796,1
8365,719.654,-1652.75,1873.52,1.08369,1.02193,1.01529,1.03685,1.31099,0.135289,-0.00804792,1
8366,2240.26,-3677.77,5692.64,1.11771,0.96276,0.993086,0.999687,1.20135,-0.0441276,0.00737516,1
8367,65333.2,-67312.8,142742,1.17783,1.02668,1.00454,0.989184,0.923704,-0.0337941,0.000752907,1
8368,6839.4,-4171.78,15403,0.855445,1.03016,0.999091,0.993596,0.765438,-0.102148,0.00105492,1
8369,1632.06,5135.08,-3838.7,1.06594,1.00142,1.00733,1.04382,0.964086,0.0314285,0.0145455,1
8370,61532.6,169764,-89793.4,1.00812,1.00107,1.00347,1.00799,0.711582,-0.0129723,-0.00172594,1
8371,810.514,2210.92,-1911.45,1.06776,0.975574,0.996025,0.989873,1.14438,0.189805,0.00488752,1
8372,704.936,-1625.88,1841.49,0.755609,1.02474,0.999462,0.984535,0.922197,0.0996417,-0.0114208,1
8373,2268.31,-4838.57,7228.38,0.969215,1.03419,0.995877,1.02786,1.18756,-0.0695884,0.00491547,1
8374,1201.23,3527.12,-2839.24,1.50044,1.00813,0.990728,1.03042,0.906008,-0.145797,-0.0044861,1
8375,598.449,-1399.78,1558.13,0.643247,1.01241,0.975362,0.939468,0.993259,0.122054,-0.0112488,1
8376,385.443,-925.787,989.108,0.667356,1.00769,1.01231,1.01256,1.01222,0.129812,-0.0156123,1
8377,695.697,-1602.17,1812.58,1.07239,1.00345,0.991,1.01013,0.741677,0.128522,-0.00889283,1
8378,3198.54,-6071.23,10815.5,1.10894,1.00599,1.01101,0.948876,1.02288,0.028276,-0.00839321,1
8379,2357.59,6145.11,-4027.79,1.16665,0.97198,0.995783,0.967877,1.01784,0.132355,0.00229375,1
8380,669.66,1801.13,-1598.97,0.96736,0.959883,1.00184,1.0241,1.53869,0.0784434,0.0140584,1
8381,626.29,-1454.15,1620.75,0.968046,1.01095,1.01732,0.997363,1.01087,0.215457,-0.00576242,1
8382,2617.65,-4280.04,6549.12,1.17365,0.998806,1.00367,1.01117,1.05713,-0.0441889,0.0063592,1
8383,13286,63955.1,-17772.3,1.0364,0.981003,0.99822,0.940352,0.857279,0.0283297,0.00175236,1
8384,979.188,-2197.66,2632.73,1.05386,0.970185,1.00252,1.00503,0.965901,-0.189441,0.00399608,1
8385,1124.28,3147.96,-2545.16,0.93979,1.02553,0.98735,0.986782,1.22743,-0.0701632,-0.0101827,1
8386,308.261,-745.972,786.691,0.926937,1.01325,0.996968,0.965059,0.640876,0.153391,-0.0170058,1
8387,5697.61,-8301.21,19898.1,0.990737,1.01817,0.997883,1.00429,0.836171,-0.0437558,0.00320762,1
8388,547.083,-1280.99,1409.5,1.15966,1.00118,0.999901,1.00956,1.14669,0.232584,-0.00620589,1
8389,26795.4,-41003.5,102613,1.02848,1.01436,0.986269,0.948903,0.808193,0.00384083,-0.0103076,1
8390,3866.69,11439.7,-6384,0.535028,0.977695,1.01349,0.998575,1.29573,-0.0151886,-0.01149,1
8391,3945.15,-5622.3,10036,1.07291,0.967092,1.0042,1.00019,0.895074,0.149581,-0.00119082,1
8392,3372.84,9693.69,-4995.59,1.06287,1.00416,1.00509,0.981377,1.49483,-0.207823,-0.00101627,1
8393,517.827,1388.41,-1266.93,1.12912,0.992028,1.00056,1.02745,0.508829,0.329617,0.00446379,1
8394,770.677,2080.55,-1813.81,0.951306,0.989152,1.00486,1.0221,1.07822,-0.0377451,-0.0261871,1
8395,502.63,1321.19,-1209.51,1.04061,0.987505,0.998799,0.952418,1.48169,-0.15318,-0.0100913,1
8396,10447.4,47340.6,-14190.1,0.729727,0.999618,0.994456,1.06152,1.2542,-0.036208,-0.00150776,1
8397,650.341,1748.55,-1559.88,0.750829,1.0091,1.01215,1.0002,0.968091,0.0845982,0.0139817,1
8398,174.925,-427.378,440.31,0.957238,0.999166,0.993321,1.05096,0.942109,0.291034,-0.0157615,1
8399,2199.93,-4426.74,6754.34,0.964853,0.986994,1.00426,0.9936,0.878705,0.191138,-0.0017658,1
8400,11986.8,-14714.1,47590.3,0.856563,0.995043,1.00064,0.97574,0.878638,-0.0773867,0.000687344,1
8401,433.149,-1047.26,1129.29,0.933218,1.0136,1.00109,0.971188,0.838954,-0.16606,0.0109557,1
8402,554.757,-1319.03,1454.13,1.45706,1.00739,0.999076,0.962928,0.891377,-0.13307,0.0106274,1
8403,4706.66,-7904.12,16559.8,0.93016,0.99435,1.01558,0.986519,1.07605,-0.0348936,0.00434519,1
8404,39101.6,144340,-67324,1.16906,0.968312,0.975876,0.98842,1.01211,-0.0631574,-0.000493356,1
8405,77537.6,185263,-101456,0.96598,1.0344,0.993274,1.01636,0.841891,-0.014508,-0.00129792,1
8406,531.655,-1268.08,1392.52,0.918092,0.949199,1.00508,1.03345,0.980249,-0.181973,0.00752689,1
8407,2888.04,10160.8,-6133.34,0.987588,1.01668,1.00112,0.976758,1.1277,0.0295422,0.00858178,1
8408,959.544,2662.77,-2230.67,0.912795,1.01435,0.990305,1.00032,0.955803,-0.149355,-0.00556385,1
8409,559.94,1475.06,-1337.54,0.650546,0.976913,1.01237,1.00932,1.01885,-0.10851,-0.0123543,1
8410,1901.27,-3342.77,4637.65,1.04291,1.01041,1.0192,1.0919,0.987453,-0.0394395,0.00988363,1
8411,458.066,1201.78,-1108.26,0.985373,1.01961,0.984334,0.989711,1.20069,-0.12035,-0.014834,1
8412,8081.19,24857.5,-9578.89,1.15213,1.00378,0.996936,0.993172,1.03771,-0.144016,-0.000484949,1
8413,643.608,-1510.33,1691.81,0.931018,0.990072,1.00695,0.945937,0.907862,-0.133299,0.00887331,1
8414,231.979,591.434,-568.257,0.726409,0.981703,0.992952,0.97815,1.09928,-0.242637,-0.013959,1
8415,117567,49263,-19439.6,0.953043,1.01656,1.0114,0.975752,0.939961,0.000332397,0.00831683,1
8416,696.243,-1621.26,1831.34,0.821319,1.01627,1.01116,0.98499,0.791049,-0.0804704,0.0138857,1
8417,23832.8,-34145.8,86452.6,0.698562,0.981032,1.01111,1.0714,1.39086,-0.0127452,0.00318543,1
8418,94059.6,-45580.2,126712,1.0104,1.02583,0.994004,1.00272,1.15846,-0.0102247,0.00169596,1
8419,2042.12,6913.07,-4756.09,1.15406,0.982818,1.00305,1.01725,0.993265,-0.137566,-0.00260265,1
8420,660.387,-1528.54,1717.93,1.32939,0.997354,0.993384,1.03016,1.06064,0.136304,-0.00875691,1
8421,606.695,-1426.74,1590.5,1.00389,0.972605,0.984243,0.965432,1.13296,-0.125542,0.0101248,1
8422,430.261,1138.44,-1054.8,0.988804,0.984363,0.984479,1.01626,1.06491,0.161947,0.0111944,1
8423,59194.8,-58113.8,128857,0.955952,0.977284,1.01154,1.00028,0.714448,0.0231858,-0.00112702,1
8424,215.668,547.687,-527.834,0.932119,1.02468,0.995312,0.975785,1.32148,-0.340319,-0.0111931,1
8425,6734.92,-5460.26,16687.3,0.943639,0.986083,0.993419,1.04466,0.5073,0.028525,-0.00425019,1
8426,62965.4,-56747.6,128497,1.08918,0.979006,1.00809,1.02109,0.874669,-0.00671036,0.00370563,1
8427,3266.93,10362.2,-5470.15,0.992889,0.998387,1.01323,0.950041,1.04681,-0.0635285,-0.00347047,1
8428,557.386,-1306.1,1439.67,0.936494,0.987294,1.00835,1.07135,0.947114,0.117472,-0.0116825,1
8429,467.013,1217.14,-1121.18,1.06154,0.975731,0.995118,1.02294,0.541412,-0.209339,-0.00790328,1
8430,3324.98,9400.4,-4960.38,1.27517,1.00741,1.02035,1.00103,0.873757,0.0585988,0.00356748,1
8431,8097.26,-6730.66,18099.2,1.0974,1.02335,0.992122,0.961885,0.927756,-0.0520287,0.00145459,1
8432,5717.65,14526.1,-5151.13,0.937296,0.969698,1.00166,0.962381,1.12948,-0.00654688,-0.0153533,1
8433,809.788,2218.7,-1919.11,0.892483,1.01057,0.993828,1.02811,0.928531,0.139243,0.00695083,1
8434,2847.82,9339.39,-5758.51,1.13094,1.01896,0.991343,0.978373,1.16682,0.183428,0.00141427,1
8435,7759.92,-6421.93,16637.8,1.33396,1.0274,1.01843,1.02076,1.13599,-0.0385171,0.00200276,1
8436,520.295,1399.95,-1276.86,0.667498,0.998323,0.99939,0.971936,1.04206,0.350414,0.00421355,1
8437,722.338,-1658.4,1883.77,0.650569,1.00092,0.999062,1.00827,0.963776,0.148409,-0.00732035,1
8438,363.174,942.467,-884.338,0.759602,0.987653,0.984869,1.02601,1.10442,-0.153388,-0.0142514,1
8439,7727.57,21050.5,-8098.55,0.999199,1.03911,0.987016,1.00945,1.12807,-0.0149047,-0.00499018,1
8440,1957.5,-3863.85,5372.24,0.526872,0.974072,0.992022,1.0123,1.01627,0.106308,-0.00358359,1
8441,420.743,-1014.46,1091.72,0.950403,0.977827,1.00315,0.937548,0.842505,-0.154278,0.0116728,1
8442,2064.71,6559.01,-4576.72,0.823465,1.00375,0.999144,0.979545,1.22788,0.0386432,0.00936321,1
8443,2027.99,-4086.4,5729.02,0.805185,1.00316,1.00797,0.979683,1.02783,-0.139865,0.00262902,1
8444,2150.46,-3951.71,5644.34,0.961678,1.03224,0.996861,0.973508,1.00918,0.194596,-0.00188017,1
8445,620.1,1637.39,-1468.34,1.08853,0.990334,1.00541,0.975774,1.20243,-0.279673,-0.00446237,1
8446,453.031,1184.79,-1094.45,0.887777,0.947915,1.00324,1.03019,1.08432,-0.153889,-0.0105904,1
8447,4830.19,-7717.82,16669.9,0.957491,1.0107,0.980126,1.00057,0.865283,0.0468533,-0.00325268,1
8448,1365.09,-3029.57,3845.17,0.971725,0.997633,0.996701,0.991004,1.14645,0.117765,-0.00480766,1
8449,610.029,-1421.71,1584.81,0.913736,1.01242,0.982658,1.0381,0.845194,0.0986554,-0.0134812,1
8450,44119.2,-59370.7,126992,0.87422,0.994475,0.992004,0.987832,0.835525,0.0460035,-0.000698352,1
8451,649.574,-1518.28,1703.09,0.942769,0.975561,1.00238,1.02206,0.998621,-0.151654,0.00763576,1
8452,850.868,2368.44,-2031.25,1.17621,0.977837,0.999871,1.0098,0.876702,0.22894,0.00383597,1
8453,2114.11,-4176.97,5960.39,0.850231,1.00911,0.990406,0.985062,1.47134,0.0781448,-0.00467564,1
8454,100575,-33929,114706,1.11132,1.02003,1.00102,0.978838,1.22946,0.0152015,-0.000963742,1
8455,6354.57,21596.8,-7807.51,1.29937,0.989835,0.990675,1.02477,0.822476,0.233111,0.000554464,1
8456,107320,7954.13,59290,0.999587,0.987663,0.997837,1.01593,1.32894,-0.0514696,0.000148561,1
8457,1865.83,-4080.76,5794.95,1.26265,1.04023,0.991164,1.01426,0.826983,-0.0769409,0.00553293,1
8458,648.721,-1504.18,1688.93,0.866763,0.989618,0.979561,0.998656,1.22821,0.124945,-0.00983383,1
8459,1194.78,3333.95,-2705.74,0.926519,1.02461,0.996211,1.01391,0.998534,-0.101065,-0.00655855,1
8460,3590.26,9280.03,-4789.43,1.22908,1.01614,0.996745,1.03392,1.07135,-0.0219479,-0.00902734,1
8461,756.532,2041.22,-1781.5,1.09803,0.991303,0.984902,0.99457,0.900647,-0.0716057,-0.0145183,1
8462,305.455,786.463,-746.008,1.09792,1.00675,0.993741,1.01154,0.988774,-0.189946,-0.013829,1
8463,1002.63,-2180.3,2615.5,0.955471,1.00988,0.978856,0.949962,0.922439,-0.114207,0.00699886,1
8464,2582.12,8032.13,-5215.08,1.20168,0.97657,0.999655,1.00549,1.06519,0.194596,0.00140735,1
8465,4426.45,-6303.93,11974.5,1.08573,1.0336,1.00584,1.01526,1.09102,0.115282,-0.00141943,1
8466,5664.4,15666.1,-5116.68,1.20495,0.998384,1.00109,1.00433,1.53937,0.0512805,0.00201768,1
8467,931.269,2536.34,-2146.51,1.09926,0.981119,0.99394,0.971525,1.09161,0.168154,0.00483551,1
8468,3078.08,-5980.29,10081.5,0.830716,1.0325,1.00069,0.943885,1.20619,0.101784,-0.00243388,1
8469,1106.03,-2342.28,2871.92,1.06051,1.01398,0.999034,0.997041,0.766601,0.137872,-0.00516964,1
8470,2747.44,9166.52,-5694.23,0.984838,0.988932,0.985935,0.987013,0.693397,0.0318748,0.00831251,1
8471,1351.19,3992.59,-3084.44,0.553646,0.97153,1.00124,0.96576,1.11634,-0.209588,-0.00263201,1
8472,1242.1,-2784.94,3500.52,1.09675,0.94213,1.01507,0.981951,0.889935,-0.0292555,0.0196167,1
8473,516.054,-1240.16,1359.09,1.13869,0.987623,0.991649,0.988928,0.857934,-0.32469,0.00459901,1
8474,606.642,-1414.39,1570.6,1.07495,1.00818,1.02257,0.970387,1.14183,0.197899,-0.00641503,1
8475,1602.83,-3227.29,4386.37,0.873032,0.950033,1.00642,1.07136,1.0956,0.0497137,-0.00903459,1
8476,948.465,-2111.53,2510.48,1.03655,1.00918,1.00023,0.961457,0.999681,-0.067243,0.0122376,1
8477,2622.12,7807.63,-5032.8,1.20738,0.981689,0.985015,1.0406,1.06036,-0.0233089,-0.0118658,1
8478,609.944,1621.55,-1456.57,0.861341,1.03695,1.00354,1.00576,0.95148,-0.137108,-0.00966021,1
8479,490.284,1286.98,-1181.24,1.08188,1.00061,0.999843,1.01052,1.12805,-0.145354,-0.0110276,1
8480,2902.04,10462.9,-6226.65,0.99528,1.00674,0.997926,1.04235,0.843124,-0.229946,-0.00109679,1
8481,443.839,1183.48,-1094.26,1.00031,1.04237,0.989124,1.03915,0.863035,0.226141,0.0081546,1
8482,76.4072,196.89,-194.373,1.09486,0.998793,0.999827,1.00893,0.694024,0.407566,0.0248504,1
8483,3528.23,8852.11,-4917.06,0.528502,0.966188,0.991466,0.993509,1.0712,0.031836,0.00615845,1
8484,4054.27,-5136.57,9480.23,0.472823,1.00537,0.991735,1.02382,1.04098,0.0542589,-0.00329828,1
8485,96.8056,242.014,-238.12,0.814646,1.00801,0.995231,1.01421,1.21795,-0.393835,-0.0212877,1
8486,444.407,-1054.04,1139.92,0.357789,0.983486,0.980384,0.962296,0.78774,0.243903,-0.00736839,1
8487,813.966,-1870.01,2161.09,1.1903,1.01313,0.995207,1.03443,1.12249,-0.107317,0.00902544,1
8488,425.41,-1030.46,1109.47,1.1446,1.00132,1.01026,0.9878,1.11734,-0.206741,0.00872485,1
8489,6487.28,15879.9,-6393.56,1.01803,0.990171,1.01117,1.00449,1.26616,0.200137,0.000433115,1
8490,4649.3,-7003.8,14114.6,1.30639,1.03285,0.986694,0.997992,0.748097,-0.0311366,0.00506348,1
8491,1163.19,-2462.13,3019.01,0.816551,1.01307,0.992718,0.950663,0.924787,0.115253,-0.00592052,1
8492,3161.27,11483.6,-6387.65,1.09631,1.01507,1.02719,1.0364,0.882962,0.0872925,0.00264966,1
8493,13729.5,-17646.6,55934.5,1.07061,0.994419,1.00444,1.014,1.00881,0.0413613,-0.00120829,1
8494,740.915,1978.8,-1733.61,0.973105,0.980893,0.995078,1.00768,1.22796,-0.253271,-0.00411992,1
8495,876.733,2387.34,-2036.6,1.02921,1.02688,0.994867,1.01962,0.68499,-0.273579,-0.00336816,1
8496,2490.26,-3778.66,5857.84,1.12715,0.982922,0.991402,0.960366,1.2089,0.0905797,-0.0033016,1
8497,6302.74,21580.9,-7720.14,0.977071,0.968078,0.981337,0.937204,1.01889,0.0188241,0.00704125,1
8498,4397.72,16397.5,-7996.08,0.946097,1.00796,1.00343,0.989362,0.83186,-0.0649716,-0.00240654,1
8499,6640.05,-4226.58,12979.2,1.01329,1.00029,0.996006,0.996526,0.963069,-0.216968,0.000422725,1
8500,953.607,-2076.5,2467.73,0.991699,0.991761,0.988784,0.991156,0.991282,0.0670605,-0.0122287,1
8501,320.948,837.564,-792.266,1.16988,0.989412,1.00496,1.00467,1.36988,0.140268,0.017002,1
8502,111228,16142.2,34626.4,0.968171,0.98514,1.00988,0.898971,0.858081,-0.145245,3.02628e-05,1
8503,9655.98,-11046,32354.1,1.45685,0.95828,0.985327,0.992291,0.898613,-0.0707756,0.000877655,1
8504,1018.02,-2239.77,2697.23,1.34565,0.989012,1.01405,0.995897,0.901005,0.145711,-0.00508894,1
8505,3245.38,9455.42,-4893.87,1.01251,0.969498,0.97673,0.987489,1.19504,0.0208417,0.0105302,1
8506,3553.49,-4163.24,8070,1.33232,0.996221,1.00122,0.955452,1.3365,0.0100385,-0.0203135,1
8507,686.235,1846.96,-1635.26,0.850103,1.00301,0.999228,1.07817,1.08224,0.0624474,0.01812,1
8508,2372.82,-3675.11,5748.71,1.43263,0.986642,0.999188,0.990601,0.801905,-0.076608,0.004048,1
8509,486.974,-1167.04,1270.54,0.733834,0.988918,1.00952,0.992962,1.02231,-0.203879,0.00762638,1
8510,2648.35,6880.67,-4336.61,0.961247,1.02386,0.991744,0.998612,1.07494,-0.0533202,-0.00535193,1
8511,6629.85,-3892.96,14551.5,0.67877,1.02169,0.991456,1.06753,0.664218,-0.0236997,0.00453297,1
8512,119672,11972.3,17295.4,1.07369,1.00717,0.992818,0.992304,1.03176,-0.029183,5.5536e-05,1
8513,1798.25,-3852.57,5403.13,0.858552,1.02033,1.00364,1.03427,0.823748,0.0803286,-0.00534589,1
8514,1932.76,5304.95,-3820.81,0.942741,0.994249,1.00553,0.976831,1.16513,-0.114523,-0.0033527,1
8515,1118.38,3002.38,-2463.1,1.05387,1.02009,1.01315,0.97018,0.975116,0.0453346,0.0151665,1
8516,114218,18643.5,24618.8,0.977054,1.00036,1.00127,1.03536,0.832311,0.0443399,-6.15562e-05,1
8517,458.383,-1098.82,1190.43,0.918042,0.993324,1.00231,1.01734,0.907932,-0.0730897,0.023059,1
8518,4774.2,-7802.54,16782.9,0.663927,0.99419,0.987884,0.954001,1.32135,-0.0150457,0.0101779,1
8519,2338.71,-3754.4,5904.77,0.930034,0.983329,0.996158,0.934833,0.894109,-0.0224636,0.0141119,1
8520,1301.33,3634.12,-2896.62,0.793802,0.999583,0.999536,1.04852,0.71923,0.157992,0.00367914,1
8521,114927,7687.49,-1117.27,1.19105,0.998131,1.00925,0.968079,0.921125,-0.000843308,-0.000206991,1
8522,6306.38,15868.5,-5613.52,0.755677,1.00578,0.993427,0.952101,0.744917,0.0268858,0.00342128,1
8523,2164.18,-4336.87,6629.36,1.35856,0.974061,0.993234,0.985854,1.16196,-0.0797612,0.00426382,1
8524,1139.92,3296.49,-2660.69,1.08955,0.982796,1.0067,1.01964,0.959154,0.202276,0.00320305,1
8525,2062.68,-4501.56,6619.5,0.909624,0.968546,1.00037,0.984545,0.837882,0.0228494,-0.0155018,1
8526,545.503,-1294.76,1424.64,0.465899,1.00861,0.998802,0.986455,1.50349,-0.075984,0.0189964,1
8527,4118.05,-5421.2,10049.9,0.770745,0.99816,0.980638,1.04617,1.11246,-0.0278825,0.00632651,1
8528,432.256,-1030.06,1110.34,0.916395,0.996439,1.00195,0.958499,0.992878,0.185705,-0.00977397,1
8529,1836.4,4804.67,-3445.93,1.26087,0.993927,1.00604,1.01963,1.19284,-0.0257403,-0.0156315,1
8530,292.266,-714.612,751.541,0.830012,0.985561,1.00516,0.999085,0.512373,-0.121459,0.0215298,1
8531,345.494,904.951,-851.989,1.05795,1.02419,0.992255,0.98714,1.11037,0.114289,0.0204463,1
8532,737.674,-1693.03,1925.28,1.04634,1.0508,1.01527,1.00262,0.902644,0.2435,-0.00450334,1
8533,412.364,-1000.56,1075.82,0.906801,1.02398,0.987943,0.997834,1.08271,-0.216059,0.00907564,1
8534,690.476,-1618.7,1829.4,0.683539,1.01229,0.996349,0.988159,1.28973,-0.249992,0.00454772,1
8535,578.116,-1381.22,1529.09,0.604868,1.01089,1.00079,1.03034,0.986708,-0.339159,0.00396639,1
8536,183.161,463.776,-449.663,1.15931,1.02837,1.00923,0.956354,1.16562,-0.301205,-0.0146603,1
8537,2155.19,-4611.27,6926.57,1.11114,0.98774,1.00104,0.987614,0.786456,0.0245402,-0.0140391,1
8538,1035.54,2994.71,-2471.39,1.24115,0.999896,0.984737,1.04819,1.35339,0.188541,0.00398175,1
8539,605.943,-1426.32,1586.6,1.00053,0.984062,1.00854,1.00965,1.04711,-0.161373,0.00770555,1
8540,788.678,-1815.26,2087.4,0.989328,1.0294,1.00384,0.983048,1.45141,-0.137046,0.00733117,1
8541,2558.08,6725.2,-4188.84,1.07367,1.02237,0.99099,0.98649,1.24416,0.0814755,0.00361695,1
8542,978.171,-2123.42,2523.44,0.836845,1.01136,1.00803,0.974534,0.814828,0.119425,-0.00666957,1
8543,1462.14,-2800.38,3650.74,1.17831,0.985266,1.00717,0.974895,0.972984,0.0521653,-0.00982114,1
8544,2721.71,7139.43,-4481.03,1.1258,1.03667,0.998566,0.929421,0.709618,-0.0665683,-0.00420508,1
8545,13090.4,-16753.1,53671.3,0.778622,1.02806,1.01044,0.97017,0.78975,0.151334,-0.00033414,1
8546,3045.96,11286.5,-6552.54,0.988612,1.0453,1.00622,0.997469,0.835816,0.145181,0.00167029,1
8547,394.553,1020.35,-952.815,1.21657,1.01876,0.999031,0.990295,0.948549,-0.266841,-0.00766748,1
8548,111344,8635.99,58972.5,1.0935,1.00048,0.999489,0.999032,0.669044,-0.0355773,0.000200738,1
8549,1988.81,6384.82,-4502.27,0.825994,0.982095,1.00579,0.969766,0.546846,-0.09063,-0.00404925,1
8550,430.756,1122.93,-1042.48,1.16894,1.00567,1.01223,0.990509,1.2246,-0.18008,-0.0100477,1
8551,1128.19,-2562.91,3131.74,1.20111,0.980548,1.00344,1.02061,1.2542,0.191991,-0.0034983,1
8552,866.132,-1988.85,2322.71,1.14994,1.03388,1.00399,0.988907,0.965603,-0.0856811,0.0107235,1
8553,5630.24,15342.5,-5069.3,0.879126,0.985287,0.993553,0.978927,1.05955,0.0626067,0.00164747,1
8554,1513.03,4005.83,-3027.59,0.694248,1.0022,0.997881,0.988749,1.09348,-0.0823621,-0.00614058,1
8555,2772.37,-5538.67,8798.86,0.859187,0.991932,1.01727,1.04015,1.04152,0.0284755,-0.00908694,1
8556,508.234,1351.25,-1235.64,1.05277,0.966881,1.00246,0.992976,1.03756,0.155991,0.00939844,1
8557,1741.48,5683.32,-4060.34,0.966892,1.00811,0.996133,0.971669,1.0854,0.105162,0.00415074,1
8558,279.11,-674.606,707.47,0.984411,0.974598,1.01409,0.945554,0.756561,0.192988,-0.014036,1
8559,766.522,-1768.16,2023.9,1.16193,0.995192,1.01465,0.976352,1.0625,-0.107445,0.0091785,1
8560,2027.86,7140.84,-4822.05,1.06348,0.969756,0.99052,0.97337,0.809865,0.297957,0.00119295,1
8561,163.672,414.93,-403.611,0.864193,1.01839,1.00315,1.00754,0.897168,-0.226987,-0.0216721,1
8562,2852.29,-5592.22,9139.98,1.12871,0.988995,0.982045,1.03364,1.02145,-0.0682557,0.00380851,1
8563,1264.57,3701.55,-2968.92,0.738291,0.97782,1.02219,1.00661,1.06168,-0.161731,-0.00356221,1
8564,1169.74,-2605.83,3242.72,0.86099,0.990046,1.00464,0.981352,1.40449,-0.243067,0.00264199,1
8565,61947.5,-57311.8,128515,0.857488,0.985411,1.0095,1.0667,0.960206,0.143637,-0.000174776,1
8566,4213.11,-6624,12424.3,1.35712,0.980172,1.00541,0.979593,1.00462,-0.0201057,0.00829019,1
8567,855.622,2347.37,-2017.86,1.43041,1.03909,1.00645,0.999154,0.908255,-0.0935808,-0.0099908,1
8568,713.314,1928.04,-1699.07,1.48624,1.01403,1.00173,1.06086,0.824988,0.12297,0.0088966,1
8569,3017.5,11531.8,-6465.7,1.12035,0.99106,0.988852,0.992587,1.09356,0.0817239,0.00299072,1
8570,433.715,1128.4,-1045.39,1.20838,0.96722,0.990044,0.974725,1.14631,-0.1692,-0.0105019,1
8571,509.68,1366.84,-1249.64,0.843951,1.01169,1.00054,0.992124,1.20797,0.295943,0.00516768,1
8572,1493.04,-2875.1,3805.6,0.739449,0.998536,0.995165,1.0041,0.930227,-0.0296576,0.0173396,1
8573,627.793,-1458.12,1629.36,0.838177,0.998526,0.9897,0.977769,0.980572,0.166259,-0.0076205,1
8574,1475.17,-3271.62,4309.42,0.841938,1.01911,0.99792,0.984139,1.34802,0.0447569,-0.011879,1
8575,848.897,-1928.81,2235.95,0.454042,1.0362,1.01498,1.01271,1.23214,0.266379,-0.00352416,1
8576,1963.4,-3749.63,5201.18,1.22738,0.993613,1.00594,0.957169,0.951905,-0.0501643,0.00756689,1
8577,344.222,886.279,-835.063,0.936955,1.00895,0.996995,0.976999,1.21886,-0.270682,-0.00861599,1
8578,944.781,2567.3,-2170.55,0.805123,1.00267,1.0086,1.01818,1.40333,0.236672,0.00338142,1
8579,29121.2,126026,-52007.3,1.25971,1.00102,0.994203,0.976228,0.932807,0.0138242,0.00258788,1
8580,8072.87,-7040.6,18315.1,0.966422,1.02316,1.00602,0.973371,0.895305,-0.236275,0.000316204,1
8581,382.416,1007.1,-942.486,1.13214,0.96799,1.01127,1.00718,1.01187,0.182961,0.0105521,1
8582,879.863,-1998.15,2341.26,1.33169,1.03532,1.00363,0.977323,1.06428,-0.0453214,0.0200252,1
8583,7207.39,-6557.38,19435.5,0.986462,1.01849,0.996058,1.02768,0.919637,0.22782,-0.000540177,1
8584,3419.42,-5801.17,10795.5,1.09159,1.01629,1.00776,0.982835,0.91432,-0.0275384,0.00826311,1
8585,533.484,1418.64,-1292.55,1.27389,1.00126,1.01477,1.02587,0.591689,0.0958492,0.0149014,1
8586,3725.02,9574.71,-5260.46,1.26543,0.990343,0.998667,0.94776,1.02456,-0.0180112,-0.0104209,1
8587,1387.53,4138.1,-3165.64,0.911566,0.984777,0.995955,0.95438,1.38929,0.0572417,0.00947302,1
8588,24464.8,114267,-42146.7,1.07278,1.0117,0.988885,0.968518,1.20014,0.0505506,0.000761562,1
8589,975.459,2653.33,-2231.82,0.806528,1.00177,0.997461,0.993672,0.861937,0.0635541,0.0124608,1
8590,9124.37,36008.9,-11776.2,1.03317,0.993653,0.984934,0.995825,1.25569,-0.0121901,-0.00502227,1
8591,361.588,941.892,-884.219,0.875922,1.04379,0.986521,1.02342,0.951611,-0.171028,-0.0135399,1
8592,408.219,1080.88,-1006.44,1.021,1.01926,0.997018,1.02831,1.2115,0.242323,0.00801251,1
8593,909.475,-2039.45,2402.18,0.878081,0.995229,1.00782,1.03346,0.914854,0.208698,-0.00405259,1
8594,943.451,-2143.72,2546.56,1.07335,1.01414,0.997942,1.01469,0.783603,-0.13208,0.00628868,1
8595,1603.77,-3369.35,4421.12,1.12589,1.00314,1.00731,1.0106,0.624456,-0.0974823,0.00482752,1
8596,1772.36,-3483.06,4915.61,1.3072,0.991363,0.992688,1.02187,1.13852,0.0988205,-0.00435294,1
8597,113491,8248.66,5823.54,0.773548,0.995604,1.00252,1.04053,0.851058,0.000228045,-0.00273276,1
8598,454.713,-1082.8,1172.55,1.17359,0.988009,0.995905,1.01272,1.33477,0.10056,-0.0170691,1
8599,684.146,1820.84,-1612.57,1.13977,0.991663,0.994795,0.961808,1.04308,-0.246506,-0.00464925,1
8600,1263.78,-2893.31,3632.07,1.53695,0.957646,0.999642,1.01971,0.866714,-0.0323423,0.0179405,1
8601,2065.08,7165.83,-4879.9,1.01267,0.992119,1.01038,0.977825,1.00124,0.0802559,0.00437556,1
8602,6461.71,-3636.58,14018,1.05038,1.01561,0.988919,1.01197,0.998976,-0.035582,0.00296091,1
8603,9108.47,-9156.94,24866.9,1.12241,1.01409,0.994029,1.01984,1.25821,0.175293,-0.000379529,1
8604,4444.19,-6394.23,12286.3,0.86088,1.01994,0.995687,0.977405,0.793842,0.255793,-0.000643117,1
8605,1345.84,-3000.97,3779.91,0.967886,1.00885,1.01759,0.960511,0.869584,-0.058898,0.00954179,1
8606,2047.94,-4408.19,6349.99,0.83016,0.974332,0.981787,1.02829,0.940999,-0.0651042,0.00561357,1
8607,98.3037,246.585,-242.532,0.959226,1.01989,0.990982,0.942658,0.754198,-0.330336,-0.0253724,1
8608,4799.46,-7792.95,16883.5,1.17932,0.956494,0.994036,1.03294,0.712418,0.0144163,-0.0106014,1
8609,98107.4,-40489.1,121133,0.895878,1.03517,1.01281,1.00104,0.946067,-0.0119543,0.00130416,1
8610,778.757,2102.35,-1826.74,1.04925,1.01121,0.98329,0.981829,0.960719,-0.0756623,-0.0136487,1
8611,1809.61,4736.5,-3430.11,1.05858,0.981961,1.00952,0.964699,1.0569,-0.0902849,-0.00447339,1
8612,1788.91,-3786.99,5329.39,0.646368,1.01353,0.997195,1.03498,0.617911,-0.10589,0.00405401,1
8613,25253.5,-37903.4,96521.8,1.56617,1.01788,0.998749,0.997187,0.81002,0.200606,-0.000199909,1
8614,2609.95,-4010.59,6183.77,0.658764,1.01593,1.01461,1.02387,1.36518,0.101154,-0.00280982,1
8615,1344.19,3707.6,-2926.72,1.03383,1.00761,0.988465,0.962112,0.860833,0.0291214,0.0199365,1
8616,121246,10700.6,4314.3,0.733823,1.01122,0.989569,1.00954,1.09865,0.0861492,-5.95496e-06,1
8617,2415.1,6398.2,-4259.26,1.03854,0.974201,1.00785,0.991184,0.785705,0.0120457,0.0243534,1
8618,2308.41,-4927.73,7496.07,1.15799,1.03285,0.99273,1.03258,1.15678,0.0275923,-0.0122444,1
8619,5330.46,-8254.07,18946.9,1.16713,1.01639,1.0033,0.986371,1.01903,0.0183861,-0.00783142,1
8620,1133.36,3231.53,-2637.35,1.1121,0.984187,0.977186,0.987166,0.973505,0.092388,0.00740235,1
8621,1538.68,4175.08,-3172.84,0.573764,0.987516,0.981831,0.949743,0.909249,0.131184,0.00378098,1
8622,1884.63,5571.85,-4032.45,0.873549,0.964291,0.998237,1.0332,1.15722,-0.108831,-0.00352616,1
8623,107.712,268.496,-263.696,1.21616,0.990121,1.00134,1.00408,0.959079,-0.476532,-0.0154444,1
8624,3576.92,-4132.26,7884.7,0.741414,0.992954,1.00005,1.01787,1.10352,0.0235106,-0.00856467,1
8625,2372.27,-5000.16,7809.52,0.667422,1.03342,0.987423,0.971464,1.00892,0.0275902,-0.0120304,1
8626,6836.21,-4244.45,13380.3,0.523667,1.00646,0.985494,0.975385,1.01271,-0.0417226,0.00216542,1
8627,970.01,2639.28,-2218.82,1.01807,0.997649,0.990902,0.982909,0.90753,0.124392,0.00641757,1
8628,1542.6,-3137.06,4071.33,0.942563,0.988592,1.01011,1.01163,1.45783,0.0847042,-0.00571738,1
8629,2263.09,-4777.51,7361.41,1.23457,1.0024,0.985422,0.957543,0.948625,0.0283908,-0.0119704,1
8630,107744,7502.62,61414.2,1.26577,0.982757,0.991257,0.975615,1.03691,-0.0171804,0.000473693,1
8631,1323.85,-2675.83,3411.97,1.05456,1.03177,1.00082,0.98711,1.21583,-0.254711,0.00232605,1
8632,3662.61,9307.04,-4919.5,1.38723,1.01183,0.997135,0.988868,0.969009,0.116366,0.00165684,1
8633,515.938,-1237.55,1355.25,1.16663,0.995402,0.999689,1.02874,1.2301,-0.267002,0.00558834,1
8634,3143.59,9081.11,-4905.91,0.737162,0.972831,1.01193,1.02203,1.16595,-0.109669,-0.00200403,1
8635,1116.85,3290.14,-2679.22,0.919423,0.970855,0.987784,0.955616,0.884055,0.0898966,0.00751003,1
8636,5005.8,-8125.17,17896.5,1.06957,1.0068,1.00847,0.958001,1.01502,-0.0794487,0.0018586,1
8637,913.569,2468.85,-2094.39,1.05488,0.973099,0.99309,0.99705,1.00602,0.0706672,0.011686,1
8638,8073.97,24874.9,-9712.38,1.01971,1.0106,1.00508,1.00587,0.725325,0.0485637,0.00142415,1
8639,2714.17,9078.8,-5682.31,0.992198,0.988498,0.993413,1.00324,0.971732,0.0927277,0.00285416,1
8640,5288.22,21193.5,-8694.88,1.04694,0.990216,0.989537,0.985242,1.36421,0.23004,0.000623597,1
8641,6424.19,21755.5,-7933.53,0.685388,0.992455,1.0049,0.963963,1.12126,-0.0655532,-0.00197397,1
8642,747.787,2029.52,-1777.22,1.04989,1.00079,1.00638,0.974909,0.894246,0.085849,0.0119469,1
8643,790.685,2116.99,-1836.29,0.890976,0.970065,0.992656,0.975422,0.905905,-0.252201,-0.00384153,1
8644,461.171,1228.17,-1132.74,1.36792,1.00703,0.999664,1.00603,0.906189,0.235467,0.00717825,1
8645,490.962,1307.18,-1199.35,1.24851,1.03256,1.0027,0.909839,1.26542,0.164548,0.00989175,1
8646,99375.8,-17105.2,93263.9,0.965709,0.986149,0.990766,0.985693,0.861098,-0.00159753,0.00815203,1
8647,1279.61,3687.71,-2893.33,0.901495,1.02788,0.998707,1.0093,1.00996,-0.0884136,-0.00697972,1
8648,108651,118585,-60317.8,1.1177,1.0083,0.995165,0.957091,0.925155,0.0249671,0.000324567,1
8649,758.581,2041.62,-1779.17,1.01629,1.00677,0.974853,1.02203,0.710801,-0.100733,-0.0106042,1
8650,1905.98,5081.18,-3614.21,1.21521,1.00752,0.998285,0.968067,1.47939,0.273436,0.00143424,1
8651,798.451,2148.43,-1861.35,0.811448,0.979052,0.996993,1.00576,1.00258,-0.125996,-0.0075961,1
8652,299.057,-722.047,760.072,1.46116,0.997985,1.00433,0.954099,1.07034,0.255259,-0.0103143,1
8653,6155.6,-3698.88,13272.7,1.08566,0.993688,0.995042,1.05033,1.28112,0.0110108,-0.00977501,1
8654,64460.7,180593,-96727.9,1.3419,1.01084,0.972909,0.968559,1.04825,-0.00777503,-0.00294296,1
8655,1511.96,-2861.73,3761.22,1.04828,0.996653,1.00095,0.998259,1.23133,0.0625009,-0.00807524,1
8656,529.099,-1259.47,1382.86,1.37536,1.00429,0.989418,0.980383,1.49344,-0.10506,0.0142723,1
8657,24752.6,110850,-42663,0.913969,1.00246,1.02383,0.979615,1.02165,0.00340984,0.0110915,1
8658,1012.89,2883.22,-2392.2,1.02258,0.985554,0.991198,0.976533,1.14677,-0.0873196,-0.00871116,1
8659,66148.4,177895,-95360.9,1.05968,1.01021,0.98867,0.9994,1.21632,0.00957373,0.00226199,1
8660,1186.89,-2677.63,3328.43,1.08804,1.00098,1.00625,1.05667,0.986334,0.0273587,-0.0235368,1
8661,1561.77,4161.56,-3129.96,0.786426,1.00785,0.984865,1.00882,0.895848,0.138291,0.0035814,1
8662,1295.99,-2801.6,3497.41,1.22126,0.989895,1.00983,0.984785,0.921093,0.0622674,-0.00933103,1
8663,6545.67,16239.2,-5977.45,1.03811,0.997656,0.980845,0.981954,0.917845,0.0482546,0.00183835,1
8664,5609.32,22194,-8837.94,0.793183,1.0275,0.986399,1.06445,1.02408,0.0434471,0.00319404,1
8665,450.7,1180.84,-1090.79,1.12318,0.982704,0.993197,1.00898,0.757442,-0.0922478,-0.0186952,1
8666,251.474,657.87,-629.718,1.13042,0.974651,0.99175,0.97266,1.05535,0.354239,0.00854866,1
8667,1618.64,-3246.97,4261.78,0.828572,1.01895,1.01261,1.02461,0.897276,-0.0286166,0.0164702,1
8668,6537.75,19930.7,-6697.77,0.661832,1.00552,1.0019,1.01624,1.01026,0.185007,0.000640514,1
8669,2445.61,7574.13,-4663.18,1.02096,1.03716,0.998611,1.05625,0.85758,-0.0383695,-0.00811231,1
8670,755.208,2048.13,-1788.97,1.16795,1.00179,0.991111,1.06171,1.04756,0.0945716,0.0109449,1
8671,2217.17,7780.82,-5078.77,0.978071,1.01148,1.00076,1.00775,1.09859,-0.0518611,-0.00651544,1
8672,551.362,1478.69,-1341.12,0.955211,0.959507,1.00049,1.02101,1.00896,0.230958,0.00578855,1
8673,931.573,-2097.62,2487.67,1.02958,0.998592,0.992211,0.971874,0.854687,0.0641338,-0.0131329,1
8674,724.633,1968.79,-1731.38,0.61045,0.996159,1.01142,0.964053,0.975615,0.187085,0.0055717,1
8675,1628.41,-3024.21,4094.62,1.01631,1.03928,0.994205,1.01676,1.00123,0.0856175,-0.0057407,1
8676,1042.22,-2237.44,2699.38,0.810462,0.967818,0.989044,0.959586,1.47681,-0.0944146,0.00768472,1
8677,3754.07,-4223.77,8638.75,0.346797,1.02984,0.98628,1.01433,0.809421,0.0226304,-0.00877753,1
8678,2967.45,11293.4,-6460.76,0.969152,0.995644,0.999131,0.973965,1.42676,-0.0814297,-0.00302584,1
8679,109483,102199,-48567.1,1.18259,1.01439,1.0099,0.990227,1.13871,-0.00207338,-0.00331881,1
8680,738.971,-1717.51,1957.94,1.03226,1.0033,1.00035,1.01732,1.19365,-0.192566,0.00544073,1
8681,1262.08,3725.1,-2983.57,1.16142,0.978402,1.01156,0.981819,0.640834,0.167784,0.00344498,1
8682,382.828,1025.08,-957.673,1.14197,0.998892,0.97868,1.02752,1.08482,0.510659,0.00402881,1
8683,837.991,-1894.81,2201.96,0.981169,0.999384,0.997361,1.0309,0.62324,-0.0843891,0.0109679,1
8684,2311.78,7442.05,-4688.48,1.0991,1.01529,0.998504,1.02849,0.907279,0.179239,0.00179112,1
8685,1298.81,3774.52,-2944.3,0.97337,0.958703,1.00884,0.98541,0.955883,0.0411431,0.0134676,1
8686,559.873,-1313.4,1450.65,0.908296,1.02017,0.983078,0.944438,0.870562,0.210803,-0.00697089,1
8687,3645.27,-4213.58,7997.28,0.784181,0.995194,0.999545,0.981279,1.06908,-0.040449,0.00489256,1
8688,2441.78,-3683.59,5739.73,0.863672,0.986275,0.993248,1.02208,0.842418,0.0219016,-0.0138561,1
8689,3490.17,8716.94,-4729.23,0.851846,0.989268,1.00672,1.02504,0.828764,-0.0759346,-0.00262079,1
8690,1254.92,-2535.05,3176.71,1.18486,0.989742,0.998229,0.995724,0.859635,0.0494999,-0.0123101,1
8691,1875.2,-3284.21,4569.47,1.21989,0.984532,0.997303,1.01039,1.11504,0.104019,-0.00384893,1
8692,103854,38952.1,-13640.4,0.510746,0.963803,1.00698,1.0123,1.37731,-0.0677905,-3.789e-05,1
8693,1163.11,3351.82,-2728.68,0.796155,1.00781,0.996804,0.979138,1.037,0.0959648,0.00692678,1
8694,5898.3,-3957.32,12965.8,1.04301,0.960624,0.998879,1.04495,0.806192,0.0116966,-0.00972101,1
8695,5780.83,-8319.58,20122.4,0.938105,1.01755,1.00012,0.966191,0.789316,0.104467,-0.00134086,1
8696,1641.65,5299.01,-3898.78,0.818783,0.983398,0.995962,0.987996,0.883423,-0.0898237,-0.00507889,1
8697,303.13,775.552,-736.05,0.762271,1.03907,0.993181,1.06591,1.09849,-0.440554,-0.0062606,1
8698,1568.4,-3010.53,3946.18,1.04035,1.00725,1.00655,1.02714,0.959259,0.0883015,-0.00551984,1
8699,1093.98,-2329.16,2852.74,1.083,1.00614,0.994708,0.982035,1.19036,0.175591,-0.00410458,1
8700,8273.28,26492.6,-10159.6,1.15842,1.01687,1.01141,0.99088,0.813995,-0.00943707,-0.00713517,1
8701,4226.03,-5828.72,10812.7,1.16901,1.01464,0.999418,1.03122,1.14106,-0.026205,0.00649598,1
8702,857.92,-1932.9,2252.96,0.544606,1.01359,1.00242,1.01806,0.809022,-0.0836219,0.0108932,1
8703,1063.95,2879.6,-2381.34,0.64716,0.988007,0.99935,1.04538,1.26412,0.19672,0.00359102,1
8704,13971.7,68276.2,-19038.3,1.08152,1.01341,1.00098,0.947996,0.948542,-0.00703906,-0.00681756,1
8705,382.823,997.615,-933.157,1.39869,1.00578,0.992118,0.985836,0.85144,-0.0878777,-0.023744,1
8706,11263.7,-13466.5,42388.9,1.34201,1.01037,1.00238,1.0299,0.462356,-0.0158552,0.00344659,1
8707,81371.2,157044,-83713.9,0.70128,0.996759,1.005,0.984857,0.799171,0.0230617,0.000687296,1
8708,1038.61,-2197.98,2646.52,1.15861,0.987649,1.01858,1.02332,0.855711,0.251315,-0.00287867,1
8709,478.135,-1144.37,1244.33,1.29154,0.976812,1.00342,0.961606,1.15649,-0.157674,0.0100203,1
8710,8752.3,-9487.72,24660,1.14668,0.980768,1.01974,0.979024,0.755303,0.013951,-0.00482752,1
8711,1980.78,5569.86,-3981.61,0.940278,1.00871,1.00326,1.00829,1.05531,0.128138,0.00293392,1
8712,320.851,840.013,-794.695,1.07874,1.00977,1.0028,0.985957,1.03928,0.138036,0.017712,1
8713,301.806,788.024,-747.674,0.943131,1.02553,0.990694,0.981427,0.971964,0.12705,0.0211378,1
8714,1152.05,3129.89,-2546.15,1.27234,1.00888,0.980608,1.00983,0.868362,0.063473,0.010824,1
8715,1834.34,4909.04,-3586.93,0.966648,0.984312,1.01755,0.996505,1.07113,-0.0459344,-0.00856114,1
8716,1054.43,-2423.85,2919.84,1.33218,1.02721,1.01213,1.02025,0.978985,-0.0349544,0.0211634,1
8717,7102.98,-5426.69,14120.4,0.866822,0.981967,0.99945,1.08164,1.09906,-0.0243204,0.00347359,1
8718,149.378,-366.814,376.318,1.09679,0.997985,0.982132,0.999644,1.42628,0.238176,-0.0228374,1
8719,6027.52,16731,-5113.58,1.16227,1.03043,0.997496,1.03454,0.994683,-0.0142807,-0.00712014,1
8720,768.693,-1754.85,2009.79,1.04296,1.01309,1.00185,1.02946,1.12436,0.101423,-0.0101181,1
8721,317.381,818.143,-773.806,1.04736,0.961895,0.981684,1.05421,0.825091,-0.110544,-0.0220793,1
8722,3075.91,-6174.83,10648.2,1.02202,1.01897,1.01254,0.981752,1.00777,-0.0631216,0.0038296,1
8723,372.194,-914.034,974.982,0.937971,1.01606,1.00445,0.961306,1.08612,-0.341472,0.006152,1
8724,4520.89,-7613.62,15579.9,0.733215,0.982106,1.00104,0.987585,1.06268,-0.113747,0.00137439,1
8725,573.031,1517.94,-1371.76,0.828951,0.986875,0.998316,1.02606,1.01746,-0.0894301,-0.0150749,1
8726,5928.85,-3607.3,12683.7,1.23797,0.979252,0.994718,0.952406,0.968087,-0.0311305,0.00336523,1
8727,770.177,2073.08,-1810.36,1.24678,0.96284,1.02104,0.988198,1.08664,-0.120242,-0.00784357,1
8728,680.473,-1597.74,1801.78,0.767713,1.04691,1.00003,0.980015,1.05977,-0.133556,0.00892914,1
8729,1442.04,-2803.86,3642.51,1.31027,0.975934,0.999713,0.96688,1.01368,-0.208538,0.00246635,1
8730,920.154,-2082.37,2468.38,0.591643,0.987669,0.979881,1.00395,0.74362,-0.0874064,0.0097424,1
8731,2233.66,-4094.71,6340.49,0.782918,0.982055,0.997082,1.06928,0.969472,0.123486,-0.0026793,1
8732,10990.2,-12815.1,41499.3,0.83819,0.983038,0.983465,0.938982,0.966478,-0.181688,0.000311366,1
8733,8116.67,-7359.86,19031.8,1.18917,0.985935,0.990626,1.00071,1.09583,0.0435953,-0.00171293,1
8734,3463.5,-4735.03,9372.97,1.12181,1.01179,0.991132,1.01514,1.13724,-0.180351,0.00118876,1
8735,955.81,2587.83,-2175.99,1.38059,1.00863,0.998598,1.04955,1.22094,0.176959,0.00456542,1
8736,2564.35,-4264.13,6461.43,0.907471,0.986901,1.00737,0.977549,1.17281,-0.0172611,0.0164265,1
8737,970.043,-2184.32,2606.73,0.998449,0.96767,1.0061,1.0322,0.997845,0.11359,-0.0067552,1
8738,2089.52,6702.37,-4642.01,1.43238,1.00009,0.994492,0.971206,0.988715,-0.146552,-0.00246631,1
8739,1187.99,3160.39,-2541.7,1.31417,0.971943,0.999328,1.03388,0.869533,-0.0323689,-0.0193317,1
8740,543.082,1436.08,-1304.95,0.709531,1.02977,0.995916,0.968401,0.959207,-0.134689,-0.0111041,1
8741,6617.4,-4205.67,14959.8,0.812263,1.01032,1.00035,0.965606,1.21191,-0.0939691,0.00116785,1
8742,1640.02,4538.7,-3409.36,1.0653,1.01139,0.98454,0.974201,1.06318,-0.0525385,-0.00908383,1
8743,2682.06,-4227.9,6570.24,1.20062,1.0088,0.995339,1.00524,1.01878,0.0457983,-0.00613034,1
8744,848.574,2317.93,-1988,0.759857,1.01481,0.997073,0.994546,0.87606,-0.0472849,-0.0196814,1
8745,8404.42,28371,-10506.6,1.1377,0.990752,0.99305,1.01809,0.994848,-0.0194811,-0.00340932,1
8746,1166.06,3334.75,-2723.59,0.863051,1.02669,1.01582,0.915156,0.609196,0.210237,0.00312586,1
8747,904.052,2421.17,-2058.31,1.07129,0.970124,0.999647,0.938502,0.888333,-0.136848,-0.00608998,1
8748,832.61,2269.83,-1953.57,0.865322,1.00138,0.999657,0.978044,0.811795,0.183965,0.00502258,1
8749,832.793,2290.73,-1977.29,0.866079,0.993365,1.01383,0.971091,0.730646,0.282076,0.0031721,1
8750,3121.34,-5137.51,9270.59,1.23083,0.971657,1.01432,0.99552,0.91745,0.0647732,-0.00358244,1
8751,865.235,2326.72,-1996.29,1.1719,1.01041,1.00716,1.01124,1.0407,-0.0680249,-0.0131798,1
8752,4952.64,20073.6,-8760.52,0.991778,1.02137,1.00275,0.972495,1.06305,0.0142558,0.010251,1
8753,1016.89,-2248.97,2683.14,1.05545,1.01875,1.00561,1.01203,0.886308,0.0607182,-0.012698,1
8754,942.081,2570.94,-2166.59,1.08829,1.01252,1.00909,0.9742,1.06998,0.162041,0.00502401,1
8755,295.772,779.099,-740.216,0.961372,1.03492,1.00037,1.08588,1.28416,0.374545,0.00721015,1
8756,569.75,1504.49,-1361.05,1.07451,1.00699,0.997638,0.992549,0.899611,-0.155576,-0.0089389,1
8757,123671,5436.18,2278.67,0.933776,1.01451,0.987328,0.977011,1.17288,-0.000650011,0.000358077,1
8758,4929.34,19824.2,-8482,0.913515,0.97068,0.978872,1.00497,0.822451,-0.0238945,-0.00626637,1
8759,1088.82,3026.6,-2495.13,0.694346,1.0317,0.982486,0.959658,0.78332,-0.275011,-0.00274385,1
8760,1441.78,3910.68,-2974.97,1.00262,0.988799,1.00201,0.996262,0.896019,-0.13159,-0.00397046,1
8761,289.108,-701.582,736.892,0.620464,1.02649,1.01501,0.980541,0.963524,0.145784,-0.0188688,1
8762,1527.02,4513.41,-3368.46,1.14242,1.03495,1.00384,1.01471,1.04038,-0.102011,-0.0050339,1
8763,4114.45,12846.3,-6746.69,1.03335,0.985742,0.978084,0.979911,1.06069,-0.0663521,-0.00257281,1
8764,577.907,1527.47,-1378.36,1.00986,1.00988,0.985874,0.99845,1.12713,-0.145938,-0.00956476,1
8765,7335.62,-5828.15,18696,1.34961,1.02646,1.00372,0.938246,0.96789,-0.00911407,0.0128728,1
8766,3905.71,-4881.76,8887.98,1.55629,1.00109,1.00757,1.005,1.05028,0.0259985,-0.00703753,1
8767,586.367,-1380.67,1532.02,0.896135,1.00601,0.985591,1.03092,0.796492,-0.0635578,0.0214251,1
8768,70820,152146,-80669.2,0.876234,0.975262,0.996136,1.05195,1.09523,0.0320662,0.00056923,1
8769,1201.72,3551.95,-2846.32,0.797855,1.00327,0.992955,1.00996,1.38835,-0.141663,-0.00458082,1
8770,402.727,1047.41,-977.396,1.10519,1.00739,1.01619,1.03613,0.86833,-0.160318,-0.0120207,1
8771,859.289,-1920.62,2240.16,1.2962,0.998853,0.992472,0.973121,1.01012,0.0761893,-0.0120078,1
8772,88402.1,-43508.3,122793,1.09134,0.999134,0.984974,1.01628,1.2289,0.0113006,-0.00160786,1
8773,792.451,2139.74,-1858.9,1.27513,0.994949,1.00768,0.963771,0.5634,-0.145586,-0.00665478,1
8774,1780.27,4743.64,-3385.03,1.02424,0.982734,0.997519,1.02302,0.966521,-0.0519507,-0.00800612,1
8775,4640.81,18414.2,-8474.54,0.7218,1.00277,1.00405,1.06418,1.01452,0.0452541,0.00331558,1
8776,523.313,-1247.38,1368.01,0.762005,1.02168,0.991493,0.977919,1.02144,-0.131533,0.0116822,1
8777,7084.63,18242.3,-7376.67,1.06733,1.00188,1.002,1.00884,0.651997,0.0125528,0.0063672,1
8778,1378.77,3933.13,-3079.87,0.931651,1.01114,0.976305,0.97302,1.19894,0.206446,0.00277057,1
8779,275.481,-680.043,713.44,0.998877,1.01098,0.986079,0.980081,1.01955,-0.2161,0.0134825,1
8780,124032,11161.6,53677.7,0.807696,1.03689,0.997404,0.969213,0.788289,0.000317129,-0.0178898,1
8781,467.144,-1121.62,1217.38,1.15786,1.00164,0.994672,0.978998,0.635765,-0.103423,0.0162828,1
8782,1169.36,3215.87,-2618.31,0.837734,1.02911,1.00103,0.948144,0.838243,0.169686,0.00394929,1
8783,9672.79,43626.2,-13558.7,0.992811,0.983378,1.01619,0.968534,1.02733,0.163124,0.000348921,1
8784,1197.21,-2744.38,3407.27,0.833261,1.00418,0.990195,0.99137,0.90547,-0.057939,0.011278,1
8785,150.782,-369.212,378.778,0.864288,1.01733,0.995593,0.96467,0.927284,0.293189,-0.0184423,1
8786,565.314,1492.47,-1349.98,0.826872,0.979285,0.991596,1.03228,0.811837,-0.145628,-0.00941653,1
8787,1459.4,-2785.79,3645.36,0.944371,0.97481,0.993279,0.941377,0.88308,0.117772,-0.00440913,1
8788,807.793,2210,-1911.82,1.0563,1.00189,1.00143,1.052,0.789291,0.146729,0.00648151,1
8789,426.827,1129.31,-1048.75,1.01783,1.03292,1.01009,0.989917,1.29737,0.195631,0.0094727,1
8790,13059.9,-16706.1,53595.2,1.00757,1.03417,1.00277,1.01137,1.0594,-0.17301,0.000290242,1
8791,1658.22,5202.2,-3858.68,0.887543,0.992407,0.998013,1.00772,0.924451,-0.349963,-0.00131319,1
8792,2969.35,10503.6,-6255.28,1.41091,1.03343,0.998556,0.997704,1.09608,0.109652,0.00227502,1
8793,2472.55,6794.78,-4204.42,0.85308,1.01836,0.993528,1.01728,1.09948,-0.0912104,-0.00334849,1
8794,109452,-10829.4,91015.5,1.36929,0.996248,0.973007,0.960733,0.929048,0.00560624,-0.00199023,1
8795,866.064,-1960.69,2286.79,1.24502,0.983434,0.990253,1.00577,1.0346,0.093043,-0.0096262,1
8796,113501,11995.9,-3727.71,0.718226,0.988524,0.998447,0.999536,1.12387,0.0762105,6.36736e-06,1
8797,1678.38,5241.55,-3777.55,0.866618,0.980512,0.997544,0.994472,1.23509,-0.0657609,-0.00673084,1
8798,927.856,2542.51,-2151.37,1.24323,1.01082,1.01654,0.946854,0.939373,-0.280141,-0.00297546,1
8799,19567.7,-26977.6,77831.4,1.15229,0.996425,0.988735,0.990417,1.19606,0.0369675,-0.00119671,1
8800,770.575,2099.14,-1827.12,0.899845,1.01348,0.986887,1.01133,1.23445,0.172481,0.00597007,1
8801,374.777,972.566,-911.558,0.80169,0.973422,1.00946,0.970949,0.920988,-0.0884715,-0.0227383,1
8802,201.84,513.109,-495.636,1.06373,1.01075,0.988358,0.960451,1.18539,-0.257168,-0.0157139,1
8803,598.39,-1405.94,1563.87,1.11801,0.966775,0.990962,0.999428,0.88275,-0.117376,0.0108061,1
8804,3278.59,-5093.4,9545.28,0.807284,0.980815,0.997311,0.959424,0.964552,0.0339789,-0.00671056,1
8805,1688.35,-3487.33,4820.53,0.826659,0.983571,1.00744,1.01321,1.05755,-0.0793947,0.00550437,1
8806,606.806,1616.55,-1450.77,0.549125,1.0336,0.983283,1.04733,1.22781,-0.128578,-0.0105884,1
8807,1095.92,-2296.63,2802.49,0.802817,1.00124,0.99684,1.00549,1.74304,0.132984,-0.00535469,1
8808,84652.7,-48772.7,127731,0.961127,1.00046,0.98797,0.991842,0.7771,-0.0157149,0.00124014,1
8809,440.168,1161.78,-1075.56,0.67194,0.998073,0.998492,1.00656,0.961076,0.0766363,0.0230956,1
8810,425.006,1127.12,-1046.13,0.824406,1.0126,0.993729,1.03909,1.43858,0.235446,0.00790077,1
8811,237.766,616.893,-592.182,0.850161,0.98372,1.00393,0.960844,0.846208,0.205305,0.0155975,1
8812,3302.64,8770.48,-4688.61,0.980962,0.980451,1.00615,1.01644,0.975987,-0.0617381,-0.00340752,1
8813,276.261,-682.207,715.262,0.952676,1.00298,1.01499,1.06399,1.12017,-0.279869,0.00986958,1
8814,242.848,619.951,-594.9,0.996351,0.963469,1.01576,1.0131,0.960942,-0.217876,-0.0140761,1
8815,85896.5,159335,-84334.2,1.49114,0.994387,0.987356,1.01079,0.757294,0.000935755,0.0159287,1
8816,231.327,598.959,-575.819,0.765799,1.00263,1.01559,1.00474,0.945616,0.135923,0.024388,1
8817,264.587,680.765,-650.147,1.33772,1.02145,0.984215,0.966671,0.904888,-0.167659,-0.0185922,1
8818,3282.36,-4419.6,8374.09,0.828598,0.980373,1.00674,0.98488,0.883557,0.0729756,-0.00298931,1
8819,1151.64,-2487.88,3036.3,1.18622,0.999177,0.998958,0.981875,1.06005,0.36266,-0.00187545,1
8820,1234.91,-2806.69,3511.47,0.902816,1.01551,0.991671,1.00087,0.572981,0.12981,-0.00495639,1
8821,5789.3,15124.8,-5137.12,0.776985,1.01206,1.01127,1.07224,0.920955,0.0203925,0.00484921,1
8822,2445.5,-3741.16,5730.69,0.63288,0.986943,1.00663,1.01733,1.33147,0.0738863,-0.00404101,1
8823,6179.3,-7801.92,19845.6,1.00852,0.987386,0.993281,0.991302,0.82094,-0.0428307,0.00319366,1
8824,510.789,-1208.06,1322.26,0.846804,0.980894,0.987678,0.959747,0.983107,0.100397,-0.0152709,1
8825,704.84,-1635.17,1852.29,1.4117,0.982752,1.00732,0.999408,0.702482,-0.122505,0.00872593,1
8826,780.561,2106.74,-1830.14,1.09861,0.980107,0.987189,1.04026,1.01516,-0.0909144,-0.0109069,1
8827,505.065,1327.28,-1214.25,0.704102,0.987916,0.99347,1.03855,0.92507,-0.145687,-0.0106224,1
8828,519.083,1385.42,-1264.01,1.08995,1.03222,0.995104,1.03301,1.2302,0.180439,0.00858729,1
8829,3685.44,-4209.78,8423.27,1.22903,1.01932,0.994206,0.9934,0.775686,-0.0375519,0.00531714,1
8830,2870.75,9893,-5652.92,1.03025,0.948008,1.01677,0.9829,0.695589,-0.127032,-0.0018992,1
8831,678.209,1817.2,-1611.2,1.08279,0.994035,0.999725,1.02638,1.41753,-0.0514583,-0.0221633,1
8832,1921.57,-3399.79,4731.41,1.07984,0.995501,1.00301,0.99932,1.29285,0.092594,-0.00423188,1
8833,856.158,2376.2,-2038.3,0.809956,0.983459,1.00085,0.955929,1.03531,0.146388,0.00602104,1
8834,721.809,-1671.16,1903.13,1.09142,1.011,0.978994,0.929574,0.87216,-0.0648379,0.0172819,1
8835,447.285,-1088.64,1177.41,0.871094,1.00796,0.998244,0.97251,1.06823,-0.357123,0.00488486,1
8836,1148.9,-2368.01,2914.55,0.907676,1.01273,0.986923,1.01679,1.2306,0.236869,-0.00294637,1
8837,2994.34,11388.7,-6462.15,1.21668,0.99428,0.9985,0.993032,1.28591,-0.0296458,-0.00825174,1
8838,680.449,-1584.39,1786.44,1.19531,1.02548,1.00182,1.00285,0.895901,-0.0734166,0.015914,1
8839,417.513,1106.79,-1028.65,0.952158,0.999903,0.997196,0.930569,0.961921,0.19859,0.00939764,1
8840,783.643,2117.95,-1840.44,0.914296,0.997769,0.990861,0.950463,1.12307,-0.0915829,-0.0109567,1
8841,3550.47,9272.46,-4819.54,0.9598,1.01114,1.00253,0.96055,1.22659,0.0409157,0.00487438,1
8842,6670.4,-6158.41,17711.8,0.795182,0.974436,0.993867,0.976051,1.05521,-0.00558994,0.0225995,1
8843,2547.99,-4123.58,6244.57,1.14912,0.993024,1.01472,0.99471,1.11734,0.0803998,-0.0035468,1
8844,14114.5,67411.1,-18933.6,0.839687,0.97231,0.99252,0.973982,0.972768,0.0146256,0.00331241,1
8845,244.893,-593.602,619.152,0.872419,0.96318,0.995537,0.984384,1.10219,0.204316,-0.0153165,1
8846,3681.6,9301.23,-5171.96,1.43722,1.00366,1.01987,1.00252,1.29363,-0.0419593,-0.00445659,1
8847,1840.74,4821.02,-3442.5,0.857087,0.988142,0.996844,0.98514,1.01688,-0.0627547,-0.00645813,1
8848,3128.14,-6215.88,10825.2,0.771,1.02325,1.00754,0.985711,1.0555,-0.0390057,0.00616603,1
8849,1675.11,-3326.25,4583.18,1.33467,0.9748,1.01515,0.979026,1.06602,0.117443,-0.00371365,1
8850,637.092,1713.85,-1532.27,0.785113,1.00832,1.01034,0.989021,0.856321,0.115463,0.0104666,1
8851,971.159,2724.43,-2297.05,0.92277,0.994233,1.02139,1.04456,0.975465,-0.0828558,-0.00926707,1
8852,727.173,1947.64,-1713.52,1.13622,1.00596,1.00838,1.03211,1.17913,-0.132574,-0.00804529,1
8853,295.183,-710.551,747.415,1.02911,0.99992,1.00293,1.03108,0.798905,0.321185,-0.00835368,1
8854,521.962,1394.19,-1270,0.936536,0.990388,0.979643,1.00341,1.01848,0.159471,0.00947364,1
8855,773.883,2114.34,-1840.68,1.03107,1.00207,0.996055,0.965276,1.11188,0.172568,0.00580693,1
8856,665.45,1791.74,-1593.73,1.04007,0.997889,1.01559,1.03452,0.526057,0.14149,0.00800856,1
8857,3422.56,-4871.17,9428.63,0.872428,1.00806,1.00516,0.964908,0.875072,-0.0261768,0.00829236,1
8858,396.472,1032.71,-963.45,1.0149,1.00819,0.988499,1.01939,1.10564,-0.10839,-0.0187255,1
8859,160.013,413.086,-402.101,0.868372,0.988033,1.01892,1.05778,1.20515,0.270217,0.0173016,1
8860,1271.77,-2706.57,3368.47,0.91814,0.987138,1.00535,1.04946,0.901546,-0.0948542,0.00620917,1
8861,2439.01,6376.42,-4077.66,0.815017,1.00111,1.00296,0.959304,0.851514,0.0254975,0.0117766,1
8862,513.381,1348.15,-1230.66,0.945303,0.963314,0.987576,0.981039,1.21517,-0.11989,-0.0124577,1
8863,5688.03,15676.4,-5067.85,0.769718,0.985843,0.997631,0.992313,0.983266,-0.134616,-0.000791769,1
8864,973.761,2638.62,-2204.68,0.988978,1.00982,0.985698,1.00825,1.10171,0.0576736,0.014088,1
8865,1893.71,-3341.96,4642.13,0.901699,0.978114,0.990972,1.02377,0.761555,0.222789,-0.00178845,1
8866,1033.43,2836.62,-2341.55,0.877032,0.989209,1.00318,0.920986,1.02141,-0.0380565,-0.0193313,1
8867,477.884,-1129.41,1229.08,0.89894,0.973019,0.984093,0.937546,0.827192,0.201654,-0.00813858,1
8868,1513.86,4123.19,-3094.71,1.23304,1.01273,0.99874,0.965609,0.936238,0.0530201,0.00957974,1
8869,357.95,941.272,-884.052,1.32619,1.00755,0.987761,1.00167,0.912581,0.16567,0.0134391,1
8870,390.335,1031.79,-963.786,0.829518,1.00111,0.999994,0.99672,1.22582,0.214606,0.00927027,1
8871,20059.7,-28449.6,80139.2,1.4198,1.01569,1.00577,0.973165,1.07867,0.0119113,-0.00364252,1
8872,1372.78,4189.04,-3262.87,1.13463,0.994517,0.996424,0.958265,0.806606,-0.128749,-0.00433668,1
8873,6115.91,-7890.85,19662.9,1.16174,0.993655,1.00428,1.01609,0.73954,0.15025,-0.000910478,1
8874,1218.38,3337.79,-2648.29,0.860758,0.988744,0.989738,1.00732,0.573666,0.0357696,0.0175549,1
8875,1150.47,3281.11,-2645.96,1.17035,0.982674,1.01128,0.969528,0.776194,-0.0714568,-0.00905098,1
8876,156.276,-390.163,400.719,1.13399,0.969245,0.998295,1.01328,1.35482,-0.225037,0.0214986,1
8877,4123.16,11750,-6240.73,0.945916,1.0181,0.986398,1.00539,1.25347,-0.0149891,-0.0114711,1
8878,2276.83,7408.86,-4704.54,0.877728,1.00433,0.996714,1.02402,0.809809,-0.0389506,-0.00839368,1
8879,568.694,-1330.21,1469.78,0.737603,1.00182,0.995535,1.02163,0.89045,0.17678,-0.00788324,1
8880,3197.12,11689.4,-6374.11,1.03145,1.00561,1.00243,1.03406,0.9701,0.122874,0.00190091,1
8881,679.782,-1573.74,1772.57,1.15869,1.00919,1.0082,1.0683,0.990971,0.0728336,-0.0157382,1
8882,583.548,-1370.15,1519.22,1.19678,1.0282,0.990033,0.984932,0.836695,0.116254,-0.0120503,1
8883,1566.68,4113.97,-3082.26,1.41555,1.01683,0.997356,1.01861,1.03476,-0.242914,-0.00205101,1
8884,14257.3,-18180.5,58837.4,1.17986,0.990906,0.991566,0.969282,1.13057,0.00366276,-0.0135745,1
8885,72188.4,154951,-82405.6,0.802736,0.979012,1.00044,0.983125,1.26945,0.0075073,0.00243505,1
8886,521.562,-1232.08,1349.47,0.8472,0.998655,1.00266,0.956954,0.901701,0.130244,-0.0115203,1
8887,3500.98,-5863.06,11075.8,0.95548,1.02289,0.998178,1.001,1.18754,-0.0344277,0.00657873,1
8888,736.206,-1690.17,1922.49,0.870371,1.0009,1.01453,1.03675,1.17943,0.116991,-0.00890501,1
8889,1375.11,4214.12,-3271.09,0.587965,0.992326,0.996291,0.97415,1.32605,-0.131645,-0.00422211,1
8890,1063.02,-2424.58,2926,1.07793,1.02438,0.993543,1.01612,0.630746,-0.0511425,0.0146502,1
8891,601.891,1607.42,-1445.41,1.27217,0.984703,1.00681,1.00456,0.960029,0.0942569,0.0133185,1
8892,3337.13,9615.41,-4996.15,1.22631,1.00148,1.0067,0.978443,0.919355,-0.0357002,-0.0059256,1
8893,2118.23,7112.51,-4861.2,0.960568,1.00556,1.00291,0.918788,1.11541,-0.0665033,-0.00532526,1
8894,120196,11297.2,51694.6,1.33326,1.02212,0.995577,0.985424,1.08342,-0.0518788,0.000107116,1
8895,1118.58,3260.26,-2665.72,1.17624,0.980962,1.00236,0.987103,0.875412,-0.0363803,-0.0184499,1
8896,449.309,-1065.15,1151.44,1.18692,1.02575,1.00473,1.00502,1.08152,0.228722,-0.00783784,1
8897,331.52,-799.77,846.624,1.39698,0.994921,1.01139,1.03634,0.836386,0.136623,-0.0170592,1
8898,707.744,1929.59,-1701.8,0.920684,1.00979,1.00456,0.985103,0.747106,0.274024,0.00397282,1
8899,79327.2,155176,-81971.7,1.27114,0.98528,0.994987,1.03249,0.848567,0.0213048,0.000753564,1
8900,569.184,-1353,1495.69,0.672603,0.985892,1.00425,0.96738,1.05458,-0.256399,0.00519121,1
8901,132.704,342.165,-334.443,0.6566,0.966183,0.983638,0.983728,0.938219,0.288007,0.0200653,1
8902,741.897,-1718.45,1959.36,1.13986,1.03161,1.00405,0.97042,1.06728,-0.11034,0.00972007,1
8903,801.314,2162.38,-1873.77,1.24827,0.989716,1.00384,1.05035,1.05985,-0.0685469,-0.0138931,1
8904,2906.13,11047.3,-6332.99,0.926705,0.976356,0.985872,0.991129,1.03212,-0.111174,-0.00225627,1
8905,25460.7,110413,-42738.4,1.19457,0.97516,1.00933,1.02811,1.08764,-0.0038783,-0.00966368,1
8906,1239.31,-2700.47,3343.16,1.10735,1.04822,1.00203,1.02468,1.15343,-0.0330063,0.0196207,1
8907,312.09,-764.055,806.541,0.725903,0.987409,1.00101,0.930301,1.29535,-0.174399,0.014124,1
8908,371.962,-891.023,949.894,0.824072,1.00134,1.00749,1.00888,0.957064,0.227195,-0.00928197,1
8909,108786,41648.9,-15543.7,0.861131,0.987368,1.01154,1.02138,1.47039,-0.00133181,-0.00194391,1
8910,2923.88,-5162.93,8269.89,1.07026,1.02702,0.992521,1.00186,1.04624,0.0254564,-0.0102592,1
8911,6860.21,-7469.05,20586.6,0.998286,1.01395,0.998142,0.969702,0.958717,-0.153499,0.000837243,1
8912,1399.53,3775.53,-2901.4,0.98282,0.973545,1.00057,0.980572,1.05435,0.119415,0.00439808,1
8913,372.625,961.554,-901.608,1.03253,0.99011,1.00672,0.978619,1.1241,-0.278717,-0.00747979,1
8914,6874.26,-4621.06,13276.6,0.905356,1.00299,1.00078,1.0506,0.80272,-0.00949763,0.00927809,1
8915,3668.4,-4374.3,7998.91,0.811299,0.988858,1.01273,0.969025,1.38598,0.0429895,-0.004505,1
8916,780.128,-1791.65,2060.06,0.883391,1.00151,0.986905,1.02621,1.30855,-0.0870358,0.0116253,1
8917,1819.16,4873.68,-3563.28,1.05841,0.967835,1.00408,1.02746,1.07224,-0.177744,-0.00224056,1
8918,484.124,-1158.66,1261.14,0.80329,0.994967,1.00123,1.02755,0.983372,-0.108133,0.0147734,1
8919,6014.38,14966.5,-5488.99,1.0436,0.980895,0.999945,0.964071,1.27507,0.113704,0.000838039,1
8920,665.977,1800.74,-1598.32,1.14825,0.984887,0.994557,0.994103,0.844176,0.193785,0.00592064,1
8921,6716.01,-4227.33,13066.6,1.23331,0.99979,0.992096,1.00002,1.24698,-0.0506926,0.00179878,1
8922,627.613,-1472.16,1643.76,1.12411,1.0101,1.00207,1.00919,1.00506,-0.0591798,0.0211085,1
8923,5970.66,-8165.68,19958,1.01701,1.00973,1.00543,1.01959,1.17896,0.136172,-0.00101211,1
8924,739.759,2007.03,-1761.69,0.999723,0.999508,1.01966,0.922721,1.11492,0.112205,0.00906575,1
8925,1755.7,-3340.28,4703.68,1.10216,0.976553,0.989501,0.976478,0.677345,0.22652,-0.00191022,1
8926,1261.13,-2549.9,3224.58,1.14691,1.00009,0.996836,1.01751,1.29283,0.244369,-0.00252988,1
8927,4235.17,14574.8,-7485.91,0.883141,1.00239,1.00482,1.00927,1.2141,-0.0222403,-0.00727071,1
8928,2235.61,7550.02,-4875.66,1.04167,1.01399,1.01331,1.01977,1.12586,0.065631,0.00499919,1
8929,3697.02,-4259.5,8120.12,0.994974,0.995842,0.997232,0.935163,0.988923,0.0209038,-0.0094052,1
8930,97312.5,-45186.8,127618,0.794901,1.03371,0.990895,1.00797,1.1206,-0.00533561,0.00315365,1
8931,223.951,-546.02,567.008,0.844556,1.01934,1.01756,1.01885,1.00948,0.219432,-0.0160758,1
8932,459.533,1220.09,-1125.85,0.762539,0.998158,1.00654,0.960265,1.28925,0.18256,0.00914743,1
8933,312.1,-748.294,789.351,0.819966,1.0133,1.00474,0.940393,0.915864,0.365177,-0.00704225,1
8934,512.692,-1227.53,1343.28,0.676203,1.04971,0.99248,1.01843,1.32112,-0.0728104,0.0221242,1
8935,654.106,1718.57,-1530.2,1.19424,0.989947,0.987901,0.989658,0.783137,-0.455276,-0.00267638,1
8936,3000.77,11334.1,-6513.08,0.945138,1.01893,0.997934,1.05773,0.807124,0.0150389,0.016232,1
8937,1910.47,-3396.63,4715.85,0.963302,1.00048,1.00978,0.998093,1.21676,-0.0365928,0.0106782,1
8938,109550,95131.2,-46471.3,0.942901,0.999914,0.992529,1.00354,0.885994,0.224261,2.86907e-05,1
8939,2764.54,10466.6,-6209.31,1.43915,0.967957,1.00774,0.97978,0.68792,-0.0538813,-0.00470156,1
8940,5692.81,15173.7,-5316.05,1.3466,1.00526,1.03143,0.965837,1.13013,0.0169081,0.00589572,1
8941,1955.1,-3333.77,4786.09,1.16118,1.01901,0.995904,0.987257,0.973433,0.098062,-0.00405968,1
8942,986.178,-2171.01,2598.11,0.628846,1.02992,1.00127,1.0447,1.11167,-0.122587,0.00654407,1
8943,454.84,1185.45,-1095.42,1.16043,0.989295,1.0105,1.01486,1.03723,-0.19071,-0.00884814,1
8944,103883,107457,-51443.8,0.462618,0.985403,0.993983,0.972348,1.00327,-0.000718595,-0.0107186,1
8945,3210.7,-5108.99,9453.49,0.800168,0.972686,0.992594,1.03181,1.18491,0.0284085,-0.00814279,1
8946,3412.07,-6351.47,11609.6,0.910763,1.04428,1.0029,1.01232,1.12346,0.142526,-0.00162473,1
8947,611.61,-1425.88,1588.7,0.922662,1.00056,0.989493,1.05249,1.02347,0.0976608,-0.0132976,1
8948,372.077,-888.145,947.354,1.08775,1.01273,0.994659,1.01306,1.17013,0.273294,-0.00795189,1
8949,3464.67,11069.1,-5726.92,0.774275,1.03696,1.02018,1.02875,1.18359,0.0428361,0.00498395,1
8950,80453.4,153666,-81215.6,0.739177,0.986373,1.00368,1.00936,0.996539,-0.00181305,-0.00855793,1
8951,6209.35,22828.4,-8527.42,0.90503,1.00335,0.993164,0.977982,1.12036,-0.0832865,-0.00161252,1
8952,13521.7,-17181.8,55361.8,0.980104,0.995773,0.995742,1.0013,0.976479,-0.00531735,0.00948234,1
8953,553.618,-1310.72,1446.04,0.834526,0.966108,0.990844,0.954662,1.0298,-0.139041,0.0098623,1
8954,591.682,1560.84,-1407.35,1.28384,1.00456,1.00575,0.997866,1.25092,-0.228061,-0.00580757,1
8955,117161,65539.6,-30045.7,0.809425,1.00482,0.988582,0.991803,1.33798,0.0612193,6.05936e-05,1
8956,804.609,-1855.75,2140.59,1.06615,1.01938,0.998682,0.998868,0.773258,-0.22522,0.00434156,1
8957,6338.25,-3635.99,12957.1,1.1096,1.02008,1.0024,0.999653,0.990725,0.0618179,-0.00156608,1
8958,1380.02,-3058.67,3955.33,0.68643,0.987029,1.00581,0.969441,1.08596,0.113,-0.00484343,1
8959,493.154,-1168.46,1273.51,0.643952,0.989435,1.00313,0.995603,1.20473,0.104099,-0.0150717,1
8960,1048.86,-2370.87,2881.12,0.845828,0.992256,0.980725,0.999121,1.0147,0.033004,-0.022764,1
8961,1123.23,-2438.25,3007.42,1.38914,0.962315,1.00733,0.970703,1.16389,0.0564197,-0.0116106,1
8962,852.526,-1936.23,2250.06,1.16255,1.02987,1.00007,0.997018,1.30319,0.241771,-0.00391609,1
8963,154.787,-380.235,390.395,1.27487,1.01837,0.992066,0.996349,1.05355,0.207834,-0.0253989,1
8964,192.305,490.508,-474.67,1.18733,1.00943,0.995581,1.03196,0.665946,-0.159502,-0.0261932,1
8965,16682,-22162.3,67290.5,0.914951,0.988268,0.994659,0.999821,1.04754,0.0252066,-0.00185679,1
8966,1668.32,-3755.72,5109.56,1.16309,0.9889,0.996018,0.991488,1.09997,-0.0765173,0.0059138,1
8967,433.646,-1051.56,1134,0.664994,1.02155,1.00203,0.981226,1.30725,-0.249851,0.00729594,1
8968,981.227,-2211.9,2621.32,1.25625,1.01102,1.01701,0.98331,0.798479,-0.184924,0.00418896,1
8969,1458.35,-3083.15,4056.31,0.74259,1.00627,1.00476,1.0247,1.04735,0.286325,-0.00185302,1
8970,382.389,-917.884,980.938,0.76584,1.01006,0.994016,1.02834,0.784512,0.116072,-0.0180669,1
8971,944.94,2607.39,-2193.08,0.806796,1.00783,0.995418,0.972934,1.06695,-0.272329,-0.00307704,1
8972,6962.06,-4321.75,16014.8,1.28036,1.01973,0.985699,0.979581,1.18173,-0.136881,0.000808781,1
8973,1372.04,3907.74,-3078.54,1.07996,1.01432,0.998008,0.988254,0.843757,-0.0745119,-0.00760894,1
8974,440.442,-1060.77,1145.39,1.12523,0.994839,1.0062,1.0143,1.09073,-0.140242,0.0124322,1
8975,1850.12,-3612.1,5169.12,1.00917,1.01528,0.995184,0.985491,0.843854,0.0478828,-0.00876933,1
8976,448.339,1184.99,-1095.16,0.974712,1.01476,0.991631,1.00843,1.13419,0.116257,0.0153158,1
8977,66235.1,-67249,143394,1.32842,1.02523,1.00044,0.988567,1.24623,-0.028835,0.000877096,1
8978,501.553,-1185.36,1293.14,0.979027,1.00166,1.00812,1.01702,0.863707,0.162974,-0.00954096,1
8979,6249.14,15077.2,-5874.76,0.966005,0.976075,1.00185,1.01351,0.941289,-0.0400618,-0.0022738,1
8980,7200.24,18825.1,-7610.5,1.24782,1.00469,1.00484,1.00114,0.677154,-0.0754536,-0.00104239,1
8981,3549.46,9051.22,-5142.82,1.13921,0.961907,1.00001,1.01685,0.672601,0.0304072,0.00631201,1
8982,968.816,-2197.3,2609.79,1.2559,0.979981,0.987452,1.0229,1.3527,-0.126687,0.00624717,1
8983,402.985,1050.57,-979.923,1.43002,1.02182,1.00778,0.974995,0.742951,-0.0994378,-0.0198383,1
8984,1817.59,-3163.51,4390.56,0.683475,0.969557,0.992331,1.0272,1.3871,0.208211,-0.00197411,1
8985,3026.19,-5950.57,10318.4,0.985885,0.987913,1.00579,1.01436,0.748982,0.01748,-0.0139499,1
8986,210.048,-511.552,530.179,0.984378,0.96188,1.00552,0.969357,0.957118,0.221196,-0.0162635,1
8987,6548.87,16165.2,-6065.21,1.19196,1.0174,1.00561,1.00997,1.27431,-0.0231104,-0.0037828,1
8988,3992.21,-5281.07,9582.13,1.25377,0.993856,0.999937,1.00469,0.790449,-0.050676,0.00352869,1
8989,6073.57,17119.2,-5239.85,1.30195,1.00907,0.989962,0.999552,1.32937,0.00893237,0.0119451,1
8990,1766.54,5709.69,-4140.56,0.859973,1.03144,0.991208,1.03992,1.27758,0.0723658,0.00610901,1
8991,177.556,-435.03,448.359,0.991415,0.985311,1.00446,1.01018,0.824253,0.146871,-0.0297029,1
8992,480.94,-1137.14,1236.53,0.774223,1.00927,0.99828,0.963237,1.07858,0.200122,-0.00829589,1
8993,333.614,875.754,-826.995,1.3554,1.03024,1.0129,0.963249,1.05535,0.194411,0.01215,1
8994,7229.59,24089,-7879.44,1.16186,1.04142,0.989381,0.971946,0.884105,-0.0173341,-0.00702817,1
8995,257.031,-621.132,649.153,0.882704,0.978173,1.00155,0.954138,1.12371,0.261677,-0.0115169,1
8996,2366.92,-4747.34,7457.91,1.02508,1.02672,1.00059,0.996689,0.989108,0.173123,-0.00188535,1
8997,218.163,569.951,-548.968,1.43474,1.01519,0.997801,1.02115,1.19985,0.316093,0.011455,1
8998,376.345,990.18,-927.2,1.00855,0.995967,0.998761,0.995853,0.892387,0.144948,0.0142292,1
8999,129.469,334.221,-326.939,1.17804,1.01339,0.994782,0.987516,0.844687,0.24072,0.0255332,1
9000,927.833,-2122.92,2512.03,0.832959,1.00713,0.995012,1.03185,1.03076,-0.0794825,0.0106139,1
9001,88792.6,-41684.6,119894,0.984628,1.00185,1.00655,0.956378,1.28226,-0.00747365,0.00235349,1
9002,2466.09,-3877.48,5911.2,1.17448,0.984072,1.00018,1.00106,0.761781,-0.2422,0.00121673,1
9003,13010.7,-16363.1,53650.3,1.27367,1.0067,1.00038,0.949953,1.12892,0.0213208,-0.00240295,1
9004,6041.91,17808.2,-6167.23,0.932164,0.975544,1.00788,1.0082,1.19451,0.116302,0.00102143,1
9005,423.413,-1012.24,1090.09,1.06501,0.99425,0.99063,0.968862,0.971009,0.125982,-0.0148664,1
9006,335.05,-806.847,855.199,0.652419,1.00918,0.988937,1.02833,0.829259,0.170892,-0.014132,1
9007,28168.7,-42377.6,101989,0.893699,0.996133,1.00382,0.982974,1.30856,-0.113113,0.000340224,1
9008,2908.35,-5732.42,9470.02,1.30891,0.998239,0.990227,1.01554,0.822248,0.0444904,-0.00575065,1
9009,867.484,2412.6,-2067.16,0.85534,1.0473,1.00255,1.02055,1.03502,0.136871,0.00675295,1
9010,684.929,1832.66,-1626.41,0.960588,1.02218,1.01932,0.990742,0.744777,-0.0595398,-0.0190356,1
9011,6885.27,-6181.88,18072.2,1.0148,0.99967,1.00678,0.989648,0.89159,-0.0397916,0.00307931,1
9012,354.351,933.355,-877.557,1.27077,0.994123,1.00512,1.03918,1.26607,0.278261,0.00774581,1
9013,753.897,-1730.01,1975.13,1.3408,0.99525,1.01377,0.982442,0.961799,0.0775785,-0.0130403,1
9014,277.197,710.689,-677.536,1.32586,0.975961,1.00132,0.983218,0.814418,-0.152589,-0.0181631,1
9015,1045,-2246.79,2720.75,0.599026,0.98744,1.00041,0.971121,1.21379,-0.0673779,0.0108098,1
9016,3988.18,-5199.82,9474.64,0.675218,0.992217,0.993338,1.00277,0.727196,-0.0528488,0.00340692,1
9017,981.222,2705.35,-2276.73,1.15684,1.00727,1.00467,1.03104,1.16102,0.167101,0.00466571,1
9018,2613.96,-4502.69,6911.12,1.02741,0.97516,0.985424,0.951282,0.852985,-0.116995,0.00240962,1
9019,603.206,1613.25,-1451.03,1.21018,1.02528,1.00587,0.99647,1.19657,0.0911145,0.0143608,1
9020,1451.36,-2928.02,3853.27,1.18624,1.00017,1.00751,1.00776,0.907225,0.0483142,-0.0108332,1
9021,4448.78,17318.3,-8236.2,0.743099,0.992123,1.00461,1.04018,0.867979,-0.0751578,-0.00205051,1
9022,872.31,-1952.12,2280.09,1.13273,0.978434,1.02104,1.00848,1.19636,0.0587975,-0.0144007,1
9023,6833.45,19699,-6036.57,1.17677,1.04592,1.00599,1.03254,1.04093,-0.0910646,-0.00120018,1
9024,2071.44,-4459.59,6420.3,0.952405,0.986272,1.00147,1.02262,1.163,0.158655,-0.00226683,1
9025,1594.74,4907.62,-3703.3,1.23627,0.988193,1.00463,1.00521,1.16953,-0.0813983,-0.00573443,1
9026,7498.8,22094,-9086.14,0.838704,0.962693,1.00736,1.0015,1.00275,0.0235436,0.00313452,1
9027,475.8,-1142.34,1240.47,0.80068,1.02165,1.01042,0.975267,0.763454,-0.128155,0.0128744,1
9028,1668.39,4804.74,-3615.35,1.44108,1.02543,1.00775,0.992317,1.32385,-0.129338,-0.00357384,1
9029,1395.77,4286.16,-3319.3,1.12405,1.00462,1.0002,1.02228,0.999046,-0.0928432,-0.005918,1
9030,812.952,-1873.22,2168.07,1.36585,1.04471,0.992268,1.04535,1.21682,-0.212913,0.00469134,1
9031,506.426,-1206.62,1319.78,0.907622,1.01191,0.98437,0.945542,0.525369,-0.0700164,0.0227518,1
9032,1183.95,3368.92,-2743.84,0.930997,1.02586,1.01368,1.01309,0.591207,-0.0968866,-0.00675678,1
9033,350.58,908.308,-854.564,1.16484,0.990827,0.994696,1.00371,0.99234,-0.159748,-0.0140447,1
9034,1689.52,-3752.46,5082.17,1.23171,0.998042,0.998572,1.03263,0.702974,0.201246,-0.00225327,1
9035,2428.17,-4793.83,7677.78,1.24332,1.03672,0.996002,0.923961,0.933107,-0.0917159,0.00349871,1
9036,12386.7,59000,-16685.5,0.992166,1.03156,0.991439,1.03676,0.646462,0.0847393,0.000588284,1
9037,3964.54,-5232.62,9439.63,1.13815,0.991007,1.00366,1.01879,0.672394,0.0698835,-0.0025693,1
9038,117163,14680.7,46783.5,0.856443,1.01612,0.99634,1.03812,1.16706,-0.000827466,0.00633455,1
9039,1333.67,-3035.51,3866.96,0.917272,0.983451,1.01183,1.01606,1.04235,0.0305585,-0.0182362,1
9040,2131.15,-4612.24,6884.94,0.682185,0.991274,1.01275,0.953029,1.36102,-0.177677,0.00192739,1
9041,142.844,367.832,-358.935,0.929577,0.962319,0.990418,1.07641,0.818659,0.218596,0.0242749,1
9042,1036.96,2940.78,-2428.33,1.00351,0.99609,0.993082,1.03991,1.10857,-0.159726,-0.00469404,1
9043,1374.08,-2833.58,3595.82,1.24696,1.01255,0.988813,1.01128,0.88337,0.12362,-0.00466362,1
9044,5248.95,20720.4,-8668.1,1.28648,0.994006,0.993407,1.04961,0.993955,-0.0661499,-0.00217461,1
9045,3208.69,-5244.04,9631.95,1.0801,0.981078,1.00256,1.01441,1.19852,-0.120457,0.0019122,1
9046,303.234,-730.602,770.247,0.86679,0.977262,0.985623,0.996511,1.33854,0.247434,-0.0105243,1
9047,1336.08,-2916.69,3670.81,0.846417,1.00639,1.00316,0.981219,0.932322,-0.253193,0.00225417,1
9048,857.864,2327.1,-1998.73,0.904989,1.00203,1.00249,1.06727,1.01346,0.0804727,0.0111245,1
9049,965.203,2584.17,-2169.54,0.714419,1.0071,0.999306,0.967909,1.11299,-0.137263,-0.00590518,1
9050,296.371,-726.661,764.881,0.65582,1.03142,0.997083,0.995203,1.10062,-0.107797,0.0253492,1
9051,1028.86,2803.14,-2314.27,1.13242,1.03849,0.984881,0.987666,0.744523,-0.0802748,-0.00990716,1
9052,420.618,-1002.42,1078.73,1.0445,0.99301,0.99379,0.980495,0.732796,0.206071,-0.00912643,1
9053,112.948,-276.005,281.326,0.703033,1.00994,0.990587,0.992593,1.0757,0.42633,-0.0170159,1
9054,684.685,1841.31,-1626.76,1.18004,0.959356,0.980205,0.995385,0.824039,0.0655968,0.016953,1
9055,4019.71,-5180.34,9517.19,1.09414,1.00066,0.995077,0.969448,1.0327,-0.0973324,0.00184434,1
9056,1956.31,-4107.91,5954.41,0.91757,1.06031,0.995465,1.01809,1.0229,0.0783496,-0.00526532,1
9057,20997.5,97519.6,-33509.9,1.00832,0.991284,1.00071,1.03603,0.936923,-0.0314893,-0.00129003,1
9058,2604.78,-3847.89,6097.38,0.515653,1.01347,0.996794,0.948636,1.16601,0.124485,-0.0023513,1
9059,231.566,-576.051,599.431,1.01104,1.01843,0.998926,1.02419,1.15944,-0.270175,0.0126815,1
9060,1543.92,4167.74,-3196.52,0.598113,1.00373,1.01242,1.05552,0.875513,-0.0729711,-0.00664156,1
9061,1875.06,5103.5,-3571.48,1.03721,1.01658,1.00749,0.96343,0.888705,-0.193824,-0.00209893,1
9062,572.476,-1360.64,1506.03,1.17511,0.988868,0.994753,0.961655,1.12594,-0.210114,0.00641357,1
9063,1405.85,3810.45,-2920.22,0.846195,0.979157,1.00551,1.00748,1.07898,-0.125649,-0.00420055,1
9064,1791.29,4815.42,-3421,1.12219,0.984766,0.991926,1.0011,1.06914,0.0830366,0.00500002,1
9065,594.022,1589.5,-1430.53,0.954954,1.01527,0.992656,0.998046,0.669413,0.106142,0.0126096,1
9066,1257.09,3627.93,-2900.58,0.914709,0.958593,0.984981,0.987356,0.921717,-0.0534864,-0.0111137,1
9067,1000.45,-2235.48,2683.13,0.972478,0.986336,1.01311,1.04985,0.845901,-0.0364791,0.0204718,1
9068,446.859,1186.39,-1096.4,0.947291,0.995227,0.990629,0.954594,0.767469,0.172293,0.0101625,1
9069,797.969,-1820.95,2097.11,1.07635,0.998252,1.00401,1.02653,1.17055,0.0958755,-0.0101195,1
9070,3409.85,8540.97,-4738.84,1.12858,0.964721,1.00297,0.949718,0.839044,0.0397329,0.00507406,1
9071,900.046,2443.05,-2071.66,0.899404,0.976815,0.990943,1.04619,0.603776,0.137758,0.00610379,1
9072,604.484,-1405.61,1561.47,0.494035,1.02456,1.00921,1.04679,1.14417,0.18875,-0.00697143,1
9073,2880.54,10913.7,-6322.92,0.797797,0.980706,0.998125,1.00952,1.01173,-0.0848496,-0.00294049,1
9074,1430.04,4450.47,-3412.03,1.23913,1.01831,1.00656,0.955119,1.2208,0.0433408,0.0123912,1
9075,124.584,-305.674,312.113,1.19525,0.979584,1.01421,1.00317,0.885588,0.222941,-0.0274499,1
9076,975.943,2681.41,-2236.65,1.1607,1.01761,0.987714,0.972743,0.972552,0.0879601,0.00926069,1
9077,2477.03,6472.44,-4195.03,1.25815,0.991358,0.991896,1.02979,0.891562,0.0837516,0.00350825,1
9078,1803.88,-3204.47,4433.71,0.998713,0.995833,1.02453,0.972233,1.1472,-0.0530093,0.0076451,1
9079,7830.9,-6774.04,17241.9,0.657792,1.00663,1.00965,1.01668,0.98249,-0.0163327,0.00468749,1
9080,302.579,778.911,-739.295,1.29438,0.981546,1.00417,1.01881,0.80191,-0.118088,-0.0214989,1
9081,11328.6,-13470.2,43816.1,1.11696,0.997233,0.999371,0.919227,0.98369,-0.037285,0.00148054,1
9082,4722.21,-7727.05,16398.8,0.653885,0.989088,0.990672,1.01031,1.02006,0.138714,-0.00110866,1
9083,756.657,2032.31,-1778.9,1.07777,1.00291,1.01299,0.947864,0.985712,-0.169839,-0.00599547,1
9084,2529.44,-3780.52,6023.29,0.780583,1.01351,0.997638,0.985359,1.29302,-0.0507064,0.00589321,1
9085,543.259,1448.38,-1317.75,1.09372,1.0167,1.01493,1.01285,1.2298,0.116368,0.0122334,1
9086,1259.51,3402.79,-2687.34,0.966267,1.00629,0.99757,1.02542,0.901394,-0.0616292,-0.00995844,1
9087,17987.4,86705.8,-27372.9,1.19991,1.01377,1.00509,1.04006,0.685041,-0.0104548,-0.00409537,1
9088,2424.31,-3815.15,5763.08,0.740567,0.960708,0.99404,0.980992,0.931027,0.0779929,-0.00385102,1
9089,3591.29,9147.43,-4819.72,0.916184,1.01606,1.00732,1.0188,1.12057,0.0311298,0.00628568,1
9090,3251.52,11077.5,-5923.37,0.749688,0.994412,1.00204,1.00549,1.1884,-0.0193643,-0.0118156,1
9091,824.037,-1860.02,2156.48,1.01076,0.980102,0.991588,0.930981,1.10981,0.0504343,-0.0185847,1
9092,1462.27,-3146.77,4152.42,0.601721,0.995745,0.983648,1.00496,1.01596,0.395182,-0.00136914,1
9093,1828.76,-3552.85,5082.61,0.924113,1.00552,0.984755,1.03034,0.878231,-0.128532,0.00328882,1
9094,1234.75,-2532.57,3166.47,1.18709,0.997536,1.0097,0.974817,0.95962,-0.194412,0.00313549,1
9095,628.973,-1469.04,1641.97,0.827189,1.02681,0.993763,0.949533,0.880194,0.0897072,-0.0143794,1
9096,314.821,-761.89,804.352,1.00609,1.01084,0.998791,1.04265,1.13912,0.126395,-0.0200722,1
9097,1160.61,-2543.36,3164.34,1.25933,0.972838,0.993597,0.9998,0.961484,0.0796332,-0.00820195,1
9098,1786.95,-3218.55,4424.57,0.758892,0.972631,1.00202,0.983509,1.33536,-0.281202,0.00144873,1
9099,61511.2,-60796.2,133502,1.0425,0.991327,1.00463,1.03609,1.17353,-0.00135646,0.0189136,1
9100,3384.63,-4448.09,8588.81,0.903861,0.998575,1.00761,0.977324,0.869794,-0.0172967,0.0123209,1
9101,722.459,1967.61,-1727.21,0.880543,1.03308,0.982958,0.992276,1.04951,0.137967,0.00818158,1
9102,1279.5,-2595.76,3286.1,0.886646,1.01035,0.99768,0.991872,1.20725,-0.132878,0.00456198,1
9103,2100.23,-4554.8,6624.76,0.907238,0.989178,0.993549,0.962634,1.09232,-0.0366976,0.00975095,1
9104,3772.32,-4422.35,8248.41,1.45805,0.98702,0.988423,1.01375,0.715649,0.0535876,-0.00358382,1
9105,6491.06,-4315.82,12463.3,1.10843,0.984619,1.00935,1.03146,0.598173,-0.0543697,0.00170115,1
9106,3964.68,-5753.44,10267.2,0.856008,0.971392,1.0082,1.00209,0.872988,0.0234092,-0.00752812,1
9107,97086.5,-25819.2,104862,1.341,0.990541,0.990815,0.979711,1.27428,-0.0274874,0.000526134,1
9108,4389.84,16387.1,-7975.56,1.01876,1.00819,0.995301,1.07877,0.995964,0.0473546,0.00328814,1
9109,1094.35,2966.58,-2433.92,1.26212,0.993574,0.986016,0.98856,0.886626,0.20608,0.00341644,1
9110,638.438,-1484.99,1660.75,1.20908,1.00508,1.00452,1.01098,0.879084,0.113491,-0.0108019,1
9111,3190.75,10081.4,-5252.2,1.12301,0.978889,0.981521,1.02269,1.23013,0.179081,0.00124563,1
9112,1775.52,5846.73,-4158.51,1.02225,1.01848,0.991144,1.0075,0.755664,0.0735176,0.00591514,1
9113,88836.2,-40166.2,117699,0.784138,0.995006,1.00456,0.976735,1.25528,-0.0906522,0.000188436,1
9114,4863.56,19385.4,-8638.16,1.27515,0.997295,1.00775,1.04321,1.23237,-0.105005,-0.00140548,1
9115,935.406,-2082.42,2463.06,1.2271,1.00602,1.00953,1.01591,0.723685,-0.30949,0.00262512,1
9116,2887.27,-5492.76,8874.45,0.90739,1.00435,0.996379,1.01733,1.13127,0.21058,-0.00123038,1
9117,2211.26,-3762.87,5795.85,1.01092,0.96606,0.998235,1.01385,0.526601,-0.154838,0.00211459,1
9118,525.734,-1241.4,1359.03,1.33331,1.03718,1.02109,1.04257,1.15719,0.0875549,-0.0171843,1
9119,357.769,923.997,-868.521,1.2685,0.973351,1.00525,0.963192,0.945918,-0.159381,-0.0133443,1
9120,105602,104554,-49026.7,0.979668,0.980877,0.987407,0.939673,0.994154,-0.00123138,-0.00601419,1
9121,465.792,-1117.93,1212.75,0.938864,1.00677,0.99784,1.02723,0.56963,-0.105355,0.016034,1
9122,413.534,-1006.4,1081.93,1.12666,0.999644,0.9982,1.0028,1.1755,-0.275937,0.00680453,1
9123,762.572,-1730.79,1982.04,0.873445,0.981474,0.994936,0.994942,0.732207,0.286678,-0.00355472,1
9124,2224.51,7145.61,-4580.37,1.19225,0.988839,0.997029,0.993849,1.08187,-0.0891917,-0.00371211,1
9125,49020.2,-62566.6,131187,0.661621,1.00745,1.00572,0.976115,1.08422,0.0954366,-0.000317238,1
9126,610.995,1632.65,-1463.35,0.876752,1.05895,0.980292,0.959286,1.20911,-0.136178,-0.0102149,1
9127,474.339,-1123.62,1219.79,0.834753,0.987719,1.01423,1.06668,0.864843,0.0938732,-0.0170663,1
9128,2442.57,6423.03,-4045.91,0.989478,0.999777,0.991167,1.0233,0.817907,-0.141492,-0.00215588,1
9129,388.727,-933.326,998.307,1.22233,1.00427,1.00108,1.00381,0.760927,0.12182,-0.0166834,1
9130,2624.56,8072.93,-5208.39,0.726641,0.987054,0.998076,0.990916,0.933561,0.136539,0.00199568,1
9131,6304.52,18746.1,-6352.11,1.18644,0.985733,0.998823,1.03751,0.941169,-0.0204927,-0.00582241,1
9132,2124.8,7273.19,-4924.89,1.06179,1.00258,1.00125,1.00327,1.30841,-0.0779698,-0.00449917,1
9133,1207.52,3295.62,-2620.35,1.34086,0.979783,0.985232,0.964646,1.37399,0.112712,0.00559309,1
9134,1411.16,4197.19,-3197.45,1.14385,0.994049,0.994704,1.05318,0.897947,0.0415256,0.012935,1
9135,475.724,1255.21,-1154.49,1.00963,1.03922,0.992404,0.998582,1.3085,-0.0966795,-0.0178938,1
9136,585.129,1551.1,-1399.3,1.06095,1.00333,0.998985,1.04772,1.06908,-0.0926492,-0.0144771,1
9137,186.418,475.647,-460.783,1.04822,1.03994,0.999694,1.02608,0.846461,-0.220492,-0.0200712,1
9138,1438.74,-3170.81,4152.01,1.12135,1.0056,1.00166,0.966969,1.28851,0.0691154,-0.00776389,1
9139,355.822,-854.343,908.343,1.12166,0.984565,1.01053,1.02566,0.889757,0.12563,-0.0171003,1
9140,6134.08,-3605.31,12977.4,0.943306,1.01021,1.00323,0.979085,1.10458,0.0221733,-0.00452328,1
9141,374.091,982.698,-920.789,0.604298,0.982982,1.00567,1.00675,1.15624,0.201821,0.0100177,1
9142,18586.4,-25218,73586.1,1.38483,0.978781,0.997807,0.990119,0.983454,-0.0220826,0.00204382,1
9143,363.084,943.836,-885.58,0.868828,1.02332,0.984685,0.992998,1.20926,-0.155621,-0.0145706,1
9144,1309.93,3967.13,-3122.5,1.04927,0.973962,1.00174,1.01777,0.669564,-0.118609,-0.00478339,1
9145,246.937,633.332,-606.962,1.39078,1.01592,0.992713,1.01962,1.09908,-0.143851,-0.022812,1
9146,6334.84,18704.3,-6101.46,1.19107,0.986426,0.989578,1.0068,0.882403,0.0201034,0.00585228,1
9147,534.444,-1259.58,1383.04,0.941398,1.00761,0.99822,0.982173,0.978928,0.115414,-0.0128638,1
9148,706.614,1891.32,-1665.56,0.8349,1.01222,0.98153,1.02815,1.15632,-0.118902,-0.00962999,1
9149,72725.8,162687,-87746.8,0.743264,1.00805,1.01234,1.01399,1.0204,0.0177227,0.00105122,1
9150,11531,-13989.2,44538.6,0.850945,1.00729,1.00608,0.980227,0.881986,-0.00764722,0.00707088,1
9151,216.641,-536.834,557.106,0.82256,0.983607,1.00634,0.989694,1.15285,-0.232842,0.0150453,1
9152,2706.81,-5577.69,8886.29,1.21299,0.966109,1.01873,1.02205,1.05248,0.0368011,-0.00707792,1
9153,847.024,-1927.95,2237.53,1.25308,1.02796,1.00712,0.967656,0.777497,0.246274,-0.00383096,1
9154,1081.69,3036.36,-2506.66,1.55234,0.977885,0.992674,0.990041,1.03191,0.204018,0.00340264,1
9155,1584.45,-3490.06,4597.21,0.841319,0.980183,1.00423,1.04171,1.24929,0.0981223,-0.00478988,1
9156,3548.46,8792.55,-4763.63,1.25355,0.99017,0.993944,1.1088,0.54846,-0.0199075,-0.0098612,1
9157,88775.9,-38948.3,115995,1.03339,0.992394,1.00286,1.00246,1.15181,-0.0559442,0.000301163,1
9158,637.27,1714.4,-1528.83,1.23745,0.97407,0.987236,0.984446,1.10983,0.152946,0.00784729,1
9159,861.553,-1945.19,2267.2,1.10042,1.02172,1.01115,0.972915,1.23613,-0.103018,0.00877719,1
9160,6028.93,-3718.81,12783.3,0.944761,1.00644,1.0173,0.983975,1.00011,0.0126992,-0.00797583,1
9161,12098.2,-15123.9,48306.6,0.991909,1.00895,1.01441,0.968312,0.9671,-0.0100835,0.00521165,1
9162,6533.42,20828,-7307.34,0.871814,0.996168,1.00364,0.996811,0.659121,0.0436423,0.00284324,1
9163,183.838,464.998,-450.757,1.01051,0.988165,1.01027,0.95877,0.959006,-0.279682,-0.0150653,1
9164,291.803,763.87,-726.304,0.851736,1.01749,0.999104,0.965389,0.851452,0.203414,0.0133606,1
9165,2109.2,-4271.82,6083.03,1.15883,1.01377,1.00442,0.989427,1.10664,0.0535617,-0.0067379,1
9166,273.639,712.266,-679.527,1.32747,1.02318,1.00228,1.00489,1.1741,0.13149,0.0221375,1
9167,594.806,1570.34,-1414.79,1.26324,0.982677,1.01126,0.979965,1.17836,-0.161847,-0.00787455,1
9168,6929.66,17414.7,-6655.99,1.30367,1.03349,1.00547,0.99889,0.98655,0.0422066,0.00195471,1
9169,73610.2,-57972.2,133947,0.832713,1.01121,1.01931,0.985456,0.741114,0.141773,-0.000156722,1
9170,164.681,-411.71,423.504,1.14214,1.00148,0.992573,0.998641,1.01442,-0.208536,0.0229923,1
9171,640.926,1699.68,-1517.7,0.873794,0.998506,0.99711,0.945578,1.1032,-0.234673,-0.00523854,1
9172,3525.17,-4259.49,8346.13,0.9167,1.00107,1.00042,0.922393,0.703202,-0.0977558,0.0021106,1
9173,6499.28,21044.5,-7405.17,0.79617,0.98403,0.987825,1.02333,1.03981,-0.150921,-0.000846537,1
9174,1611.36,-3453.51,4554.44,0.916781,0.989587,0.999848,0.99567,0.930162,0.141645,-0.00332623,1
9175,877.271,-1963.46,2291.78,1.03588,1.00642,0.999852,1.03758,1.1523,0.067367,-0.0132406,1
9176,3302.32,10573.7,-5575.62,1.05123,1.00741,1.01119,1.03555,1.39288,-0.011045,-0.0199185,1
9177,452.522,1185.14,-1094.7,1.04921,1.02143,0.993728,1.02083,1.09229,-0.102023,-0.0175062,1
9178,1023.98,2900.08,-2413.4,0.865237,1.00617,0.981675,0.977492,1.09266,0.18442,0.00417191,1
9179,632.994,1701.17,-1521.02,0.97308,0.997609,1.00431,1.00225,0.939221,0.104983,0.0115541,1
9180,5719.69,16130.1,-5355.92,0.893136,0.977745,1.00606,0.957958,0.47833,0.0466773,0.00236939,1
9181,1441,3807.96,-2918.04,0.901427,0.980486,1.00327,0.983735,1.04227,-0.129825,-0.00398497,1
9182,1144.73,-2516.58,3064.59,1.05074,1.00822,1.00903,1.00734,1.30563,0.0469046,-0.0143371,1
9183,2657.52,7149.72,-4575.03,1.01823,1.0095,0.987885,1.03122,1.04868,-0.0626124,-0.00448418,1
9184,2143.66,6720.26,-4643.43,1.06073,1.0263,0.997428,0.986902,1.21389,0.0513071,0.00694221,1
9185,1808.23,-3290.62,4653.71,1.06421,0.994693,0.998868,1.04087,0.863464,0.104213,-0.00401933,1
9186,4050.51,11257.9,-6014.23,0.816018,1.01205,0.987957,0.948998,1.04475,-0.0164151,-0.0106878,1
9187,3656.01,9448.54,-4790.42,0.928351,1.01086,0.978463,0.997272,1.10882,-0.0221869,-0.00891784,1
9188,557.693,1465.14,-1328.58,1.30565,0.978957,1.007,0.97755,1.13414,-0.201051,-0.00679064,1
9189,614.26,-1437.63,1600.57,0.864652,1.01246,1.00589,0.978717,1.1849,0.0471373,-0.0271412,1
9190,49706.3,-60187.3,128672,0.883176,0.985498,1.00709,0.979025,0.969625,0.00884528,-0.00336375,1
9191,613.205,1648.15,-1477.04,1.0832,0.991156,0.987563,0.999591,0.882136,0.121735,0.0104501,1
9192,297.758,765.761,-727.732,1.26173,1.0154,1.00717,1.04012,1.21229,-0.18793,-0.0142034,1
9193,1204.49,3235.59,-2591.89,1.11204,0.993788,1.01519,1.00883,1.27098,-0.0696157,-0.00890778,1
9194,648.696,1730.49,-1541.13,1.18072,1.01812,0.987018,1.00666,1.09916,-0.096565,-0.0129106,1
9195,486.666,-1154.47,1256.43,1.15481,1.03779,1.00508,1.05872,0.774319,0.150556,-0.0110635,1
9196,16580.4,83600.3,-24156.7,0.947599,1.02701,0.997511,0.93692,1.24903,0.00487698,0.00914758,1
9197,2935.03,-5915.78,9877.58,1.35731,1.0037,1.00089,0.947345,0.790616,-0.0523827,0.00480753,1
9198,3526.17,-4624.57,9262.54,0.841213,1.01734,0.993584,1.00192,0.920861,0.108364,-0.0019542,1
9199,1761.78,5111.82,-3614.8,0.766146,0.990473,0.994397,0.99533,0.879051,-0.0508008,-0.0083978,1
9200,611.682,1626.66,-1460.76,1.12015,1.00229,1.00351,0.961222,1.10843,-0.109169,-0.0116877,1
9201,408.695,1082.51,-1007.26,1.26088,1.02862,0.988303,1.03648,0.888048,0.228529,0.00866772,1
9202,1956.54,5335.55,-3785.77,1.07523,0.979813,0.967352,1.04625,1.02556,-0.111773,-0.00349834,1
9203,212.736,551.005,-531.148,0.669349,0.967661,0.994338,0.963967,0.994257,0.197088,0.0180912,1
9204,2112.06,5655.08,-3929.73,0.976546,1.05185,1.00018,0.99586,0.621904,0.0248714,0.0148756,1
9205,1392.65,4322.48,-3339.33,1.75758,1.00499,0.997067,1.0363,1.07768,0.137209,0.00398879,1
9206,363.4,953.55,-894.835,1.0293,1.02143,0.991348,0.979945,0.951334,0.11902,0.0186288,1
9207,100164,-21410,96581.9,0.759366,1.01246,1.01033,1.03433,0.970733,0.0020899,-0.00624678,1
9208,4407.99,-7316.78,14570.4,1.15302,0.980917,0.999795,0.988616,0.870144,-0.0386804,0.00412864,1
9209,1511.86,-2939.46,3829.62,1.04455,0.989092,1.00147,0.976717,1.05894,-0.0863596,0.00576519,1
9210,618.438,-1466.47,1635.54,1.27423,0.962755,1.00802,1.04544,1.05012,-0.31741,0.00372189,1
9211,2419.95,-3813.97,6075.4,1.17239,1.00263,0.997856,0.963966,0.792478,-0.0520188,0.00596467,1
9212,860.28,2328.46,-2001.93,1.06018,1.01271,1.01592,1.01671,1.01021,0.0495348,0.0179443,1
9213,160.449,415.659,-404.377,0.901699,1.00945,0.990246,0.961482,1.02295,0.244102,0.0203494,1
9214,241.185,-586.052,610.303,0.807447,1.02527,1.02186,1.01892,0.758363,0.246756,-0.0132867,1
9215,1535.13,-2952.68,3876.49,1.18813,0.98714,0.987314,0.959572,1.1725,-0.0402948,0.0124031,1
9216,761.463,2046.99,-1789.91,0.862229,1.00791,1.0101,0.995407,0.492206,-0.1269,-0.00802142,1
9217,727.245,-1674.48,1904.38,1.03191,1.04868,0.9943,1.02133,1.05861,0.168881,-0.00673282,1
9218,3052.51,-6086.34,10606.5,0.765884,0.999709,0.972536,0.929174,0.817631,-0.165092,0.00151274,1
9219,247.252,627.164,-601.285,1.10765,0.966567,1.0081,0.949045,1.10735,-0.340166,-0.00903164,1
9220,487.901,-1164.17,1268.21,0.903608,0.986817,1.0005,0.998679,0.912213,-0.0766381,0.0205592,1
9221,411.997,1092.4,-1016.2,0.838901,0.995074,0.998332,0.991134,0.706147,0.254124,0.00737116,1
9222,1301.35,-2808.51,3502.5,0.874607,1.00288,1.02051,0.950137,0.956533,-0.0714689,0.00805761,1
9223,5945.68,-7834.11,19164.8,0.672425,0.984214,0.998303,1.06434,1.23532,0.0166256,-0.00832371,1
9224,1139.51,3273.84,-2672.19,0.887329,0.994645,0.987261,1.00795,0.995373,0.18655,0.00361819,1
9225,469.813,1231.96,-1135.32,1.08543,1.00756,1.00539,1.00177,1.0616,-0.121237,-0.0137879,1
9226,3685.67,-4378.16,8037.59,0.75502,0.992869,1.00715,1.0216,0.741523,-0.0929924,0.00207271,1
9227,644.535,-1514.22,1694.76,1.17695,1.00651,1.01491,1.00851,1.15893,-0.128539,0.00923932,1
9228,6730.95,-4379.08,15389.5,0.837307,1.00991,0.996766,0.986671,1.05006,-0.0732344,0.00152166,1
9229,4606.55,-7516.1,15235.3,0.822318,1.01867,1.00727,0.981354,1.34868,-0.116305,0.00132907,1
9230,1068.89,3032.24,-2488.62,1.1559,1.02099,1.00887,1.00875,1.09885,0.0590173,0.0122643,1
9231,1807.63,-3994.8,5574.98,1.10505,1.03007,1.00417,0.973943,0.669265,0.0620042,-0.00696579,1
9232,1960.86,-3673.26,5093.7,0.856212,0.987337,1.00177,0.998138,1.2132,0.233199,-0.00164274,1
9233,112092,83705.9,-37512,1.31097,1.00098,0.994218,0.997813,0.717859,0.0119784,0.000446149,1
9234,139.076,349.84,-341.764,0.697515,0.983044,1.01151,0.968577,1.11824,-0.268127,-0.0206264,1
9235,309.078,-747.807,788.743,1.20977,1.03701,0.998866,1.01382,0.782332,0.242407,-0.0109847,1
9236,3079.22,-6023.91,10068.7,0.792782,1.04569,1.01892,0.979741,1.15747,0.10257,-0.00238174,1
9237,600.339,1615.95,-1452.43,1.22283,1.03968,0.993059,0.991761,0.856189,0.123608,0.0109541,1
9238,6261.57,-3703.98,12502.4,1.30065,0.988619,0.987084,1.00868,0.806853,-0.124297,0.000788724,1
9239,217.75,-528.893,548.879,0.953959,1.05844,0.999572,0.972711,0.82179,0.459496,-0.00846408,1
9240,1263.83,3358.6,-2666.4,0.865356,0.996358,0.996284,0.961776,0.806755,-0.070196,-0.00866154,1
9241,450.41,1186.72,-1096.01,0.954625,0.968128,0.991914,1.00998,0.847335,0.0987256,0.0170927,1
9242,10515,-11899.7,36458.8,1.04826,1.00783,0.980329,1.05586,0.884159,0.0505494,-0.00114568,1
9243,587.7,1576.7,-1418.29,1.03241,1.01955,0.975018,1.01282,0.770197,0.112688,0.0123378,1
9244,667.428,1794.07,-1593.92,1.20861,1.00815,0.998309,1.00875,1.04541,0.0525208,0.0223506,1
9245,340.829,-834.977,885.864,1.28026,0.998862,1.00285,0.969457,0.736483,-0.224035,0.0101358,1
9246,5696.61,15418.4,-5145.13,1.16855,0.990661,1.00058,0.952756,0.829979,0.0540738,0.00187989,1
9247,1101.42,-2489.28,3036.47,1.27321,0.957347,0.99004,1.05308,1.65673,0.31274,-0.00219318,1
9248,427.625,-1043.16,1126.44,0.883166,1.02416,0.964012,1.0157,1.19819,-0.318089,0.00611,1
9249,512.351,-1209.15,1321.25,1.41464,0.963703,1.01942,0.987594,1.09636,0.139064,-0.0103324,1
9250,7382.72,-5659.73,15238.7,1.1036,1.01215,1.00576,0.965018,1.02247,-0.188783,0.000434055,1
9251,87189.8,-40154.1,118420,1.04444,0.986749,0.989466,1.01121,0.996108,-0.00788819,0.00224896,1
9252,5330.51,20568.5,-8552.45,1.02203,0.976889,0.99863,1.04324,0.948957,0.036684,0.00389464,1
9253,480.233,-1154.08,1255.8,1.24608,1.00021,0.993535,0.959568,1.26912,-0.157683,0.010367,1
9254,2679.11,7740.49,-4980.83,1.28343,1.00786,0.999548,0.978111,0.842702,0.0628468,0.00434576,1
9255,3431.18,8656.51,-4673.56,0.91093,0.983758,1.00314,1.02032,0.653853,-0.0228954,-0.00884109,1
9256,1266.8,-2624.44,3268.46,0.894985,0.98458,1.00348,0.99894,1.21486,0.109877,-0.005436,1
9257,539.873,1447.36,-1315.38,1.11261,1.01651,0.992265,0.98973,1.00778,0.248046,0.00592175,1
9258,2164.6,7597.58,-5051.39,0.94949,1.00904,0.990906,1.04271,1.12688,0.189298,0.00182541,1
9259,2312.88,6692.24,-4251.7,0.940499,1.00321,1.00799,1.00411,1.51727,0.0456211,0.00691316,1
9260,37082.4,-56168.5,122035,1.15519,1.02552,0.9938,1.0084,0.939652,0.00403805,-0.00856455,1
9261,5425.65,20772.1,-8559.43,1.26935,0.974364,1.00518,0.998487,0.858676,0.047413,0.00299047,1
9262,365.822,959.425,-900.931,1.08341,0.990654,1.02006,0.991482,0.76205,0.188529,0.0108533,1
9263,5959.9,16103.4,-5134.98,0.845262,1.01083,0.989361,0.945464,1.31529,0.0263477,0.00373488,1
9264,198.553,-485.401,502.065,1.01415,0.951409,1.01132,0.996394,0.884339,0.203194,-0.0183363,1
9265,1049.99,-2379.02,2862.21,1.25479,1.01513,1.00225,0.980783,1.16923,0.252459,-0.00298327,1
9266,117952,22336.6,30869.5,0.646148,1.00418,0.993261,0.96483,1.30094,0.0627411,-6.09442e-05,1
9267,1949.8,-3555.67,4937.36,1.36136,0.995825,1.00385,1.00464,1.13869,0.0734796,-0.0052421,1
9268,2744.62,-4176.29,6613.32,1.1076,1.02273,0.985186,1.01812,0.98034,-0.0425106,0.00658746,1
9269,1197.27,3397.19,-2756.97,1.11846,1.03107,1.00344,0.972057,0.707428,0.0601316,0.0109053,1
9270,8802.36,-8789.34,22915.1,0.85315,1.02465,1.01079,1.01439,0.864815,-0.163748,0.000414195,1
9271,3361.45,11578,-6051.17,0.823883,1.0032,0.992047,0.975663,1.04133,0.0344419,0.00660029,1
9272,1380.72,-3128.04,4001.63,0.980577,1.0006,1.01066,0.974527,0.98227,0.188583,-0.00293174,1
9273,1246.4,3418.5,-2703.09,1.08379,1.00621,0.995146,1.01332,0.941712,0.280591,0.00218586,1
9274,2757.64,-4681.89,7318.27,1.01239,1.00328,0.987775,0.990281,0.991592,-0.0211739,0.0129025,1
9275,4626.82,18105.4,-8396.67,0.938266,1.03316,1.00394,0.931017,1.3015,0.120065,0.00125599,1
9276,900.021,2443.42,-2075.77,1.28146,0.98978,1.00959,0.997437,0.674791,-0.0921582,-0.00912592,1
9277,232.781,604.059,-580.275,0.975975,1.02918,0.993744,1.03639,0.754838,0.145519,0.0239245,1
9278,389.767,-934.255,999.75,1.46786,1.0122,0.995266,1.05367,0.871178,0.119098,-0.0172767,1
9279,559.952,1494.54,-1354.56,0.989281,0.968412,1.00953,1.05477,1.17629,0.151708,0.00868028,1
9280,4408.49,-7388.44,14752.6,1.27866,0.9784,1.00203,1.03775,0.807439,-0.0390609,0.00406192,1
9281,4037.95,-5393.52,9855.46,1.26182,0.994335,0.993802,0.997125,0.821808,-0.121571,0.00146063,1
9282,2202.67,6142,-3999.74,1.14641,0.973979,1.00596,1.06254,1.10801,0.130058,0.00247292,1
9283,1676.45,-3770,5084.16,1.15173,1.00583,1.00241,1.03999,1.11487,-0.166792,0.00270759,1
9284,6898.83,24080.9,-8258.11,0.9323,1.03305,0.982019,1.01907,0.835434,-0.0380034,-0.00333553,1
9285,1766.31,-3926.75,5421.88,1.06857,1.01303,0.985364,0.977827,0.737138,0.0493254,-0.00903601,1
9286,393.15,-953.079,1020.38,0.834777,0.997411,1.00601,0.930184,1.14212,-0.115669,0.016987,1
9287,469.427,-1114.9,1210.02,1.07644,1.02133,0.998807,1.02859,1.07953,0.104514,-0.016384,1
9288,6184.58,15206.6,-5568.29,1.06393,0.976522,0.983847,0.985617,1.0256,-0.00965919,-0.00969623,1
9289,105905,91175.6,-43274.8,0.894247,0.999283,1.00673,1.04459,0.936333,-0.00380777,-0.0016837,1
9290,1537.11,4062.08,-3082.46,1.29428,1.00588,1.00078,1.00483,1.28849,-0.0277419,-0.0178747,1
9291,1207.19,-2756.87,3420.76,1.29339,1.0189,1.0148,0.986625,1.17245,0.0876928,-0.00730149,1
9292,1193.37,-2541.67,3175.74,1.06108,0.992261,1.00854,0.968464,1.05567,-0.152044,0.00414326,1
9293,670.089,-1553.04,1747.28,0.86678,1.03565,1.0022,1.01156,1.04954,0.159081,-0.00759563,1
9294,544.629,1437.02,-1307.28,1.0769,1.00343,1.01574,0.96497,1.06865,-0.142522,-0.00993198,1
9295,358.452,-881.958,938.763,1.28416,1.01223,0.998444,0.976963,0.994629,-0.353738,0.00618974,1
9296,773.246,2086.46,-1817.63,1.04033,1.00614,0.995532,0.985511,1.09185,-0.0680095,-0.014964,1
9297,3468.74,-5110.44,9913.11,0.928131,1.00449,0.992182,0.983163,0.772227,0.0267902,-0.00827077,1
9298,319.172,824.731,-780.288,0.905226,0.98622,0.996926,0.993018,1.06692,-0.130616,-0.0187118,1
9299,108490,84610,-39319.7,0.76271,0.990404,1.00018,0.960955,0.824319,0.153379,3.70937e-05,1
9300,609.61,-1419.33,1577.97,1.43534,1.02082,1.01245,1.02012,0.757017,0.15986,-0.00809174,1
9301,3960.17,-5031.45,9187.7,0.753729,1.00362,1.00541,0.94654,1.00964,-0.078969,0.00229501,1
9302,349.936,903.794,-850.375,0.927043,0.978926,0.996728,1.02457,0.553965,-0.167293,-0.0132303,1
9303,314.535,827.413,-783.259,1.30068,0.9964,0.995985,1.02921,0.534301,0.28567,0.0086347,1
9304,1966.2,-3421.18,4812.12,0.838738,1.00703,0.996382,1.0328,0.897362,0.0560456,-0.00694265,1
9305,1289.77,3813.6,-3035.37,1.32122,0.977655,1.00513,0.946022,1.12143,-0.0613846,-0.00939183,1
9306,620.457,-1462.31,1633.42,0.476585,1.00158,0.982149,0.998654,1.16927,-0.174592,0.00733851,1
9307,1385.27,-2996.62,3897.64,0.707664,0.978942,0.997434,0.953586,1.02278,0.0919257,-0.00594485,1
9308,1567.39,4341.82,-3307.36,0.745595,0.990215,0.992417,0.967228,1.00888,-0.113045,-0.00429845,1
9309,1139.38,-2479.73,3066.45,0.645731,0.977222,1.01136,1.01325,1.08828,-0.321422,0.00199665,1
9310,196.349,510.592,-493.835,1.36016,0.974363,1.01567,0.98481,1.11728,0.297656,0.0126421,1
9311,5833.24,21337.9,-8353.26,1.16505,0.978166,0.994856,1.02825,0.858822,-0.0646971,-0.00213018,1
9312,1959.39,5993.21,-4262.19,0.733811,0.977325,0.990021,0.95605,1.24241,0.0760031,0.00495011,1
9313,2609.3,7933.1,-5134.97,1.01806,0.982374,0.994689,1.04974,0.460711,0.057301,0.00478416,1
9314,142.408,-357.748,366.577,1.51049,0.986846,0.996909,0.97757,0.911619,-0.357166,0.0151096,1
9315,21725.9,104012,-36016.8,1.20704,1.01959,0.994167,1.00081,0.995572,-0.0304886,-0.00131482,1
9316,1577.38,-3256.13,4258.86,1.05769,0.993434,1.00075,0.99006,1.28424,-0.0758411,0.0063159,1
9317,709.819,1899.83,-1677.62,1.01514,0.996577,1.02069,0.967775,1.03449,-0.117018,-0.00910547,1
9318,1546.25,-3197.38,4158.82,0.887938,0.982925,1.00251,1.01265,0.907023,0.0207042,-0.0233669,1
9319,4831.14,19542.6,-8610.27,0.621346,1.00274,0.995027,0.980315,0.926507,0.035159,0.00423079,1
9320,1115.38,-2420.98,2978.44,1.3804,1.0249,0.999022,0.966866,0.840151,0.116868,-0.0061121,1
9321,3516.32,-4234.91,7619.65,0.841713,0.967688,1.01216,0.986956,0.871834,0.0206531,-0.00965185,1
9322,2033.75,6409.39,-4492.78,0.876324,0.997423,0.992869,0.968365,0.94107,0.196794,0.0018589,1
9323,3700.23,-4204.73,8147.76,1.04631,1.0098,0.995648,1.03304,0.841511,-0.085717,0.00229093,1
9324,2940.01,-5524.84,9630.1,1.30666,0.948555,0.995478,0.997618,1.09593,0.0444584,-0.005557,1
9325,7589.96,20371,-7994.71,0.63989,1.04768,1.00811,0.994132,1.20256,0.0107655,0.0069536,1
9326,366.6,946.614,-888.36,0.640607,0.99628,0.998446,1.04586,1.03814,-0.258804,-0.00832191,1
9327,1290.16,-2911.69,3651.22,0.763466,0.977712,0.999661,1.06233,0.901858,-0.167171,0.00345035,1
9328,623.979,-1475.1,1647.27,0.783534,0.997381,0.998447,0.980948,0.947451,-0.221276,0.00559894,1
9329,297.458,-717.327,754.97,1.28147,0.959011,1.00466,1.04417,1.05674,0.210219,-0.0120285,1
9330,2509.99,-4232,6312.94,0.836423,0.987237,1.02795,0.963182,0.984193,-0.0582105,0.00486959,1
9331,2342.24,6032.52,-4014.21,1.08076,0.968515,1.00834,1.01665,0.73917,-0.0505319,-0.00597517,1
9332,812.64,-1828.61,2115.31,0.457187,0.981089,0.993292,0.984397,0.676896,0.243399,-0.00392588,1
9333,2493.74,7763.27,-5125.75,1.32212,0.954603,1.00923,0.989276,0.925783,0.0387902,0.00717995,1
9334,1018.27,2728.58,-2273.79,1.14851,0.978652,1.01453,0.997253,1.11463,0.0299646,0.024127,1
9335,1300.04,3903.86,-3062.34,1.3715,0.97258,1.01907,0.990198,0.790917,-0.0302036,-0.0184044,1
9336,4999.7,-8128.74,17796.2,1.34642,1.01202,1.01403,0.974018,0.990233,-0.00998515,0.014744,1
9337,9528.62,-10309.2,29081.6,1.06724,0.997674,0.988483,1.02277,0.820013,0.0103158,-0.00613158,1
9338,6600.82,-3763.95,13205.9,0.692187,1.01315,0.983976,0.964543,1.17973,0.0585616,-0.00161001,1
9339,890.915,2393.41,-2041.44,0.827915,1.03366,1.00847,1.02308,0.889393,-0.0898525,-0.00989795,1
9340,992.758,-2168.75,2578.44,0.91594,1.01414,1.00946,0.987803,0.815203,0.106397,-0.00737383,1
9341,1811.69,-3203.41,4434.95,1.2028,0.977348,1.00081,0.996921,1.2821,-0.0601004,0.00678033,1
9342,922.8,-2123.25,2502.05,1.31011,1.01528,0.999919,1.01687,1.10086,-0.0694814,0.0122393,1
9343,3601.07,-4183.34,8422.44,0.842295,0.999495,0.980681,0.955849,1.16312,0.0741642,-0.00278177,1
9344,1140.24,-2386.25,2940.21,0.826382,0.96453,1.01158,1.03149,1.00193,-0.122099,0.00521527,1
9345,4450.61,15526,-7752.29,0.918115,1.03163,1.01333,0.972386,0.919814,-0.270604,-0.00057971,1
9346,3060.88,11276.7,-6553.84,1.00614,1.04842,1.00846,0.972084,1.05182,0.0971661,0.00249525,1
9347,773.309,2102.96,-1831.55,0.548915,0.97462,1.00381,0.999758,1.08963,0.172746,0.00557075,1
9348,16360.2,-21567.8,66433.1,1.09164,0.993642,0.988834,1.00985,0.778537,-0.0212466,0.00221521,1
9349,754.224,2051.68,-1793.16,1.27733,0.984649,1.00467,1.03287,0.714442,0.225722,0.00440404,1
9350,888.531,2484.04,-2118.84,1.18495,1.00092,1.00081,0.940885,0.665116,0.145898,0.00592921,1
9351,1302.86,3668.17,-2926.48,0.950145,0.997732,1.0056,0.986237,0.675985,0.041386,0.0139947,1
9352,221.153,-537.892,558.652,1.1505,1.02319,0.996283,0.961468,0.640445,0.285635,-0.0129508,1
9353,1874.44,-3603.72,5142.45,1.13691,1.03201,1.01598,1.01987,1.18055,0.247352,-0.00166679,1
9354,2513.29,-3745.76,6005.9,1.57308,1.01339,0.996418,1.05118,0.806082,0.134696,-0.00224298,1
9355,1607.53,5151.45,-3845.49,0.880163,0.992144,1.01449,1.03062,0.959825,0.0545614,0.00834328,1
9356,4405.67,17270.5,-8193.36,1.01914,0.986049,0.999109,0.953438,0.914572,0.0127571,0.0122319,1
9357,1434.42,-3099.16,4065.22,1.0426,1.00447,1.00227,1.03665,1.00732,-0.0891969,0.00596721,1
9358,7107.67,-5710.96,14529,1.3459,0.971193,1.00456,1.01749,0.922528,-0.156195,0.000538008,1
9359,1784.05,5399.93,-3794.59,0.99453,0.998748,0.988804,0.992966,1.2009,-0.0702787,-0.0060957,1
9360,6756,17039.4,-6575.75,1.07588,1.00156,0.998901,0.931568,0.729268,0.0425263,0.0019968,1
9361,6826.42,-5521.17,17343.3,1.13824,0.976742,0.979213,0.9498,0.91712,-0.0706275,0.00173953,1
9362,2515.32,6683.44,-4362.51,0.787592,0.997125,1.00041,1.02951,1.21187,0.0927171,0.00309855,1
9363,1308.61,3608.37,-2866.65,0.649542,0.989143,0.986572,1.01177,0.967801,-0.0886695,-0.00664196,1
9364,1132.83,-2539.87,3085.47,0.878883,1.00339,1.01876,0.981351,0.638805,0.0632081,-0.0105791,1
9365,825.686,2226.92,-1917.94,0.702406,0.982041,0.98831,0.978407,0.972855,-0.044648,-0.0209711,1
9366,3390.07,-5381.76,10273.8,0.814136,0.986053,0.972984,1.01342,0.833959,-0.0215176,0.0107247,1
9367,641.317,1721.53,-1537.59,0.885616,0.996191,1.01123,0.994453,0.919196,0.0846878,0.0139952,1
9368,111891,7638.48,-1304.52,0.906851,0.988133,1.00282,1.02535,1.1539,-0.00058614,-0.00034592,1
9369,326.403,865.682,-818.1,0.934409,1.00616,1.00989,0.99357,1.27947,0.462186,0.00506108,1
9370,16956.5,79674.8,-24690.1,0.896447,0.986902,1.00733,1.04755,0.653158,0.0396051,0.00111299,1
9371,19500.5,91457.7,-30019.6,0.86574,0.977889,1.01197,0.967458,1.03736,-0.0411709,-0.0010246,1
9372,1250.92,-2545.26,3197.39,0.903894,0.997707,1.00235,0.952467,1.09283,-0.0778426,0.00784805,1
9373,1381.28,3965.9,-3118.83,0.799362,1.01625,0.998056,1.03355,1.18146,-0.0958643,-0.00587822,1
9374,827.511,2275.39,-1963.06,0.876194,1.02026,1.01101,1.03098,1.05893,0.158259,0.00589837,1
9375,921.956,-2083.16,2464.22,1.14354,0.997272,0.99583,0.98894,1.17218,0.0596483,-0.0141732,1
9376,16400.6,-21887.1,66035.9,0.724627,0.996201,0.996722,1.03478,1.00854,-0.0168648,0.00277098,1
9377,81.5292,-205.827,208.674,0.946505,0.997708,1.00327,1.04184,0.820552,-0.313276,0.0302465,1
9378,1093.53,3057.5,-2526.05,1.04769,0.991368,1.00852,1.00063,1.06348,0.110633,0.0061858,1
9379,388.076,1022.68,-955.879,1.19331,1.0075,1.00117,0.981254,0.839215,0.142309,0.0141779,1
9380,466.893,-1108.72,1202.87,1.10849,0.994642,0.99831,1.01042,1.35179,0.147101,-0.0114251,1
9381,844.284,-1930.15,2250.59,0.906613,1.00542,0.985439,1.00595,1.16181,-0.172231,0.00543683,1
9382,500.503,1314.44,-1204.67,1.02304,1.00035,1.00684,1.00276,0.786582,-0.154944,-0.0100386,1
9383,720.163,-1646.23,1868.17,0.730385,0.975742,1.01168,1.00837,1.23978,0.171741,-0.00607847,1
9384,958.046,-2191.52,2593.23,0.985195,0.979747,1.01473,0.963368,1.18789,0.0908778,-0.00857543,1
9385,538.209,1418.29,-1288.37,0.709184,0.969639,0.983553,0.988527,1.2834,-0.131824,-0.0109422,1
9386,1129.61,-2581.91,3161.95,0.945181,0.981962,1.00868,0.996555,0.866437,0.0982497,-0.00676901,1
9387,1927.92,5213.19,-3597.84,0.938333,1.01543,0.9812,0.984014,1.1751,0.0633097,0.00636739,1
9388,791.353,2141.4,-1859.49,0.73945,0.992313,1.0027,0.971554,0.779112,-0.0914528,-0.0106239,1
9389,1289.02,-2758.78,3519.24,0.83414,1.02172,0.991621,1.00014,1.0878,0.154068,-0.00402399,1
9390,713.636,1928.66,-1700.27,1.01082,0.966945,1.01439,1.00329,1.05605,0.0997272,0.0102631,1
9391,153.167,396.863,-386.668,1.05308,1.01212,1.00394,1.00577,0.987303,0.276789,0.0184791,1
9392,219.512,574.095,-552.857,1.21124,1.00414,1.00487,0.958514,0.93928,0.359366,0.00979322,1
9393,96352.6,132458,-69481.9,1.07254,1.00721,1.01522,0.986466,1.20533,0.111207,9.8416e-05,1
9394,3483.92,-6090.87,11399.9,0.828292,1.02906,0.995667,1.0191,0.809568,0.0165788,-0.0138056,1
9395,195.84,-486.285,502.939,0.654459,0.991438,0.995823,1.01308,0.917031,-0.178333,0.0222879,1
9396,239.953,610.829,-586.309,1.27456,0.987777,1.0067,0.99057,1.01004,-0.275181,-0.0117663,1
9397,6899.74,21040.6,-6780.86,0.832503,1.0232,0.994703,1.01561,0.941839,0.0133314,0.00880121,1
9398,862.074,-1941.1,2269.77,1.34776,1.0047,0.985572,0.984797,1.0548,-0.107005,0.00858643,1
9399,161.129,416.302,-405.03,1.09676,1.00682,1.0012,1.0217,1.37578,0.197092,0.0247009,1
9400,288.303,-711.574,748.098,0.85856,1.00044,0.993972,0.991315,0.89536,-0.238258,0.0114241,1
9401,306.507,801.49,-760.414,1.15423,0.997984,1.01716,0.964655,1.08829,0.221958,0.0111374,1
9402,422.668,-1017.89,1096.11,0.821642,0.950581,0.998997,0.996074,0.749891,-0.0695707,0.0251887,1
9403,1221.47,3599.31,-2879.74,1.14689,1.01103,0.995779,0.986746,0.94479,-0.310649,-0.0020794,1
9404,755.432,2034.87,-1782,0.883087,1.0162,1.01459,0.963628,0.680784,-0.0674431,-0.0152267,1
9405,691.889,1847.06,-1634.26,0.738451,0.993028,1.00286,1.01071,0.919693,-0.163656,-0.00682675,1
9406,697.844,1863.87,-1647.98,0.942041,1.0252,1.00568,0.980828,0.96353,-0.134281,-0.00848491,1
9407,2617.79,-3890.53,6154.76,0.938011,1.00231,0.979811,1.00574,0.790792,0.038279,-0.00762896,1
9408,324.896,842.661,-796.602,1.0399,1.04542,0.996597,0.996899,0.9907,-0.188195,-0.0135604,1
9409,2349.09,6212.42,-4166.3,1.05591,0.951185,0.995085,1.00816,1.26288,0.0762933,0.00393354,1
9410,3406.98,9910.77,-5089.38,1.16805,1.01769,1.01304,0.984175,1.14221,-0.211095,-0.00099041,1
9411,2660.19,-4779.02,7309.34,0.775376,0.993844,1.01219,0.993213,0.992944,-0.053799,0.00505864,1
9412,426.478,-1014.08,1093.02,0.795403,0.99771,0.981431,1.02301,1.44861,0.201338,-0.00940492,1
9413,6337.6,15836,-5660.14,0.790443,1.01318,0.995467,0.993725,0.984642,0.125123,0.000727291,1
9414,1736.73,5104.03,-3644.66,0.8761,0.996746,1.01243,0.979186,1.39865,-0.045493,-0.00936269,1
9415,630.113,-1480.8,1655.26,1.02881,1.01477,0.995061,0.990987,1.07765,-0.131892,0.00954182,1
9416,525.393,1375.86,-1254.81,1.00646,1.01819,0.998522,0.999766,1.0625,-0.242305,-0.00631483,1
9417,10504.6,48429.9,-14164.7,1.27834,1.01514,0.994221,0.988796,0.925908,0.0025663,0.0212651,1
9418,239.793,607.24,-582.93,0.978113,1.01994,1.00228,0.983718,1.15415,-0.419808,-0.00806993,1
9419,431.544,1131.18,-1049,1.16726,1.00006,0.996537,0.965482,1.05543,-0.0749948,-0.0243576,1
9420,1337.88,-2659.88,3373.1,1.18515,1.009,0.989395,1.02097,1.02101,0.204851,-0.00288874,1
9421,1924.2,-3779.52,5206.4,0.985375,0.984621,1.00854,1.01707,0.988183,-0.139878,0.00271581,1
9422,618.022,1645.26,-1476.32,0.735995,1.03989,1.00936,1.01356,0.664827,-0.0996587,-0.0130289,1
9423,222.993,569.964,-548.342,0.887145,1.02313,0.980075,0.968345,0.826364,-0.26983,-0.0138714,1
9424,6978.36,-5316.69,17285.1,1.26266,0.992579,0.975316,1.03749,0.863765,0.0249811,-0.00481785,1
9425,330.716,-790.637,836.682,1.21686,0.974315,1.01348,1.00741,1.08191,0.287309,-0.00798009,1
9426,257.145,-636.676,665.351,0.809662,1.03806,1.00682,1.03469,1.27986,-0.241378,0.0128999,1
9427,846.342,-1929.67,2243.05,1.07091,1.02358,1.01383,1.03446,0.733568,-0.108844,0.00843014,1
9428,3336.88,-4260.53,7986.81,0.843481,0.990246,1.02292,1.00107,0.674294,-0.0498112,0.00423723,1
9429,1339.47,-2968.76,3817.91,0.978256,0.976071,1.00816,0.989427,1.0066,-0.110856,0.00496527,1
9430,2200.22,-4431.2,6792,1.22459,0.990005,1.00044,1.01072,0.894415,-0.148658,0.00225519,1
9431,3996.55,-5090.47,9259.43,0.68414,1.01681,1.01655,0.989161,1.21911,-0.0329522,0.00541705,1
9432,6333.91,20053.5,-7111.56,1.13945,0.979153,0.998665,1.00697,0.852995,0.0753997,0.00166292,1
9433,2684.27,-4713.65,7293.29,1.07486,0.990172,0.991767,0.952653,0.886382,-0.176174,0.0015617,1
9434,2164.78,-4654.6,6800.51,0.811443,1.0148,1.00767,1.03965,0.380725,0.0434506,-0.0080251,1
9435,390.905,-952.299,1018.97,1.06369,0.993934,1.01381,1.01464,0.805359,-0.314312,0.00614166,1
9436,97959.7,131393,-68905.6,1.1204,0.99597,0.987371,1.04143,0.828648,0.335708,3.14132e-05,1
9437,3170.77,9916.63,-5270.91,0.916748,0.98582,1.0079,0.97194,0.823176,0.0206262,0.0107263,1
9438,6590.47,16342,-6316.57,1.2964,1.00178,1.00333,0.973312,0.824442,0.0742944,0.00116541,1
9439,1585.86,-3109.67,4092.63,0.904668,0.997412,0.988268,0.987892,1.19255,-0.0501658,0.00970566,1
9440,195.482,496.635,-480.169,0.941955,0.991621,0.980034,0.998342,0.945432,-0.274367,-0.0150952,1
9441,241.795,629.649,-604.008,0.865921,1.0021,1.00383,0.997082,0.886993,0.207182,0.0154962,1
9442,611.027,1621.79,-1454.77,1.21521,1.01544,0.988679,0.999079,1.07442,-0.121952,-0.0108243,1
9443,181.83,-444.553,458.38,1.08236,1.00557,1.01291,1.00754,1.37992,0.264408,-0.016347,1
9444,1127.44,3026.86,-2465.53,1.04188,1.01432,0.990698,1.01222,1.14092,0.0787789,0.00884,1
9445,1928.93,-3423.47,4758.89,1.00589,0.999225,1.00915,0.965267,1.00021,0.122656,-0.00317843,1
9446,1931.73,5139.78,-3564.02,0.626004,1.01684,0.987477,1.02292,0.722362,-0.0630104,-0.0063621,1
9447,1298.69,3794.91,-2974.44,1.18702,1.04381,1.00899,0.969645,1.14398,-0.117947,-0.00517657,1
9448,311.326,813.188,-770.49,0.86901,1.00857,0.997309,1.0341,1.15333,0.115431,0.0219787,1
9449,677.314,-1570.48,1770.66,1.25571,0.99557,0.994773,0.978009,1.10179,0.0711327,-0.016269,1
9450,5088.46,-8089.2,18074.4,1.22583,1.00855,0.999214,1.00167,0.989331,0.027349,-0.00537936,1
9451,114832,-2626.45,78591.6,0.958563,1.02604,1.00185,0.974013,1.13722,-0.00554364,0.001635,1
9452,911.104,-2063.54,2434.07,0.87906,0.99998,1.00739,0.998618,0.837843,-0.257371,0.00324001,1
9453,303.633,782.85,-742.966,1.01167,0.994419,1.00396,1.04385,1.41616,-0.146392,-0.0175432,1
9454,8652.86,-8767.94,22831.4,0.895575,0.994563,1.00611,0.984983,0.899938,-0.010536,0.00656139,1
9455,1570.09,-3134.7,4105.12,0.74042,1.00475,1.00043,0.979516,1.03104,-0.318405,0.00151588,1
9456,74599.1,188263,-104818,0.886908,1.05469,0.999715,1.0323,0.956035,0.0565625,0.000352046,1
9457,1193.68,-2476.67,3096.63,1.16883,0.975842,0.993759,0.983926,0.824334,-0.053889,0.0117545,1
9458,8413.24,-8131.82,21233,1.39014,0.995641,1.0045,0.914722,1.09657,-0.0756436,0.000947945,1
9459,6825.1,-4384.48,13241.4,0.978348,1.00951,0.999409,1.01765,1.30899,0.0108526,-0.0082306,1
9460,718.742,1943.02,-1708.78,1.01659,0.992153,0.995218,0.986562,0.830397,0.0461122,0.0233318,1
9461,23008.8,-31773.6,84246.6,0.847285,0.95061,0.988827,1.02009,1.24734,-0.0182174,0.00230977,1
9462,2407.51,-4245.26,6827.26,1.41984,1.01274,0.991819,0.936697,1.07084,-0.0298456,0.0106756,1
9463,6323.43,-7273.42,18446.5,1.07543,0.986928,1.0282,1.01939,0.938765,-0.00995584,0.0131349,1
9464,570.93,1525.82,-1378.79,0.966881,0.962796,0.996477,1.02751,0.758879,0.151728,0.00861459,1
9465,1297.66,-2955.98,3727.85,0.921344,0.971656,1.00699,1.0343,1.27301,0.0860163,-0.00663113,1
9466,135.525,-331.263,338.999,0.974298,1.00502,0.985449,0.993474,1.24085,0.367385,-0.0164474,1
9467,1538.24,-2939.68,3909.87,0.637626,1.01543,0.999555,0.967483,0.989824,-0.163705,0.00306866,1
9468,395.008,-944.137,1011.25,1.02413,0.964552,1.00045,1.01328,1.04975,0.113635,-0.0168702,1
9469,472.539,-1140.29,1239.71,0.790141,0.990256,0.988963,0.968083,0.555851,-0.255877,0.00644027,1
9470,1601.18,-3615.35,4865.24,1.22553,0.970189,1.0028,0.98635,0.95381,-0.0622429,0.00737238,1
9471,288.647,-710.978,747.525,1.11281,1.00438,0.991424,1.04783,1.01669,-0.199324,0.0137565,1
9472,186.329,473.74,-458.798,0.975075,0.988498,0.984442,0.993939,0.717711,-0.237742,-0.0180851,1
9473,2035.52,6349.02,-4471.22,1.00326,1.00231,1.00504,0.969829,0.592922,0.031296,0.0116416,1
9474,1105.64,3073.15,-2493.95,1.11909,1.01804,0.987613,0.970479,0.928168,0.200062,0.00356605,1
9475,3610.17,-4165.95,8377.28,1.30701,1.00544,0.98903,0.994978,0.605541,0.30269,-0.000679033,1
9476,6097.58,-3611.24,12939.6,1.15962,1.00926,1.00308,1.00833,0.868226,-0.0790358,0.00127849,1
9477,115542,14566.6,-4268.29,0.817617,0.999676,1.00338,0.998792,1.11089,0.04392,1.43649e-05,1
9478,4419.08,15062.8,-7544.76,1.23931,1.03155,0.99578,1.02442,1.40622,-0.01438,-0.011016,1
9479,3333.93,-4493.97,8652.03,1.19059,0.989312,1.00203,0.980721,1.65836,0.0479275,-0.00452568,1
9480,200.335,521.646,-503.845,0.971755,1.00435,0.983227,1.06322,1.00481,0.279438,0.0142584,1
9481,483.599,1263.75,-1160.76,1.43498,1.00347,0.989819,0.99709,1.03542,-0.220192,-0.00752826,1
9482,15203.7,-19922.4,61955.7,0.863689,0.983286,1.00001,0.99211,0.879666,-0.117184,0.000412448,1
9483,680.907,-1594.45,1800.28,0.781191,0.98941,0.992747,0.974424,0.889612,-0.190915,0.00594421,1
9484,823.38,2233.58,-1927.1,1.25026,1.00374,1.00199,1.00178,1.11035,-0.136771,-0.0069186,1
9485,1538.11,4902.62,-3694.03,0.838507,0.960534,0.993766,0.95057,0.972352,0.136875,0.00345763,1
9486,6943.06,-7158.15,20127.4,1.27088,1.00934,0.997283,0.97937,0.881152,0.0130126,-0.00979384,1
9487,1690.39,5420.58,-3999.37,0.922985,1.01624,1.01528,0.982524,0.965148,-0.0829977,-0.00537925,1
9488,215.099,-532.626,552.523,0.551344,0.981724,1.00974,0.969485,1.00974,-0.202156,0.0173604,1
9489,6524.76,-3521.17,13295.4,1.0124,1.02842,0.984972,1.00299,1.34987,0.040178,-0.00237558,1
9490,11824.9,-14244.1,45548.7,1.03782,1.05001,1.00155,1.0235,0.892326,0.0204041,-0.0025855,1
9491,851.199,-1927.38,2238.14,0.893685,0.982828,1.00588,1.01469,1.00628,0.166265,-0.00537856,1
9492,6774.64,16974.9,-6856.19,0.872882,0.979241,0.99516,0.993333,1.00402,-0.0084326,-0.0099562,1
9493,6774.69,-4811.11,13115.8,0.85108,0.979055,1.00252,1.03732,0.825918,0.0134921,-0.00658606,1
9494,1988.46,-3460.82,4856.01,0.857387,1.00995,1.00655,0.978392,0.5168,0.329942,-0.00116969,1
9495,2378.12,6200.05,-4041.12,1.18838,0.988066,1.009,0.948445,1.01984,0.0680527,0.00442866,1
9496,1075.29,2916.25,-2400.72,0.702739,0.990646,0.992142,0.958191,1.15253,0.238968,0.00296456,1
9497,3275.6,10137.9,-5287.7,0.847025,1.00553,1.00509,1.03657,0.827663,0.103599,0.00208546,1
9498,7186.6,-7381.61,20786.4,0.65476,1.0365,1.01036,0.984163,1.02843,0.0899672,-0.00138287,1
9499,1181.53,3530.61,-2821.16,1.21422,0.989063,0.977494,1.01197,1.19159,0.240582,0.00271549,1
9500,646.093,1741.79,-1551.9,0.599527,0.965266,0.994644,1.02861,1.16627,0.21066,0.00548635,1
9501,9595.94,-10904.7,30319.4,0.843227,1.00724,1.01345,0.991847,1.30392,-0.0933555,0.00066138,1
9502,3289.72,-5412.6,9930.3,1.11191,0.996871,1.01818,0.9682,0.937075,0.0878253,-0.00259602,1
9503,218.421,555.058,-534.803,1.21889,0.978638,1.00836,1.01749,0.937696,-0.21122,-0.0165963,1
9504,840.265,2298.87,-1974.36,0.875032,1.01112,0.974487,0.989444,1.1286,-0.0792315,-0.0122007,1
9505,6212.61,-3681.83,13222,1.09088,1.02328,1.01419,1.0216,1.14064,0.00870004,-0.0116125,1
9506,650.147,-1532.18,1718.72,0.927989,0.984834,1.00701,0.923329,1.27457,-0.292167,0.00396009,1
9507,10734.1,49529.3,-14329.7,1.06842,1.00889,0.985224,1.02387,0.929841,0.00460662,0.0117297,1
9508,804.748,2183.54,-1892.6,1.3322,1.00403,1.00588,1.00133,0.960742,-0.0865529,-0.0111133,1
9509,893.595,2424.26,-2070.37,0.537575,0.975149,1.01539,1.01354,0.753895,0.124677,0.00656601,1
9510,100436,-40476.5,122572,1.26836,1.04056,0.999445,1.06929,0.680097,-0.01194,0.00128114,1
9511,6155.56,17953.2,-6015.98,0.992469,0.983945,1.00732,0.969032,1.21563,0.0143262,0.00812961,1
9512,1313.67,-2652.08,3342.29,1.04979,1.0093,1.00122,0.977475,0.782877,0.0417978,-0.01414,1
9513,680.605,-1584.95,1785.39,1.25825,0.979747,1.01838,0.967552,1.32947,-0.109346,0.00995603,1
9514,169.159,-423.899,436.281,0.874058,1.01275,1.00407,0.948438,1.29757,-0.261206,0.0177639,1
9515,368.234,964.586,-904.711,0.948157,0.984392,1.00406,1.00105,0.801194,0.139725,0.0147975,1
9516,310.626,-749.389,790.487,0.845787,1.01063,0.999923,1.06375,0.681444,0.205218,-0.0125454,1
9517,6558,-3846.08,14418.3,0.907262,1.01611,0.996117,0.988294,0.771926,0.00920515,-0.0116168,1
9518,1608.48,4773.3,-3610.82,1.14389,1.00496,1.00055,0.981703,0.602514,0.196653,0.00238056,1
9519,729.006,-1664.61,1893,0.727914,1.02798,1.00038,0.969528,0.696496,0.328651,-0.00338382,1
9520,34609.5,-53480.7,119307,0.839977,1.02325,0.986513,0.964663,0.917947,0.0180173,-0.00199238,1
9521,1436.23,4471.04,-3422.54,1.1418,1.01804,1.00158,0.978649,0.906865,0.0264881,0.0203056,1
9522,516.398,1354.92,-1237.63,1.09048,1.00085,0.996841,1.01651,0.885003,-0.20071,-0.00762661,1
9523,639.064,-1476.57,1651.13,1.06098,1.01674,1.00539,0.980925,0.825125,0.252136,-0.00493818,1
9524,13053.3,-16508.9,53135.3,1.00534,1.00625,1.00273,0.997177,1.32921,0.13954,-0.000365415,1
9525,864.091,-1972.05,2299.74,0.655983,1.02895,0.995237,0.985627,1.14007,0.185551,-0.00505077,1
9526,1842.5,-4015.84,5688.44,1.31664,1.03061,0.992559,0.973714,1.14643,-0.0483017,0.00886388,1
9527,741.412,2011.82,-1758.9,1.14739,1.01274,0.977474,1.05314,1.20818,0.144109,0.00752336,1
9528,2057.64,7115.16,-4830.38,1.09129,0.98394,1.01192,0.998545,0.838497,-0.0775685,-0.00452174,1
9529,1270.26,-2720.44,3378.99,1.20307,0.984339,1.01385,1.00638,1.19555,0.115522,-0.0050828,1
9530,742.291,2005.74,-1758.91,0.917375,0.979699,1.01338,1.00334,1.16927,0.102376,0.00975774,1
9531,820.284,2229.54,-1923.18,0.931466,0.992968,0.997526,1.02282,1.1014,0.136059,0.0068605,1
9532,3250.79,10186.5,-5299.88,0.842764,0.991296,0.994367,0.99038,0.939808,0.0740164,0.0029725,1
9533,1529.06,4872.2,-3699.03,0.68566,0.978338,1.02313,1.02631,0.802732,0.266438,0.00173813,1
9534,124637,13569.6,48577.7,0.819662,1.03905,1.00259,0.961292,0.928247,-0.0455458,0.000109714,1
9535,680.347,1833.05,-1624.74,1.08732,1.01219,0.998976,1.00511,0.833827,0.0883072,0.0130591,1
9536,3936.12,11373,-6268.57,1.30493,0.992344,1.00376,1.02197,0.940179,0.0227637,0.0076503,1
9537,2590.25,8658.73,-5552.74,0.916783,0.964992,1.00709,1.03299,0.766653,0.0741313,0.00362979,1
9538,11160.7,52022.8,-14906.7,0.93675,0.955579,0.999083,0.967004,0.755199,-0.0520873,-0.00103827,1
9539,3387.96,-4312.13,8288.67,1.21465,0.995382,1.00515,1.02464,0.657735,-0.212784,0.00099156,1
9540,6188.76,-3620.69,13286,1.10141,1.00387,0.997908,0.987169,1.28637,0.0230768,-0.00450675,1
9541,651.119,-1510.28,1693.21,0.906577,1.01531,1.00184,0.958892,0.804161,0.129639,-0.00941377,1
9542,558.692,-1311.79,1448.78,0.905405,0.980949,0.9827,1.04451,0.787424,0.0988117,-0.0142482,1
9543,6401.2,-3809.83,12471.5,1.26611,0.988873,0.98641,1.03326,1.10235,-0.00972386,0.00986072,1
9544,4921.95,19955.7,-8636.12,0.784574,0.988793,0.993607,0.994045,0.762679,0.169919,0.000868747,1
9545,489.247,-1157.05,1260.77,0.693649,1.02064,0.991935,1.05179,0.825442,0.147936,-0.0112104,1
9546,2502.61,6751.72,-4458.77,1.2173,0.992346,1.01084,1.03579,1.17223,-0.0189176,-0.015058,1
9547,396.14,1047.23,-976.647,1.13857,0.995272,0.98811,1.0024,0.986228,0.193243,0.0102541,1
9548,317.761,-778.808,822.077,0.945135,0.987523,1.02681,1.00103,0.913626,-0.224998,0.0103501,1
9549,1542.33,-2968.95,3865.12,0.827406,1.00736,1.02237,0.975399,0.853133,0.164152,-0.00297539,1
9550,28005.9,118812,-47620.4,0.803299,0.962576,1.00366,0.936684,1.01195,-0.0140592,-0.00259771,1
9551,1161.48,3386.23,-2755.67,0.653957,1.00685,1.00934,1.01682,0.915834,-0.0375373,-0.0175005,1
9552,1402.95,-3166.16,4099.1,0.928556,0.994605,0.98961,1.0432,1.12415,0.0744591,-0.00741008,1
9553,4479.13,17619.1,-8285.47,1.31653,0.987494,1.00094,1.0313,0.671672,-0.034644,-0.00444265,1
9554,18221.5,-24351.5,73306.2,1.14188,0.997782,0.978917,1.00164,1.12937,0.204743,-0.000222591,1
9555,310.132,-759.459,801.497,0.898001,1.02987,0.993355,1.01679,1.45316,-0.12007,0.0218029,1
9556,331.608,-797.772,844.93,1.17204,1.0084,0.992679,1.04639,1.20418,0.204715,-0.0118655,1
9557,6795.4,-7966.36,21906.7,0.740786,1.0316,0.974951,1.00398,1.29177,-0.0265188,0.00495851,1
9558,4220.42,15947,-7928.34,1.01157,0.981125,1.00654,0.965087,1.25254,0.0939003,0.00169823,1
9559,297.125,-721.049,758.768,0.85241,1.02759,1.00407,0.97886,0.75389,0.121724,-0.0223082,1
9560,1259.31,3376.65,-2701.29,0.947758,0.998278,1.00767,0.990518,1.22467,0.0729665,0.00819172,1
9561,2778.3,9521.64,-5869.52,0.999974,0.992276,0.997376,1.04631,0.976767,-0.210953,-0.00123459,1
9562,3662.14,-4327.03,7965.79,1.04137,0.98748,1.00697,0.990103,1.08926,0.0301253,-0.00646121,1
9563,420.352,1097.95,-1020.03,1.52199,0.996137,0.99183,1.00496,1.11655,-0.12481,-0.0150877,1
9564,3146.62,-4815.96,8876.7,1.10422,0.971825,1.00667,1.01784,0.927103,-0.0146515,0.0155092,1
9565,618.281,1657.63,-1484.88,1.00111,0.993805,0.992054,0.972512,0.792883,0.0482741,0.0261402,1
9566,616.581,1643.2,-1472.42,1.00397,1.02504,0.990078,0.996116,1.35083,-0.088221,-0.014917,1
9567,4600.61,17943.9,-8333.99,0.700196,1.01578,0.998019,1.02569,0.901779,-0.0591514,-0.002563,1
9568,3364.23,-5985.84,11013.2,1.19751,1.01852,1.00756,0.982572,1.36976,-0.195159,0.00117747,1
9569,6413.24,-4080.29,12420.9,1.39204,0.976385,0.996201,0.991105,1.33949,-0.00956164,0.00992088,1
9570,2130.04,6631.48,-4324.29,0.723225,0.964604,0.99662,0.992115,0.923776,0.0836541,0.00401848,1
9571,815.869,-1856.89,2148.08,1.04751,0.976564,0.995732,0.987772,1.08306,-0.103236,0.00901528,1
9572,168.922,436.948,-424.51,0.643316,0.98781,1.00146,0.978334,0.936101,0.291413,0.0155533,1
9573,318.928,833.154,-788.027,0.670436,0.974287,0.993509,1.03034,1.14796,0.190677,0.0125472,1
9574,898.167,2445.73,-2077.28,1.36339,0.987509,1.00598,0.985378,0.702552,-0.0665216,-0.0126907,1
9575,300.695,771.189,-732.279,0.958866,0.985835,1.00441,1.02342,0.720236,-0.231242,-0.0111474,1
9576,2869.94,10865,-6301.41,0.905126,0.979446,0.991307,1.03281,0.717492,-0.0845989,-0.00296599,1
9577,1223.49,-2558.36,3221.89,0.701834,0.991277,0.992531,0.992736,1.10765,-0.0552229,0.0113841,1
9578,1336.13,-2825.66,3555.65,0.97807,1.00918,1.00193,0.985769,1.05615,-0.122324,0.00471052,1
9579,183.323,-455.432,469.945,0.765893,0.992227,1.00086,1.01483,0.701576,-0.172886,0.0244215,1
9580,3432.68,10204.1,-5101.16,0.862301,1.00814,0.98711,0.973754,1.12899,-0.238397,-0.000889819,1
9581,178.748,-447.288,461.137,0.992607,0.999285,1.00791,1.005,0.704266,-0.331344,0.0129581,1
9582,3392.66,-4503.95,8740.07,1.09888,1.00802,1.00299,1.06155,1.03647,-0.304973,0.000694345,1
9583,3272.25,-6192.26,11153.3,0.752169,1.02023,1.0016,0.998117,1.17003,-0.0440949,0.00534174,1
9584,8358.57,27058.7,-9975.13,1.24051,0.99717,0.977968,1.01034,1.11179,-0.136676,-0.000497739,1
9585,432.276,-1047.36,1130.25,1.00035,1.00402,0.98593,1.03317,0.758568,-0.240085,0.00764619,1
9586,258.555,-627.975,656.593,1.01426,0.989755,0.994019,1.01704,0.727615,0.204513,-0.0149433,1
9587,1127.02,3022.47,-2466.8,1.10263,1.01785,0.999531,0.978709,1.04023,0.0407822,0.0169908,1
9588,569.187,-1337.6,1476.78,0.841716,1.00112,1.01224,1.02678,0.974348,0.0871589,-0.0155528,1
9589,1597.88,4473.23,-3401.77,1.12668,1.00868,1.00646,0.944374,0.973825,-0.0430198,-0.0110553,1
9590,6499.35,-3890.39,12945.7,0.603019,1.02553,1.00996,1.01471,0.872344,0.0135351,-0.0069181,1
9591,2383.64,6270.07,-4011.37,1.27225,0.992015,0.997161,1.01651,1.01888,0.02357,0.0129761,1
9592,577.53,-1371.94,1519.83,0.782514,1.01603,0.988709,1.04705,1.13821,-0.253456,0.00544448,1
9593,1167.24,3434.68,-2771.44,0.736507,0.994714,1.00093,1.02316,1.07508,-0.0611986,-0.0106721,1
9594,62193.1,-53469.8,124640,0.824394,0.959677,0.998611,0.992608,0.722297,0.00599306,-0.00419084,1
9595,248.367,-603.241,629.535,0.892833,0.9989,0.993895,1.00224,0.775235,0.242132,-0.0132905,1
9596,4123.43,12159.2,-6499.92,0.956903,1.00928,0.999325,0.974003,0.871771,-0.201474,-0.00084589,1
9597,107630,126179,-63862.7,0.81302,1.01405,1.00425,0.915943,1.05437,-0.00567679,-0.00155125,1
9598,34185.9,-51721.9,116346,0.941679,1.01334,0.991651,0.98642,1.03956,0.206914,-0.000174098,1
9599,294.841,-729.284,767.592,0.95231,0.966206,0.99958,0.988514,0.863762,-0.354829,0.00713556,1
9600,493.309,1317.98,-1208.78,0.821274,0.956588,1.01426,1.00548,0.836257,0.233184,0.00627381,1
9601,442.546,-1047.31,1132,0.903916,0.99744,0.982713,1.02443,1.00159,0.263191,-0.00693392,1
9602,1277.05,3867.82,-3064.65,0.938708,0.965732,0.998328,1.0017,0.839557,0.0662953,0.00867763,1
9603,814.419,-1879.01,2174.01,0.903671,1.00391,0.994197,1.01772,1.21903,-0.178305,0.00537314,1
9604,410.192,1087.7,-1011.98,1.09523,1.03752,0.991682,0.979652,0.736587,0.183593,0.0108193,1
9605,333.88,-816.56,864.544,1.31927,1.02844,1.01598,1.00086,1.08072,-0.153088,0.0153706,1
9606,1454.5,4372.63,-3324.59,0.966442,1.02404,1.01895,0.983524,0.850542,-0.0355248,-0.0147296,1
9607,1298.18,-2692.62,3367.51,1.32102,0.999393,1.0073,1.00248,1.01353,0.0537722,-0.0109208,1
9608,2717.87,8543.88,-5380.07,0.576162,0.988345,0.979818,0.952537,1.12918,0.0585791,0.00462099,1
9609,878.8,-1976.04,2318.62,1.3368,1.01942,0.987762,1.01707,1.26512,-0.0856292,0.0106442,1
9610,1328.99,3537.35,-2773.32,0.498709,1.03397,1.00679,1.01408,1.00931,-0.09868,-0.00598589,1
9611,779.041,2114.7,-1837.79,1.09352,0.974649,0.994134,0.961077,1.07144,0.0725091,0.0134223,1
9612,743.872,2025.47,-1776.44,1.12827,1.0145,1.01371,1.05277,1.39646,0.218519,0.00470429,1
9613,698.918,-1611.93,1821.93,1.53682,1.00837,1.0086,0.981635,0.796458,0.138598,-0.00806519,1
9614,538.843,1424.28,-1295.65,1.2586,1.00276,0.998466,1.01597,0.919387,-0.0814279,-0.0179129,1
9615,445.514,1158.41,-1072.2,0.902962,1.0049,1.00275,1.02478,0.758688,-0.254231,-0.00697942,1
9616,162.946,-398.63,409.726,1.00282,1.0029,1.009,1.00757,1.0847,0.296062,-0.0163574,1
9617,96690.4,118823,-60165.6,0.791497,0.995003,1.01705,1.03695,1.2159,0.0027141,0.00343429,1
9618,1156.08,3402.6,-2750.93,0.919149,0.985717,0.99166,1.00199,1.07757,-0.0658665,-0.0100539,1
9619,571.28,-1331.23,1471.94,1.14396,0.978241,1.00038,1.04142,1.09835,0.195436,-0.00688192,1
9620,555.747,1484.47,-1346.03,0.671948,1.00227,1.00117,0.986617,1.00915,0.106554,0.0131147,1
9621,266.229,678.009,-647.85,0.98007,1.0192,1.00272,0.994197,0.855939,-0.343065,-0.00885066,1
9622,268.291,700.612,-668.743,0.719373,0.988224,0.997491,0.975536,1.26538,0.258019,0.0111182,1
9623,626.776,1667.05,-1491.16,1.07207,1.00012,0.987754,1.01344,1.17066,-0.109575,-0.0115661,1
9624,334.666,876.643,-826.812,1.09511,0.996271,0.989559,1.04641,1.11554,0.126115,0.0186524,1
9625,1283.95,-2585.2,3278.95,1.23568,1.01199,0.99967,1.03622,0.540999,0.136996,-0.00444486,1
9626,3760.51,-4629.63,8406.16,1.3538,0.970431,0.988903,1.00403,0.782496,0.0627288,-0.00303849,1
9627,1511.59,-2870.71,3810.54,0.775,0.996572,0.989689,0.987145,1.05646,0.0809714,-0.00633607,1
9628,1785.43,-3131.72,4343.62,1.14193,0.96652,0.996766,0.957733,0.899294,0.180869,-0.00230021,1
9629,584.328,-1377.03,1525.13,0.948075,1.02516,1.00543,1.0396,0.97717,-0.0657755,0.020615,1
9630,570.696,1520.82,-1377.33,1.23106,1.02397,1.01779,1.03036,1.32308,0.0768208,0.0177135,1
9631,1384.39,3775.24,-2905.91,1.06896,0.977714,1.01112,1.03943,0.793009,-0.126102,-0.00420816,1
9632,264.162,-649.952,680.046,1.04029,0.985516,1.01083,0.999802,1.00206,-0.195861,0.0146186,1
9633,1089.18,3117.85,-2567.7,1.05097,0.967959,0.999254,0.953152,0.810657,-0.138399,-0.00496176,1
9634,438.671,-1063.35,1149.11,0.931757,0.99122,0.986119,0.933153,0.940253,-0.242298,0.00737466,1
9635,2526.29,6953.81,-4591.07,1.20655,0.996364,1.01344,1.03208,0.808957,0.0612934,0.00458801,1
9636,2029.47,5394.16,-3705.33,0.853064,1.04783,0.99272,1.03705,1.00114,0.162024,0.00237595,1
9637,3305.41,12069.9,-6439.8,1.10805,1.00818,0.994325,0.968105,0.882555,-0.0157986,-0.0147398,1
9638,925.651,2518.7,-2125.82,1.20799,0.996211,0.998221,1.009,0.914923,-0.110573,-0.00755993,1
9639,385.465,1020.12,-954.011,0.83224,1.01535,1.00351,0.984251,0.963814,0.25169,0.00807325,1
9640,4656.21,-7737.36,16102.8,0.897922,0.993529,1.00611,0.980739,1.06524,0.132749,-0.00115925,1
9641,3497.53,-4923.94,9655.1,0.960848,1.01328,1.00174,0.937594,0.947636,0.0404772,-0.00534412,1
9642,3523.31,8888.95,-4896.91,0.905244,0.972605,0.997578,0.925977,0.820875,0.0624838,0.00315263,1
9643,1630.14,-3587.09,4760.65,0.927877,0.994771,1.00561,1.00735,0.947856,0.0762023,-0.00607569,1
9644,598.391,1582.66,-1424.47,0.935611,0.995668,1.00076,1.00906,1.18329,-0.193374,-0.00674331,1
9645,2145.44,7080.31,-4853.28,0.970231,1.02692,1.00566,1.04898,1.27552,0.131565,0.00265611,1
9646,1503.9,4607.11,-3438.42,1.0288,1.02027,0.982319,0.990781,0.99137,0.0484416,0.0108615,1
9647,3575.57,-5275.57,10326.1,1.13547,1.02332,0.995104,1.01724,1.32029,-0.0264138,0.00827856,1
9648,5231.46,-8233.51,18717.4,0.95052,1.00929,1.0049,0.935362,0.97121,0.0212886,-0.00684071,1
9649,1434.01,4121.57,-3119.8,1.01815,0.992477,0.992545,0.977977,1.18655,0.0590773,0.00897436,1
9650,2050.31,-4486.3,6549.6,0.899186,0.966278,0.989608,1.03004,0.840184,0.0575387,-0.0062533,1
9651,4066.49,12931.7,-6868,0.919671,0.982429,0.991922,0.978066,1.1746,-0.0264355,-0.00642206,1
9652,6076.09,-3614.49,13019.6,0.939804,0.993775,0.995486,0.990002,0.906756,-0.0126013,0.0083034,1
9653,485.438,-1154.86,1256.87,0.583032,0.991651,1.00508,0.927871,1.00799,0.057681,-0.0276047,1
9654,23500.1,-34056.7,89530.7,0.957713,0.99827,0.990296,1.01454,1.07443,0.00633923,-0.00651034,1
9655,91799.1,154831,-81833.2,1.13949,0.993212,0.992695,0.922953,1.15528,0.0366995,0.000363117,1
9656,1003.63,2785.05,-2311.84,1.40475,0.98354,1.00521,0.977665,1.1596,0.243515,0.0030418,1
9657,344.723,891.147,-839.342,1.0412,0.988213,0.99641,1.00796,0.903949,-0.187437,-0.0121265,1
9658,874.299,-1961.48,2294.61,0.446388,0.973145,1.00908,1.03106,1.17753,-0.104047,0.00814393,1
9659,94601,-27977.1,105009,0.712131,0.997712,1.00169,1.0397,0.952735,-0.0205929,0.000712748,1
9660,728.438,1975.72,-1735.35,0.792256,1.00204,0.999543,0.984208,0.979338,0.10896,0.00975848,1
9661,6596.84,-4054.7,12763.4,1.03195,1.01618,1.01623,1.02749,0.825869,0.364361,-0.00025248,1
9662,5615.88,21093.3,-8618.38,1.18408,0.991309,1.01387,1.04014,1.05312,0.0457135,0.00302426,1
9663,630.648,1693.35,-1514.61,0.664629,1.0116,0.998822,1.01916,0.726954,0.109659,0.0113426,1
9664,2487.68,-3919.36,6331.95,1.09691,1.01945,1.00075,0.993576,0.816813,0.268327,-0.00114966,1
9665,105727,-18352.6,95562.9,1.12968,1.02328,1.00457,1.02668,1.2769,-0.00659667,0.00184414,1
9666,537.931,1436.02,-1307.46,0.975851,1.00932,1.01476,0.976933,0.908296,0.138436,0.0103073,1
9667,1528.02,-2880.79,3826.83,1.04403,1.0048,0.995112,1.02784,1.03845,0.125979,-0.00403176,1
9668,1651.4,-3439.09,4550.96,1.28631,1.00691,1.00171,1.03794,0.855798,0.225707,-0.00206917,1
9669,1888.73,5030.07,-3534.37,1.44139,1.01779,1.00358,1.03753,0.506882,0.0444355,0.0090046,1
9670,560.417,-1314.56,1449.13,1.16785,0.991047,1.01582,1.03646,0.763898,0.0967303,-0.0140207,1
9671,6915.61,24107.3,-8401.78,1.19491,1.04345,1.00174,0.99217,1.11568,0.075878,0.00164582,1
9672,2943.72,-5475.32,8879.74,0.733573,1.01933,0.993852,0.984526,0.934127,0.0671529,-0.0038369,1
9673,3550.1,-4243.8,8318.31,0.956516,1.01377,1.00862,1.01958,1.06698,0.0833217,-0.00245214,1
9674,576.208,1547.5,-1398.73,0.730358,1.01384,1.00842,0.94891,1.01621,0.187527,0.00717911,1
9675,327.689,860.428,-813.27,1.01417,1.01025,1.01365,0.947407,0.786448,0.193279,0.012187,1
9676,125632,28714.4,-9815.03,0.808861,1.03438,0.997924,1.00626,1.01727,0.000218667,0.00687199,1
9677,45608.7,153772,-76576.5,0.803822,0.981934,0.999417,0.926122,1.36565,-0.00202571,-0.0139855,1
9678,105081,8596.62,57774.5,0.806265,0.991692,1.01102,1.04714,0.852742,0.0511944,-0.000149621,1
9679,836.122,2241.92,-1932.93,0.948686,0.971415,0.998811,0.969381,1.14079,-0.348463,-0.00261901,1
9680,4469.13,17932.3,-8359.03,0.825623,0.965257,1.0061,0.960227,1.09419,0.0619155,0.00249611,1
9681,107286,78780,-34269.9,0.822209,0.9805,0.994378,0.994359,1.30524,-0.059161,-8.6952e-05,1
9682,2128.49,7476.97,-4956.16,1.04216,0.993348,1.00115,0.981136,1.21722,0.0981456,0.00350752,1
9683,6928.08,17504.5,-6952.14,0.997976,1.02984,1.02309,0.977975,1.02062,0.0723504,0.00112451,1
9684,119061,3198.69,495.23,1.03067,1.01615,1.01365,0.964485,1.11155,0.0114795,-4.60792e-06,1
9685,416.199,-992.647,1067.26,1.74052,1.02078,0.997379,0.982751,0.685912,0.181406,-0.0107113,1
9686,5856.7,18451.3,-6957.35,1.18128,0.944587,1.00907,0.987002,1.42291,0.0222277,0.00581833,1
9687,177.572,-440.363,453.805,1.06562,0.993436,1.01412,1.00315,1.38041,-0.145353,0.0295256,1
9688,1026.27,2846.51,-2350.15,0.763006,0.987133,0.997452,0.977785,1.20213,0.0433475,0.0170959,1
9689,672.38,1784.11,-1584.18,0.683136,1.00321,0.997526,0.99062,0.79461,-0.248706,-0.00472659,1
9690,1287.71,-2634.28,3287.31,0.882823,0.998915,1.01317,1.01086,1.42993,0.216078,-0.00273441,1
9691,410.919,1086.04,-1009.76,0.879402,0.989716,0.980799,1.00762,0.846344,0.152648,0.0125823,1
9692,7324.45,-5542.51,15022,1.01569,0.988984,0.990544,0.961697,0.965132,0.0548349,-0.0015234,1
9693,2067.5,7147.99,-4843.58,1.03769,0.98394,1.0007,1.03634,0.657981,-0.0360083,-0.00979397,1
9694,6013.54,-4016.46,13367.8,1.31316,0.97088,0.99934,1.02464,0.876729,-0.140215,0.000803712,1
9695,3659.42,9231.2,-4883.96,1.07968,1.02045,1.01138,0.999411,1.15328,-0.0883059,-0.00218146,1
9696,2367.88,-3676.51,5759.54,1.02844,0.988842,1.00204,1.01889,0.975096,0.0884942,-0.00352309,1
9697,782.428,2116.22,-1842.81,1.03059,1.01032,1.00866,0.933536,1.05183,-0.0569248,-0.0174437,1
9698,3252.78,-4368.5,8211.76,0.859875,0.977981,1.00664,1.04164,0.788509,-0.0720222,0.00302744,1
9699,526.805,1412.54,-1286.53,1.15887,0.979761,0.997115,0.990161,1.5835,0.336281,0.00426405,1
9700,49595.5,166427,-85909.4,1.02301,1.02341,0.976987,1.00787,1.2561,-0.118793,-0.00023235,1
9701,4582.05,-7792.1,16192.5,1.23248,0.960041,1.01353,1.00622,0.908628,-0.082098,0.00187947,1
9702,1389.2,-2796.5,3641.05,1.26214,0.973242,1.00096,0.984999,0.811267,-0.125153,0.00426249,1
9703,382.891,987.358,-924.072,1.20206,1.02152,1.00159,1.03094,1.0649,-0.298816,-0.00705824,1
9704,3881.41,-4687.61,8602.78,1.14575,1.011,1.01398,1.01407,0.821398,0.115826,-0.00159295,1
9705,5461.61,15008.7,-5008.9,0.980286,0.965577,0.992033,0.972688,1.24173,-0.0815923,-0.00130669,1
9706,1043.2,3014.51,-2492.22,0.976385,1.00797,0.987373,1.01146,0.60745,0.104691,0.00718485,1
9707,736.703,1980.78,-1735.74,0.750577,0.985042,0.990488,0.987984,0.786033,-0.116794,-0.00903478,1
9708,342.198,881.492,-830.954,1.13498,0.994737,1.00285,0.988428,1.16862,-0.271361,-0.0084532,1
9709,2002.95,-4085.45,5726.04,1.23953,0.98676,1.00227,0.987898,0.87294,0.035177,-0.0105582,1
9710,626.599,1667.09,-1490.13,0.86855,0.971584,0.987611,0.982369,0.72288,-0.0908138,-0.0135425,1
9711,2436.61,-3886.86,5822.23,0.940864,0.972333,1.01122,1.0265,1.31163,0.0678275,-0.00434678,1
9712,3687.98,-4991,8728.97,1.16709,0.950635,1.00211,0.931767,0.832093,-0.215709,0.000874252,1
9713,2984.19,10833.9,-6130.49,0.963753,0.980176,1.01552,1.02704,1.00258,0.0976798,0.00244464,1
9714,3547.21,-4169.01,7984.07,0.831917,0.991442,0.995823,0.981124,1.02245,-0.262171,0.000773071,1
9715,9690.78,43532.3,-13330.1,1.23398,0.958931,0.99977,1.00065,0.873046,0.00857734,0.00671596,1
9716,6535.43,-3811.12,13436.2,1.12027,1.0369,1.00407,0.971263,1.15091,-0.205048,0.000457383,1
9717,3804.62,-4548.63,8372.29,0.699891,1.00195,1.00567,1.01531,1.26633,-0.0296407,0.00634797,1
9718,1887.45,-3303.94,4626.85,0.85034,0.993261,0.995994,0.975822,0.962859,-0.0947841,0.00421562,1
9719,4472.4,-7155.09,14213.8,0.734515,0.995922,0.994494,0.985604,0.885745,0.0624392,-0.00256222,1
9720,2933.43,-5954.2,9983.49,0.806922,1.0025,1.00243,1.02386,1.23414,-0.070689,0.00353131,1
9721,962.222,-2115.7,2510.29,1.0224,0.997343,0.996398,1.00251,1.08485,-0.0927595,0.00866227,1
9722,5558.83,15112,-5141.87,1.10367,0.99592,1.01176,1.04304,1.09639,0.0757181,0.00135897,1
9723,1043.11,-2362.95,2841.02,1.06384,1.01027,0.996517,1.02364,0.840863,0.194449,-0.0038962,1
9724,1344.51,-2786.39,3595.47,1.38601,1.03965,0.991163,1.01216,0.83726,0.156332,-0.00386256,1
9725,13857.9,-17717.5,56880.3,0.851758,1.01509,0.991656,1.01899,1.2506,0.0513924,-0.000965724,1
9726,1970.67,-3704.16,5159.42,1.08354,0.985793,0.991579,1.02403,1.1442,0.105619,-0.00362727,1
9727,7345.29,19576.4,-7751.38,1.04747,0.99351,0.980513,1.00981,1.39896,-0.064893,-0.00120315,1
9728,841.069,-1905.08,2208.23,0.955802,1.00702,1.01756,0.978391,1.1341,-0.0937539,0.00965799,1
9729,5881.25,14872.2,-5123.96,0.822567,0.998401,1.0015,1.04861,1.17429,-0.0382226,-0.00256016,1
9730,557.704,1492.18,-1352.02,1.05184,0.993722,0.999804,0.981885,1.07306,0.149297,0.00924463,1
9731,7420.94,-6353.68,15835.9,1.10196,0.972299,1.00739,1.02278,1.00519,0.0230995,-0.00347977,1
9732,3785.47,9748.16,-4923.81,0.449005,1.04859,0.999923,1.03658,0.710846,-0.0269296,-0.00705975,1
9733,416.704,-993.409,1067.52,0.909673,0.98232,1.0131,0.9593,1.01282,0.1272,-0.014332,1
9734,2565.83,-3903.4,6080.33,1.04358,0.99193,0.992024,0.903831,1.15913,0.108989,-0.0026947,1
9735,7391.35,20572.7,-8335.2,1.3176,0.978036,0.992295,0.987344,0.928766,0.0284099,0.00268906,1
9736,165.113,419.637,-407.922,1.33709,0.996204,0.984116,1.0314,1.12734,-0.192863,-0.0253309,1
9737,50644.6,161499,-83795.7,1.29022,1.01132,1.00001,1.01894,0.860235,-0.127582,-0.000207523,1
9738,6996.76,-5099.6,13727.7,0.744591,0.986608,0.997699,1.05472,0.747438,-0.0396785,0.00217326,1
9739,299.346,-737.751,777.037,0.885809,0.997616,1.00042,0.97884,1.00733,-0.255794,0.010121,1
9740,119879,11212.2,-2776.18,0.628235,1.00909,0.987099,1.05308,1.15452,-0.0154991,-2.6677e-05,1
9741,26374.7,120790,-46049.4,0.893751,1.00542,0.974032,0.972235,1.01157,0.0073656,0.00510905,1
9742,103912,106815,-50435.1,1.1172,0.979707,0.983233,0.999254,1.32983,-0.0184247,-0.000415952,1
9743,270.113,-666.146,697.677,1.05764,1.02583,1.00707,1.00079,0.89972,-0.176842,0.0166038,1
9744,455.824,-1094.41,1185.27,0.781847,0.995063,0.99859,0.998303,0.834461,-0.0826658,0.0206421,1
9745,2644.25,6822.33,-4263.96,1.1157,1.05126,1.01378,1.05457,0.895246,-0.0765839,-0.00371623,1
9746,5623.56,-7937.73,18792.6,1.03796,0.968611,1.00731,0.969721,0.829695,-0.0206114,0.00690719,1
9747,261.867,671.318,-641.867,0.782934,1.00582,1.00081,0.986854,1.08942,-0.207708,-0.0146256,1
9748,5959.64,-7704.22,19032.2,0.839461,0.96724,1.00114,0.965666,1.03783,0.0719519,-0.00193496,1
9749,6471.36,20756.3,-7327.3,0.74818,0.987396,0.99674,1.00985,0.998799,-0.0255607,-0.00493106,1
9750,3946.78,-5063.55,9170.9,1.04385,0.995659,0.998988,1.07947,0.830565,0.0202208,-0.00893419,1
9751,667.398,1775.94,-1578.3,0.770777,0.97906,1.00699,0.988488,1.03747,-0.122908,-0.00922434,1
9752,1175.16,-2619.13,3208.27,1.08785,1.02051,1.0078,0.981487,0.955207,-0.0958332,0.00689334,1
9753,760.624,2070.88,-1807.75,1.1197,1.02823,0.998221,1.00352,0.890914,0.179264,0.00581714,1
9754,1742.18,-3422.42,4786.86,1.05472,0.988259,1.0031,1.02705,0.960928,0.120579,-0.0035723,1
9755,342.539,886.277,-834.979,1.12416,0.975441,0.997335,1.00248,0.871955,-0.0896846,-0.0250245,1
9756,3556.75,8987.56,-4788.49,1.24995,0.992064,0.995804,0.97071,1.15918,-0.0353847,-0.00560168,1
9757,123416,8173.33,5076.95,1.2351,1.02172,0.994174,1.00484,1.10063,0.0252488,-2.0326e-05,1
9758,656.145,1776.4,-1578.6,1.17454,1.00232,0.980561,1.01433,1.20708,0.224294,0.00538223,1
9759,395.725,-935.542,1001.8,1.4631,0.980262,1.00662,1.02957,0.712255,0.391434,-0.00498729,1
9760,3291.38,11010.9,-5882.12,0.894381,1.00659,1.01068,1.05309,0.591625,-0.0345124,-0.00651601,1
9761,393.428,-939.604,1006.83,1.08953,0.980804,0.983836,1.02443,1.02045,0.207805,-0.00968373,1
9762,6424.64,-4174.85,14546.8,0.904959,0.992558,0.996894,0.953231,0.924262,-0.122602,0.000909233,1
9763,836.15,2268.09,-1951.15,0.730161,1.00453,1.00148,0.992216,1.35567,0.0346834,0.0267078,1
9764,1830.73,6041,-4233.96,0.849357,1.02355,0.978772,1.01121,1.01278,-0.0403432,-0.0107119,1
9765,588.51,-1370.16,1520.32,0.750726,0.969274,0.995368,1.02681,0.871896,0.128158,-0.0101282,1
9766,1285.66,3820.24,-3027.79,1.22813,1.04036,0.987268,1.01499,1.29389,-0.223788,-0.00283423,1
9767,179.489,463.531,-449.556,1.16106,0.982699,1.00524,1.00353,0.954372,0.235345,0.0179652,1
9768,306.015,-741.501,781.455,0.742298,1.00649,1.00445,1.01046,1.13102,0.143658,-0.0179731,1
9769,20008,-27594.2,77919.7,1.09577,0.993624,0.988037,1.05736,0.945676,0.135606,-0.000322233,1
9770,3647.21,-4310.56,7878.54,1.02131,0.986813,1.01001,1.03841,0.925741,0.0918053,-0.00211752,1
9771,1919.45,5162.57,-3695.52,1.03411,0.984147,0.987293,0.97309,1.24696,-0.12654,-0.00310087,1
9772,31427.8,-46748,108851,0.870831,0.9916,0.996032,0.991348,1.05059,0.0707723,-0.000524712,1
9773,141.655,-347.248,355.695,0.964788,0.96824,0.997967,0.996987,0.853266,0.20365,-0.0266641,1
9774,360.993,-877.82,934.985,1.15269,1.00804,0.988255,1.01697,0.816994,-0.115716,0.0191409,1
9775,350.819,-862.195,916.368,0.816741,1.06391,0.996471,1.03131,1.03506,-0.193143,0.0122627,1
9776,3593.78,9043.24,-5069.93,0.875174,0.985758,1.01125,1.0197,1.06433,0.0225191,0.00845885,1
9777,1003.63,-2203.22,2630.5,0.742391,1.01369,0.994004,0.999454,0.916437,-0.099612,0.00787875,1
9778,1711.2,-3747.52,5201.99,0.674383,0.986441,0.982242,1.01932,1.10419,-0.14994,0.00297273,1
9779,107283,14969,41339.2,1.01758,0.975888,1.00221,0.980972,1.03039,-0.130692,4.02617e-05,1
9780,95601.7,-21800.1,99550.2,1.0631,0.985606,0.997255,0.972103,1.07764,0.20462,-7.0307e-05,1
9781,7050.69,18063.7,-7260.79,0.915929,1.0032,1.00112,1.001,0.891207,0.0184294,0.00436687,1
9782,2983.43,10781.6,-6022.59,1.06581,0.959513,0.992191,0.999468,0.736682,-0.0690812,-0.00352556,1
9783,5332.99,-8195.5,18886.8,1.21741,0.991282,1.00514,0.944882,1.06393,-0.100638,0.0014404,1
9784,1896.96,5001.37,-3528.06,1.21136,0.99223,0.979496,0.979643,0.732269,0.0504838,0.00795527,1
9785,524.89,-1236.2,1354.55,1.22247,0.994156,1.00783,1.00232,0.681686,0.165874,-0.00889003,1
9786,77758.6,-47260.5,122944,1.19193,0.98983,1.00843,0.968156,1.24244,0.323238,-6.42031e-05,1
9787,4113.78,15515.5,-7775.93,1.12091,0.956903,0.996004,1.00761,1.37893,0.0140577,0.0115763,1
9788,455.095,-1096.61,1187.04,0.995461,1.01116,1.00312,0.953128,1.19321,-0.139672,0.0123444,1
9789,6578.91,-3821.44,13158.2,1.12807,1.02195,0.999171,0.979243,1.06918,0.129959,-0.000720766,1
9790,56249.7,-62223.8,133437,0.898484,0.992723,1.00014,1.02791,1.0115,-0.053392,0.000515752,1
9791,1385.06,-3086.77,3940.65,0.927105,0.998635,0.990708,0.977784,1.15946,0.133555,-0.00421884,1
9792,1783.94,5041.27,-3577.92,1.2352,1.00643,1.01472,0.977795,0.949312,0.0263399,0.015784,1
9793,1295.94,3527.24,-2769.56,0.900522,1.02514,1.0005,0.972315,0.867414,0.183232,0.00327299,1
9794,49174,-61254.8,129107,0.944416,0.996291,1.01581,0.990742,0.746163,-0.136012,0.000218298,1
9795,1947.42,-3478.17,5044.33,0.781686,1.03351,1.00065,0.992574,0.576229,0.154197,-0.00261748,1
9796,128.764,325.248,-318.182,1.07949,0.992789,0.983216,1.03132,1.17351,-0.249893,-0.0250853,1
9797,5421.52,21336.7,-8709.97,1.39958,0.988179,0.998912,0.964588,1.12201,-0.0210842,-0.00675755,1
9798,20649.3,-29041.3,79956.7,1.16673,0.988346,1.00552,0.999347,1.05178,-0.0214247,0.00201419,1
9799,990.938,2887.25,-2411.59,1.16259,0.999207,0.999734,0.984689,0.892665,0.542039,0.00139984,1
9800,213.587,-520.482,540.038,1.11347,0.976173,0.98794,1.01656,0.76735,0.193391,-0.0190193,1
9801,9706.16,-11201.9,32062.3,1.19632,0.979136,0.999987,1.02485,1.18489,0.0188337,-0.0032519,1
9802,1679.69,5190.15,-3748.02,0.762519,0.98853,1.01272,0.945564,0.727889,0.0246396,0.0177126,1
9803,932.756,2492.54,-2108.51,1.0965,0.988053,1.00132,0.998078,0.872739,-0.126258,-0.00649129,1
9804,1348.63,-2791.01,3617.89,1.14737,0.954722,0.991096,0.981004,1.26644,0.0999929,-0.0055118,1
9805,846.457,-1901.15,2203.15,1.2366,1.00144,1.01976,0.99198,0.868458,0.140587,-0.00640145,1
9806,592.988,1600.63,-1440.25,1.14531,1.00017,0.992313,0.965697,0.973968,0.250713,0.00524015,1
9807,3322.41,9669.3,-5009.12,1.24197,0.998768,1.00043,1.01647,1.15595,-0.0643427,-0.00331334,1
9808,6496.17,-7298,19283.1,0.822693,0.98747,0.996187,1.03154,0.904729,0.0276687,-0.00477436,1
9809,1209.78,3240.21,-2613.86,1.25555,0.972285,1.00323,0.987194,0.904797,-0.0288418,-0.0212193,1
9810,107650,19871.9,28991,0.886061,0.977963,1.00384,1.01524,1.09299,-0.0138614,0.000281689,1
9811,1314.9,3537.19,-2802.09,1.06346,1.00098,0.988513,1.04264,0.924085,-0.0708921,-0.00833135,1
9812,1170.24,3451.45,-2777.77,1.01089,0.996529,1.00195,1.02207,1.27677,0.0643331,0.0100753,1
9813,3079.41,11556,-6464.92,1.27257,0.999478,1.00508,1.00226,0.835283,-0.0279715,-0.00857385,1
9814,6392.2,19653.2,-6985.69,0.506952,0.993842,1.01193,1.04807,1.18191,-0.0256726,-0.00476097,1
9815,691.747,-1599.5,1809.59,1.14966,0.995954,0.984693,1.02735,0.84358,0.0428999,-0.0267191,1
9816,445.863,-1077.11,1164.46,0.681455,1.00707,0.996423,0.990491,1.04671,-0.187076,0.00943181,1
9817,909.747,2506.73,-2134.98,0.77129,1.01504,1.00453,1.01334,0.862635,-0.113845,-0.00755625,1
9818,6240.28,17305.5,-5297.85,0.879254,1.02821,1.00081,1.05719,1.16841,-0.159742,-0.000660287,1
9819,180.789,454.601,-440.966,0.827112,0.986813,1.01364,0.965297,0.970812,-0.397306,-0.0107701,1
9820,1984.91,5335.72,-3785.28,1.13695,1.01392,0.998202,0.971448,0.901725,0.0238593,0.016031,1
9821,2289.06,5951.84,-3875.64,1.00458,0.968197,0.995176,1.06304,1.05823,-0.044314,-0.00706485,1
9822,2052.9,-3612.19,5123.67,0.951663,1.01697,0.991143,0.991745,1.12674,0.118874,-0.00319605,1
9823,1563.63,4254.44,-3239.77,0.840452,0.995134,0.993229,1.00595,0.927645,-0.0863518,-0.0056475,1
9824,1149.15,3298.85,-2694.93,0.696048,1.00036,1.00785,0.994376,0.733482,-0.170957,-0.00389225,1
9825,5932.93,-3708.62,12758.3,1.26479,0.983708,1.00337,1.01652,1.33182,-0.0517015,0.00206138,1
9826,95199.3,-612.684,67162.8,1.22509,0.956635,1.0109,0.99248,1.11694,-0.119261,8.42817e-05,1
9827,796.899,2187.38,-1895.74,1.09728,0.999194,0.997982,0.97676,1.18853,0.199302,0.00484551,1
9828,8180.34,-7995.61,20406.1,0.548689,0.959686,0.994503,0.962412,0.974843,0.107307,-0.000685692,1
9829,587.768,-1388.03,1540.94,0.990777,0.98778,0.988206,0.96737,1.14224,-0.0907208,0.0146455,1
9830,1154.38,3388.24,-2745.31,1.0218,0.989703,0.996062,1.03963,1.3529,-0.0686507,-0.00963275,1
9831,1353.81,-2810.29,3557.77,0.801262,1.00167,0.983636,0.990687,0.742768,0.0673383,-0.00864714,1
9832,525.315,1394.54,-1270.9,1.16148,0.976249,0.99849,1.00768,1.15979,0.119956,0.012027,1
9833,3517.34,10785.6,-5294.36,1.17531,1.02682,0.979327,1.02779,1.03061,0.151563,0.001385,1
9834,1255.98,-2616.07,3322.77,1.16669,0.997571,0.983563,0.976448,0.882513,0.0614501,-0.0101989,1
9835,29807.1,-46693.7,109372,1.58571,1.03724,0.996549,1.05014,0.925434,0.0171601,-0.0021747,1
9836,6886.55,17222.3,-6941.75,0.954247,1.00354,1.00549,1.02856,0.825312,0.010967,0.00748968,1
9837,4329.47,-6728.75,12718.9,0.710713,1.00202,1.0125,1.0204,1.04666,0.11995,-0.00135942,1
9838,239.108,-598.482,623.949,0.943381,1.00001,0.986456,0.987682,1.3383,-0.431426,0.00762859,1
9839,619.792,1647.65,-1477.58,1.31309,0.997034,1.00652,1.00486,1.1337,-0.116789,-0.0106723,1
9840,89876.7,159286,-84177.9,1.27724,1.00185,0.98746,1.0145,1.22599,-0.153247,-9.19898e-05,1
9841,6310.29,17878.5,-5486.01,0.930828,1.01813,0.994157,1.02494,0.698083,0.0257822,0.00421186,1
9842,2923.11,-5895.96,9755.22,0.837924,1.01065,1.00974,1.02814,1.046,-0.0467324,0.00535071,1
9843,6900.32,23052.6,-7900.78,1.00927,1.02413,0.996445,0.989517,1.20147,-0.00822966,-0.015103,1
9844,5462.3,21241.3,-8652.87,1.14398,0.988731,0.997092,1.01438,1.01649,0.0729095,0.00193878,1
9845,278.223,-686.217,719.786,0.761641,1.03595,1.00607,1.00205,0.719229,-0.205471,0.0140099,1
9846,4176.51,14571.9,-7527.01,0.758251,0.989554,1.01079,0.999517,1.23718,-0.116442,-0.00139572,1
9847,72968.8,-60243,136029,0.731771,1.0181,1.02102,1.00569,0.928096,0.087058,-0.000257376,1
9848,6176.88,-8342.48,20659.8,0.993857,1.03147,1.01635,0.994352,0.692984,0.0936952,-0.0014374,1
9849,1593.62,5020.61,-3759.75,1.04009,0.978476,0.98993,1.02071,0.819755,0.0684212,0.00683681,1
9850,4937.81,-7809.13,17413.9,1.17141,0.968937,0.977141,1.04238,0.985759,0.0420485,-0.00360896,1
9851,435.277,1132.86,-1048.87,1.15424,1.00976,0.979249,0.908673,1.44346,-0.266895,-0.00707248,1
9852,1824.87,-3197.17,4442.75,1.04642,0.990016,1.01323,0.982996,1.00661,0.10191,-0.00398621,1
9853,6049.31,16394.8,-5160.71,0.714176,1.02428,0.991189,0.954239,0.835353,0.0168539,0.00575711,1
9854,3654.88,9141.89,-4963.25,0.99742,0.987687,0.989658,1.03125,1.12317,-0.113008,-0.00170313,1
9855,2281.71,7203.48,-4573.13,1.17041,1.00084,0.999467,1.01017,0.675346,-0.115487,-0.00281701,1
9856,1138.92,-2398.13,2930.01,1.04098,1.01181,0.998808,1.01317,1.06292,0.0728639,-0.00944563,1
9857,1615.15,-3391.33,4464.88,0.877086,0.995097,0.999706,1.04259,0.947027,0.159019,-0.00296864,1
9858,710.88,-1655.95,1882.27,1.11512,0.983231,0.980989,1.01227,0.696366,-0.194629,0.00562934,1
9859,9238.78,39934.3,-12615,0.912631,0.973912,1.00102,0.966342,0.943782,0.0118718,0.00500276,1
9860,3183.77,10495,-5565.83,1.20177,0.988503,0.996106,1.01737,0.743347,0.329692,0.00068167,1
9861,422.342,1111.25,-1032.83,1.00694,0.999393,1.01436,0.990269,0.715695,0.0802301,0.022546,1
9862,1638.49,-3202.37,4244.62,1.19046,1.01051,0.988563,1.00474,1.14627,0.0648064,-0.00738367,1
9863,42928.7,148072,-72784.5,1.36151,0.98328,1.00655,0.999599,1.31354,0.0309482,0.000931944,1
9864,8764.45,34916.6,-12102.2,1.0971,0.964232,1.01611,1.01391,1.17623,0.100512,0.000612394,1
9865,558.23,1472.51,-1335.01,0.885471,0.986624,1.00591,0.975885,0.885456,-0.150736,-0.00911891,1
9866,705.104,1871.33,-1651.64,0.990855,1.00986,0.99721,0.982704,0.89403,-0.292921,-0.00385877,1
9867,1664.66,5256.53,-3812.63,0.732076,0.975262,0.998417,0.94101,0.813285,-0.291966,-0.00153877,1
9868,2553.1,7303.95,-4772.76,0.836863,0.973075,0.988845,1.02449,0.704379,-0.0988844,-0.00285831,1
9869,6590.13,-4490.75,12677.2,1.04356,0.985978,1.01156,1.02589,1.03908,-0.0107931,0.00843251,1
9870,651.871,1728.08,-1540.48,1.30726,0.977829,1.00842,0.993386,1.26512,-0.169643,-0.00683552,1
9871,611.902,-1429.45,1589.96,0.691335,1.00847,1.01199,0.99742,0.975699,0.111736,-0.0113811,1
9872,1798.07,4875.45,-3464.58,0.715052,0.998884,1.01105,0.999191,1.39521,-0.152332,-0.00271676,1
9873,143.128,-350.251,358.761,1.08161,0.999477,1.0133,1.02772,1.05737,0.316684,-0.0172649,1
9874,234.511,611.672,-587.211,1.01035,1.02571,0.984231,0.984775,0.878059,0.240958,0.0144257,1
9875,967.542,-2124.83,2534.27,1.23396,1.01057,0.992913,1.03004,1.18095,-0.172243,0.0047048,1
9876,448.803,-1081.96,1170.03,1.13652,0.991965,1.00823,0.969917,1.07319,-0.204608,0.00829593,1
9877,629.276,1702.92,-1521.92,1.21113,1.00355,0.989626,1.00236,0.901132,0.256471,0.00485239,1
9878,6001.2,-3562.42,12256.5,0.753761,0.983562,0.993142,1.03137,0.784416,-0.00816132,0.0124819,1
9879,937.688,2644.73,-2236.06,1.08343,0.969872,1.00598,0.99582,1.12419,0.0951459,0.00826157,1
9880,612.448,-1429.43,1592.11,0.734317,1.00579,0.995443,1.02087,1.07333,0.0859873,-0.0150431,1
9881,193.862,-486.684,503.01,0.895329,1.04127,1.0096,1.01026,0.995052,-0.389335,0.0105537,1
9882,1352.43,-2856.62,3605.53,0.756433,1.01185,0.997849,0.99925,1.13748,-0.0962973,0.00596007,1
9883,2277.54,-3598.48,5538.99,0.864883,0.971461,1.00652,1.03753,1.10717,0.123336,-0.00258002,1
9884,7430.22,-6130.55,15851,0.84722,0.982754,1.00302,0.926537,0.939631,-0.05893,0.00138044,1
9885,348.936,-837.522,889.749,1.05681,0.979508,1.00061,1.00146,1.08699,0.164445,-0.0134567,1
9886,7407.73,-5708.13,18786.3,1.12593,1.02728,0.987511,0.993241,1.26167,-0.0541968,0.00216565,1
9887,1670.31,4714.72,-3538.49,1.08151,1.03623,1.00201,0.976018,1.0234,0.194188,0.00238797,1
9888,23853.3,-35510.2,90606.2,0.962638,1.01826,1.0135,1.01685,0.744909,0.0929691,-0.000435638,1
9889,589.633,-1376.64,1525.57,1.10577,1.00326,1.00841,0.998346,1.20911,0.189528,-0.00698415,1
9890,3278.01,9842.23,-5155.99,0.828373,1.00464,1.01218,1.02146,0.985571,-0.0434095,-0.00493641,1
9891,6372.91,23170.5,-8664.58,1.16448,1.02444,1.00654,1.0069,0.751256,-0.0870504,-0.00150609,1
9892,1359.03,-3026.61,3891.2,0.989972,0.987146,1.0137,1.02732,0.886655,0.0598062,-0.00915908,1
9893,3851.39,10205,-5659.72,1.22372,1.01033,1.01252,1.02325,1.09476,0.0480081,0.00372821,1
9894,892.636,2475.42,-2106.89,1.14232,0.992953,0.979103,0.945088,1.32495,0.0698107,0.0126357,1
9895,917.137,2453.5,-2077.42,0.828353,0.98125,0.995841,1.04272,0.472087,-0.124943,-0.00666577,1
9896,630.267,-1471.5,1642.31,0.875823,1.00454,1.0132,0.985619,1.06426,0.0766757,-0.0159864,1
9897,2375.77,-4215.35,6728.84,0.877947,1.00541,0.98987,0.997069,1.01161,0.112123,-0.00287166,1
9898,25396.1,113999,-43232.4,1.09628,0.990567,0.98889,1.01548,1.05635,0.00895995,0.00422303,1
9899,606.905,-1431.56,1593.27,1.35657,0.996262,1.00141,0.949489,1.02786,-0.100387,0.0126972,1
9900,770.756,-1755.84,2010.2,1.30538,1.00819,1.00902,0.979345,1.20756,0.201023,-0.00504373,1
9901,25309.1,-35898.7,91670.3,1.07098,0.966186,0.989505,1.00502,1.45002,-0.00577455,0.00701933,1
9902,224.192,573.298,-551.692,1.18402,1.00192,0.995608,0.958868,0.928142,-0.191425,-0.018599,1
9903,702.994,-1635.5,1853.61,0.566772,0.984733,0.9963,0.977185,1.09082,-0.132353,0.00823904,1
9904,72.5557,180.776,-178.602,1.0384,1.01635,0.994856,0.976647,1.29814,-0.406162,-0.0278075,1
9905,1909.16,-3712.06,5093.54,1.04606,0.990972,1.01698,0.991192,1.6385,-0.248168,0.00153218,1
9906,5223.1,-8209.99,18528.9,1.23489,1.03393,1.00384,1.00707,0.864429,0.112175,-0.00128731,1
9907,415.589,-1014.01,1089.81,0.987058,1.01185,1.0096,0.988684,1.41492,-0.321061,0.00579301,1
9908,726.128,1972.62,-1734.07,1.03471,1.00012,1.00723,1.01139,1.31029,0.174308,0.00602393,1
9909,1617.52,-3414.29,4512.82,0.737276,0.994585,0.986962,0.992669,0.933941,-0.192513,0.00245997,1
9910,379.002,982.459,-920.471,0.8792,1.00746,1.01079,0.996986,1.125,-0.198479,-0.01042,1
9911,225.65,577.807,-556.186,0.81054,1.05978,1.014,0.932999,0.646638,-0.278073,-0.013168,1
9912,2881.71,11054.2,-6351,0.709586,0.976246,0.98538,0.952763,1.32203,0.0319532,0.0078734,1
9913,5783.81,16394.3,-5529.28,0.82825,0.969148,1.00386,0.991973,0.821487,-0.0175229,-0.00652752,1
9914,249.755,648.948,-621.699,0.624478,1.02057,1.00072,1.02081,0.582222,0.140202,0.0227379,1
9915,293.173,750.287,-713.22,1.0393,0.976038,0.99859,0.989699,0.839055,-0.242727,-0.0108737,1
9916,390.091,1015.45,-949.019,0.848184,1.00312,1.0013,1.02746,1.13629,-0.125201,-0.0161244,1
9917,323.127,845.723,-799.431,1.07111,0.995202,0.99537,1.01509,1.24909,0.139126,0.0173556,1
9918,703.749,-1633.45,1850.88,1.07909,0.990131,0.997953,1.0039,0.918961,-0.0606638,0.0180614,1
9919,841.273,-1920.95,2231.5,1.14198,0.967227,0.999379,0.986136,1.52084,0.088828,-0.0100801,1
9920,210.46,-512.696,531.154,0.747481,1.03542,1.01937,0.990517,0.906587,0.265603,-0.0143535,1
9921,2335.06,6760.23,-4267.86,1.08144,1.00428,1.00269,0.974616,1.22404,0.112973,0.00278285,1
9922,2392.31,6814.84,-4256.13,1.05312,1.01086,0.995913,1.07268,1.00584,-0.128363,-0.00243393,1
9923,115.396,290.368,-284.786,0.668261,0.99406,1.0017,1.01704,1.23905,-0.28101,-0.0243423,1
9924,100675,129607,-66477,1.07094,1.00863,1.00354,1.00128,0.857378,0.0695739,0.00014495,1
9925,2137.55,-4687.19,6946.32,0.725061,0.99666,1.0014,1.01829,0.911855,-0.171186,0.00202802,1
9926,5733.83,15696.6,-5036.85,0.942806,1.00197,0.99506,1.00595,0.917012,-0.130629,-0.00078036,1
9927,729.712,-1675.69,1906.4,0.87264,0.996853,0.99868,1.01985,0.842956,0.119601,-0.00894498,1
9928,546.402,-1309.36,1442.26,1.20391,1.04698,0.99001,0.966222,0.647402,-0.185336,0.00812693,1
9929,212.663,-527.598,547.065,0.712598,1.01434,1.00623,1.01119,0.796292,-0.147314,0.0251102,1
9930,2404.14,-3799.09,6087.57,0.98819,0.994197,0.982586,1.06153,0.972294,0.0780985,-0.00403843,1
9931,590.586,1580.06,-1421.78,0.87928,1.00556,0.982015,1.02343,0.927074,0.103641,0.0130451,1
9932,1105.45,2956.52,-2426.06,0.687051,1.02036,1.01495,1.01146,1.11857,0.0292517,0.023722,1
9933,418.807,-995.503,1070.56,1.03491,0.997013,0.998815,1.00749,0.926069,0.267267,-0.00706339,1
9934,1077.78,3138.62,-2574.22,1.38338,1.02538,0.994278,1.00635,0.7318,0.124487,0.00588663,1
9935,39522.9,145627,-69552.9,1.12311,0.991329,0.990262,1.01372,0.693264,0.00610323,0.005024,1
9936,5935.16,16535.2,-5230.29,1.10392,1.01806,1.00593,1.02244,1.01069,0.0409743,0.00254217,1
9937,634.856,1679.96,-1503.15,1.06493,1.03037,1.00939,1.00069,0.810562,-0.231558,-0.00543745,1
9938,955.946,-2169.87,2586.55,0.747954,1.01539,0.989589,1.01472,1.42632,-0.121691,0.00682046,1
9939,382.825,-918.098,981.75,0.966354,0.979001,0.990553,0.988739,0.928763,0.118916,-0.0171478,1
9940,7990.32,24308.1,-9578.08,1.09202,1.00407,1.00397,1.02545,1.20223,-0.00791141,-0.00882986,1
9941,1106.77,3178.87,-2589.92,0.78376,1.03079,0.998731,0.950743,0.999862,-0.166386,-0.0043437,1
9942,527.298,1389.95,-1267.34,1.00408,1.03301,1.00293,1.0228,1.00042,-0.133651,-0.0114492,1
9943,200.788,508.26,-491.238,0.92703,0.991506,1.00714,0.953074,1.03673,-0.340576,-0.0114415,1
9944,7562.42,-4795.17,17925.9,1.32707,1.05078,0.989547,0.970852,1.46012,-0.0300701,0.00366594,1
9945,563.513,1508.1,-1366.65,0.687513,0.965768,1.01959,0.997178,1.28186,0.151112,0.00852052,1
9946,1625.65,4793.17,-3627.34,1.41247,1.01505,1.01093,1.01442,1.05805,0.0656966,0.00705479,1
9947,467.534,-1122.97,1218.6,1.03523,0.992041,1.00522,1.06869,1.00427,-0.196032,0.00833469,1
9948,2251.6,-4830.03,7282.38,1.07585,1.02051,1.00927,0.991574,1.12229,0.176186,-0.00192127,1
9949,268.931,-664.867,696.828,1.11406,0.998389,0.982609,1.01578,0.834138,-0.227283,0.0130186,1
9950,3373.11,-4479.8,8641.68,1.16961,0.998239,1.00882,0.973041,0.834294,0.01812,-0.0118036,1
9951,763.861,-1740.22,1992.56,0.946344,0.998772,0.995023,1.01049,1.08256,0.186084,-0.00554171,1
9952,187.77,-468.556,483.734,1.24863,1.00581,1.01499,0.983358,1.0476,-0.265261,0.0154078,1
9953,324.213,846.7,-800.887,1.18227,1.0051,1.01692,0.969799,1.24723,0.10267,0.0230464,1
9954,1731.46,-3651.82,5099.4,0.784758,0.991817,0.994146,0.988571,0.904549,-0.12389,0.00352681,1
9955,522.864,-1244.63,1364.23,0.778477,0.993942,1.00103,0.99667,0.982794,-0.0870301,0.016991,1
9956,887.692,2423.5,-2071.06,0.842568,1.02057,1.00509,0.929656,1.03598,0.135874,0.00646948,1
9957,3380.25,11179.5,-5795.87,0.947186,1.00977,0.999414,0.975983,0.673518,0.0998038,0.00221935,1
9958,2392.32,-3840.77,6125.91,1.17532,0.997402,0.991324,0.999652,1.02492,-0.0301635,0.0104284,1
9959,1833.81,4815.06,-3456.02,0.735941,0.98661,0.998927,0.994097,1.60974,0.016511,0.0244281,1
9960,520.88,1366.54,-1247.17,0.765186,1.02898,0.997932,0.976778,0.910413,-0.268241,-0.0058271,1
9961,1218.57,3248.81,-2611.32,1.30484,0.993094,1.01508,1.02243,1.06199,0.0755033,0.00805344,1
9962,500.302,1309.96,-1200.65,0.82966,0.995025,1.00805,1.01738,1.10722,-0.211367,-0.0073244,1
9963,1541.89,-3148,4244.07,0.86268,1.01563,0.979915,0.956919,0.818929,0.136585,-0.00381219,1
9964,1834.48,-3639.18,5184.48,0.838983,1.01383,0.997471,0.991973,0.89843,0.0898485,-0.00470041,1
9965,640.581,1713.58,-1529.74,0.991438,1.03961,0.995618,1.03416,0.680692,-0.0849874,-0.0149791,1
9966,111537,8592.4,60208.2,0.820311,0.99269,0.987341,0.988831,0.60566,-0.0746761,9.91177e-05,1
9967,321.534,843.205,-797.649,1.03795,1.00732,1.00597,1.00223,1.18616,0.181365,0.0133346,1
9968,8001.43,-7213.31,18451.9,0.912445,0.990716,0.9985,0.988258,1.16,-0.0575074,0.0013102,1
9969,1866.87,-3444.64,4945.54,0.878893,1.0131,0.991464,1.01073,0.707961,-0.153518,0.00269138,1
9970,1245.34,3375.47,-2689.01,0.80652,1.00799,1.00755,0.988759,1.02117,0.384778,0.00156607,1
9971,496.681,-1171.03,1276.95,1.25918,1.02767,1.00184,1.03729,1.06854,0.223784,-0.00727574,1
9972,468.855,-1125.93,1222.6,0.880285,0.998505,0.992822,1.04551,1.13337,-0.135358,0.0123586,1
9973,35712.6,-51442.2,114591,0.888828,0.983935,1.00684,0.987554,0.71689,-0.106351,0.000328675,1
9974,619.457,-1453.75,1621.5,1.2474,0.960156,1.0046,1.00917,0.714406,-0.0858392,0.0139086,1
9975,4343.36,-7322.29,14314.6,1.09601,0.983219,1.01171,1.05595,0.922113,-0.164123,0.000967905,1
9976,6180.61,16486.7,-5184.58,0.685632,1.03652,0.989771,0.987176,1.03245,0.047921,0.00198039,1
9977,5704.26,16149.1,-5544.12,0.856093,0.965936,1.00756,1.00924,1.03211,0.0131273,0.00874614,1
9978,10769.9,-12803.3,39756.6,1.07009,0.984193,0.999832,0.991187,0.764113,0.00728249,-0.00779091,1
9979,1055.3,2856.28,-2374.61,0.76958,1.04635,1.00556,1.06045,0.731389,-0.0738776,-0.0102587,1
9980,6114.23,22728.7,-8733.06,1.31334,1.01705,1.00616,1.01285,1.41968,-0.0734799,-0.00182139,1
9981,1145.56,-2478.16,3026.28,0.781481,1.01598,1.0012,0.947876,1.06584,-0.222173,0.0030531,1
9982,7806.18,-6259.12,16695.5,1.07494,1.01199,0.990447,1.01924,0.869201,-0.00504733,0.0154885,1
9983,320.702,-781.441,826.326,1.00283,0.979042,0.995161,0.997657,1.00699,-0.123705,0.0193822,1
9984,106100,15152.9,-3922.16,1.08397,0.960952,0.992822,1.04049,1.32996,0.0169019,4.25378e-05,1
9985,347.739,-833.449,885.383,0.752323,0.994555,0.988521,1.01114,1.05108,0.268738,-0.0085693,1
9986,463.411,-1091.05,1184.11,1.18711,0.952717,0.984555,1.00764,0.889398,0.246751,-0.0067083,1
9987,7815.23,-6415.01,16787.5,0.700204,1.0055,0.990663,1.05038,0.994043,0.00850205,-0.00914145,1
9988,236.489,-583.999,608.304,1.0952,0.965137,0.997993,1.01227,0.836999,-0.17515,0.0181911,1
9989,60698.1,-62826.7,135925,0.782794,0.997692,0.998602,1.02672,1.29222,0.00274334,-0.00957598,1
9990,105053,8212.06,55224.9,0.721598,0.988454,1.01448,1.02302,0.816945,-0.006929,0.00102317,1
9991,769.571,2081.01,-1816.97,0.937657,0.982793,1.01936,0.990071,0.907151,0.0676472,0.0141918,1
9992,222.57,564.848,-543.772,1.16654,0.984622,1.00241,1.00231,0.914989,-0.305508,-0.0114715,1
9993,1214.54,3614.26,-2881.68,0.720272,1.01322,0.999422,0.99113,1.27655,0.0874111,0.00728624,1
9994,895.441,2482.09,-2119.2,0.950892,1.01535,1.00712,1.01003,1.05752,0.133503,0.0064609,1
9995,707.067,-1648.88,1872.28,1.01618,0.999694,0.979751,0.975385,1.07152,-0.197819,0.00567808,1
9996,117087,5294.8,-310.608,1.14574,0.999037,0.993991,1.00664,1.39332,8.89213e-05,0.00070028,1
9997,48079.9,-58186.5,126099,1.10607,0.975039,0.998916,1.02188,0.965685,0.0355038,-0.000851191,1
9998,240.64,625.099,-599.601,0.948495,0.997204,0.992196,0.986554,0.912078,0.132773,0.0246366,1
9999,3892.68,10178.7,-5543.57,1.60463,1.0164,1.00256,1.0198,1.28058,-0.013764,-0.0130795,1
