run,apogee_m,impact_x_m,impact_y_m,wind_scale,thrust_scale,dry_mass_scale,aero_scale,sensor_bias_scale,thrust_misalignment_deg,cg_offset_m,mean_nees,mean_nis,impact_valid
0,11.3985,-42.1278,-5.92193,1.15258,0.992899,0.984655,1.00628,1.00486,0.246613,-0.0023934,0,0,1
1,6.72922,23.835,1.05349,1.00094,0.987614,1.00138,1.02921,1.24504,-0.0833747,-0.00141602,0,0,1
2,10.3606,-36.8174,-1.787,1.30151,0.954495,1.00721,1.02483,1.26442,0.0643437,0.000661944,0,0,1
3,7.78637,-27.8469,-2.70654,1.20812,0.963716,0.99615,1.04575,0.971638,0.179256,-0.000620665,0,0,1
4,43.984,156.854,3.41835,0.804658,1.01513,1.0174,1.01784,1.04582,-0.00742495,-0.000309882,0,0,1
5,70.6931,-266.311,36.2904,1.115,1.00897,1.01448,1.00086,0.963469,-0.0611881,0.00139284,0,0,1
6,4.88918,17.4288,1.49657,0.931595,0.985336,0.99596,1.01704,0.968927,-0.218384,-0.000234971,0,0,1
7,7.95718,28.3779,1.90223,0.525986,0.993719,0.993067,1.00609,0.92552,-0.115603,-0.000476912,0,0,1
8,99.1654,-371.502,-50.6426,0.802148,1.02476,0.991226,0.975985,1.07412,0.0424889,-0.000501766,0,0,1
9,35.1354,-131.867,-18.2603,0.833305,0.980018,1.00895,0.962927,0.758054,0.109443,-0.00128454,0,0,1
10,85.3212,-320.532,43.7536,0.907483,1.01155,1.00545,1.02014,0.780458,-0.0480475,0.00110757,0,0,1
11,76.59,279.815,-30.1754,1.12501,1.00229,1.00255,0.996076,0.768567,0.0262035,-0.000724693,0,0,1
12,8.15285,-29.0909,-2.07555,1.07088,0.996032,1.00007,1.03952,1.00289,0.121487,0.000302493,0,0,1
13,28.5019,102.75,-6.1148,0.778689,1.04963,1.0029,1.00139,1.12407,0.0333768,-0.00130425,0,0,1
14,11.4743,-41.2828,-4.04831,1.0295,0.99009,0.995295,0.985274,0.929607,0.135314,-0.000604536,0,0,1
15,2.94729,-10.4377,-0.928304,1.0382,0.974115,0.99225,0.990215,0.748689,0.312474,0.00121506,0,0,1
16,5.10393,18.216,1.52769,0.918869,1.01429,1.01388,1.02816,0.816364,-0.20553,-0.00030453,0,0,1
17,30.2267,-113.114,-15.9599,0.863183,1.01386,1.00632,1.0025,1.03227,0.131057,-0.00152853,0,0,1
18,58.0256,210.156,-19.4875,0.9108,0.993092,0.999341,1.00458,1.03829,0.0279415,-0.000833159,0,0,1
19,8.03325,28.9257,3.06248,1.43019,1.00372,1.01244,1.02093,0.724235,-0.195667,0.000918156,0,0,1
20,12.1107,43.1918,2.80285,0.769761,0.988891,1.00102,0.980047,0.827374,-0.0777046,-0.000255593,0,0,1
21,5.27989,-18.8546,-1.64956,1.37881,1.01458,0.996992,0.97094,0.776302,0.211822,0.000158218,0,0,1
22,14.7415,52.3711,-0.815278,1.24943,0.95255,0.980463,1.01609,1.03498,0.0149759,-0.00154849,0,0,1
23,16.5687,60.4613,6.76217,0.900109,1.02513,0.993749,0.977047,0.837241,-0.119874,0.000812364,0,0,1
24,62.9034,227.851,21.6987,0.881012,1.01101,1.00611,0.965469,1.28344,-0.0265026,0.000140144,0,0,1
25,5.44797,-19.5117,-1.87184,0.947307,1.02323,1.0073,1.00621,1.15323,0.229485,-0.000269664,0,0,1
26,40.2999,152.424,20.0809,1.06892,0.979506,0.999388,1.00728,1.29414,-0.133441,0.00172768,0,0,1
27,4.7843,17.0847,1.55094,0.695278,1.01192,1.02033,0.984489,1.12539,-0.234765,-2.68608e-05,0,0,1
28,4.10164,14.6195,1.30503,1.33947,0.994693,0.982095,1.01091,1.07093,-0.258848,-0.000449429,0,0,1
29,17.766,-63.8915,-5.82506,0.972754,0.987579,1.00666,1.00138,0.760122,0.0839362,-0.000354335,0,0,1
30,6.2131,22.214,1.91806,0.943839,1.00679,1.00519,0.985413,1.0626,-0.185318,1.74354e-05,0,0,1
31,13.6961,48.7059,0.637105,0.793367,1.0191,0.984286,1.01024,1.06337,-0.0137155,-0.00124123,0,0,1
32,290.348,-1143.48,-59.462,1.23982,1.00251,1.00378,0.982491,0.858477,-0.0492922,0.000973114,0,0,1
33,4.88795,-17.3676,-1.26401,0.787356,0.992297,1.00436,1.006,0.795983,0.180812,0.000847798,0,0,1
34,3.3125,11.8766,1.46124,0.806619,1.00012,1.00281,0.995973,1.03948,-0.427328,0.00132144,0,0,1
35,2.52976,8.93678,0.731329,0.836847,0.975217,1.01754,1.00348,0.630826,-0.308931,-0.00209156,0,0,1
36,4.80409,-17.0728,-1.41347,1.08142,0.97522,0.993622,1.01224,0.850494,0.211481,0.000389038,0,0,1
37,191.435,780.085,-112.007,0.835662,0.96186,0.997376,1.00049,0.989399,-0.0864646,0.00133752,0,0,1
38,6.92282,-24.6038,-1.14538,1.46428,1.01889,1.01045,0.979647,0.931098,0.0872956,0.00132732,0,0,1
39,3.64422,-12.9366,-1.23271,0.7045,0.97873,1.01892,0.969252,1.30591,0.294707,0.000106398,0,0,1
40,6.44753,23.1019,2.13973,0.935563,1.01417,0.993376,1.06311,1.27047,-0.19596,0.000237277,0,0,1
41,22.6143,-80.1848,-2.7866,1.31347,0.990141,1.00668,0.999287,1.42399,0.0229148,0.000447998,0,0,1
42,25.5471,90.88,1.53071,1.0288,1.00362,1.00522,1.01235,0.999443,-0.00971045,-0.000590276,0,0,1
43,6.81481,-24.2211,-1.20111,0.997079,1.01468,0.99226,1.00066,1.23991,0.0952804,0.00129485,0,0,1
44,45.3874,164.807,-16.5425,1.22237,0.991928,0.999406,0.960817,1.3053,0.0396197,-0.00113598,0,0,1
45,4.33685,-15.3405,-0.968006,0.705536,0.973672,1.00847,1.00848,1.23989,0.167836,0.00145007,0,0,1
46,5.20956,-18.5472,-1.35169,1.0823,0.98785,0.990351,0.919558,1.09803,0.174758,0.000759059,0,0,1
47,195.3,769.159,16.4747,1.1377,1.00945,1.01138,1.00866,0.736717,0.0680466,-0.00135217,0,0,1
48,21.6571,77.9952,5.91261,0.981431,1.02488,0.986417,0.99417,1.30384,-0.0567931,3.27225e-05,0,0,1
49,36.8541,-131.175,2.6748,1.07176,1.03804,1.00716,0.947867,0.788542,-0.00866742,0.000695009,0,0,1
50,227.585,-952.26,-193.168,0.85839,0.986804,1.00685,0.980257,0.753933,-0.0787484,0.00151956,0,0,1
51,12.131,43.0804,2.04129,1.30377,0.981948,0.991508,0.981949,0.864895,-0.0553747,-0.000639771,0,0,1
52,15.7121,55.7865,-1.66142,1.02609,0.989735,1.00725,1.03201,0.968023,0.02691,-0.00168493,0,0,1
53,4.30073,-15.4026,-1.43659,1.12329,1.02451,0.98703,1.05876,1.00173,0.262994,0.00026227,0,0,1
54,24.9467,89.6324,7.1636,0.937461,1.00073,0.996488,0.969358,1.16083,-0.0523597,0.000108984,0,0,1
55,4.639,16.4605,0.742078,1.04403,1.0051,0.996849,1.01279,1.17966,-0.1137,-0.00228805,0,0,1
56,10.4999,37.6996,3.45461,0.903016,1.01102,1.00328,0.988494,0.975038,-0.131884,0.000375116,0,0,1
57,8.88173,-31.4726,-1.65663,1.04984,0.980793,1.01151,1.04411,1.25326,0.0800663,0.000739177,0,0,1
58,4.22908,-15.0513,-1.17911,0.979906,1.01131,1.00212,1.00293,0.688961,0.217674,0.000942175,0,0,1
59,20.1497,-71.7111,-2.69316,1.10807,0.994157,0.987441,0.976119,1.41618,0.0283428,0.000487358,0,0,1
60,18.8882,-67.7924,-5.72992,1.05647,1.00993,1.00172,1.01808,1.22617,0.0726352,-0.000198948,0,0,1
61,3.50984,-12.5374,-1.28324,0.848405,1.02231,1.00307,0.984881,0.962519,0.329005,9.29314e-05,0,0,1
62,8.53323,-30.2461,-1.64525,0.863294,0.977643,1.00409,1.00591,1.10652,0.0859694,0.000739612,0,0,1
63,4.54628,-16.3177,-1.66465,1.01998,1.01253,0.981835,1.03322,1.18988,0.282051,-0.000331158,0,0,1
64,3.61755,-12.8456,-1.06289,1.11591,0.985211,0.995884,0.965967,1.09647,0.255324,0.000999564,0,0,1
65,24.5102,-87.0568,3.54165,1.09391,0.997279,1.03006,0.992492,1.18335,-0.0246511,0.00119424,0,0,1
66,113.886,-452.542,36.7129,0.661654,0.980176,0.993676,0.954791,0.90116,0.133792,-0.00204435,0,0,1
67,3.19535,-11.3375,-0.922349,1.35964,0.995109,1.00276,1.05251,0.963151,0.269947,0.00146603,0,0,1
68,12.2828,44.879,5.41101,0.951807,1.00689,0.991534,1.0019,0.480524,-0.172761,0.00129729,0,0,1
69,47.0868,167.48,-1.61941,1.02599,0.989387,0.995542,1.04195,0.788312,0.00304367,-0.000464063,0,0,1
70,7.80234,27.7663,1.31148,0.774708,1.01825,1.00721,0.98684,1.1857,-0.0804563,-0.00113365,0,0,1
71,59.5901,-215.992,21.818,0.744393,1.00895,1.01503,1.01303,1.17882,-0.0311013,0.000881014,0,0,1
72,225.94,874.393,26.5188,0.907817,0.991305,1.00235,1.03245,1.04113,-0.0494366,0.000728073,0,0,1
73,5.76661,-20.5011,-1.5155,1.05045,0.979049,0.991491,1.03257,1.2517,0.16398,0.000545379,0,0,1
74,5.98587,21.3277,1.45097,0.910036,1.00759,0.99117,1.01834,0.967143,-0.146729,-0.000810153,0,0,1
75,16.4239,-58.3326,-1.08538,1.0265,1.00349,1.00117,0.987642,0.832479,0.0165213,0.000900642,0,0,1
76,14.7485,54.0528,6.92533,1.00215,0.983855,0.990096,0.991545,0.910536,-0.165033,0.00145556,0,0,1
77,40.9977,147.747,13.1133,1.13873,0.975226,1.00188,1.0436,0.964544,-0.036531,0.000160237,0,0,1
78,5.94739,21.3584,2.24051,0.513913,1.00391,1.02331,1.01225,0.881208,-0.240348,0.000878695,0,0,1
79,5.86151,-20.8492,-1.28822,0.914742,1.01829,1.00606,0.991362,0.847999,0.13379,0.00106849,0,0,1
80,16.3044,-58.35,-4.22102,1.07855,1.00414,1.00591,0.931306,1.13695,0.0688863,1.20856e-05,0,0,1
81,52.6714,-197.584,-26.8909,0.957705,0.986195,0.996763,0.981195,0.879572,0.0770751,-0.000914707,0,0,1
82,8.11117,-28.7714,-1.11179,0.786493,0.98774,0.986569,1.02392,0.871025,0.0636567,0.00131673,0,0,1
83,6.69683,-23.7028,-0.534449,0.786806,0.991225,0.993072,1.01733,0.883101,0.0426132,0.00217161,0,0,1
84,13.46,-48.157,-3.54403,1.15814,0.996735,0.989626,1.03898,1.2227,0.0838651,2.88024e-05,0,0,1
85,4.96589,17.7995,1.80376,0.992209,1.00632,0.982887,1.02522,1.53514,-0.263308,0.000419231,0,0,1
86,245.615,-931.185,-92.0181,1.01195,0.998241,0.995877,1.00476,0.59187,0.0313364,-0.000435699,0,0,1
87,8.64949,-30.9126,-2.40344,1.18079,1.00508,1.00513,0.945402,0.999994,0.127843,6.70975e-05,0,0,1
88,24.6899,-92.3595,-13.178,1.15815,1.01919,1.0114,1.01107,1.56295,0.157561,-0.00182437,0,0,1
89,15.66,-55.8122,0.677254,1.16065,1.03203,0.979922,0.979875,0.633551,-0.0115183,0.00151892,0,0,1
90,8.70046,30.8685,1.76682,1.24951,0.975254,0.993033,1.01075,0.998443,-0.0894118,-0.000667038,0,0,1
91,15.3531,-54.3561,0.440605,0.99246,0.97273,0.980602,0.975101,0.760273,-0.00764067,0.00139744,0,0,1
92,6.42276,-22.83,-1.19719,0.800494,1.0247,0.994189,1.03048,1.2234,0.1053,0.00132571,0,0,1
93,24.6746,-87.7533,-1.07312,0.928003,1.01766,1.00169,1.00116,0.84534,0.00757557,0.000669405,0,0,1
94,7.88556,28.2413,2.43361,0.670439,0.995866,1.00664,1.01708,0.611769,-0.153941,0.0001828,0,0,1
95,7.2753,25.9977,2.10316,0.881276,1.00879,0.993977,1.00198,0.919968,-0.153244,-0.00011149,0,0,1
96,486.711,-6564.87,334.358,1.34597,0.993541,1.00686,0.994026,1.05134,0.0516764,-0.000878482,0,0,1
97,8.57663,30.4474,1.12572,0.920712,0.960158,1.01175,1.0388,1.39394,-0.0563575,-0.00116431,0,0,1
98,5.11726,-18.177,-1.18738,1.04626,0.995993,1.00407,0.914565,0.904361,0.155814,0.00110799,0,0,1
99,41.842,-150.85,-13.9752,0.813808,0.996188,1.01209,0.985678,0.972351,0.0389843,-0.000206317,0,0,1
100,14.9221,-53.4631,-4.26418,1.14369,1.02249,1.00902,1.06151,1.36542,0.0830173,-9.81711e-05,0,0,1
101,217.092,-829.189,-45.7737,1.18743,0.997983,1.01011,0.978433,0.976966,0.0453889,-0.000657781,0,0,1
102,9.50964,34.2131,3.37223,1.13843,1.01135,1.00144,0.993165,0.812296,-0.156457,0.000587674,0,0,1
103,5.72225,-20.33,-1.24358,0.907532,0.996455,1.00086,0.99996,0.635689,0.134262,0.00109023,0,0,1
104,22.4752,80.2422,-0.698546,0.976684,1.04607,0.998455,0.987969,0.895898,0.00577073,-0.00100824,0,0,1
105,3.00348,10.7171,1.177,0.93143,1.01153,1.0098,1.02025,1.02227,-0.391237,0.000113787,0,0,1
106,10.4873,37.6267,3.33329,0.866577,0.994591,1.01328,0.982902,0.915746,-0.125817,0.000326644,0,0,1
107,8.47446,30.2172,2.5376,1.11278,0.979355,1.01404,1.02901,1.36113,-0.138568,0.000153477,0,0,1
108,6.1239,-21.9433,-2.12128,1.00302,0.993552,1.00402,1.04921,1.08899,0.21499,-0.000503176,0,0,1
109,8.20643,-29.4231,-2.72557,0.768916,1.00732,1.01182,1.05267,0.921244,0.163254,-0.000419711,0,0,1
110,93.9259,-358.658,124.038,0.825615,1.05136,1.00618,1.02577,1.03296,0.110521,-0.00183157,0,0,1
111,10.5608,37.6741,1.90135,1.04922,1.02875,0.989265,1.0228,1.16728,-0.0678181,-0.000757673,0,0,1
112,7.07146,25.1231,0.559389,0.974162,1.02269,1.01018,0.966164,0.617176,-0.0402304,-0.00208248,0,0,1
113,20.2111,-74.6863,-9.94848,1.06969,0.999582,1.01635,1.03034,0.822574,0.141525,-0.00142679,0,0,1
114,2.66711,9.46793,0.87646,1.04473,1.00713,0.9957,1.01437,1.16572,-0.345038,-0.00157613,0,0,1
115,124.136,815.368,-134.078,1.13255,0.997825,1.00456,1.0262,0.465721,-0.0906728,0.00154035,0,0,1
116,2.47596,8.79683,1.06537,1.01717,0.970682,1.01819,0.95145,0.922465,-0.48673,0.000718715,0,0,1
117,12.3813,45.2899,5.68822,0.960831,0.997405,0.998081,0.928532,0.991766,-0.182262,0.00149294,0,0,1
118,33.8452,-124.342,-15.1066,1.02681,1.0083,0.999302,0.979075,1.25999,0.0740029,-0.000664781,0,0,1
119,29.596,105.449,0.434398,1.16683,1.00136,0.984776,1.00738,1.1269,-0.00209218,-0.000635456,0,0,1
120,10.8557,38.6011,1.69426,0.98513,0.994915,0.995667,0.985672,1.26577,-0.0565356,-0.000820706,0,0,1
121,6.3972,-22.9003,-2.13009,0.754761,1.01438,1.00125,1.04154,0.709134,0.198084,-0.000279905,0,0,1
122,8.91312,31.6845,1.76709,1.432,0.965432,1.01537,0.998033,0.571491,-0.0842156,-0.000614035,0,0,1
123,17.6893,-62.9004,-0.223759,0.77822,1.02059,1.0027,0.978521,0.965431,0.00299065,0.00106694,0,0,1
124,2.84021,-10.1574,-1.11252,0.9172,1.03101,1.00905,0.924648,1.24591,0.399349,0.000256261,0,0,1
125,24.4698,-86.8564,-1.15679,0.931591,0.969069,1.02075,0.95811,0.627835,0.00794716,0.000608673,0,0,1
126,138.825,-542.636,12.8634,1.0369,0.986276,1.00619,1.03086,1.23948,0.0937567,-0.00140948,0,0,1
127,5.57916,-20.1399,-2.44767,0.598936,0.999639,0.994715,0.951226,1.31787,0.30727,-0.00166065,0,0,1
128,3.49252,12.3747,0.811664,0.890783,0.992759,0.997109,1.0046,0.934433,-0.20254,-0.00210864,0,0,1
129,4.46561,15.9238,1.35287,0.755228,1.02065,1.00643,1.02222,1.08436,-0.22837,-0.000533109,0,0,1
130,137.179,-524.761,-30.2617,0.845206,0.99511,0.983621,1.03924,0.91105,0.0737795,-0.00106795,0,0,1
131,57.3941,214.263,-27.5815,1.04224,1.01578,0.988008,1.01683,0.678003,0.050017,-0.00125492,0,0,1
132,7.64778,-27.3417,-2.25873,1.00692,1.00499,1.00025,0.971975,0.827532,0.15138,-1.95437e-05,0,0,1
133,3.66849,13.038,1.07722,0.919583,0.993178,1.0013,1.00099,1.23983,-0.252153,-0.000983818,0,0,1
134,4.87998,17.3632,1.57376,1.03197,0.97748,1.01204,0.947434,0.697026,-0.229527,6.13563e-05,0,0,1
135,7.82046,28.0205,2.5158,0.974721,0.988649,0.998176,0.959739,1.22061,-0.163424,0.000310438,0,0,1
136,57.2114,-210.941,26.0772,1.02803,0.993694,1.01696,0.970706,0.952814,-0.0465646,0.00117332,0,0,1
137,16.8534,60.56,4.67031,1.08559,1.02106,0.989493,1.00418,0.948541,-0.0721196,3.60404e-05,0,0,1
138,14.8322,53.0128,3.35167,1.02108,1.01221,1.00239,1.01567,1.51692,-0.0640699,-0.000226122,0,0,1
139,52.3809,-186.9,-9.13917,0.847741,1.02404,0.996756,0.94365,0.775584,0.0152507,0.000119582,0,0,1
140,8.68745,31.4363,3.68844,0.558394,1.00184,1.01172,0.998836,1.13951,-0.211897,0.00136339,0,0,1
141,15.2596,54.6606,4.10907,0.698213,1.0061,0.992181,0.96137,1.2292,-0.0763136,6.6499e-06,0,0,1
142,8.47982,30.2747,2.17139,1.02735,1.0153,1.00108,1.01323,1.04177,-0.118253,-0.000307963,0,0,1
143,6.91429,24.6207,1.93611,1.11136,0.984168,1.00814,1.00258,0.73659,-0.151425,-0.000158575,0,0,1
144,40.759,153.088,21.2072,0.773567,0.95862,0.98835,1.01049,0.970891,-0.0967608,0.00114437,0,0,1
145,20.362,-72.7532,-3.08805,1.13673,1.03958,0.993747,1.03083,1.21832,0.0321583,0.000447482,0,0,1
146,19.3656,68.9315,0.410405,0.479841,1.02104,1.00167,1.00552,0.942186,-0.00449756,-0.000945704,0,0,1
147,6.44542,22.8379,1.22795,1.61529,0.987611,1.00496,0.988184,0.802034,-0.105654,-0.00114985,0,0,1
148,5.76278,20.4233,0.981608,0.852309,0.983483,0.98837,0.947651,0.827882,-0.103278,-0.00160074,0,0,1
149,5.99624,-21.3162,-1.07886,1.11554,1.00706,0.986358,0.970173,1.17197,0.107566,0.0014854,0,0,1
150,17.9959,-64.8983,-6.42256,1.16345,0.988571,1.00566,1.02821,0.739998,0.0927973,-0.000512158,0,0,1
151,932.131,-3609.46,186.269,0.812852,1.01165,1.01279,1.06609,0.756337,0.015686,-0.000238778,0,0,1
152,8.88429,31.4942,0.611402,0.945087,1.00278,1.00795,1.05213,1.113,-0.0288012,-0.0016748,0,0,1
153,4.53873,16.1311,1.05286,1.21206,0.99775,0.994447,1.05641,0.901129,-0.170422,-0.00140487,0,0,1
154,35.3755,-127.704,-10.8384,1.23882,1.02435,0.995544,0.973849,0.897727,0.041582,-0.000141716,0,0,1
155,8.39868,-29.7832,-1.70238,0.578641,0.977576,1.0113,0.994186,0.694141,0.091533,0.000658624,0,0,1
156,9.45646,33.6988,2.62452,1.28131,0.980819,1.01007,1.0356,0.679839,-0.116333,-5.83416e-06,0,0,1
157,322.744,-1327.29,-240.661,1.40885,1.02326,0.99715,1.03542,1.02871,-0.0577206,0.00111636,0,0,1
158,10.2897,-36.7342,-2.51583,1.1945,1.03124,1.0112,1.00027,1.12559,0.0956661,0.000286244,0,0,1
159,3.01734,-10.6895,-0.700855,1.25259,1.00629,1.00582,1.03351,1.02961,0.221487,0.00268114,0,0,1
160,94.9248,358.153,-48.9211,1.4158,0.987926,0.995011,1.02101,0.970831,0.040229,-0.000937805,0,0,1
161,6.06495,-21.4606,-1.12951,0.8838,0.989206,1.02407,0.956421,0.914187,0.10767,0.00122553,0,0,1
162,6.69151,23.7707,0.961246,1.25725,1.00574,0.998824,0.99758,0.835758,-0.0773855,-0.00159994,0,0,1
163,5.70043,20.234,0.708402,1.00567,1.01062,0.982698,1.00534,0.924459,-0.0762455,-0.0022228,0,0,1
164,18.4357,65.3438,-0.328137,0.858845,0.975001,0.99287,0.972323,0.893985,0.00389837,-0.00110531,0,0,1
165,16.1911,-57.6147,-3.6126,0.855409,0.96406,1.00345,1.00688,0.885115,0.0579736,0.000157343,0,0,1
166,4.00948,14.3283,1.3662,0.715741,1.02134,0.996858,0.997655,0.506761,-0.279687,-0.000244825,0,0,1
167,19.4289,-69.4174,-4.30669,0.878938,0.995769,0.983273,1.00083,1.12175,0.0502978,0.000157943,0,0,1
168,16.2013,-58.6018,-6.35067,1.15419,0.969511,0.981578,1.0014,0.964646,0.117154,-0.000786256,0,0,1
169,5.35413,-19.0783,-1.56293,1.28689,0.984578,0.997759,1.02198,0.863361,0.19402,0.000287676,0,0,1
170,12.4427,-44.34,-3.07814,1.16133,0.951739,0.998402,0.991869,1.22082,0.0820175,8.50112e-05,0,0,1
171,6.8159,-24.2875,-1.6688,0.879062,1.01197,0.999879,0.966066,1.21793,0.134413,0.00059569,0,0,1
172,13.7627,-48.8377,-2.29659,0.873979,0.983679,0.998424,0.967469,1.21036,0.0493113,0.000544135,0,0,1
173,5.00474,17.715,0.979017,0.982393,0.987777,1.00462,0.943426,1.26825,-0.131441,-0.0015672,0,0,1
174,42.207,-157.744,-21.7827,1.14041,1.01578,1.00489,1.04026,0.797252,0.0896151,-0.00102554,0,0,1
175,8.50353,30.2167,1.20092,1.00981,1.00978,1.0113,1.04131,0.839096,-0.0622123,-0.00120586,0,0,1
176,48.4906,-171.866,-1.05911,0.957885,0.988601,0.996676,1.01761,1.201,0.00199695,0.00036343,0,0,1
177,214.787,823.449,61.3212,1.10003,1.00431,0.999084,0.971062,0.987967,-0.0435006,0.000623205,0,0,1
178,21.2681,75.6792,1.95957,1.07243,1.003,1.00265,1.00629,1.03654,-0.0179164,-0.000604065,0,0,1
179,6.12156,21.8212,1.48091,0.988304,1.01805,0.987231,0.968552,0.921499,-0.14366,-0.000839199,0,0,1
180,12.6053,44.6913,1.63016,1.22649,0.985119,0.998381,1.03584,1.17419,-0.0405608,-0.0008231,0,0,1
181,4.70172,-16.7122,-1.0384,0.605287,1.01421,1.00908,0.949988,1.07957,0.15722,0.00146404,0,0,1
182,103.586,373.011,-30.1566,0.931309,0.971875,1.00851,0.986314,0.821668,0.0126263,-0.00040526,0,0,1
183,6.13536,-22.0148,-2.28511,1.32727,1.00224,0.996797,0.999375,0.928995,0.234325,-0.00077088,0,0,1
184,6.12769,21.8053,1.79594,1.03794,0.973122,0.997805,0.976221,1.31836,-0.175635,-0.000108785,0,0,1
185,5.67629,-20.2968,-1.85884,0.793059,1.01682,1.00709,1.00774,0.992908,0.21155,-0.000135739,0,0,1
186,10.8334,-38.5036,-0.586389,0.668811,1.03469,0.995711,1.01933,0.801545,0.0196456,0.00152931,0,0,1
187,5.46827,-19.4532,-1.34834,0.984038,0.989592,0.990121,1.00551,0.82337,0.159867,0.000842005,0,0,1
188,6.48612,23.1598,1.91495,0.894005,0.989223,1.00192,1.0636,0.750412,-0.170105,-6.56328e-05,0,0,1
189,132.45,-505.85,44.9143,0.871931,0.987949,1.00189,0.990817,0.720379,-0.060909,0.00126932,0,0,1
190,97.7471,-347.337,-0.355459,1.10661,1.00655,0.997254,1.01479,1.10357,0.000184963,0.000197834,0,0,1
191,6.86607,24.4464,1.47258,0.92182,1.03,1.00521,1.01266,1.14609,-0.114872,-0.000934247,0,0,1
192,14.236,-51.1447,-4.63705,0.759032,1.01638,1.00972,1.03168,0.682459,0.10088,-0.000343335,0,0,1
193,11.599,41.3032,1.59927,0.980118,1.00329,0.984876,1.00233,1.20469,-0.0476533,-0.000896503,0,0,1
194,163.822,-937.815,-186.426,1.09532,1.01173,1.01248,1.02153,0.924493,0.0931318,-0.00155835,0,0,1
195,201.179,1332.55,-892.323,1.06786,1.01302,0.98505,0.984664,1.05439,-0.0546633,0.000892166,0,0,1
196,23.3225,-82.5703,-1.05718,1.37948,0.986242,1.00019,0.995142,0.946901,0.00816166,0.000680099,0,0,1
197,38.3961,137.977,10.3227,1.11162,0.990985,0.9845,0.987988,0.940355,-0.0323649,4.03273e-05,0,0,1
198,8.27986,29.429,2.06377,0.827618,0.961722,0.985749,1.03203,1.036,-0.116632,-0.000307935,0,0,1
199,146.261,1416.31,469.347,0.911198,0.988298,0.997859,0.994385,0.866846,0.0748882,-0.00132061,0,0,1
200,20.7418,73.7443,1.56603,0.84851,0.991638,0.988805,0.972613,0.975556,-0.0150737,-0.000682795,0,0,1
201,4.88252,17.5123,1.77977,0.922951,1.01793,0.998545,0.975828,0.986515,-0.265191,0.000422779,0,0,1
202,12.9983,-46.1971,-2.83696,1.23112,0.984431,1.00826,0.969922,1.07623,0.0685277,0.00028202,0,0,1
203,50.9147,-185.875,21.4711,1.45075,0.985821,1.01133,1.00616,1.25963,-0.0449201,0.00118135,0,0,1
204,4.22624,15.0186,1.34591,1.23162,0.958563,1.00507,0.978105,0.861993,-0.251829,-0.000105211,0,0,1
205,206.166,-730.141,13.6773,0.788246,1.01671,1.00399,1.02801,0.671219,-0.00156462,0.000122744,0,0,1
206,3.64673,12.9369,0.818453,0.911608,0.989878,0.983452,0.997388,1.23467,-0.191309,-0.00214521,0,0,1
207,43.7053,159.258,17.877,1.39735,0.991099,0.997567,1.00049,0.586948,-0.0485021,0.000376397,0,0,1
208,84.5709,312.485,-38.0561,0.943443,1.00061,1.01054,0.939826,0.932271,0.0298694,-0.000766864,0,0,1
209,7.95635,-28.3378,-1.68351,0.863286,1.02288,0.99974,1.00178,1.0093,0.101619,0.000762431,0,0,1
210,221.94,-845.228,90.3643,1.23432,0.987911,0.995443,0.998646,0.943076,-0.0317638,0.000672875,0,0,1
211,21.9008,80.6355,10.8308,0.886251,0.953442,0.992408,0.961275,1.33874,-0.133179,0.00137111,0,0,1
212,6.35565,22.6405,1.62832,1.12632,0.984211,0.986717,0.958119,1.57406,-0.148742,-0.000530424,0,0,1
213,209.675,889.044,196.816,1.52381,1.00671,1.00406,0.959223,1.1242,0.0904523,-0.00174114,0,0,1
214,4.84313,-17.183,-1.33254,0.846288,0.965086,1.00623,0.957911,1.04696,0.194925,0.000522022,0,0,1
215,6.80435,-24.2468,-1.73756,1.18634,0.993774,0.997448,1.00428,0.879411,0.140626,0.000452738,0,0,1
216,6.0691,-21.6376,-1.68065,0.859584,0.992159,1.00009,0.959967,1.24952,0.167237,0.000332518,0,0,1
217,7.62883,27.2362,1.99764,0.888206,1.00382,0.992641,0.978875,1.24487,-0.132502,-0.000325567,0,0,1
218,9.50404,-33.7538,-0.390887,1.37307,1.0243,0.986562,0.973578,0.816141,0.0167456,0.00184639,0,0,1
219,7.64143,27.5194,2.97161,1.10452,0.988123,0.993256,0.985032,0.736524,-0.210803,0.00102358,0,0,1
220,12.5054,-44.3623,-0.108096,1.10709,0.999428,0.998865,0.966879,0.949501,0.0027435,0.00150966,0,0,1
221,24.096,86.8831,8.15648,0.806643,0.999376,0.996299,0.990916,0.9609,-0.0659463,0.000309249,0,0,1
222,48.6268,-185.078,-20.2757,1.1231,0.998245,0.995133,1.05344,0.541652,0.149857,-0.00206076,0,0,1
223,6.35866,22.6786,1.95994,1.12688,0.983599,1.0097,1.03099,1.42664,-0.179855,8.76795e-05,0,0,1
224,12.2482,43.9578,3.77132,1.24363,0.995867,0.999107,0.957367,0.843919,-0.107596,0.000247017,0,0,1
225,7.83664,27.8853,1.99464,0.736985,0.980335,0.997966,1.0212,1.05368,-0.124033,-0.000321867,0,0,1
226,5.35904,-19.1326,-1.66293,0.732979,1.01065,0.996752,0.967649,0.99803,0.208441,0.000146918,0,0,1
227,23.6038,-86.6302,-10.5749,1.15799,1.01425,1.0053,0.988772,0.807374,0.102548,-0.00089519,0,0,1
228,29.7558,-107.641,10.2024,0.760702,1.00047,0.994663,0.995107,0.88041,-0.0557506,0.00165639,0,0,1
229,4.2121,-14.9253,-1.04613,0.806827,0.983266,0.99953,1.00596,1.12707,0.191961,0.00127457,0,0,1
230,144.67,-705.772,-271.189,1.31342,0.981712,0.989821,0.998607,0.745523,-0.078534,0.00141012,0,0,1
231,16.4849,59.4116,4.66502,0.946037,1.03078,0.989611,0.968728,0.522068,-0.075853,6.12706e-05,0,0,1
232,5.52459,19.6657,1.47251,1.28468,0.990616,1.0034,1.0144,1.24456,-0.170592,-0.000566034,0,0,1
233,4.66831,-16.7102,-1.73382,1.23239,0.995955,1.02047,0.965659,1.19701,0.279946,-0.000690956,0,0,1
234,14.3648,51.2372,3.92656,1.22486,0.969895,1.00627,0.914077,0.9594,-0.0799839,6.4184e-05,0,0,1
235,52.3638,-189.86,19.1856,0.96256,0.981677,1.00372,1.00335,1.36488,-0.0357358,0.00100445,0,0,1
236,3.68832,-13.1044,-1.22766,1.38173,0.983082,1.01319,1.00624,1.11824,0.287267,0.000232277,0,0,1
237,13.0993,-46.5502,-0.660097,0.953356,1.00555,0.974545,1.00234,1.0944,0.015764,0.00127317,0,0,1
238,6.18863,-22.2322,-2.35917,0.698956,0.994342,1.0063,0.977995,1.32542,0.239603,-0.000949295,0,0,1
239,9.18384,-32.7856,-2.34018,1.28495,1.00123,0.976457,0.996002,1.10727,0.112137,0.000274785,0,0,1
240,4.54054,-16.1049,-0.727172,1.16308,1.0105,1.0049,0.987509,1.00749,0.115456,0.00232718,0,0,1
241,17.4733,-62.9445,-6.03409,1.02608,0.988815,1.00494,0.996105,1.20951,0.0912557,-0.000454542,0,0,1
242,8.37899,30.0652,3.05699,1.11698,0.973894,1.01176,0.988674,0.967061,-0.177588,0.000783212,0,0,1
243,12.7855,46.2914,4.92217,1.10166,1.01316,1.00175,0.989312,1.35373,-0.136175,0.000766219,0,0,1
244,8.15595,29.04,1.67539,1.07482,0.993727,0.992796,0.987773,1.05196,-0.0961359,-0.000746448,0,0,1
245,5.84038,20.716,1.14975,0.928038,0.996621,1.00914,0.977191,1.18447,-0.117868,-0.0012622,0,0,1
246,13.1655,-46.8327,0.504964,0.667031,1.01505,0.993928,1.01241,1.34556,-0.0117879,0.00171884,0,0,1
247,9.09212,-32.7997,-3.29991,1.12348,1.0173,0.993415,1.00238,1.10427,0.168529,-0.000659755,0,0,1
248,13.3558,48.066,4.59429,0.72024,0.982183,1.00453,0.974984,0.96522,-0.1134,0.000502573,0,0,1
249,2.82913,10.0884,1.13091,0.72602,1.00521,0.992975,0.997041,1.25567,-0.414957,-6.17806e-06,0,0,1
250,30.5388,109.687,-7.364,1.11222,1.02394,1.00744,0.971761,1.20387,0.0350797,-0.00126845,0,0,1
251,17.4442,62.2701,3.47239,0.960842,0.993862,0.993746,1.01868,0.614674,-0.048215,-0.000289966,0,0,1
252,9.89474,35.2847,2.23761,1.17229,0.98943,0.993453,1.03197,1.14611,-0.0906878,-0.00040964,0,0,1
253,12.9441,46.9419,5.2683,1.06208,1.01462,1.01643,1.06209,1.25432,-0.14419,0.000943244,0,0,1
254,4.70549,16.8362,1.68446,1.22112,1.00586,1.00541,0.99496,0.740017,-0.267784,0.000399397,0,0,1
255,36.0506,-132.461,-16.0445,1.37561,1.00822,0.989277,0.993976,0.95857,0.069484,-0.000617628,0,0,1
256,2.80831,-9.91212,-0.707485,0.826076,0.968054,0.991812,0.979349,1.07835,0.253455,0.00247593,0,0,1
257,25.5869,-91.6374,-6.82198,1.20215,0.998504,1.01736,1.00534,0.814008,0.0466397,-5.48272e-05,0,0,1
258,29.2648,104.594,-4.52056,1.18858,1.00463,1.00454,1.04972,0.390759,0.0225527,-0.00106144,0,0,1
259,5.00009,-17.7457,-1.42244,0.880152,0.973558,1.01447,1.00963,1.01933,0.196708,0.000365403,0,0,1
260,14.3678,-51.9876,-5.72784,0.889178,0.980508,1.00281,1.03784,0.907479,0.131448,-0.000897131,0,0,1
261,4.99812,-17.7421,-1.04639,1.26602,0.992535,0.996192,1.00961,0.891625,0.142534,0.00144702,0,0,1
262,116.976,-817.506,404.701,1.00612,1.047,1.00047,1.06043,0.885632,0.099836,-0.00173495,0,0,1
263,5.34738,19.0929,1.90348,0.993084,0.970561,1.00218,1.05244,1.00643,-0.242679,0.00058903,0,0,1
264,14.5877,-51.8252,-1.04542,0.8111,1.00407,0.997983,1.02939,1.0989,0.0199987,0.000996612,0,0,1
265,53.3599,197.239,-24.1086,1.04566,0.998525,0.997656,1.02977,1.30693,0.0480361,-0.00123327,0,0,1
266,30.522,110.624,-10.5324,0.91933,0.998952,1.01624,1.00159,0.700993,0.0534996,-0.00158065,0,0,1
267,6.99083,24.8682,1.74474,1.00204,0.989086,1.00885,1.00386,1.13221,-0.132087,-0.00046353,0,0,1
268,7.57636,26.9313,1.32737,1.2343,1.0054,1.01243,0.969878,0.608256,-0.0851708,-0.00107713,0,0,1
269,5.51628,-19.58,-0.980974,1.08373,0.995564,0.98979,0.993346,0.823998,0.112552,0.00163332,0,0,1
270,29.1542,105.263,9.91265,0.873244,0.98153,0.989696,0.959819,1.20627,-0.0558345,0.000284117,0,0,1
271,38.8885,-140.369,-13.4886,0.977391,0.979614,1.00081,1.03669,0.722366,0.0441131,-0.00025887,0,0,1
272,12.1463,43.4797,2.50932,1.45035,1.04114,0.999682,1.0092,1.31427,-0.0694141,-0.000477637,0,0,1
273,36.2562,128.693,2.32187,0.820383,0.983667,1.00006,1.00437,0.434558,-0.00735939,-0.000399399,0,0,1
274,19.7182,73.7532,10.5204,0.9173,1.01401,1.00541,0.993249,0.852452,-0.179068,0.0019867,0,0,1
275,5.17485,18.3773,1.06401,1.33032,0.998569,1.00473,1.00974,1.27081,-0.135425,-0.0014144,0,0,1
276,7.5544,-26.7143,-0.153249,1.26625,0.988468,1.01291,1.01152,0.700624,0.00969982,0.0023315,0,0,1
277,10.7262,-38.5842,-3.82406,0.848483,1.01457,1.01436,0.974967,0.806184,0.142831,-0.000615436,0,0,1
278,10.1316,-35.9087,-1.70948,0.75187,0.980531,0.997593,0.982298,1.25388,0.0649921,0.000770197,0,0,1
279,40.9589,-149.845,-16.8799,1.39369,1.01923,0.987424,1.02144,0.945978,0.054303,-0.000425006,0,0,1
280,3.94146,14.0213,0.954429,1.1003,1.02797,0.99143,1.01274,0.998231,-0.195202,-0.00181255,0,0,1
281,48.8944,-178.894,21.1239,1.2824,0.970251,1.01345,0.999698,1.12604,-0.0491749,0.0012676,0,0,1
282,25.1568,-89.6502,5.21775,0.868707,0.985627,1.01581,1.01414,0.609155,-0.0354591,0.00137331,0,0,1
283,36.665,131.57,11.1092,1.02789,0.955489,0.984028,0.985761,0.717415,-0.0381842,0.000133222,0,0,1
284,11.6966,41.8766,3.27287,0.768964,0.981897,0.985773,1.04797,0.70578,-0.100425,4.82085e-05,0,0,1
285,7.21939,-25.896,-2.50641,1.15972,1.00279,0.991471,1.0124,1.6673,0.191157,-0.000507423,0,0,1
286,8.43321,29.8872,0.985714,1.36695,0.994005,1.00375,1.00553,1.18115,-0.0514481,-0.00139359,0,0,1
287,5.99067,-21.4397,-2.01326,0.893431,0.995446,1.00481,1.01235,0.933425,0.210693,-0.000359425,0,0,1
288,3.64422,-12.9586,-1.20305,0.949036,0.987033,1.00994,1.01752,1.20046,0.287154,0.00033968,0,0,1
289,7.09495,25.2968,1.74467,1.01254,1.01622,1.00203,0.993218,0.52,-0.13025,-0.000556169,0,0,1
290,12.1384,43.1842,-1.64871,1.11805,0.967567,0.995463,1.02932,0.822956,0.0440601,-0.00233137,0,0,1
291,24.2357,89.2241,11.0972,0.979502,1.02649,1.00386,0.998288,0.846635,-0.101245,0.000884221,0,0,1
292,4.96928,-17.6627,-1.05599,0.993045,1.01066,0.99683,1.01126,1.1004,0.146087,0.00147984,0,0,1
293,18.6287,66.7146,4.03188,1.02461,1.03645,1.0024,1.00462,1.12591,-0.0497418,-0.000225876,0,0,1
294,6.08325,-21.631,-1.1951,1.11121,1.00662,0.997413,0.993533,0.859223,0.116006,0.00124613,0,0,1
295,6.41832,-23.1842,-2.6025,1.20838,1.01039,0.991928,0.996802,1.0326,0.25146,-0.00115041,0,0,1
296,42.3094,159.652,21.7202,0.9205,0.998693,0.992304,1.00946,1.08057,-0.121713,0.00154492,0,0,1
297,34.8888,130.566,18.3752,1.16969,1.00632,0.981531,0.983153,1.08702,-0.108959,0.00123671,0,0,1
298,44.9889,-160.937,-10.0963,0.995338,0.996958,0.990976,0.992273,1.11702,0.0231685,3.92956e-05,0,0,1
299,65.1027,232.816,13.6877,0.924328,0.981326,1.00255,0.948176,1.15082,-0.0140968,-4.98467e-05,0,0,1
300,4.82429,-17.1774,-1.28694,0.895084,1.01014,1.0144,1.00219,0.813801,0.188711,0.000786179,0,0,1
301,16.2507,59.393,6.87951,1.05542,1.01055,0.981651,1.00988,0.520996,-0.129544,0.000946368,0,0,1
302,11.9535,43.4812,5.26289,1.12012,0.996095,1.00229,1.04721,1.08226,-0.174165,0.00131644,0,0,1
303,60.1436,215.932,-9.20977,0.676916,1.04136,1.00005,0.968817,0.869127,0.0111822,-0.000533913,0,0,1
304,4.92112,-17.5393,-1.27333,0.672961,1.02916,0.998579,1.04168,1.03626,0.180049,0.00100962,0,0,1
305,9.27012,33.1865,2.59563,0.758606,1.0192,0.991166,0.995753,1.22837,-0.121683,-9.01415e-05,0,0,1
306,3.62078,12.7995,0.676372,0.835043,0.99851,1.01306,1.05036,1.15302,-0.156229,-0.00260803,0,0,1
307,9.52213,33.8068,2.01755,1.01845,0.971562,0.989038,1.04257,1.12376,-0.086961,-0.000522733,0,0,1
308,4.94073,17.5216,0.789332,1.00784,1.0069,1.00983,1.0165,1.23322,-0.107616,-0.00207098,0,0,1
309,47.1756,167.746,-4.25448,1.07073,0.983166,0.999789,1.00617,1.10802,0.00802735,-0.000545946,0,0,1
310,31.1655,113.995,13.5996,0.761241,0.984518,0.990648,0.99493,1.02932,-0.0748098,0.000637448,0,0,1
311,8.13412,28.8243,1.45483,1.26369,0.971029,0.995978,1.03288,1.05967,-0.082609,-0.000913941,0,0,1
312,11.2634,41.136,5.12905,1.03888,0.990373,0.983905,0.985547,0.730365,-0.19503,0.00153207,0,0,1
313,162.327,620.798,66.771,1.04276,1.00672,1.01355,0.944113,1.09515,-0.044474,0.000612671,0,0,1
314,48.06,-175.799,-20.3372,1.13073,0.997521,0.999069,0.998309,1.07355,0.0484568,-0.000412357,0,0,1
315,21.0488,-76.1049,7.02036,1.08591,0.993382,0.98608,0.984653,0.81743,-0.0744154,0.00226514,0,0,1
316,25.301,91.3743,9.78477,1.13147,0.95443,1.00903,1.0209,0.93057,-0.0737722,0.000523164,0,0,1
317,18.2039,65.7629,6.8991,1.06992,0.913652,0.994339,0.990746,0.686152,-0.0972655,0.000666045,0,0,1
318,75.6238,269.462,-2.53549,1.15762,0.982543,0.985707,0.986736,1.03696,0.00183829,-0.000289488,0,0,1
319,12.9425,47.0607,5.01356,1.00234,1.02936,0.993151,0.959998,0.896467,-0.137719,0.00077017,0,0,1
320,11.2009,39.6833,0.562422,0.972088,0.966129,0.99044,1.05891,0.995911,-0.0173216,-0.00139595,0,0,1
321,3.54642,-12.6141,-1.08001,1.1347,0.993381,1.00257,1.00357,1.13535,0.268302,0.000885057,0,0,1
322,7.24218,-25.7275,-0.967643,1.03219,1.00739,0.988359,1.03052,0.904081,0.0684354,0.0015732,0,0,1
323,8.79474,-31.2163,-1.99116,0.858962,0.978774,1.00967,1.04581,0.810796,0.0992359,0.000436812,0,0,1
324,42.3968,-154.983,17.07,1.17001,1.02309,1.02755,0.975257,1.31058,-0.0492227,0.00133831,0,0,1
325,23.5339,-84.0237,-4.69593,0.590745,1.01522,0.982071,0.989063,1.0131,0.0376876,0.000212685,0,0,1
326,5.5056,-19.6936,-1.86539,0.868675,0.996021,0.988286,1.04434,0.903918,0.227583,-0.000280695,0,0,1
327,75.0367,270.539,24.7579,1.1016,0.952727,1.01634,0.926263,1.00839,-0.0204628,0.000106814,0,0,1
328,46.3611,174.276,-23.8678,1.0403,0.985362,1.00489,0.956359,0.941515,0.0763623,-0.00180146,0,0,1
329,278.11,-3798.19,1029.46,0.780149,1.00608,1.01315,1.01617,0.7924,0.0389409,-0.000670283,0,0,1
330,20.1453,72.0615,4.52332,1.52316,1.00256,0.990162,1.01919,0.881075,-0.0485837,-0.000148625,0,0,1
331,3.29194,11.8655,1.47874,1.4041,1.02426,0.99604,0.976949,0.914132,-0.43513,0.00121963,0,0,1
332,174.776,-786.201,267.273,1.24346,0.997928,1.00736,0.984544,1.1179,0.113057,-0.00179289,0,0,1
333,17.6613,62.6161,-0.794915,1.1023,0.989735,1.00867,1.01499,0.990077,0.0101917,-0.00125464,0,0,1
334,24.4809,-88.9348,-10.1215,1.22935,0.97265,1.01052,1.00899,1.32911,0.0867929,-0.000701025,0,0,1
335,6.16166,22.2919,2.46589,1.00966,1.03266,1.00537,1.0144,0.787016,-0.25333,0.00104217,0,0,1
336,7.95201,-28.8387,-3.46857,0.990189,1.00627,1.0019,0.985568,0.951734,0.236652,-0.00153032,0,0,1
337,8.22318,-29.1928,-1.18389,0.774627,1.00181,1.00388,0.970834,0.738511,0.065731,0.00122777,0,0,1
338,5.25163,-19.0226,-2.01059,0.986065,1.05458,0.979608,1.0444,1.09948,0.267998,-0.000527153,0,0,1
339,8.08598,-28.7316,-1.1351,1.02951,1.01738,0.990649,0.935254,1.08093,0.0658658,0.00134715,0,0,1
340,21.8067,-80.2253,-9.93771,0.956739,1.03631,1.00977,0.981702,0.893618,0.110805,-0.000952989,0,0,1
341,11.5999,-41.8971,-4.5579,0.863509,0.991269,1.01283,1.01678,1.09358,0.15307,-0.000951775,0,0,1
342,127.479,-480.27,188.723,1.43727,1.04527,1.01087,0.974905,1.10074,0.0809033,-0.0013389,0,0,1
343,4.50177,16.0609,1.40552,0.749349,1.00027,0.997752,1.02083,1.37149,-0.236683,-0.000321695,0,0,1
344,3.56474,-12.7366,-1.36798,1.4008,1.00047,0.997798,0.986422,1.0237,0.348167,-0.000391165,0,0,1
345,5.72623,-20.5594,-1.78002,0.917592,1.04857,1.01234,0.987243,1.15513,0.197483,0.00014896,0,0,1
346,7.02652,25.4531,2.8742,0.895433,1.02181,1.00001,1.07697,0.989043,-0.237497,0.00118081,0,0,1
347,10.0257,-35.9131,-3.03602,1.17273,1.00749,1.01128,1.02071,0.85635,0.124756,-0.000196609,0,0,1
348,7.43891,26.6706,2.40498,1.25174,1.01563,0.992538,1.00974,1.22551,-0.170614,0.000214982,0,0,1
349,4.32539,15.4447,1.47929,1.14828,0.989633,1.00328,0.984931,0.866955,-0.268775,0.000116632,0,0,1
350,238.853,936.764,-20.9136,1.13767,0.995472,0.993657,1.01642,1.54573,-0.0566197,0.000851643,0,0,1
351,27.3152,-99.736,-11.6851,0.922299,0.994064,0.99595,0.982643,1.03812,0.0830093,-0.000686793,0,0,1
352,84.9673,-322.714,-37.9443,1.07238,0.983756,1.0014,0.959276,0.961127,0.0744419,-0.00100125,0,0,1
353,7.02273,-24.9231,-0.926877,0.900668,1.00224,0.99876,1.05143,0.835201,0.0685042,0.00160374,0,0,1
354,7.99574,28.375,1.51176,1.19968,0.967404,1.00693,0.970629,0.694249,-0.0882656,-0.000813023,0,0,1
355,2.45726,8.69605,0.869372,0.898123,0.957937,1.00483,0.990141,1.00865,-0.394345,-0.00088359,0,0,1
356,21.0099,75.4795,6.23588,1.02799,0.999302,0.992512,0.996201,0.842214,-0.0639961,0.000155852,0,0,1
357,339.141,1382.7,-211.965,0.982913,1.01808,0.992989,1.02244,0.761412,-0.0537829,0.000833883,0,0,1
358,2.8171,9.96616,0.869062,0.877734,0.979287,1.01305,1.01088,0.826911,-0.311141,-0.00137956,0,0,1
359,5.54788,-19.6264,-0.97705,0.461041,0.970832,0.994967,0.967407,0.818521,0.110157,0.00153442,0,0,1
360,19.9086,-74.8693,-10.847,1.36193,1.01382,1.00397,1.00392,1.06763,0.227774,-0.00277736,0,0,1
361,1419.54,-8601.01,-5043.26,0.927887,1.0248,1.00239,1.02983,0.806164,-0.00773789,0.000135731,0,0,1
362,35.8491,-128.1,6.45644,1.10969,1.00646,1.00628,1.02794,0.90196,-0.0223821,0.000937347,0,0,1
363,13.8082,49.5287,4.07931,1.37728,1.01183,0.996402,1.01683,0.923932,-0.0922668,0.000139661,0,0,1
364,29.666,106.907,8.66028,1.13829,1.02731,1.00419,0.976715,1.16747,-0.0450488,9.86438e-05,0,0,1
365,392.723,-1540.29,-88.5939,0.564446,1.02918,0.970949,1.03639,0.710068,-0.0402494,0.000793223,0,0,1
366,11.2619,39.9609,2.02597,1.05568,0.972293,1.00118,0.975128,0.803651,-0.0630001,-0.000592086,0,0,1
367,11.8168,-42.5328,-3.49266,0.898808,1.02351,0.980133,1.05257,1.10725,0.107711,-0.000105025,0,0,1
368,9.40942,-33.4254,-0.948086,0.638182,1.01652,1.01196,0.960248,0.998278,0.0408916,0.00136377,0,0,1
369,42.0801,-149.02,-2.51413,1.0214,0.974908,0.993996,1.04614,1.10321,0.00620816,0.000345937,0,0,1
370,8.03259,-28.9805,-3.25764,1.20609,0.987186,1.01212,0.996893,0.922144,0.213743,-0.00125387,0,0,1
371,5.64964,20.3309,2.28527,1.34256,0.985747,1.0005,1.05651,0.969129,-0.275356,0.00125341,0,0,1
372,3.05508,-10.9078,-1.09173,0.876935,1.03,1.0015,0.974393,1.01104,0.347018,0.000695461,0,0,1
373,5.30838,18.8784,1.17525,1.12668,1.01532,0.987095,1.02034,0.877882,-0.145438,-0.00130431,0,0,1
374,11.1699,39.8481,2.11279,0.987025,1.03695,1.00498,1.03407,1.41726,-0.067544,-0.000634762,0,0,1
375,26.8518,-98.6021,-12.0674,1.25158,1.00965,1.00925,1.02544,0.902958,0.0919592,-0.000823777,0,0,1
376,4.76686,-16.9178,-0.931621,0.925973,1.0069,1.00608,0.992271,0.960504,0.136998,0.00173698,0,0,1
377,16.905,-59.9459,-1.17594,0.969149,0.960952,0.99452,1.07003,1.38036,0.0168153,0.000819537,0,0,1
378,14.0153,50.2559,4.56451,0.800323,0.967923,0.996369,0.98421,1.02385,-0.101206,0.000371015,0,0,1
379,39.6345,143.278,-9.90646,0.98135,1.037,0.990686,1.0179,1.00576,0.0290242,-0.00103049,0,0,1
380,5.41239,-19.4052,-1.86131,0.730969,1.01374,0.983708,1.00569,1.0963,0.233066,-0.00022442,0,0,1
381,11.7448,-41.9256,-2.79073,1.36775,0.996011,0.998694,0.991648,1.1008,0.0833782,0.000226562,0,0,1
382,9.54552,34.683,3.9545,0.870035,1.01227,0.993081,0.978561,0.88297,-0.192333,0.00116497,0,0,1
383,5.27316,-18.8697,-1.59165,0.907927,1.03523,1.00305,0.981571,0.474767,0.202992,0.00035567,0,0,1
384,8.87478,31.5644,1.8069,0.954825,0.967796,1.02454,1.0076,1.00129,-0.0863489,-0.000566205,0,0,1
385,18.624,66.1407,-0.333477,0.925721,0.948626,1.00339,1.00134,0.878296,0.00377175,-0.00104678,0,0,1
386,7.92159,28.5544,3.12581,0.998289,1.00165,1.00466,1.00681,1.10795,-0.207022,0.00105311,0,0,1
387,20.1608,-72.1289,3.5001,1.25137,1.03161,0.991713,1.02863,1.03841,-0.0372162,0.00166352,0,0,1
388,71.5653,262.215,-30.9231,0.795553,0.980221,1.00396,1.03037,0.878475,0.0325022,-0.000851579,0,0,1
389,13.342,47.7552,3.43932,1.20479,1.00745,1.01196,0.947535,1.10344,-0.080754,-6.61402e-05,0,0,1
390,17.2943,61.3294,2.05609,1.13163,0.991278,1.01472,1.03676,1.20544,-0.0277017,-0.000613796,0,0,1
391,5.53994,-19.7611,-1.63038,1.05125,1.01355,0.998303,0.966873,1.23108,0.191741,0.000309498,0,0,1
392,9.10169,32.4417,1.82773,0.801744,1.01176,0.997285,0.988126,1.02156,-0.0860365,-0.000695915,0,0,1
393,21.2707,-76.4375,-6.57108,0.734093,1.01885,1.00765,1.0275,0.804821,0.0663073,-0.00020647,0,0,1
394,5.738,-20.3532,-1.37185,0.91192,0.96613,1.00691,0.991585,0.808836,0.147755,0.000717353,0,0,1
395,26.715,95.1778,-4.60845,1.16738,0.973584,1.00134,0.954142,0.85331,0.0273143,-0.00118882,0,0,1
396,8.47367,30.2038,1.82785,0.909679,1.02253,0.996295,0.991166,0.87457,-0.0982744,-0.000677128,0,0,1
397,6.08082,21.5618,1.10451,1.05432,0.992446,1.00195,1.02262,1.15076,-0.105378,-0.00136087,0,0,1
398,5.76807,20.6666,2.03643,1.35906,1.00453,0.994683,1.02445,0.564645,-0.229143,0.000467644,0,0,1
399,20.0291,71.2612,3.80777,0.9843,0.972424,1.01018,0.959644,1.05363,-0.039568,-0.000250076,0,0,1
400,5.84275,20.7564,0.966322,0.824606,1.02472,1.01645,1.03005,1.26974,-0.0987116,-0.00164805,0,0,1
401,20.3183,72.0722,-0.449624,0.622879,0.993589,1.00405,0.990709,1.19506,0.00439744,-0.00102244,0,0,1
402,15.5465,55.3733,2.63914,1.01668,0.994089,0.996348,0.98758,1.04368,-0.0449879,-0.000476082,0,0,1
403,19.1819,68.6449,4.54658,1.25604,0.995229,0.998431,1.02226,1.33603,-0.0533797,-9.74839e-05,0,0,1
404,5.76788,20.5634,1.56276,1.0105,1.0015,1.00414,1.01998,1.28379,-0.169127,-0.000480358,0,0,1
405,18.0213,64.9474,6.11453,0.957704,0.978798,0.987754,1.01627,1.05354,-0.0868187,0.000400019,0,0,1
406,140.329,513.59,-53.855,0.977533,1.0128,1.00659,0.982575,0.79579,0.013569,-0.000382677,0,0,1
407,4.44684,-15.9204,-1.66452,1.03618,0.999254,1.01413,1.02194,1.08049,0.292876,-0.000656105,0,0,1
408,169.43,610.086,36.8213,0.937879,0.999174,0.998431,1.05406,1.03896,-0.00552965,-1.97203e-05,0,0,1
409,3.57924,-12.7693,-1.27374,0.74939,0.98519,0.989505,1.02276,0.875632,0.319701,3.09879e-05,0,0,1
410,412.909,-2360.12,1332.8,1.13124,1.0081,1.02077,1.01579,1.10986,0.0375415,-0.000606456,0,0,1
411,13.3191,47.6008,3.09109,0.993663,1.01057,1.00894,0.960635,1.14053,-0.0722005,-0.000223015,0,0,1
412,5.45042,-19.3807,-1.17056,1.27057,1.00103,0.989251,0.998533,1.12704,0.138804,0.00125505,0,0,1
413,50.8225,-189.492,-25.1779,0.906519,1.01585,0.993202,1.00176,1.01257,0.0647922,-0.000690854,0,0,1
414,9.55763,34.2071,2.58279,0.753205,1.02024,0.99017,0.946196,1.41528,-0.114118,-0.000157447,0,0,1
415,18.0651,64.1309,2.21077,0.849761,0.975137,1.00812,0.969588,0.91455,-0.0275139,-0.000561529,0,0,1
416,4.71136,-16.823,-1.5637,0.662159,0.996371,1.01027,0.939315,0.885766,0.245033,-9.22877e-05,0,0,1
417,2.33908,-8.30468,-0.871192,0.700702,0.991699,1.00594,1.00367,0.922756,0.42484,0.00104911,0,0,1
418,19.9107,70.6227,0.484282,0.842122,0.978923,1.00927,0.977471,1.03737,-0.00490515,-0.000857435,0,0,1
419,7.81132,-27.741,-0.927385,1.63915,1.01803,0.988063,0.977021,1.08253,0.0571323,0.00159423,0,0,1
420,2.2045,-7.81731,-0.755543,0.879827,1.01115,1.00293,1.00042,0.980752,0.398356,0.0021955,0,0,1
421,3.56362,-12.7937,-1.27968,0.609925,1.0408,0.997961,1.01354,0.72346,0.319149,0.000301469,0,0,1
422,8.6962,-31.0652,-2.36594,0.876244,1.0047,0.99161,0.963995,1.0263,0.125187,0.000139132,0,0,1
423,24.1855,-90.1097,-12.5394,1.2608,1.03108,1.00307,1.017,1.00536,0.138631,-0.00148579,0,0,1
424,4.26767,15.2337,1.61825,1.02134,0.972833,1.00794,1.02356,1.14465,-0.304512,0.000756114,0,0,1
425,10.494,-37.4826,-2.69227,0.847448,1.01086,0.986473,1.00217,1.33289,0.100613,0.000190411,0,0,1
426,11.6105,-41.2849,-1.9627,0.545974,0.999377,1.0049,0.969243,0.733944,0.0580928,0.000664802,0,0,1
427,5.56335,19.8357,1.49203,0.761156,1.00707,0.992451,1.00009,1.05307,-0.172662,-0.000617247,0,0,1
428,452.807,-1712.42,-135.458,0.972839,1.00583,0.995469,0.959883,0.646675,0.0196883,-0.000280064,0,0,1
429,3.69137,-13.0829,-1.0029,0.904626,0.990705,1.01284,0.957503,0.990904,0.229424,0.00123433,0,0,1
430,17.9306,64.3007,-3.92548,1.06684,0.991575,0.985998,1.0207,0.75384,0.0523369,-0.00202282,0,0,1
431,15.58,55.404,-1.81738,0.834891,0.963251,0.990699,0.990764,0.942045,0.0302401,-0.00174628,0,0,1
432,11.8191,42.8044,4.04023,0.822054,1.05225,0.998246,1.01007,1.11248,-0.12587,0.000404627,0,0,1
433,15.4918,54.8674,0.382325,1.29117,0.986629,1.00384,1.0117,0.595082,-0.00630378,-0.00112185,0,0,1
434,5.38828,19.2664,1.77544,1.0232,0.989557,0.99153,1.01897,1.16212,-0.223033,0.000167292,0,0,1
435,5.52684,19.6247,0.59579,1.04143,1.01693,1.0018,1.00569,0.461474,-0.0667866,-0.0024234,0,0,1
436,108.611,423.37,-11.9311,1.11836,1.04825,1.00325,0.948943,0.694514,0.110546,-0.00222752,0,0,1
437,9.24724,-33.2247,-3.25238,0.954314,1.00348,0.999018,1.0116,0.975024,0.159808,-0.00059524,0,0,1
438,8.10459,-29.2179,-3.22338,0.974987,0.997193,1.00465,1.00111,1.14242,0.206758,-0.00111329,0,0,1
439,26.9346,97.5653,-9.13435,1.22432,0.992618,1.01186,0.995423,0.886648,0.0589009,-0.00175916,0,0,1
440,4.56647,-16.388,-1.73824,0.748405,1.02256,1.0049,0.953363,0.962929,0.291874,-0.000601575,0,0,1
441,18.1193,-65.6964,-7.38117,0.841649,0.982223,1.02198,0.999039,0.94846,0.109938,-0.000830443,0,0,1
442,5.24512,-18.7446,-1.72263,0.908828,1.01868,1.01282,0.983943,0.791511,0.224134,-8.50594e-05,0,0,1
443,5.77466,-20.472,-0.977046,0.482189,0.956535,1.00074,1.04353,0.966166,0.101923,0.00146018,0,0,1
444,22.0694,82.6361,11.9703,0.88963,1.02997,0.998028,1.00882,0.987353,-0.171443,0.00193637,0,0,1
445,22.6102,-81.9849,-7.9372,0.844741,1.02209,0.990316,1.0417,0.91619,0.075066,-0.000383395,0,0,1
446,15.5709,-55.7765,-4.32089,1.12559,0.998685,0.99468,0.970222,1.03644,0.0782162,-7.7384e-05,0,0,1
447,62.0261,227.309,25.3386,0.924892,1.00177,0.984555,1.01107,1.16832,-0.0351323,0.000272819,0,0,1
448,9.61284,-34.4566,-3.47894,1.25223,0.948287,0.980764,0.99808,1.30661,0.160754,-0.000755681,0,0,1
449,6.05901,-21.5595,-1.43262,1.42067,1.00088,1.00887,1.02708,1.27684,0.140232,0.000781753,0,0,1
450,7.21043,25.7736,2.07489,0.994954,1.00467,1.00479,0.989634,1.33371,-0.152924,-9.06669e-05,0,0,1
451,7.28174,-25.9953,-2.39057,0.957247,0.982872,1.01922,1.0506,0.988567,0.174229,-0.000399337,0,0,1
452,54.231,-196.703,-21.0541,0.857518,0.975737,1.00824,0.990963,0.711814,0.0375585,-0.000288418,0,0,1
453,59.4471,220.784,29.1713,1.18341,0.973634,1.01242,0.99923,1.01751,-0.0527947,0.000568921,0,0,1
454,12.5,44.5661,2.16188,1.14951,1.01471,1.00517,0.992604,1.31949,-0.0558751,-0.000608117,0,0,1
455,140.969,539.126,40.0403,1.03123,0.960421,0.989252,1.03818,0.95193,-0.0629045,0.000899208,0,0,1
456,3.80816,13.6105,1.39109,0.802824,1.00222,1.01305,0.983728,0.868296,-0.313753,0.000266533,0,0,1
457,5.52808,-19.5309,-0.310682,1.27295,0.983776,0.992536,1.01655,1.09184,0.0346677,0.00289833,0,0,1
458,12.4942,-45.4939,-5.41075,0.947704,0.995757,0.987774,0.981031,0.792589,0.166571,-0.00123046,0,0,1
459,12.8487,-45.7425,-1.89588,1.0548,1.00501,0.986577,1.00335,1.15388,0.047157,0.00073761,0,0,1
460,9.14388,32.6474,2.22316,0.841504,1.01797,1.011,0.969004,0.985214,-0.104563,-0.000347787,0,0,1
461,189.499,680.062,13.3715,1.02899,0.985958,0.973923,0.985199,0.947994,-0.00149721,-7.85321e-05,0,0,1
462,5.77335,-20.4819,-0.376046,0.92216,1.02245,0.994297,0.985917,0.736585,0.0392374,0.00279865,0,0,1
463,5.36404,19.1383,1.55337,0.948823,1.02453,1.00415,1.00595,1.11661,-0.191205,-0.000445617,0,0,1
464,6.11455,-22.0016,-2.46817,0.82014,0.995627,1.00331,1.00938,1.06059,0.259846,-0.00122999,0,0,1
465,7.48025,26.5007,1.40942,1.13953,0.986475,1.01243,0.984392,0.825556,-0.0925037,-0.000935246,0,0,1
466,8.51361,30.391,2.06207,0.846322,1.00772,1.00157,0.996658,0.98841,-0.110848,-0.000403839,0,0,1
467,232.323,-874.543,-115.649,1.22805,1.02907,1.00018,0.974254,0.961875,0.0222186,-0.000281083,0,0,1
468,19.0987,-68.648,5.08921,1.17323,0.998914,0.981122,1.00147,1.10975,-0.0625529,0.00215546,0,0,1
469,7.43739,26.5104,1.69871,0.978327,1.01207,1.01104,1.01941,0.499431,-0.115301,-0.00063814,0,0,1
470,23.9288,86.6556,9.16997,0.953767,0.981662,0.983859,0.988244,1.15242,-0.0788211,0.000518062,0,0,1
471,12.6691,46.9052,6.40518,1.02592,1.02328,0.995952,0.952187,1.38158,-0.208817,0.00192147,0,0,1
472,8.79901,31.3956,2.58639,1.34345,0.976953,1.00177,0.953485,1.07408,-0.132432,0.000101277,0,0,1
473,32.4965,117.552,11.5929,0.743565,1.00128,1.029,0.993151,0.41277,-0.052409,0.000311826,0,0,1
474,23.0599,83.6651,8.11433,0.766602,1.0232,0.997174,1.0155,0.989089,-0.0725694,0.000365609,0,0,1
475,5.18907,18.4274,0.970805,0.729412,0.998819,0.992502,0.984334,0.804881,-0.123603,-0.00166909,0,0,1
476,4.71666,-16.8111,-1.4004,1.06381,1.02424,1.00773,1.00491,0.931888,0.215373,0.000525448,0,0,1
477,36.857,135.606,16.7287,0.797634,0.993899,1.00196,1.00024,0.946726,-0.0689129,0.000634952,0,0,1
478,27.2247,100.123,12.6588,0.886481,0.981386,0.993295,0.95993,1.0491,-0.0956288,0.000897669,0,0,1
479,9.61131,34.4251,-2.29022,0.832261,0.989138,1.00291,0.980388,1.10495,0.0969868,-0.00370995,0,0,1
480,6.88856,-24.4878,-1.16297,0.597952,1.00813,0.99516,1.04894,0.991019,0.0902016,0.00131937,0,0,1
481,6.29317,22.555,2.18978,0.985908,1.00156,0.994868,0.989915,0.867467,-0.211757,0.000470157,0,0,1
482,39.83,-141.283,-0.0489826,1.02129,0.973162,1.01201,0.965681,1.12273,0.000135781,0.000464203,0,0,1
483,10.1997,-36.7956,-3.25673,1.00381,1.02933,0.981351,1.04048,0.631552,0.133329,-0.000255439,0,0,1
484,9.47952,-33.8384,-2.48203,1.26406,0.993802,1.00423,0.955091,0.893434,0.110482,0.000142515,0,0,1
485,9.35513,-33.5089,-2.84635,1.08897,1.01334,0.993135,0.988382,1.13521,0.133292,-0.000141397,0,0,1
486,12.4714,44.4987,3.01042,1.34582,0.987033,0.999645,1.0205,0.806784,-0.0794271,-0.000181311,0,0,1
487,213.12,772.956,-68.5993,0.842336,1.00457,1.01108,1.01503,0.765119,0.00679309,-0.000211466,0,0,1
488,56.8754,209.187,-24.0512,1.01567,1.0023,0.994659,1.02581,0.745611,0.0400565,-0.00106706,0,0,1
489,25.2852,-90.7494,6.31657,1.08201,1.00028,0.978414,1.02014,0.904827,-0.0451125,0.00159346,0,0,1
490,9.14755,-32.6875,-2.47653,1.17814,0.993849,0.984924,0.968642,0.788153,0.11998,0.000111295,0,0,1
491,11.643,41.4513,2.94615,1.11647,0.962358,0.992452,0.984743,0.994061,-0.0888255,-0.000103928,0,0,1
492,4.37007,-15.583,-1.38857,0.910343,1.00958,0.996725,1.02097,1.07308,0.24636,0.000339619,0,0,1
493,41.0296,145.93,4.84778,0.618301,0.993686,1.01195,0.958596,0.997441,-0.0120908,-0.000254268,0,0,1
494,4.44962,-15.8865,-1.4979,1.00018,1.00162,0.993186,0.982237,0.920768,0.260651,7.50523e-06,0,0,1
495,36.5729,-129.888,1.70278,0.945482,0.997607,0.999931,0.999808,1.0146,-0.00554164,0.000627652,0,0,1
496,24.4776,86.7725,0.461376,0.812797,0.979375,0.995366,0.97945,0.748977,-0.00315372,-0.000727367,0,0,1
497,10.0394,35.7696,1.87765,0.900206,0.990593,0.980771,0.983926,1.43426,-0.0739634,-0.00070042,0,0,1
498,16.7434,-59.5273,2.51169,0.724875,0.961732,0.984488,1.03392,0.71633,-0.0373265,0.00179639,0,0,1
499,3.24732,-11.4806,-0.802922,0.994325,0.986481,1.00319,0.991573,1.05035,0.225934,0.00204746,0,0,1
500,8.51728,-30.2426,-2.00604,0.937459,0.967788,1.00063,0.983824,0.880648,0.106945,0.000376979,0,0,1
501,18.4134,66.9703,6.96988,1.05135,1.01325,0.981881,0.994255,1.22503,-0.0990584,0.000581152,0,0,1
502,6.77902,-24.1315,-1.59257,1.07088,0.996715,1.00033,0.980502,0.568213,0.128547,0.000663813,0,0,1
503,6.87481,-24.94,-3.20253,1.36377,0.988858,0.994657,0.960379,1.13668,0.290371,-0.00205894,0,0,1
504,10.6671,-38.7226,-4.41594,1.25826,1.0092,0.997282,0.991138,1.18384,0.17623,-0.00112723,0,0,1
505,25.1513,92.3733,11.2903,1.25538,0.996113,0.992073,0.946711,1.13862,-0.096663,0.000847263,0,0,1
506,8.66366,-30.953,-2.84091,0.871306,0.965777,0.99614,0.996222,0.718029,0.153524,-0.000428961,0,0,1
507,62.1086,-222.524,-15.6706,1.08999,0.99024,0.998255,1.02915,0.70715,0.0191913,-1.73763e-05,0,0,1
508,7.32186,26.194,2.44946,0.756181,0.977342,1.00294,1.05333,1.19341,-0.178592,0.000444805,0,0,1
509,44.5043,-158.231,-0.820504,1.00869,1.00462,0.966724,0.994146,1.07504,0.00190728,0.000426322,0,0,1
510,59.9598,226.059,-31.3386,0.783343,1.00175,0.992925,1.02705,0.887747,0.0679696,-0.00157074,0,0,1
511,10.8659,38.9677,3.86594,0.710425,0.970926,1.01746,0.974406,1.24984,-0.13873,0.000654915,0,0,1
512,7.86603,28.1035,2.14631,1.25786,1.00775,1.00447,0.926605,1.10937,-0.134588,-0.00018411,0,0,1
513,9.2685,-33.2939,-3.24152,0.898051,1.01724,1.02135,0.97817,0.82106,0.156707,-0.000581005,0,0,1
514,46.4281,-164.417,0.975521,1.25808,0.991119,1.00851,1.02083,1.22021,-0.00198043,0.000444889,0,0,1
515,30.6916,110.198,-8.73569,0.878326,0.983043,1.01941,0.996852,1.2689,0.04109,-0.00133845,0,0,1
516,6.82618,-24.2084,-0.426326,1.33652,1.00628,1.00018,1.01617,0.719427,0.0328453,0.0023018,0,0,1
517,8.5552,-30.3776,-0.52193,1.37038,1.02119,0.994069,1.03159,0.843182,0.0270431,0.00187496,0,0,1
518,205.025,741.74,55.0368,0.994421,1.00708,0.981783,0.99435,1.09482,-0.00578867,1.42175e-06,0,0,1
519,7.94261,28.4194,2.33549,1.16359,0.986887,0.987319,1.00505,1.59003,-0.146322,3.22252e-05,0,0,1
520,9.33069,33.551,3.33012,1.49086,1.00737,1.00582,1.00061,0.892564,-0.160283,0.000632048,0,0,1
521,4.89779,17.4825,1.53334,1.00156,0.999362,0.990996,0.997805,0.998158,-0.224797,-0.000204461,0,0,1
522,11.5341,40.8592,0.21165,1.1311,0.972024,0.995846,1.02686,0.958567,-0.00613239,-0.00153914,0,0,1
523,5.11946,-18.2376,-1.45303,1.27433,0.98913,0.993923,0.971188,1.40032,0.195215,0.000470905,0,0,1
524,26.2643,93.9149,5.267,1.16589,0.999117,0.999349,0.986157,0.626351,-0.0331698,-0.000171004,0,0,1
525,3.79381,-13.4393,-1.03949,1.08519,0.984101,1.01329,1.03844,1.08611,0.227396,0.0010899,0,0,1
526,21.5216,-78.1751,-7.89727,0.774594,1.02662,0.997983,0.982411,0.745555,0.0828462,-0.000474032,0,0,1
527,21.178,77.8255,9.80118,0.720809,0.996705,1.00507,0.990096,1.17246,-0.117908,0.00107097,0,0,1
528,24.8838,89.3542,6.88145,1.3464,0.998543,0.99572,0.972692,1.2365,-0.0502551,7.27173e-05,0,0,1
529,24.1531,-85.7176,-0.496,0.807018,0.959747,1.00072,1.00307,1.32279,0.00355452,0.000707768,0,0,1
530,13.0602,-46.4941,-3.00918,0.728359,0.968431,1.01924,1.01564,1.04626,0.0719136,0.000171634,0,0,1
531,9.51097,33.9276,2.15503,0.79273,1.02021,1.00824,1.0356,0.881089,-0.0939007,-0.000457954,0,0,1
532,4.48482,15.914,1.22142,0.636053,0.977234,0.999861,1.01302,0.931946,-0.202561,-0.000790224,0,0,1
533,6.13878,-22.2041,-2.78577,1.0285,0.989839,0.994365,0.967975,0.404447,0.302731,-0.00192827,0,0,1
534,25.2597,91.0909,-6.31873,1.04941,1.02966,0.990656,0.982688,1.02679,0.0443093,-0.00158923,0,0,1
535,4.01722,-14.2663,-1.1206,1.13354,0.982505,0.995586,0.997388,0.870116,0.224984,0.000961516,0,0,1
536,16.0805,-57.076,-2.88701,1.16852,0.980941,1.00062,0.997469,0.801612,0.046306,0.000388786,0,0,1
537,15.7744,-56.7746,-5.35517,0.792763,0.994408,1.00119,1.00655,0.912358,0.0979339,-0.000438065,0,0,1
538,6.16483,-22.037,-1.94242,0.992123,1.01241,1.00743,1.00592,1.00013,0.191088,-8.07689e-05,0,0,1
539,61.7227,-219.699,5.50799,1.15166,1.00427,0.999824,1.01856,0.971775,-0.00651776,0.000431109,0,0,1
540,230.185,-949.798,184.508,1.04412,1.05423,1.00819,1.0215,0.94947,0.08442,-0.0013168,0,0,1
541,6.63736,-23.8711,-2.56098,0.835168,0.989765,0.990064,0.978384,0.824927,0.232387,-0.000987965,0,0,1
542,6.11605,-21.7981,-1.47217,0.632144,1.03085,1.00074,0.98518,0.883274,0.142465,0.000844955,0,0,1
543,14.5616,-51.717,-2.81439,1.07894,0.978031,0.993551,1.04123,0.986818,0.0549312,0.000373982,0,0,1
544,6.57622,-23.4286,-1.55405,1.16057,1.00729,1.00468,1.02697,0.86986,0.132459,0.000699361,0,0,1
545,6.4971,-23.282,-2.24846,1.01728,0.992013,0.989803,0.965803,0.974745,0.207122,-0.000497885,0,0,1
546,4.45419,-15.8229,-0.988861,0.747487,1.01193,1.00739,1.02122,0.961483,0.164452,0.00157452,0,0,1
547,25.6573,-92.0648,-7.41741,0.979903,1.00494,0.995922,1.03834,0.700504,0.0521298,-0.00012268,0,0,1
548,20.2334,-72.1508,-3.57911,1.09107,1.01067,0.997544,0.936577,0.777197,0.0378028,0.000325267,0,0,1
549,4.23886,15.0081,1.00634,1.18919,0.966598,0.996909,0.976892,1.04658,-0.182384,-0.00133884,0,0,1
550,7.19602,26.0951,3.25647,0.637542,0.997871,1.0021,0.966078,0.977238,-0.267211,0.00180434,0,0,1
551,8.32041,-30.4982,-4.15408,1.10659,0.999905,1.00874,0.967327,0.851033,0.283335,-0.00243511,0,0,1
552,9.69035,-34.8067,-3.34324,0.981139,1.0098,1.00465,1.00782,0.856901,0.14977,-0.000525701,0,0,1
553,222.58,-847.589,88.7056,1.04884,0.978737,1.00095,1.01766,1.19603,-0.0314137,0.000664541,0,0,1
554,1543.73,-6621.08,2089.42,0.900177,1.03764,1.00431,1.02288,0.913979,0.0128481,-0.000203839,0,0,1
555,33.6751,-119.803,0.900599,1.05604,1.01212,1.00066,0.998709,0.842739,-0.00348491,0.000645301,0,0,1
556,6.8169,24.273,1.91382,1.23573,0.959359,1.00915,0.986112,1.07477,-0.153836,-7.80876e-05,0,0,1
557,4.23749,15.1358,1.4691,1.13825,0.997094,0.992674,1.02851,0.743066,-0.278206,8.21391e-05,0,0,1
558,3.35444,-11.9603,-1.22205,0.864986,0.990861,0.996643,1.046,1.13166,0.340931,2.33202e-05,0,0,1
559,3.25102,11.4932,0.855804,0.90693,0.98209,1.01437,1.0128,1.01846,-0.240474,-0.00167825,0,0,1
560,9.50509,-33.7456,-1.69745,0.870678,0.992198,1.00424,0.985471,0.828209,0.0726016,0.000771662,0,0,1
561,6.10947,21.8434,1.87047,1.01119,1.00527,0.981373,1.01204,1.46594,-0.187118,-0.000101798,0,0,1
562,12.8501,45.5205,1.45943,1.13324,0.989633,1.01368,0.960956,0.950964,-0.0346037,-0.00087227,0,0,1
563,17.2258,61.9709,4.30838,1.24902,1.04206,0.99991,0.97963,1.24004,-0.0630645,-9.77126e-05,0,0,1
564,18.6932,68.0498,8.15696,0.939854,0.9762,0.996353,0.992806,0.922391,-0.118985,0.000982035,0,0,1
565,80.4964,-311.877,-2.86109,1.22873,0.981,1.00859,0.976875,1.15268,0.145557,-0.00216263,0,0,1
566,19.805,-70.7409,3.15835,0.886058,1.00983,0.999479,0.982223,1.01135,-0.0344283,0.00159993,0,0,1
567,3.41458,-12.1531,-1.10094,1.06615,0.990862,0.993297,1.00292,0.806862,0.293862,0.000725303,0,0,1
568,21.5543,78.1122,8.97992,1.07859,0.948011,1.00584,1.0424,1.0685,-0.0959854,0.000770131,0,0,1
569,5.60571,-20.1405,-2.22381,0.8931,0.995879,1.03155,0.913203,1.16233,0.266469,-0.00118291,0,0,1
570,8.52382,30.4184,2.36415,1.19433,0.988733,1.00847,0.939104,0.512664,-0.127053,-6.46533e-05,0,0,1
571,9.53597,-33.7572,-1.14984,0.721586,0.978076,0.985491,1.02337,0.93026,0.0487404,0.00119338,0,0,1
572,18.4625,65.7378,1.87956,0.681167,1.0143,0.980512,1.00116,1.05161,-0.0231605,-0.000697031,0,0,1
573,5.73949,20.3785,1.50914,0.906621,0.962476,0.993331,1.01299,1.09428,-0.164097,-0.000489032,0,0,1
574,8.4231,30.3809,3.30165,1.01336,0.982463,0.998834,0.997665,0.925883,-0.19726,0.00106081,0,0,1
575,11.7658,-42.9133,-5.07531,0.560642,1.01623,1.00032,0.948712,1.10739,0.173625,-0.00124704,0,0,1
576,25.0629,-89.6937,-6.08923,0.830932,0.990685,0.984485,1.03253,0.97058,0.0439986,3.23451e-05,0,0,1
577,5.7585,-20.3756,-0.599306,0.920814,1.00499,1.01715,1.02658,1.22016,0.0617744,0.00225518,0,0,1
578,10.4403,-36.9544,0.0387126,0.554516,0.966162,0.984299,0.988042,0.946485,-0.0013802,0.00186006,0,0,1
579,16.2674,58.2498,4.14241,1.22673,0.99383,0.997451,0.986503,0.972888,-0.0672392,-4.31019e-05,0,0,1
580,178.468,1381.56,-601.302,0.916252,0.972413,0.991706,0.963575,1.03133,-0.0612472,0.00106273,0,0,1
581,15.5498,-55.379,-3.52027,0.943623,0.985766,1.0036,1.03689,0.743802,0.0611478,0.000179366,0,0,1
582,5.40526,-19.2725,-1.53001,1.25919,1.00474,1.00946,0.980213,1.18768,0.186219,0.000404473,0,0,1
583,7.1794,-25.7331,-2.24202,0.819771,1.02682,1.00096,1.01392,0.757921,0.168232,-8.06885e-05,0,0,1
584,37.245,133.547,-7.51051,0.870755,1.00398,1.00123,0.962485,1.08337,0.0238627,-0.00094592,0,0,1
585,8.04876,28.6027,1.27521,0.907865,1.00003,1.00076,0.984687,0.885877,-0.0735904,-0.00115018,0,0,1
586,55.4179,206.054,27.3973,1.10568,0.989926,1.00728,1.05569,1.11257,-0.0569903,0.000608823,0,0,1
587,7.49475,-26.5053,-0.917093,0.923984,0.981562,0.993702,0.933687,0.957741,0.0599812,0.00153529,0,0,1
588,5.71248,-20.2709,-1.19524,1.40137,0.98445,0.990385,0.945961,0.955059,0.12941,0.00118259,0,0,1
589,7.13448,-25.3936,-1.51811,1.15241,0.997497,0.990075,0.978766,0.780497,0.112026,0.00084063,0,0,1
590,365.039,1313.8,-61.3594,1.0487,0.970519,0.994365,0.99731,1.0854,0.00171407,-8.19253e-05,0,0,1
591,5.2785,-18.878,-1.82369,1.07254,0.99763,1.01997,0.983893,0.814258,0.23612,-0.000417865,0,0,1
592,48.8109,184.427,-25.3803,1.0209,0.98307,0.984796,1.02762,0.443992,0.0856943,-0.00196701,0,0,1
593,4.96441,17.6452,1.49733,1.18751,0.976495,1.02424,0.973155,0.911522,-0.209636,-0.000138496,0,0,1
594,3.10581,11.0036,0.929759,0.946406,0.98146,0.998796,1.01421,1.27724,-0.285379,-0.00132714,0,0,1
595,13.682,-49.0295,-4.09463,0.974688,0.988694,1.00638,1.02456,1.00725,0.094229,-0.000210986,0,0,1
596,4.66249,-16.7156,-1.82296,0.939008,0.990014,0.992753,0.98506,0.925414,0.301901,-0.000922036,0,0,1
597,8.94469,-31.7852,-1.10171,0.919792,1.00869,1.00298,1.03248,1.01981,0.0525,0.00128081,0,0,1
598,13.3531,-47.4675,-2.83603,1.20826,0.974581,1.01752,1.04482,1.06423,0.0646738,0.00027565,0,0,1
599,7.02257,25.0316,1.66459,0.992359,1.02809,1.00943,1.03334,1.01056,-0.125453,-0.000669976,0,0,1
600,52.2557,197.641,26.1416,0.882057,0.987832,1.01494,0.970389,0.885008,-0.0988415,0.00127116,0,0,1
601,82.0329,313.051,33.0896,0.907176,0.980793,1.00008,1.03285,0.855087,-0.0879573,0.0012141,0,0,1
602,9.74574,34.9484,3.21885,0.851618,0.982829,1.0069,1.04348,0.949346,-0.13996,0.000433648,0,0,1
603,143.51,545.671,-72.6512,0.97506,1.00152,0.995507,0.990787,0.893118,0.0376143,-0.00082854,0,0,1
604,80.2403,-295.301,-36.0641,1.14619,1.01072,1.01127,0.984963,0.993964,0.0330702,-0.00031446,0,0,1
605,4.4253,15.7029,1.26996,1.01654,0.972789,0.994454,0.958301,0.954699,-0.217166,-0.000616602,0,0,1
606,6.91661,24.6502,1.66384,1.19381,0.993089,0.993649,0.989213,1.05944,-0.12981,-0.000599857,0,0,1
607,27.4366,99.5975,10.982,1.2182,0.985938,1.00319,0.997124,1.07318,-0.0732854,0.00054172,0,0,1
608,14.2027,50.7686,3.30232,0.917987,1.00023,0.992885,1.01149,0.861748,-0.0690245,-0.000201875,0,0,1
609,27.0268,96.3359,2.73231,0.807713,1.02421,1.00324,0.985581,0.510153,-0.0158788,-0.000459498,0,0,1
610,18.5187,66.4338,5.3992,1.3338,0.993316,1.01612,1.0079,1.24083,-0.0686997,0.000150136,0,0,1
611,31.5124,-118.285,-16.4205,1.0989,0.993654,1.01633,1.01746,1.16157,0.124955,-0.0014756,0,0,1
612,43.7611,-159.101,-17.9205,0.975197,0.990444,1.00563,0.946955,1.20849,0.0495636,-0.000399213,0,0,1
613,3.81808,13.7634,1.46443,0.98614,1.04907,0.978321,0.969064,1.12275,-0.329372,6.60747e-05,0,0,1
614,4.64059,16.509,1.54599,0.979328,0.959914,0.996056,0.955778,0.886883,-0.249071,0.000180098,0,0,1
615,25.4883,93.7054,11.7672,0.883756,0.988367,0.997192,0.998683,1.17065,-0.100006,0.000922337,0,0,1
616,14.9803,-53.3703,-2.55347,1.10493,1.01587,1.00211,0.99828,1.35899,0.0475134,0.000499071,0,0,1
617,7.56589,-26.9197,-1.45809,1.15019,1.0185,1.017,1.04134,1.02069,0.095061,0.00093237,0,0,1
618,13.8294,49.7714,4.72023,0.668756,0.989436,1.01394,0.942803,0.883935,-0.10846,0.000474784,0,0,1
619,12.7388,46.6825,5.88571,1.01929,1.00578,1.00082,0.995528,0.989791,-0.180483,0.00149915,0,0,1
620,2.2416,-7.90816,-0.709506,1.01825,0.97182,1.00716,0.982199,0.772642,0.36525,0.00219464,0,0,1
621,3.782,13.4226,0.970937,1.24543,0.984866,0.986673,1.04745,0.754238,-0.214949,-0.00150472,0,0,1
622,9.67588,-34.4048,-1.44912,0.640072,1.04263,1.02745,0.940772,1.04358,0.0596008,0.000997473,0,0,1
623,8.09247,-28.8463,-2.3686,1.02224,0.978054,1.00429,1.01669,0.950127,0.141421,-7.14803e-05,0,0,1
624,17.2139,61.5158,3.70499,0.856503,0.988398,0.982379,0.984714,0.961186,-0.053585,-0.0002251,0,0,1
625,22.8904,84.1603,10.4274,1.1157,1.00703,0.993876,1.06565,0.830637,-0.10764,0.000947469,0,0,1
626,23.6206,-87.0559,10.1153,0.944585,1.0498,1.01519,1.01338,0.43329,-0.0925844,0.00251168,0,0,1
627,5.57945,19.8579,1.75708,0.991993,0.9588,0.992863,1.03429,1.13646,-0.205085,0.000112018,0,0,1
628,15.3617,-55.3786,-5.41321,0.994579,1.01988,1.01327,0.993533,1.43447,0.103735,-0.00049061,0,0,1
629,7.1808,25.6147,2.34889,0.749129,0.965546,1.0073,1.0044,1.12623,-0.17607,0.000401873,0,0,1
630,11.5317,41.3275,3.33025,1.07782,1.00037,1.00304,1.04972,1.17289,-0.104787,0.000104912,0,0,1
631,9.47751,-33.7822,-2.02772,0.728977,1.00669,1.00431,0.96038,0.979492,0.0890191,0.000530307,0,0,1
632,59.1791,222.156,-30.2289,1.26423,0.988781,1.00088,0.976802,1.273,0.0581472,-0.00138275,0,0,1
633,14.4485,-51.8485,-4.47056,0.955463,1.00632,1.0059,1.009,0.904846,0.0941409,-0.000257378,0,0,1
634,5.51609,-19.6691,-1.69399,0.731609,0.996278,1.0213,1.04905,0.946461,0.198715,3.8777e-05,0,0,1
635,4.5844,-16.3888,-1.5925,0.900638,1.00178,0.997362,1.00369,0.944142,0.264292,-0.0002068,0,0,1
636,4.22231,-15.0222,-1.48081,1.08847,0.962271,0.993248,0.965054,0.807718,0.282058,-0.000300498,0,0,1
637,10.3474,36.7085,1.71453,1.11154,0.96536,0.99551,0.989381,0.565991,-0.0623543,-0.000750358,0,0,1
638,5.18276,18.4101,1.34283,1.11996,0.972379,0.981316,1.05495,1.04889,-0.174913,-0.000762095,0,0,1
639,7.7628,-27.7297,-2.08597,1.09698,1.01699,0.991493,0.992274,0.980636,0.134524,0.000283666,0,0,1
640,10.2367,36.4381,1.57513,1.17624,1.00864,0.999676,0.994823,1.01452,-0.0588465,-0.000906095,0,0,1
641,35.4071,126.438,6.1235,0.942688,0.995977,1.0022,1.04191,0.449525,-0.0210936,-0.000182304,0,0,1
642,7.22414,25.7807,1.86213,1.17222,1.00948,1.00543,0.975182,0.997211,-0.135072,-0.000395475,0,0,1
643,3.40455,-12.0412,-0.889336,0.998666,0.962664,0.989569,1.0066,1.2537,0.234574,0.00158523,0,0,1
644,7.24569,-26.2517,-2.88028,0.873552,1.03014,1.00075,1.01416,0.924077,0.224818,-0.00103718,0,0,1
645,38.1429,-142.12,-18.7474,0.980832,1.02394,1.00683,1.00294,1.53075,0.0798567,-0.000820546,0,0,1
646,154.941,-554.761,34.8707,0.806378,1.0252,0.995104,0.993974,0.984845,-0.00705394,0.000254667,0,0,1
647,10.246,-36.7537,-3.29192,1.05184,0.993951,0.999029,0.996419,1.16372,0.132194,-0.000356369,0,0,1
648,5.30411,18.8784,1.29836,1.11581,1.00518,1.00763,1.01874,1.00018,-0.160631,-0.000911525,0,0,1
649,94.5122,-361.696,34.4315,0.994397,1.00407,0.979377,0.995467,1.09951,-0.0871359,0.00182207,0,0,1
650,10.3322,37.3166,4.0799,1.49513,0.978832,0.988725,0.970135,1.26627,-0.170407,0.00100804,0,0,1
651,145.699,1250.01,-392.489,1.07197,1.01009,1.00751,1.01281,1.06897,-0.10956,0.00186744,0,0,1
652,9.4018,-33.419,-1.22258,0.905694,1.02019,1.01394,0.973374,0.793317,0.053103,0.00115874,0,0,1
653,5.12269,-18.5352,-2.20304,1.00134,1.02,0.99481,1.03938,0.812689,0.316932,-0.00143792,0,0,1
654,29.9843,111.559,15.1918,1.11073,0.973684,0.996946,1.02189,0.84972,-0.110556,0.00121052,0,0,1
655,12.7947,-45.6981,-3.05656,0.786649,1.00311,0.989729,0.942353,1.02429,0.0787175,0.000200326,0,0,1
656,9.5583,34.3644,3.36803,0.88224,0.99341,0.991192,0.949782,0.814241,-0.15621,0.000602085,0,0,1
657,18.4969,68.0042,8.54482,0.928352,1.00816,0.990569,1.04279,1.12181,-0.132693,0.00115733,0,0,1
658,249.684,958.376,-100.409,1.34268,0.984879,0.999347,0.982376,1.2271,0.0296012,-0.000623253,0,0,1
659,5.53669,19.6913,1.60028,0.67641,0.9703,0.988265,1.00083,1.26853,-0.187285,-0.000276296,0,0,1
660,13.3001,47.4338,2.42934,0.778008,1.01026,1.00682,1.00023,0.686635,-0.0558881,-0.000504384,0,0,1
661,22.2519,-80.0506,-6.81147,0.78015,1.01708,0.995864,0.986803,1.09776,0.0633898,-0.000185545,0,0,1
662,6.28978,-22.3682,-1.68144,0.944368,0.979668,0.996665,0.961247,1.23953,0.156059,0.000382774,0,0,1
663,7.5167,-26.6366,-0.757528,1.38039,0.967605,1.01142,1.03894,0.711245,0.0485005,0.001622,0,0,1
664,12.0659,-43.3817,-4.12645,0.931412,0.998684,1.0057,0.993984,0.993169,0.124111,-0.000507683,0,0,1
665,22.717,-83.6108,-10.5764,1.35086,1.009,0.993343,0.951979,1.09192,0.113573,-0.0010365,0,0,1
666,112.253,407.466,39.9743,1.0843,0.983774,0.997409,0.998991,0.908338,-0.0154726,9.16416e-05,0,0,1
667,20.0585,75.1406,10.7245,0.988378,0.999319,0.999822,0.977202,1.36663,-0.178663,0.00200378,0,0,1
668,53.918,-195.653,-21.1136,1.015,0.965788,1.00222,1.02821,1.34288,0.0383457,-0.000300306,0,0,1
669,4.10703,14.7619,1.26033,1.03452,1.06716,0.990249,1.02419,0.63273,-0.243478,-0.000978602,0,0,1
670,6.02829,21.3935,1.25241,1.10493,0.991877,1.00321,1.03892,1.20647,-0.122165,-0.00109719,0,0,1
671,4.46359,-15.9534,-1.53796,1.0192,1.00001,1.01391,1.02428,1.17383,0.264696,-0.000202863,0,0,1
672,6.40304,-22.8489,-1.80029,1.16339,1.02034,0.999655,0.98953,0.837416,0.163406,0.000320466,0,0,1
673,4.91514,-17.5575,-1.59233,0.513476,1.01537,0.993781,0.975337,1.10642,0.231835,0.00012173,0,0,1
674,13.5297,-48.6758,-4.62965,0.851907,0.993035,1.00727,1.01961,1.39099,0.112549,-0.000495629,0,0,1
675,10.1174,-35.8953,-1.66203,0.793086,0.991243,1.00218,0.988176,1.16582,0.0632315,0.000812956,0,0,1
676,56.767,-201.858,-3.3493,1.17478,0.997034,0.990032,0.986117,1.18225,0.00469316,0.000264832,0,0,1
677,5.2356,-18.615,-1.1072,1.16262,1.02281,0.987858,0.982171,1.14816,0.139978,0.00147336,0,0,1
678,8.48922,30.4573,3.22565,1.00845,0.958565,1.00698,0.965928,1.12818,-0.185653,0.00096664,0,0,1
679,7.38494,-26.1998,-1.57202,1.11704,0.975863,0.989382,0.978117,1.12676,0.108054,0.00075644,0,0,1
680,243.359,-924.499,96.8549,0.931693,1.02219,1.00925,0.981154,0.84793,-0.0304408,0.000642666,0,0,1
681,26.4024,-93.5576,-1.90696,1.15373,0.973275,1.00013,0.973539,1.05543,0.0115953,0.000514691,0,0,1
682,7.14032,-25.5722,-1.40409,1.06458,1.05396,0.991767,0.979045,0.603499,0.103281,0.0011313,0,0,1
683,4.05549,-14.443,-1.24029,0.963562,1.00435,1.01018,0.97274,1.23541,0.247196,0.000563837,0,0,1
684,22.9389,81.3852,-0.917538,1.27407,0.995334,1.00951,1.03893,1.12949,0.00708282,-0.00095667,0,0,1
685,24.1207,-86.555,5.89636,0.845413,1.00295,0.989277,0.987007,0.961121,-0.0457261,0.00163244,0,0,1
686,9.0126,32.9354,4.13634,1.10006,1.01667,1.00381,1.00843,0.689569,-0.232619,0.00172928,0,0,1
687,9.31412,-33.2289,-2.25398,1.27866,0.999074,0.999622,0.977255,0.923932,0.103377,0.000321531,0,0,1
688,17.7424,-63.1152,2.93487,1.30299,0.97434,1.00375,1.01875,0.968738,-0.0387584,0.00174482,0,0,1
689,27.517,98.3238,5.09192,1.10229,1.01638,0.998502,1.03816,1.48391,-0.0293093,-0.000216138,0,0,1
690,3.6569,-13.0687,-1.30134,1.15148,1.02075,0.99644,0.977454,0.79252,0.311635,0.000192139,0,0,1
691,13.6001,48.3857,0.953939,1.23098,1.03128,1.01303,0.981243,1.04582,-0.0205306,-0.00109485,0,0,1
692,3.22644,-11.4992,-1.12953,1.0954,1.00415,0.986079,0.966275,0.821865,0.332358,0.000556601,0,0,1
693,45.5749,165.67,18.0903,1.06857,0.975279,0.991874,1.055,0.954586,-0.044952,0.000338757,0,0,1
694,27.0262,100.564,13.8026,0.847498,0.990146,1.00716,1.01083,0.957561,-0.12023,0.00130124,0,0,1
695,219.117,843.325,-57.7779,1.22741,1.01164,1.00123,1.01569,0.883226,0.0439733,-0.000902298,0,0,1
696,140.874,538.042,52.6179,1.13361,1.00682,0.998627,0.980932,1.0834,-0.0570402,0.0007975,0,0,1
697,4.79436,-16.9941,-1.08167,0.547986,0.992928,1.00869,0.999234,1.06505,0.157761,0.00129026,0,0,1
698,2.51424,-8.93818,-1.04925,0.783555,0.980526,1.01739,1.06206,0.995518,0.464726,-0.000383635,0,0,1
699,3.46321,-12.3357,-1.14802,1.0032,0.994341,1.00177,0.989826,0.748168,0.29965,0.000506128,0,0,1
700,41.5256,-147.839,-4.9003,0.939456,1.00136,0.99835,0.976842,0.929342,0.012621,0.000252107,0,0,1
701,3.07828,-10.9369,-1.12419,0.976893,0.971127,0.99534,0.998756,1.05604,0.358921,0.000122479,0,0,1
702,58.504,209.247,8.43052,0.911209,1.00439,0.99602,1.04659,1.24429,-0.0107396,-0.000150319,0,0,1
703,4.93137,17.4487,0.817692,0.844481,0.988356,1.00086,0.998443,0.780608,-0.111981,-0.00197459,0,0,1
704,6.22637,-22.2144,-1.75202,1.31269,0.996469,0.997037,0.971522,1.00506,0.167786,0.000270799,0,0,1
705,38.5923,-137.258,-0.640416,1.21411,1.0031,0.988665,1.01268,0.757984,0.00192649,0.000480036,0,0,1
706,170.007,-662.956,3.71581,0.713469,0.991788,1.00643,0.982818,0.944864,-0.0700072,0.00140254,0,0,1
707,19.8079,-73.5743,-10.1423,0.950287,0.996121,0.987277,1.05835,1.10515,0.155434,-0.00160386,0,0,1
708,23.8082,-84.6605,-0.348189,1.17506,1.0227,0.999924,0.990735,0.997754,0.00265178,0.000790048,0,0,1
709,12.9958,46.2475,2.11032,0.804327,0.993023,0.993941,1.0416,0.655295,-0.0504325,-0.000630824,0,0,1
710,6.06219,-21.6275,-1.7095,1.17443,1.0126,1.00792,0.990622,0.809292,0.170864,0.000308991,0,0,1
711,14.078,-49.9352,-1.40964,1.00148,0.997214,1.003,1.02748,1.03657,0.0286482,0.000877248,0,0,1
712,66.8842,-244.088,-26.3868,0.762006,1.01207,0.997721,1.03737,0.843834,0.0318697,-0.000243487,0,0,1
713,9.202,-32.9683,-2.88311,0.719893,0.99654,0.982058,1.03289,0.875091,0.141012,-0.000239417,0,0,1
714,4.78512,17.0138,1.49795,1.00609,0.981251,1.01375,1.02574,0.9956,-0.224803,-9.99422e-05,0,0,1
715,10.6491,-38.7309,-4.3307,0.87104,1.01722,0.982566,0.965508,1.095,0.174425,-0.0010452,0,0,1
716,13.4728,49.4692,6.32021,1.02994,1.00302,0.989467,0.970362,1.23169,-0.17805,0.00152237,0,0,1
717,114.896,-427.061,53.3226,1.29267,1.02895,0.989035,1.03568,1.02506,-0.0252564,0.000633665,0,0,1
718,5.40758,19.3954,1.99255,0.990028,0.986348,1.00258,0.970865,1.02695,-0.252069,0.00072807,0,0,1
719,13.035,-47.8269,-6.17872,1.17495,0.991935,0.99047,1.01561,1.09207,0.187637,-0.00164966,0,0,1
720,4.16902,-14.8271,-1.0528,0.9418,1.00115,0.989222,1.00907,0.939056,0.198667,0.00135945,0,0,1
721,3.95222,14.1288,1.41786,0.544384,0.998799,1.00908,1.01908,0.60831,-0.300494,0.000222073,0,0,1
722,3.90898,13.8547,1.07499,0.779868,0.984606,1.00622,1.00504,1.0142,-0.224169,-0.00105063,0,0,1
723,7.05456,-25.3907,-2.18188,1.16891,1.03804,0.985869,0.995795,0.431522,0.171047,6.96235e-06,0,0,1
724,7.64406,-27.3322,-2.1272,1.34046,1.03492,1.01194,0.942378,0.825617,0.140024,0.000206745,0,0,1
725,7.73428,27.5631,1.76616,0.959175,0.99894,0.999139,1.00482,1.06404,-0.112189,-0.000597646,0,0,1
726,4.49154,-16.1633,-1.98848,1.2948,0.987128,0.990798,0.984503,1.12493,0.361076,-0.00174044,0,0,1
727,10.8882,-38.7453,-1.66504,0.787075,0.995669,0.983513,1.00639,1.10642,0.0562997,0.00085018,0,0,1
728,9.79918,-35.2306,-3.49304,0.999047,0.994325,0.994086,0.967188,0.731947,0.15585,-0.000651082,0,0,1
729,8.54613,-30.5348,-2.291,0.718923,1.00769,1.00263,1.02693,0.993743,0.124117,0.000168955,0,0,1
730,10.6223,-37.6771,-1.62297,1.33315,0.962369,0.995656,0.933473,1.05208,0.0563801,0.00079831,0,0,1
731,40.7422,146.238,-9.48959,0.640448,0.98644,0.994213,1.01062,0.811529,0.0255078,-0.000927094,0,0,1
732,5.98517,-21.3125,-1.47406,0.997375,0.99925,0.996878,0.98007,1.12459,0.149281,0.000716259,0,0,1
733,24.7079,-88.6502,-7.02013,1.0981,0.994592,1.0022,0.992095,1.29844,0.0526485,-0.00011703,0,0,1
734,5.92777,21.0895,1.26289,1.12242,0.999252,0.992753,0.971015,0.924808,-0.128513,-0.00111505,0,0,1
735,975.968,4982.44,-2625.12,1.35332,1.00452,1.0021,1.00072,0.890266,-0.0186008,0.000299643,0,0,1
736,5.50397,-19.7598,-2.18172,0.877469,0.968189,0.992727,0.983522,1.34195,0.273998,-0.00117011,0,0,1
737,8.10204,29.2378,3.28623,1.01159,0.993625,0.990526,0.983401,0.603481,-0.212087,0.0011641,0,0,1
738,4.55936,16.1944,1.1776,1.15342,0.988597,1.00373,0.990737,0.907502,-0.188736,-0.000981309,0,0,1
739,7.046,25.1609,2.05454,0.84579,0.993228,1.01067,0.984478,1.35366,-0.156558,-3.84964e-05,0,0,1
740,13.5767,-48.2539,-0.654077,0.940734,1.02269,1.00801,1.0054,1.04328,0.0143079,0.00120266,0,0,1
741,49.0307,186.917,17.027,0.669811,1.0106,1.00765,1.0224,1.09055,-0.17297,0.00244189,0,0,1
742,2.69424,9.57759,0.913648,1.02617,1.00341,0.999626,0.997001,1.07995,-0.355312,-0.00126094,0,0,1
743,5.54934,19.8839,1.64512,1.2337,1.05265,1.02269,1.11769,0.966176,-0.189767,-0.000354524,0,0,1
744,7.33261,-26.0949,-1.50218,0.934134,0.995033,0.986137,1.01626,0.895111,0.105544,0.000883436,0,0,1
745,6.76981,-24.2918,-2.37428,0.996925,1.00788,0.993085,0.999365,0.75156,0.202411,-0.000507789,0,0,1
746,5.56348,20.0521,2.15205,1.02578,1.01465,0.989289,0.991634,0.990303,-0.261646,0.000824004,0,0,1
747,6.27992,-22.2191,-0.91685,1.03781,0.979825,1.01477,1.04239,0.992392,0.0818422,0.00156514,0,0,1
748,3.87639,-13.7683,-0.951029,1.06328,1.01574,1.0069,0.97144,0.800668,0.200559,0.00164173,0,0,1
749,3.52368,12.5662,1.20228,0.76693,1.00288,0.992719,1.00576,1.28767,-0.305952,-0.000418449,0,0,1
750,3.56561,12.6817,1.05232,0.697928,1.0052,1.00758,0.997684,1.19701,-0.257923,-0.00106025,0,0,1
751,13.2623,-48.3253,-5.89259,0.678338,1.00378,1.0129,0.994082,0.849799,0.162589,-0.00128893,0,0,1
752,173.681,1047.91,-699.924,0.764491,0.994566,0.986758,0.974548,1.03672,-0.0621066,0.00101523,0,0,1
753,36.1877,135.358,18.6562,0.989901,1.01777,1.00582,1.03153,1.23731,-0.0970436,0.00107462,0,0,1
754,14.4097,-51.1279,-0.959228,1.02252,1.0046,1.00822,1.01754,0.894139,0.0185674,0.00101983,0,0,1
755,7.92622,28.2669,1.94297,1.19371,0.99559,1.00109,0.946372,1.00201,-0.118512,-0.000415841,0,0,1
756,8.88979,31.4714,0.560003,0.646196,0.99508,1.00727,1.05412,1.02724,-0.0262628,-0.00170094,0,0,1
757,45.2603,162.674,-11.7746,0.949925,0.981449,0.99662,1.06139,1.03558,0.0259476,-0.000884907,0,0,1
758,8.70409,31.1963,2.71295,0.953969,0.987971,0.986972,1.03595,1.43376,-0.145722,0.000230689,0,0,1
759,6.26559,22.2402,1.33828,0.935036,0.994036,1.00885,1.01513,1.07045,-0.121763,-0.000967322,0,0,1
760,8.87491,-32.1454,-3.65276,0.851898,1.00239,0.988361,0.98291,1.04268,0.202311,-0.00118366,0,0,1
761,119.808,450.827,-62.6178,1.16216,1.02208,0.999782,0.985439,1.14443,0.0314301,-0.000739657,0,0,1
762,14.5883,-51.9646,-0.19311,1.08414,1.0436,0.995326,0.939656,0.85097,0.00373284,0.00133611,0,0,1
763,5.68397,-20.2379,-1.40619,1.02838,1.00501,1.00784,1.05777,0.992203,0.154835,0.000763698,0,0,1
764,5.04387,-17.9088,-1.06946,0.744408,0.99498,0.997303,0.984306,0.974325,0.143601,0.00139898,0,0,1
765,3.38292,12.087,1.30527,0.908547,1.00195,0.99577,1.06471,0.735454,-0.360584,0.000281431,0,0,1
766,12.1741,-45.1987,-6.19802,0.95721,1.03236,0.990009,1.00973,1.13507,0.221871,-0.00204772,0,0,1
767,7.98299,-28.8406,-3.226,0.902907,1.02031,1.01643,0.991468,1.08069,0.210961,-0.00112956,0,0,1
768,7.26033,25.7209,0.619511,0.896452,1.00149,1.00997,1.01409,1.22642,-0.0421015,-0.00192066,0,0,1
769,17.0507,61.8299,-5.30858,0.997131,1.03319,1.00188,0.980131,0.914602,0.0811396,-0.00262104,0,0,1
770,20.7946,75.0754,7.41875,0.951483,0.977279,1.00373,0.992654,0.972874,-0.0802992,0.000451865,0,0,1
771,7.89095,28.2261,2.29407,0.701518,1.00722,1.01684,0.973667,1.32849,-0.14308,7.51784e-06,0,0,1
772,23.1982,82.327,-1.77845,0.884223,0.984583,1.00343,0.995597,0.795516,0.0135545,-0.00105854,0,0,1
773,40.3197,144.385,8.3033,0.82373,1.00868,1.01476,1.0301,0.730331,-0.02239,-9.26759e-05,0,0,1
774,3.60891,12.8037,1.10114,1.21043,0.980343,1.00427,1.01082,0.807936,-0.264789,-0.000764906,0,0,1
775,18.1436,65.0602,4.97709,0.969054,1.00287,0.994,0.997837,1.16992,-0.0666991,5.44832e-05,0,0,1
776,23.8266,-84.3535,-0.60934,1.07045,0.984876,0.996413,1.03645,1.0733,0.00452984,0.000728663,0,0,1
777,50.0246,-183.429,-21.055,0.838056,1.02593,0.990671,1.00061,1.04383,0.0460772,-0.000374107,0,0,1
778,3.373,12.0788,1.40928,0.916197,0.998058,0.986425,1.01906,0.696811,-0.396607,0.000808631,0,0,1
779,11.633,-42.4166,-4.95526,1.37937,1.02658,1.00667,1.00497,1.07154,0.171487,-0.00119092,0,0,1
780,8.55038,-31.0682,-3.49149,0.903878,1.03421,0.990394,1.06877,0.72407,0.206182,-0.00110189,0,0,1
781,5.59611,19.9597,1.58177,0.860817,0.99654,1.00473,0.974428,0.791922,-0.180785,-0.000366215,0,0,1
782,34.5092,-122.338,2.78721,1.06839,0.990627,1.00859,1.00531,1.18407,-0.0100374,0.000727774,0,0,1
783,11.6337,41.2668,-0.655793,0.981348,0.977943,1.00701,0.96271,1.06375,0.0186346,-0.00194288,0,0,1
784,11.7071,-42.0122,-3.77212,0.678771,1.01037,1.00166,1.0142,0.877453,0.118233,-0.000334151,0,0,1
785,69.3228,-261.547,-35.5747,1.1663,1.02369,0.991375,0.95126,1.24345,0.0731277,-0.000917482,0,0,1
786,10.1727,36.92,3.95858,1.07596,1.02762,1.00245,0.970229,1.10471,-0.167611,0.000877574,0,0,1
787,24.8434,-89.5488,-8.42582,1.09149,1.01087,1.00272,1.00977,1.03988,0.0647228,-0.000310473,0,0,1
788,6.47074,22.9954,1.00852,1.09661,1.02883,0.995324,0.955838,1.00372,-0.0865724,-0.00162844,0,0,1
789,77.4042,-284.827,-35.2208,0.882793,0.982317,1.00071,1.00102,0.968466,0.0354233,-0.000347898,0,0,1
790,3.57847,-12.7817,-1.46519,1.23763,0.972814,1.00611,1.03765,1.05252,0.374268,-0.00105544,0,0,1
791,7.14924,-25.3869,-0.693255,0.957202,1.01272,0.993505,1.03571,0.645466,0.0497714,0.00192371,0,0,1
792,58.6764,-208.618,9.79109,0.993472,0.965601,0.996827,0.991361,1.16944,-0.0127544,0.000546257,0,0,1
793,20.2855,73.79,8.13902,1.14973,0.998787,0.988192,0.968834,1.19134,-0.0973656,0.000672396,0,0,1
794,4.75898,-16.9759,-1.64172,1.3161,0.981665,1.00942,1.02061,0.591207,0.253452,-0.000330117,0,0,1
795,9.96889,35.8852,3.60667,1.22798,1.01193,1.00658,0.968954,1.05446,-0.15408,0.000653135,0,0,1
796,7.14064,-25.5862,-2.3912,0.973006,0.998432,0.995672,1.00084,0.789894,0.184922,-0.000400911,0,0,1
797,5.32548,-18.9886,-1.54552,1.2992,1.00807,0.994178,0.97928,0.828073,0.194787,0.000401453,0,0,1
798,4.87447,-17.3795,-1.4666,1.05216,1.01704,1.01265,1.06312,0.966316,0.21405,0.000358807,0,0,1
799,9.88244,-35.2439,-2.21994,0.895795,1.01205,1.01031,1.04669,0.937939,0.0904238,0.000418122,0,0,1
800,18.346,66.8743,7.36787,0.717435,1.01467,0.993575,1.0227,1.07494,-0.107149,0.000725975,0,0,1
801,405.931,-1915.7,230.074,1.29759,1.01329,0.982206,0.99427,0.936334,-0.0885191,0.00160493,0,0,1
802,102.965,-392.025,-33.6929,0.513034,0.993471,0.983739,1.04528,0.875614,0.0839175,-0.00118637,0,0,1
803,56.4689,201.702,-4.23303,1.06521,1.0328,0.996013,1.01503,1.05322,0.00569951,-0.000457609,0,0,1
804,26.2021,95.4186,9.78572,1.27581,1.02119,0.989432,0.993475,1.01185,-0.0704184,0.000424653,0,0,1
805,199.379,1221.58,739.475,1.18534,0.999134,0.987957,1.04688,0.822273,0.0735685,-0.00137576,0,0,1
806,39.1729,-140.999,-12.3038,1.10826,0.984352,0.993479,0.938058,1.24783,0.0388311,-0.000167482,0,0,1
807,20.213,72.827,-6.11785,1.19514,0.987741,1.01349,0.99375,0.901933,0.0659681,-0.00210899,0,0,1
808,2.40286,-8.55852,-1.02189,1.44116,1.00361,0.996553,1.00016,0.541461,0.485984,2.70338e-05,0,0,1
809,9.37466,-33.2053,-0.60107,0.502442,0.988828,0.989322,0.976311,1.22331,0.0261051,0.00162998,0,0,1
810,9.23764,-32.9938,-2.39707,1.19925,0.999058,0.990713,0.95814,1.13852,0.11322,0.000198453,0,0,1
811,203.519,-783.206,-28.906,1.29389,1.00979,1.00051,0.98061,0.934491,0.0540186,-0.000791901,0,0,1
812,7.3617,-26.0784,-1.1651,1.60643,0.987689,0.997288,1.0131,1.14737,0.0791261,0.00125985,0,0,1
813,9.74534,-34.618,-2.27716,0.769288,0.968834,0.988609,1.01151,0.410224,0.0953857,0.00033058,0,0,1
814,6.94274,24.6705,1.60065,0.718412,0.980019,0.991295,0.987044,0.875347,-0.123063,-0.000674062,0,0,1
815,9.24481,-33.3945,-3.68227,0.906529,1.00528,0.997386,1.05891,1.14119,0.186668,-0.00103103,0,0,1
816,26.7118,-94.6948,-2.30186,0.857014,0.970749,0.999955,1.00939,0.896751,0.0136972,0.000468386,0,0,1
817,5.63929,-20.2459,-2.1548,1.29834,0.99963,1.01438,1.01791,1.07142,0.255692,-0.000936381,0,0,1
818,15.9327,-58.8974,-8.17927,1.08319,0.963274,0.998135,1.00927,1.06223,0.191729,-0.00202019,0,0,1
819,30.6453,-108.999,3.63968,1.24636,1.00146,1.01054,1.05012,0.812451,-0.0166476,0.000919634,0,0,1
820,18.803,-68.6312,-8.61783,1.06021,0.981015,1.0234,1.01521,0.897699,0.129136,-0.00118366,0,0,1
821,8.45275,-30.0591,-1.30015,1.1401,1.00542,0.995469,1.02617,1.2151,0.0694783,0.0011341,0,0,1
822,22.5525,-79.936,1.79107,0.9958,0.989658,1.01366,0.996604,0.934998,-0.0146363,0.00109398,0,0,1
823,161.977,-620.053,46.222,0.686307,1.03422,1.00609,1.01647,1.21504,-0.0576859,0.00118914,0,0,1
824,13.9414,50.6305,5.94165,1.0361,0.96773,0.998302,1.00251,1.23539,-0.148248,0.001144,0,0,1
825,370.468,1434.41,50.0623,0.97262,1.0439,0.998626,1.00116,1.08669,-0.0321391,0.000473217,0,0,1
826,5.74953,-20.4762,-1.48258,1.1478,1.02473,1.01064,1.02204,0.827178,0.16049,0.000685138,0,0,1
827,6.85811,24.7192,2.78372,1.07359,0.982094,0.991011,0.9838,1.52176,-0.241938,0.00126274,0,0,1
828,14.2152,52.268,6.9835,1.21595,0.992777,1.01885,0.998417,1.12332,-0.182967,0.0017392,0,0,1
829,3.38339,12.0974,1.3575,1.46361,0.987602,0.994104,1.00029,1.03178,-0.379516,0.000662359,0,0,1
830,22.7019,82.0374,-6.79736,0.837393,1.01258,0.983417,1.03592,1.36719,0.0601467,-0.00195843,0,0,1
831,14.4801,51.5633,2.16868,1.36672,0.996544,0.994183,0.987439,0.592543,-0.0421884,-0.000622484,0,0,1
832,21.7332,79.6511,10.1216,1.13936,0.974685,0.992816,0.963618,0.848059,-0.116524,0.00107512,0,0,1
833,20.6583,75.0272,8.14776,0.94504,1.0017,0.994516,0.990732,0.984618,-0.0929908,0.000622167,0,0,1
834,3.99316,-14.3206,-1.68018,1.16659,0.981676,1.00657,1.01838,0.727458,0.362905,-0.00136553,0,0,1
835,211.696,-791.271,-106.177,0.922907,0.984763,0.98832,0.982831,1.06308,0.0196165,-0.00023415,0,0,1
836,5.87301,-21.2901,-2.65051,0.845433,1.02346,1.02181,1.04052,1.10553,0.304694,-0.00183082,0,0,1
837,8.20214,29.2825,2.18419,1.14895,0.99958,1.01075,1.03383,0.776843,-0.125703,-0.000193232,0,0,1
838,7.02318,25.1521,2.30183,1.15605,0.998307,0.985201,0.988573,1.03828,-0.182601,0.000278178,0,0,1
839,8.64546,30.6635,1.55196,0.758226,0.980067,0.994437,0.98323,1.02979,-0.0788243,-0.00086686,0,0,1
840,11.8763,-42.4925,-3.79401,0.995094,0.972517,1.00442,1.02401,1.06506,0.114158,-0.000358465,0,0,1
841,12.7468,45.2628,2.05367,1.33761,0.96493,0.997641,0.956469,1.13176,-0.0504172,-0.000606463,0,0,1
842,3.51697,-12.5535,-1.33747,0.996713,0.972058,0.992001,0.997071,0.94496,0.347695,-0.000432652,0,0,1
843,8.87369,32.4247,3.94155,1.17677,1.03901,0.99407,0.956247,1.20975,-0.221982,0.00144877,0,0,1
844,14.9971,-53.1728,-2.45455,1.04246,0.983412,1.00985,1.01002,1.14937,0.0445004,0.000491954,0,0,1
845,49.7996,181.363,20.3425,1.2274,0.985052,0.999493,0.933486,1.15039,-0.0426529,0.000335037,0,0,1
846,2.78602,9.92943,1.02186,0.683801,1.01077,0.986632,0.972685,0.729395,-0.378655,-0.00080855,0,0,1
847,8.57123,30.4029,1.73798,1.51362,0.975676,1.00555,0.968322,1.41044,-0.0898649,-0.000655215,0,0,1
848,177.083,-628.108,-13.2174,0.912767,1.01406,1.01625,1.00929,0.891339,0.00199369,7.43282e-05,0,0,1
849,11.4235,41.4247,4.16076,0.755829,1.03615,0.991263,1.02555,1.02169,-0.141103,0.000608524,0,0,1
850,21.1386,-75.5393,-4.84241,1.00363,1.02082,1.0037,0.962818,0.967008,0.0476795,0.00011832,0,0,1
851,8.09798,-29.5709,-3.50899,1.3036,1.04934,0.993315,1.00545,1.04917,0.229872,-0.0013396,0,0,1
852,12.8493,-45.5605,-2.13678,1.30734,0.986457,1.01981,0.969826,1.1944,0.0515706,0.000565669,0,0,1
853,19.5115,-69.9991,-6.11603,0.833931,0.975932,1.00201,0.946638,0.563908,0.0725628,-0.000264586,0,0,1
854,4.69115,-16.6915,-1.32724,0.702379,0.989404,0.998448,1.00078,1.21964,0.206122,0.000608768,0,0,1
855,11.8287,-42.0968,-2.83039,0.98052,0.975418,0.991839,1.01908,1.13335,0.0829923,0.000201397,0,0,1
856,5.98367,-21.2807,-1.30585,0.82773,1.02259,0.996821,0.974185,1.24833,0.130993,0.00110202,0,0,1
857,17.4596,-62.2673,-3.31613,1.2769,1.01557,1.00248,0.971975,0.952917,0.0464422,0.000330591,0,0,1
858,5.14921,-18.3836,-1.51314,0.700628,1.02775,1.00195,0.979054,0.856553,0.200357,0.000468254,0,0,1
859,15.0936,-53.4334,-0.817851,0.942161,0.977663,1.00176,1.00475,0.464182,0.0144725,0.00100413,0,0,1
860,57.353,215.823,30.0313,1.26497,1.0215,1.0039,0.94967,1.33698,-0.0748249,0.000895502,0,0,1
861,52.891,188.778,3.37735,0.981179,1.01224,0.993309,0.988936,1.02151,-0.00517845,-0.000285758,0,0,1
862,4.58936,-16.351,-1.25229,1.2992,1.02936,1.00129,0.991528,1.08269,0.200179,0.000953527,0,0,1
863,8.36781,-30.4158,-3.52121,1.35432,1.018,0.989744,0.986847,1.23308,0.219193,-0.00129916,0,0,1
864,16.5845,59.5299,4.89712,1.07123,0.99122,1.00448,1.00742,0.813819,-0.0779403,0.000172381,0,0,1
865,3.95527,-14.225,-1.66788,1.07001,1.01605,1.00044,0.962591,0.990552,0.361744,-0.00109674,0,0,1
866,18.2093,-64.4847,0.0905919,0.908504,0.994688,1.00876,0.95445,0.724195,-0.00112169,0.00106926,0,0,1
867,373.259,1430.9,-158.05,0.89306,0.998882,0.989828,0.914713,1.22644,0.0200302,-0.000422771,0,0,1
868,5.90588,-21.0144,-1.34051,0.878876,1.00659,1.00726,1.01168,0.738268,0.137263,0.00093991,0,0,1
869,90.4,344.042,-46.2816,1.05496,1.02952,0.993349,0.950272,1.53735,0.0593046,-0.00131425,0,0,1
870,10.9017,38.7687,-1.00679,1.19107,0.998494,0.999703,1.02869,0.943254,0.0327051,-0.00235553,0,0,1
871,3.30753,-11.7067,-0.987621,0.854656,0.970297,1.01242,0.978361,1.02944,0.274309,0.000959227,0,0,1
872,10.3113,36.8484,3.01194,1.11898,0.987863,1.0146,0.96244,1.33591,-0.114639,0.000125914,0,0,1
873,11.2844,40.4319,3.56038,1.26803,0.99008,1.01929,1.00778,1.24411,-0.116257,0.00031385,0,0,1
874,205.375,-855.655,179.901,1.44705,1.01236,0.983657,0.98835,0.782073,0.0948378,-0.00148234,0,0,1
875,7.65213,27.1908,1.02245,0.895344,1.00231,0.997583,1.04261,0.825817,-0.0644972,-0.00144644,0,0,1
876,18.4122,-65.5333,-2.42149,0.872604,1.02526,1.00638,0.963042,1.25089,0.0301465,0.000554624,0,0,1
877,4.54069,-16.1607,-1.2341,1.20653,0.985845,0.979767,1.00002,1.09644,0.203921,0.000873984,0,0,1
878,29.2453,-105.318,8.68596,1.04509,0.983023,0.997784,0.989768,1.0286,-0.0472059,0.00149752,0,0,1
879,7.46364,26.541,1.01987,1.27159,1.03207,0.993478,0.983773,1.2755,-0.0676543,-0.00155149,0,0,1
880,17.262,-61.2581,2.06449,0.756165,0.989894,1.0104,1.05469,1.04982,-0.0283383,0.00159743,0,0,1
881,6.69792,-23.7995,-0.978145,1.07848,1.02124,0.999851,1.03219,1.27493,0.079147,0.00160785,0,0,1
882,49.6852,-188.769,-22.5271,0.933144,0.985674,0.985052,1.00446,1.14953,0.131339,-0.00176779,0,0,1
883,4.16226,-14.8184,-1.25131,0.586034,1.0063,0.987523,1.02161,1.15157,0.24011,0.000712341,0,0,1
884,7.05346,24.9981,1.15858,0.764932,0.967811,1.00461,1.0294,0.737075,-0.0844071,-0.00119789,0,0,1
885,16.9412,-60.9489,-5.64607,1.00971,1.00442,1.01479,0.99664,0.847786,0.0892282,-0.000384361,0,0,1
886,23.8904,-86.0071,-5.89797,1.01653,1.04233,0.992645,0.987015,0.997849,0.0471067,5.04649e-05,0,0,1
887,9.01694,32.5846,3.12391,1.30002,1.03941,1.00283,1.02918,1.2341,-0.15963,0.000475645,0,0,1
888,7.12372,25.5901,2.59093,1.11778,0.996084,1.00026,0.965923,1.10914,-0.203582,0.000727014,0,0,1
889,26.0361,-92.8812,-6.0581,1.11305,0.980742,0.997693,1.02016,0.988121,0.0395484,5.72888e-05,0,0,1
890,28.0624,100.597,6.94569,1.33178,1.01374,1.00802,0.963572,1.27072,-0.0392628,-2.35604e-05,0,0,1
891,7.29864,-25.8544,-1.04947,0.863247,0.992161,1.00173,1.0173,0.765216,0.0720251,0.00139941,0,0,1
892,4.42165,-15.8823,-1.75397,0.914692,1.01921,1.00096,0.994738,1.51555,0.313628,-0.000811305,0,0,1
893,11.8102,-42.3292,-3.57485,0.902824,0.997113,0.991912,1.01659,1.25698,0.109931,-0.000210428,0,0,1
894,10.4053,36.9033,1.75375,0.98528,0.98252,1.00024,0.992801,0.819225,-0.0629387,-0.000752823,0,0,1
895,15.0431,-54.2695,-5.52482,1.041,0.988044,1.00476,0.998516,0.928563,0.11276,-0.000639784,0,0,1
896,4.72666,-16.8498,-1.44741,0.718982,0.992672,1.00071,0.982447,0.906939,0.224021,0.000280887,0,0,1
897,43.8828,162.715,21.3481,0.707069,0.993669,1.00536,1.03521,0.68007,-0.0681599,0.000703784,0,0,1
898,7.13614,-25.5249,-2.09763,0.746138,1.01483,0.985927,1.0166,0.823692,0.159077,0.000112382,0,0,1
899,28.0947,99.6611,1.52639,1.37288,0.978961,1.00199,1.00685,1.11385,-0.00797826,-0.000536423,0,0,1
900,9.72429,34.6671,1.98989,1.14062,1.00158,0.993591,0.950903,0.812284,-0.0831589,-0.000596223,0,0,1
901,7.55832,26.8614,0.891587,0.756461,1.0134,1.00041,1.00983,1.21326,-0.0575057,-0.00161761,0,0,1
902,24.3234,-86.387,-3.90444,1.10969,0.979285,0.991023,0.992927,1.0422,0.0284165,0.000302866,0,0,1
903,15.5869,-56.4353,-5.46241,0.921352,1.02752,0.998227,0.97626,0.930827,0.103452,-0.000470511,0,0,1
904,8.62179,-30.7623,-2.17332,0.873731,1.00675,0.980207,0.992245,0.850163,0.11632,0.000347405,0,0,1
905,7.22038,25.9058,2.46632,1.09051,1.01132,1.02782,1.01814,0.92663,-0.184163,0.000496893,0,0,1
906,6.22739,-22.2921,-2.08425,0.814028,0.991962,0.987383,1.00658,1.30406,0.205541,-0.000333309,0,0,1
907,104.063,-387.346,49.8454,1.49752,1.02066,1.01232,1.03661,0.951755,-0.0291162,0.000715558,0,0,1
908,3.40379,12.0541,1.021,1.1354,0.973776,1.00154,0.992425,1.16352,-0.270343,-0.0009699,0,0,1
909,2.89554,10.2281,0.572062,1.12183,0.957003,1.00592,0.998751,1.03911,-0.192,-0.00309315,0,0,1
910,5.68296,20.485,2.32366,1.15552,1.01104,0.999255,1.01488,0.866923,-0.275042,0.00117651,0,0,1
911,28.3392,100.849,4.54406,0.999922,0.991113,1.00796,1.02282,1.06004,-0.0238795,-0.000261315,0,0,1
912,26.6988,-98.4646,-11.8072,0.827204,1.04304,0.996801,0.99643,1.20253,0.0890449,-0.000738839,0,0,1
913,7.64117,27.3041,2.13324,0.869097,1.01096,1.00458,1.0329,0.845931,-0.141231,-0.000152584,0,0,1
914,4.0368,-14.5017,-1.6482,1.00896,1.01539,0.995555,0.976005,1.12538,0.34442,-0.000879996,0,0,1
915,94.9575,-357.322,47.9134,0.975483,0.998614,1.02663,0.986792,1.03205,-0.0406164,0.000938847,0,0,1
916,22.6495,-82.076,-9.0337,1.16457,0.996516,1.00997,0.992749,0.780065,0.0874128,-0.000631853,0,0,1
917,167.91,635.132,-302.22,1.18074,1.05094,1.00041,0.985437,0.864553,-0.0626761,0.00103505,0,0,1
918,13.2549,-46.9957,-0.724329,0.693435,0.999667,1.00315,1.06135,1.20341,0.0164178,0.00117642,0,0,1
919,4.17201,-14.8238,-0.950664,1.04741,1.01542,0.978738,0.991556,0.709714,0.177813,0.0018444,0,0,1
920,56.4127,208.72,-25.4637,0.947576,1.03134,1.01134,0.989341,0.70355,0.0441811,-0.0011476,0,0,1
921,4.39174,-15.656,-1.35485,0.887329,1.01075,1.01268,1.01239,1.32956,0.236436,0.000393534,0,0,1
922,6.13285,-21.9116,-1.84201,1.12366,1.01551,0.994881,0.953407,0.601191,0.181955,0.000150295,0,0,1
923,3.42123,12.2239,1.30864,0.592447,0.998274,1.01128,1.03244,1.08423,-0.35369,0.000370061,0,0,1
924,8.18525,-29.1613,-1.80667,0.893312,0.991816,0.988062,0.987103,1.19253,0.104427,0.000608622,0,0,1
925,25.4651,92.9248,-10.2842,0.941883,0.990887,0.994608,1.03849,0.906068,0.079208,-0.0021861,0,0,1
926,6.7323,24.0083,1.97539,0.746036,0.983226,1.00236,1.05134,1.25663,-0.163629,-4.72074e-05,0,0,1
927,26.2929,-93.1553,-1.64074,0.418457,0.992106,1.00555,1.00506,0.861933,0.0100275,0.000554188,0,0,1
928,27.389,98.4429,7.92931,0.781049,0.996975,0.990767,0.965831,0.994791,-0.0485939,0.000111715,0,0,1
929,18.0051,64.4557,3.75288,1.13986,1.03239,0.995759,0.98928,1.04418,-0.0494259,-0.00027355,0,0,1
930,3.53284,-12.5739,-1.20785,1.2106,0.94622,1.01621,1.0387,1.33191,0.30495,-7.87992e-05,0,0,1
931,7.94743,28.2066,1.31547,1.18889,0.987268,0.992539,1.00396,1.01631,-0.0778329,-0.0011034,0,0,1
932,24.3325,86.2843,1.14616,0.662919,0.99244,1.0091,0.986687,1.03856,-0.00790197,-0.000645952,0,0,1
933,13.5099,48.2005,2.67503,1.26938,0.992682,0.984631,1.05867,1.21145,-0.0607704,-0.000416532,0,0,1
934,5.33442,18.9894,1.39569,1.14002,0.99202,0.998036,0.983307,0.711402,-0.172346,-0.000692052,0,0,1
935,5.09395,18.1004,1.35804,1.12775,0.955237,1.00587,0.924754,0.637786,-0.180995,-0.000527722,0,0,1
936,4.64346,-16.7335,-1.63404,0.854025,1.04387,0.971121,1.01213,1.14971,0.265374,4.40753e-05,0,0,1
937,15.1972,-54.7609,-5.43663,1.13218,0.998245,1.00212,1.03668,0.795917,0.107896,-0.000554654,0,0,1
938,6.17326,-21.9659,-1.4642,1.21866,1.00171,1.01057,1.01186,1.20517,0.138643,0.000746003,0,0,1
939,3.77818,13.4094,1.04035,0.904685,0.986821,0.997508,1.0201,0.845312,-0.230739,-0.00118094,0,0,1
940,90.7535,342.224,-47.5901,1.00262,0.998284,0.981341,1.03151,0.937806,0.045475,-0.00105104,0,0,1
941,5.8512,-20.8278,-0.958603,1.24454,1.04348,1.002,1.01332,0.642472,0.0982332,0.00177672,0,0,1
942,6.43574,22.8699,0.919048,1.03503,1.00363,0.984348,1.0215,1.10922,-0.0800868,-0.00172379,0,0,1
943,3.80994,13.455,0.750236,1.13535,0.981653,1.00964,1.04096,1.03543,-0.160109,-0.00221248,0,0,1
944,10.8169,38.7646,3.41408,0.862631,0.983287,1.00543,1.01383,0.599481,-0.121621,0.000312943,0,0,1
945,55.8631,199.496,-6.23561,1.1737,1.00245,1.00711,0.968177,1.05443,0.0084832,-0.000494831,0,0,1
946,8.03635,28.5481,0.50131,1.04057,1.02639,1.00485,1.03607,0.987599,-0.0287166,-0.00197422,0,0,1
947,44.6724,-160.23,-12.2023,0.85286,1.01602,1.01535,0.979943,1.14158,0.0286453,-5.5512e-05,0,0,1
948,19.4613,-68.911,0.486314,0.854842,0.974532,0.994073,1.03984,1.05518,-0.00533063,0.00107365,0,0,1
949,5.95685,-21.1556,-1.64174,0.909991,0.985066,1.01712,0.982061,0.999723,0.166446,0.000308309,0,0,1
950,28.3215,-101.83,-8.80462,1.10972,0.992611,0.994211,1.03086,1.10084,0.0520075,-0.000197901,0,0,1
951,11.3004,40.143,0.861021,1.24295,0.998361,0.994104,1.01244,0.859109,-0.026282,-0.00127754,0,0,1
952,17.2658,64.3203,9.0675,1.28617,1.02409,0.987509,1.0249,1.04982,-0.18444,0.00190501,0,0,1
953,25.4516,91.6035,7.90507,1.22841,0.998763,0.996496,0.980394,0.997961,-0.0564115,0.000193396,0,0,1
954,28.223,100.174,0.703441,1.00202,0.992201,1.00218,1.01767,0.72871,-0.00363049,-0.000618249,0,0,1
955,5.20294,-18.6283,-1.83692,1.15472,0.995544,1.01541,0.998882,1.2699,0.245042,-0.000502375,0,0,1
956,4.93955,-17.8376,-2.00721,0.901213,1.03209,1.00138,1.05099,0.901771,0.301353,-0.0010271,0,0,1
957,3.1444,11.2082,1.1188,0.964655,1.03134,1.01789,1.01986,1.19617,-0.338113,-0.00052855,0,0,1
958,4.92754,17.4563,1.20651,1.40705,0.987541,1.01728,0.965932,1.44027,-0.167714,-0.000948875,0,0,1
959,4.93203,-17.6332,-1.45262,1.43149,1.03789,1.00727,1.00946,0.911586,0.206295,0.000548486,0,0,1
960,2.2701,-8.15015,-1.09342,0.767761,1.01792,0.993436,1.00137,0.848465,0.570449,-0.000731301,0,0,1
961,8.50861,30.253,1.13466,0.908813,1.0023,0.991451,1.00082,1.29668,-0.0594187,-0.00129587,0,0,1
962,12.6005,-44.5947,-0.970157,0.847143,0.989568,1.0033,0.977269,1.04407,0.0241355,0.00110255,0,0,1
963,12.7732,45.3188,0.994588,1.14859,1.00139,1.00825,1.0062,0.783175,-0.0238501,-0.00109544,0,0,1
964,16.9036,-60.0185,-2.3479,1.13436,0.99268,1.00168,1.00161,0.810343,0.0339746,0.00055372,0,0,1
965,10.2076,36.658,3.38662,1.03315,1.00614,1.00367,0.998671,1.08446,-0.13654,0.000410561,0,0,1
966,4.97037,-17.7216,-1.48491,1.09505,0.998419,1.00161,0.995538,0.878545,0.210618,0.000323752,0,0,1
967,23.7001,84.7305,4.74791,0.956217,1.00949,1.00902,1.01407,1.05245,-0.0363885,-0.000193951,0,0,1
968,52.7637,-187.172,1.17961,0.95414,0.976292,1.01816,0.951826,1.02966,-0.00184936,0.000382797,0,0,1
969,3.95114,-14.209,-1.44746,1.07077,1.03726,0.989981,0.980755,0.920235,0.30799,-3.1863e-05,0,0,1
970,11.8687,-42.4248,-3.03901,0.640797,1.02825,1.0084,1.00504,1.20599,0.089357,0.000140352,0,0,1
971,33.0214,118.869,-8.0104,0.957446,1.02369,0.988711,1.00679,0.931916,0.0331658,-0.00120079,0,0,1
972,3.32087,-11.8811,-1.19885,0.693937,1.0343,1.00836,0.971754,1.26868,0.333335,0.000363409,0,0,1
973,21.7327,-77.2728,0.41449,0.671542,1.02528,0.997159,0.994175,1.14131,-0.00375235,0.000987371,0,0,1
974,24.7366,-89.0368,-8.24822,0.598303,0.976546,1.0011,1.01537,1.11853,0.0635124,-0.000312054,0,0,1
975,43.9167,-156.29,-3.88336,0.919203,1.01218,1.00728,1.02547,1.33125,0.00891245,0.000289761,0,0,1
976,11.9068,42.3571,2.19269,1.09984,0.997032,1.00794,0.98247,0.903135,-0.0614823,-0.000555612,0,0,1
977,80.5521,306.939,37.3043,1.15653,1.00294,0.992408,1.01598,0.904408,-0.0803385,0.00107783,0,0,1
978,15.6441,-55.4255,0.257787,1.11445,0.966501,0.989358,1.04986,1.22287,-0.00429179,0.00129161,0,0,1
979,114.413,-430.483,-57.3833,1.22539,0.979958,0.993026,0.973515,0.983588,0.0417716,-0.000523238,0,0,1
980,5.38739,-19.3085,-1.97657,1.12817,1.00246,1.00841,0.973692,0.871916,0.251847,-0.000678562,0,0,1
981,74.3763,268.299,23.8474,1.00091,0.973959,1.00994,0.973458,0.788892,-0.0200616,9.02838e-05,0,0,1
982,6.64783,23.9421,2.65858,0.728976,0.994491,1.00503,0.973045,0.983732,-0.240979,0.00117707,0,0,1
983,4.99524,-17.9458,-1.88449,1.04831,1.01158,0.984801,1.01666,1.04914,0.274424,-0.000617041,0,0,1
984,14.9447,-53.3033,-2.74336,0.811454,1.04474,1.01724,0.983998,0.782263,0.0508798,0.000455249,0,0,1
985,6.20086,-22.0688,-1.44525,0.838398,1.01789,0.994936,0.965741,1.22097,0.13705,0.000876527,0,0,1
986,4.83806,17.2587,1.42957,0.731911,1.02555,1.00545,0.996389,1.04509,-0.209935,-0.000528111,0,0,1
987,22.4927,-80.1628,-3.74402,1.04172,0.993766,0.98792,0.990305,1.5812,0.0321958,0.000319538,0,0,1
988,4.42486,-15.7305,-1.12668,1.14432,0.998026,1.00444,0.995087,0.938758,0.190762,0.00111433,0,0,1
989,11.4178,41.5563,4.62857,1.18476,1.0287,1.00138,1.06846,1.35768,-0.161684,0.000983388,0,0,1
990,5.85121,-20.7573,-1.53426,0.891996,0.976309,1.0108,0.980504,0.780346,0.160409,0.000462463,0,0,1
991,7.56427,-26.891,-2.05798,0.671367,0.97672,1.01313,1.00864,0.966945,0.136839,0.000132657,0,0,1
992,4.1785,14.8072,1.10853,1.11398,0.977369,0.998841,0.995885,1.04588,-0.206803,-0.00103741,0,0,1
993,71.2138,-270.7,-26.6852,0.503621,1.00132,0.994577,1.00458,1.06138,0.111482,-0.00155561,0,0,1
994,2.15797,7.65983,0.822235,1.31358,1.00779,1.02575,1.00378,0.718656,-0.450207,-0.0012316,0,0,1
995,53.8951,-191.208,-1.07677,1.1095,0.994344,0.999414,1.01298,1.13859,0.00165586,0.000330272,0,0,1
996,14.8958,-52.8992,1.31083,1.21717,1.00909,1.02174,0.971287,0.760288,-0.0235953,0.00169378,0,0,1
997,39.1281,146.621,20.5809,1.11542,1.01192,1.00041,0.988305,1.02247,-0.100014,0.00115879,0,0,1
998,6.65971,-23.5776,-1.23785,0.935126,0.977694,1.00242,1.01551,0.785256,0.100943,0.00111298,0,0,1
999,3.79702,13.4564,1.05864,0.535169,0.995187,1.03073,1.03152,0.882086,-0.229478,-0.000993713,0,0,1
1000,11.8471,43.7281,6.01606,0.935563,1.00543,1.00355,1.04735,0.710878,-0.226157,0.00214224,0,0,1
1001,7.09206,-25.0958,-0.971898,0.939814,0.979701,0.987467,1.03406,1.09553,0.0706275,0.00151739,0,0,1
1002,3.46262,-12.3497,-1.14981,0.788279,1.02645,1.00282,1.04067,0.997076,0.297018,0.000721989,0,0,1
1003,25.6439,91.652,4.90024,0.926575,1.00623,1.00593,1.03527,0.729965,-0.0321399,-0.000205058,0,0,1
1004,363.04,1311.82,-58.8088,1.00941,1.02532,0.995115,0.958259,0.664845,0.00171272,-8.51631e-05,0,0,1
1005,5.6197,-20.2244,-2.32998,1.01206,0.988991,0.995808,1.05135,1.24476,0.286221,-0.00138082,0,0,1
1006,6.9308,24.748,1.6511,1.18976,1.03227,0.997434,0.984321,1.29758,-0.127874,-0.000723067,0,0,1
1007,32.2542,-120.738,-16.6784,1.08194,1.00324,1.00472,0.983228,1.21704,0.113264,-0.00128462,0,0,1
1008,9.59339,34.175,2.56899,1.10985,0.972517,0.994939,1.07375,1.03108,-0.111293,-8.47383e-05,0,0,1
1009,24.2852,-89.6494,-11.2421,1.09935,1.02356,0.986615,0.994032,1.40841,0.105001,-0.000932249,0,0,1
1010,5.14061,18.4704,2.05967,1.02282,1.00138,0.992446,0.974285,1.36757,-0.289093,0.00104875,0,0,1
1011,142.083,835.797,484.026,1.04721,0.970895,0.98423,1.00594,0.843472,0.107917,-0.00202194,0,0,1
1012,47.3712,171.449,16.3045,0.977823,0.997091,0.983416,1.02619,1.04806,-0.0354833,0.000184163,0,0,1
1013,15.0615,-54.1752,-5.19944,0.89191,0.975704,1.00157,0.999921,1.17242,0.103364,-0.000496403,0,0,1
1014,19.8728,-70.4063,1.23359,1.10091,0.987706,1.00391,0.980031,1.1336,-0.0129131,0.0011872,0,0,1
1015,12.4734,-44.2315,-2.10382,0.538137,0.975816,1.00651,0.991241,1.26467,0.054132,0.000575573,0,0,1
1016,10.8921,-38.8842,-2.89398,1.32711,0.977671,0.988108,1.03905,0.952243,0.100557,5.72259e-05,0,0,1
1017,15.3582,54.6608,1.05763,0.901229,1.01782,1.00757,1.00846,0.651644,-0.0180816,-0.000963378,0,0,1
1018,4.09802,14.5571,0.952468,1.05968,1.01678,1.01093,1.01324,0.845907,-0.18204,-0.00166004,0,0,1
1019,2.77328,9.87836,1.06503,1.00751,0.9863,0.999105,1.01721,1.28063,-0.402298,-0.000159129,0,0,1
1020,4.90606,17.4036,1.09953,1.2699,1.00772,1.03075,0.996462,1.22286,-0.152026,-0.0012402,0,0,1
1021,14.5191,52.3101,5.00119,0.704722,1.0003,0.984898,0.980304,0.933515,-0.106746,0.00044447,0,0,1
1022,8.09239,28.6951,0.710643,1.13766,0.959419,1.01346,1.00592,0.714343,-0.0391148,-0.00157976,0,0,1
1023,32.3393,117.129,-11.0674,0.91728,1.01105,1.01312,1.01869,1.03756,0.0500373,-0.00149282,0,0,1
1024,18.2373,64.9049,2.4327,1.15101,1.00101,1.0058,0.996165,1.07193,-0.0300593,-0.000540728,0,0,1
1025,22.3479,79.8317,-3.03831,1.23025,1.00794,0.994835,0.927373,0.882435,0.0257922,-0.00133779,0,0,1
1026,9.56544,34.1411,2.17436,0.730973,1.00664,0.999199,0.97997,1.24689,-0.0941505,-0.000438527,0,0,1
1027,6.25849,-22.3364,-1.7808,0.930476,0.994651,0.991253,1.00542,0.929466,0.169843,0.000238851,0,0,1
1028,5.98625,-21.2729,-1.12075,1.12608,0.997706,0.987481,0.976368,1.1929,0.1121,0.00137929,0,0,1
1029,5.50311,-19.4887,-1.23686,1.19282,0.991664,1.02337,0.983636,0.429723,0.141192,0.000984866,0,0,1
1030,28.6018,106.29,14.3086,1.25296,1.00456,0.997032,0.988477,1.38698,-0.105288,0.00107685,0,0,1
1031,17.1446,62.0962,6.06858,0.731172,1.0143,0.986671,1.02379,0.947013,-0.0959175,0.000456108,0,0,1
1032,7.14562,25.3823,-0.00908937,0.916281,1.00358,0.991725,1.02227,0.944266,0.000639574,-0.00277605,0,0,1
1033,38.8,138.919,10.0957,1.07775,0.959284,1.01061,0.976927,1.38209,-0.0297043,3.48509e-05,0,0,1
1034,14.0199,-49.6147,-0.529759,1.30137,0.987331,1.00058,1.02574,0.947923,0.0107773,0.00118075,0,0,1
1035,3.84457,13.8657,1.62773,1.00099,1.01949,0.98516,1.00629,0.850497,-0.371918,0.000999607,0,0,1
1036,14.747,-53.7019,-5.95813,1.18426,1.02275,0.999515,0.94459,0.892517,0.131233,-0.000867638,0,0,1
1037,10.6452,37.7605,1.86598,1.08193,0.986033,1.01031,0.985705,1.21983,-0.0639577,-0.000676513,0,0,1
1038,3.72062,13.3101,1.34162,1.13312,1.02617,1.00088,1.00353,1.11719,-0.311825,-9.38118e-05,0,0,1
1039,7.55639,26.8041,0.931251,0.522272,1.00097,1.00668,1.03983,1.36307,-0.059435,-0.00153008,0,0,1
1040,7.38539,26.4328,2.28285,0.874671,1.01041,1.00937,1.00258,0.604266,-0.162433,0.0001322,0,0,1
1041,46.2665,166.927,-11.0111,1.01597,1.03166,0.990629,1.01109,1.22183,0.0235057,-0.000856185,0,0,1
1042,38.7059,139.347,-6.20071,1.03839,1.0515,0.990362,0.989582,1.09084,0.0184516,-0.000860359,0,0,1
1043,14.8198,-52.6692,-0.886005,0.690712,1.02896,1.00665,0.973246,0.878796,0.0164858,0.00105402,0,0,1
1044,15.5242,-55.1486,-1.47711,1.17715,0.987216,0.978703,1.04036,0.80717,0.0254156,0.000833641,0,0,1
1045,5.72158,20.3927,1.66341,0.971323,0.990898,1.01083,1.02428,0.899693,-0.182212,-0.000220121,0,0,1
1046,21.1484,75.9828,6.49335,0.741511,0.981476,1.00354,0.987414,1.16157,-0.0651347,0.00021084,0,0,1
1047,65.0775,246.465,30.302,0.922897,0.955808,1.02413,1.00577,1.20192,-0.0846381,0.00111988,0,0,1
1048,4.91251,17.4328,0.642682,0.573986,1.01175,1.00191,1.02621,0.915127,-0.0885971,-0.00247769,0,0,1
1049,151.724,549.332,-37.2894,1.0829,1.02512,0.987252,0.998134,1.01514,0.00727061,-0.000262552,0,0,1
1050,83.2567,-313.69,-127.079,1.17513,1.0212,0.998516,1.00808,0.946818,-0.123587,0.00226949,0,0,1
1051,6.67613,23.6476,1.26763,0.869898,0.986245,1.01558,1.01042,0.875385,-0.101941,-0.00106474,0,0,1
1052,17.8501,-63.4297,-1.48542,1.04215,1.00489,1.00223,1.00842,0.720619,0.0193455,0.00075727,0,0,1
1053,3.52171,12.6005,1.08528,1.26801,1.03892,0.988968,0.991947,1.15996,-0.271975,-0.00121628,0,0,1
1054,8.05943,-28.6823,-1.52272,0.979975,1.01735,1.01211,1.00157,1.09885,0.0887849,0.000895062,0,0,1
1055,43.2225,161.42,21.9485,1.33648,0.966423,1.00575,0.99457,1.05309,-0.0830741,0.000952104,0,0,1
1056,3.9418,14.0464,1.24844,1.21788,1.01166,1.01291,1.02833,0.681217,-0.260916,-0.00048981,0,0,1
1057,9.816,35.2003,3.10221,0.948664,1.00273,0.999402,1.05261,1.36864,-0.133515,0.000280643,0,0,1
1058,6.31135,22.5817,2.00458,1.26553,1.00071,1.00322,0.95039,1.07228,-0.189441,0.000145134,0,0,1
1059,167.711,641.052,71.953,1.13311,1.01089,1.00511,0.983396,0.744206,-0.0421093,0.000575951,0,0,1
1060,7.65933,-27.4003,-2.30914,1.06273,0.992135,0.992497,1.02451,0.777342,0.155366,-9.6859e-05,0,0,1
1061,8.6869,-31.1779,-2.98084,1.13482,0.993759,0.988183,0.989281,0.89198,0.164193,-0.000523551,0,0,1
1062,15.1441,54.3856,-3.66399,0.992118,1.02049,1.0091,1.03719,0.895343,0.0673357,-0.00248908,0,0,1
1063,5.68081,-20.5971,-2.55086,1.15511,1.00313,0.983331,1.00185,0.684076,0.314891,-0.00178428,0,0,1
1064,3.52342,12.5667,1.23124,0.690801,1.00762,1.00764,1.02359,0.856632,-0.313211,-0.000216922,0,0,1
1065,4.50755,-16.0754,-1.36008,0.961027,1.00314,1.00437,1.00426,1.20296,0.227311,0.000445329,0,0,1
1066,147.913,-1403.66,-434.479,1.30233,0.999319,0.993443,0.941961,0.899353,-0.0751854,0.00132752,0,0,1
1067,10.2098,37.0057,4.35745,0.983629,0.967055,0.997581,0.995315,0.85711,-0.191271,0.00137407,0,0,1
1068,7.61646,-27.6991,-3.23847,1.01813,1.0376,1.0002,1.02541,1.08083,0.236181,-0.00133694,0,0,1
1069,34.7722,124.984,9.63419,0.819843,0.997546,1.00807,1.0423,1.2508,-0.0362492,6.68199e-05,0,0,1
1070,78.35,297.182,38.1745,0.784769,0.987736,0.991918,0.98668,0.66475,-0.0736747,0.000966526,0,0,1
1071,4.46191,15.8449,1.35965,1.03762,0.974736,1.0119,0.983457,0.680297,-0.229433,-0.000283742,0,0,1
1072,3.99376,-14.1681,-0.809722,0.888147,1.00401,1.00014,1.01359,1.20899,0.161253,0.00214143,0,0,1
1073,21.1002,-77.3014,-9.24342,1.02563,1.00663,0.982877,1.026,1.33688,0.110054,-0.000904412,0,0,1
1074,13.3089,-47.3098,-1.07282,1.02894,1.01974,1.01004,1.0337,1.49764,0.0243578,0.00105011,0,0,1
1075,9.93015,-35.4549,-2.30466,1.138,1.03016,1.001,1.00623,1.22482,0.0934778,0.000416257,0,0,1
1076,3.35898,-12.0035,-1.31859,0.832259,1.00506,0.995921,1.02915,0.949803,0.369018,-0.000362321,0,0,1
1077,3.63599,12.9858,1.29541,0.720319,0.996014,0.996737,1.04383,1.09929,-0.315524,-2.11793e-05,0,0,1
1078,61.6406,229.99,30.5659,0.857513,0.998341,0.984979,1.03339,1.35242,-0.0506905,0.000527576,0,0,1
1079,28.0394,101.155,9.48606,1.08788,1.00209,1.0056,1.00466,1.39219,-0.0569422,0.000277092,0,0,1
1080,6.46759,23.2772,2.54893,1.04312,0.977462,0.998931,0.981302,1.26361,-0.241805,0.00113992,0,0,1
1081,9.97186,35.4917,1.4391,0.817945,1.02869,1.01417,0.949452,0.981061,-0.0559652,-0.00100667,0,0,1
1082,11.5856,-41.7268,-3.48701,0.91109,1.03166,0.991366,0.974434,0.618478,0.111203,-0.000141898,0,0,1
1083,17.5353,65.202,9.08944,1.01953,1.00651,1.00039,1.00956,0.98159,-0.172792,0.00177275,0,0,1
1084,11.3456,40.3986,1.84259,1.36745,1.02387,1.00089,0.992218,0.971424,-0.0570876,-0.000772583,0,0,1
1085,4.11811,-14.6467,-1.09766,1.1743,1.02097,1.00061,1.01017,1.20469,0.210526,0.00124207,0,0,1
1086,6.05614,21.5356,1.18507,0.827137,1.01562,1.0035,0.954221,0.858623,-0.115226,-0.00127697,0,0,1
1087,15.5485,-55.5694,2.84263,0.823817,1.00808,1.01066,1.00508,1.07521,-0.0487682,0.00210458,0,0,1
1088,5.52885,-19.6092,-1.06796,1.41864,0.999113,1.01178,0.981893,1.05969,0.120525,0.00139682,0,0,1
1089,51.0962,193.358,25.1023,0.952601,0.987326,1.01013,0.99802,1.12683,-0.106008,0.00137763,0,0,1
1090,15.7434,-56.7031,-5.41452,0.565293,1.00503,0.990827,0.982405,0.925065,0.0997582,-0.000436045,0,0,1
1091,8.28148,29.5872,2.21806,1.05648,1.02789,1.01168,1.03712,0.948802,-0.12566,-0.000234474,0,0,1
1092,42.3729,-150.721,0.920248,0.817403,1.01657,0.996531,1.02173,1.02037,-0.00229982,0.000509296,0,0,1
1093,12.1713,43.3722,2.09598,0.731369,1.0311,1.00144,1.03514,1.04278,-0.0569975,-0.000665627,0,0,1
1094,8.29968,29.6621,2.31178,0.795433,1.0294,1.01938,1.03417,0.952221,-0.130667,-0.000125406,0,0,1
1095,12.6722,-44.959,-2.22845,0.857722,0.965381,0.994781,0.963701,1.37738,0.0561624,0.000524564,0,0,1
1096,29.4782,108.796,13.8808,1.22171,1.00116,0.996532,0.9844,1.02986,-0.091302,0.000868828,0,0,1
1097,9.68558,34.6886,2.86012,0.944164,1.00072,1.0053,1.01214,0.864999,-0.124286,0.000119971,0,0,1
1098,17.6214,-62.4377,1.19744,1.06991,0.948673,1.02002,1.01385,0.686789,-0.0151861,0.00127921,0,0,1
1099,20.9721,77.0559,9.68374,1.10273,0.99738,1.00378,1.00011,1.31294,-0.118605,0.0010717,0,0,1
1100,4.44343,15.8294,1.27663,0.878326,0.98706,0.989158,1.01331,1.15229,-0.218057,-0.000679304,0,0,1
1101,9.73378,34.8824,2.98497,0.630238,1.00364,0.986253,1.0171,1.01416,-0.13031,0.000173883,0,0,1
1102,7.11328,-25.4056,-2.04361,1.19174,1.02935,1.01783,1.01449,0.767885,0.153352,0.000139675,0,0,1
1103,32.4296,115.3,0.530237,0.805076,1.00602,1.01348,1.0675,1.60703,-0.00206494,-0.000556573,0,0,1
1104,19.8124,-71.3025,-6.61504,0.97163,1.00332,0.999785,0.993445,0.725138,0.0782348,-0.000343527,0,0,1
1105,27.0631,-100.751,-13.6518,1.12691,1.02887,0.997635,1.00835,0.987972,0.117187,-0.00121696,0,0,1
1106,6.19298,-22.6654,-3.15459,0.760414,0.999948,0.994083,0.99672,0.878796,0.358017,-0.00282831,0,0,1
1107,9.28357,-33.0751,-1.937,1.03709,1.00682,1.00593,0.982037,0.302132,0.0880441,0.000585447,0,0,1
1108,12.2968,43.5393,0.979773,0.971873,0.983368,1.00147,1.02234,0.665469,-0.0252682,-0.00111381,0,0,1
1109,4.72528,16.8282,1.22916,1.15624,1.02192,1.02069,0.970502,1.22,-0.185314,-0.000939108,0,0,1
1110,7.66288,-27.5363,-2.7857,1.15143,0.990834,1.00199,1.01082,1.18042,0.193143,-0.000761079,0,0,1
1111,5.07318,-18.2798,-1.82306,1.00035,1.03407,0.971805,1.04682,0.729796,0.25789,-0.000251066,0,0,1
1112,68.1071,-250.924,-31.0859,0.960463,1.00404,0.998574,1.047,0.960412,0.0400377,-0.000385322,0,0,1
1113,5.50824,19.6447,1.49185,1.08793,1.00349,0.997538,0.971978,1.10595,-0.175448,-0.000568486,0,0,1
1114,113.379,429.583,56.8804,1.04947,0.989712,0.985166,0.986866,1.18654,-0.0481435,0.00062119,0,0,1
1115,7.03701,25.2597,2.50394,0.991795,0.976706,0.986121,0.985578,0.746854,-0.201365,0.000659726,0,0,1
1116,425.533,-1673.86,116.731,0.872799,1.01224,0.999975,1.02625,0.947079,0.035742,-0.000544682,0,0,1
1117,122.875,-443.022,-41.6577,1.07768,0.973772,1.00346,0.998863,1.02472,0.0140678,-8.54086e-05,0,0,1
1118,23.2677,-82.7098,-1.30273,1.29883,1.01507,1.0133,1.00661,0.997352,0.010151,0.000657901,0,0,1
1119,14.6644,52.5067,3.86892,0.718721,0.99424,0.999006,1.04435,0.943014,-0.076722,-1.04422e-05,0,0,1
1120,25.7525,93.9078,9.92096,1.00101,1.028,0.998792,1.04793,1.07195,-0.0742666,0.000479957,0,0,1
1121,9.00333,32.0883,2.31359,1.01989,0.988562,1.00745,1.04931,1.07097,-0.111513,-0.000209899,0,0,1
1122,157.351,-616.624,-185.295,1.21104,1.01152,0.984163,1.03011,1.18029,-0.0655077,0.00119982,0,0,1
1123,5.74247,20.3399,1.07986,0.91163,0.965698,0.999222,0.971443,1.23316,-0.11445,-0.0013086,0,0,1
1124,18.2089,-64.7455,-1.12736,0.894077,1.01227,0.990407,0.995299,0.673724,0.0143353,0.000847559,0,0,1
1125,5.78218,20.59,1.38397,0.803754,1.00497,0.998128,0.970741,1.09872,-0.148072,-0.000864345,0,0,1
1126,9.88997,35.3235,2.2679,1.20243,1.02109,0.986661,1.0156,1.02924,-0.092827,-0.000456506,0,0,1
1127,84.1366,-299.572,10.2963,1.18883,1.01499,0.991239,0.975447,1.36972,-0.00674615,0.000356309,0,0,1
1128,19.6726,-69.8086,-3.27191,1.13953,0.98879,1.02376,1.00323,1.00853,0.0351216,0.000341678,0,0,1
1129,13.2447,-47.1716,-2.04989,1.36524,1.0383,1.00658,0.966055,1.1965,0.0476391,0.000692172,0,0,1
1130,4.83015,-17.2295,-1.44518,0.683538,1.02818,1.00712,1.04409,0.752198,0.213313,0.000480488,0,0,1
1131,4.65377,16.5598,1.14464,1.09162,1.01549,0.989581,1.00773,1.00106,-0.178149,-0.00126959,0,0,1
1132,47.1092,176.057,24.0666,1.59779,0.997434,1.0156,0.996011,1.12469,-0.0720877,0.000799765,0,0,1
1133,5.25879,18.7782,1.64443,0.73092,1.01539,1.00748,1.02292,1.18078,-0.211722,-0.000126608,0,0,1
1134,65.3021,248.027,-33.6747,1.02648,1.0205,1.00444,0.96777,1.00823,0.0783731,-0.00174265,0,0,1
1135,6.33545,22.4842,0.774439,0.934349,1.01297,1.0132,1.04013,0.886577,-0.0678312,-0.00189086,0,0,1
1136,6.44296,-23.022,-1.91725,0.563817,1.01226,1.0062,0.969102,1.49114,0.173279,8.45795e-05,0,0,1
1137,11.2526,40.5633,4.12996,0.999893,0.993391,1.00428,1.0406,0.817816,-0.143048,0.000715153,0,0,1
1138,7.18972,25.7426,2.28502,0.603895,1.01878,1.00507,1.01013,0.92502,-0.17087,0.000164757,0,0,1
1139,53.1208,-202.966,25.1178,0.746367,1.0231,1.02351,0.976652,0.742359,-0.112877,0.00244216,0,0,1
1140,6.84463,24.323,1.25644,1.05209,1.00368,1.0085,1.023,1.08366,-0.0972616,-0.00115356,0,0,1
1141,34.0121,-125.164,15.0491,0.894943,0.999135,1.00721,0.997784,0.603845,-0.0714824,0.0018566,0,0,1
1142,4.44349,15.8525,1.4119,0.624006,1.01323,1.00604,0.974294,1.27294,-0.242412,-0.000291998,0,0,1
1143,20.1345,-71.3432,0.155773,1.09249,0.977247,1.00774,0.959749,1.21791,-0.00158913,0.00096047,0,0,1
1144,10.2224,-36.7404,-3.53619,1.21267,0.990439,1.00183,0.978386,1.34577,0.144637,-0.000572556,0,0,1
1145,6.20299,-22.1286,-1.74553,1.37333,1.01389,0.995328,0.930671,1.12225,0.168116,0.000339374,0,0,1
1146,7.54685,26.9868,2.60626,1.07317,0.966171,1.00086,0.984466,0.952548,-0.181055,0.00058462,0,0,1
1147,16.9357,-60.3019,-4.20957,0.910316,0.974387,1.00825,1.00939,0.743875,0.0625051,3.68058e-05,0,0,1
1148,7.53385,26.764,1.46365,1.18807,0.995899,1.00762,1.03125,1.07462,-0.0953629,-0.000910173,0,0,1
1149,8.39665,-29.88,-1.53489,0.95316,1.01947,1.00463,1.03825,1.0078,0.0833809,0.00091793,0,0,1
1150,6.35932,22.691,1.738,1.12939,1.00255,0.990402,1.03771,1.00099,-0.159987,-0.000382513,0,0,1
1151,66.2248,-252.05,-27.5609,0.924591,0.993844,1.00939,1.01857,0.94379,0.104973,-0.00143876,0,0,1
1152,135.015,-520.456,-16.1299,0.818233,1.04596,0.993784,0.992153,0.973088,0.0888467,-0.00130841,0,0,1
1153,25.5147,91.1641,-5.08008,0.945987,0.976808,0.985548,1.03057,1.14417,0.0336441,-0.00135394,0,0,1
1154,12.2442,-44.0147,-3.69197,0.947485,1.01781,0.983791,1.05687,0.990591,0.106298,-0.000157722,0,0,1
1155,10.0568,-35.5877,-0.873086,1.02681,0.979629,1.00768,0.997141,0.879727,0.0330066,0.00130243,0,0,1
1156,24.1041,85.9486,3.05699,0.800805,1.02366,1.00927,1.04151,1.0298,-0.0222416,-0.000432197,0,0,1
1157,4.07715,14.5509,1.35679,0.713296,1.02107,1.01401,1.00762,0.762703,-0.268785,-0.000231717,0,0,1
1158,104.867,-373.041,-10.9794,0.801759,0.991922,0.983346,0.989119,1.24556,0.00466589,0.000107382,0,0,1
1159,10.3833,-36.8349,0.449811,1.40334,1.00284,1.00779,1.03321,0.946833,-0.01599,0.0021387,0,0,1
1160,14.3407,50.9353,0.451327,1.13455,1.00014,0.998863,0.986374,0.835138,-0.00871152,-0.00120745,0,0,1
1161,7.32989,25.9704,1.24856,1.13081,0.983819,0.997471,0.971768,0.854882,-0.0852475,-0.00115551,0,0,1
1162,4.75673,-17.0286,-1.75707,0.889996,0.993518,1.01146,1.02857,1.01383,0.275983,-0.000661729,0,0,1
1163,13.9103,50.7392,6.08956,1.08499,1.0029,1.00241,0.984884,1.0642,-0.152789,0.00117542,0,0,1
1164,145.744,-517.175,0.829099,1.16462,1.00623,0.999117,1.01265,1.1623,-0.000192761,0.000137756,0,0,1
1165,5.35367,19.1521,1.98245,0.619871,0.962609,0.986961,1.00815,0.94165,-0.256193,0.000774032,0,0,1
1166,18.4536,65.4389,2.09856,0.97253,0.980297,1.00024,0.984436,1.11458,-0.025149,-0.000597318,0,0,1
1167,3.12973,-11.0468,-0.645905,1.27463,0.98435,1.01545,0.987872,0.984106,0.19074,0.00274012,0,0,1
1168,6.51282,23.1321,1.40606,0.944875,0.959514,1.00855,0.997148,1.14561,-0.119361,-0.000783421,0,0,1
1169,27.3735,-97.8216,4.85998,0.829498,1.01739,1.00471,0.9969,1.35354,-0.028569,0.00122349,0,0,1
1170,13.2126,47.5147,4.43054,1.31705,1.00349,0.99756,1.02847,1.13167,-0.111571,0.00041239,0,0,1
1171,2.5465,-9.00915,-0.864918,1.27766,0.975713,1.00347,0.989876,1.00886,0.367069,0.0012296,0,0,1
1172,6.90574,24.6763,2.0085,0.865991,0.994741,1.00158,1.05408,0.923752,-0.159866,-7.56739e-05,0,0,1
1173,50.5345,192.393,22.8155,0.850581,0.988427,1.0035,1.00792,1.3189,-0.128081,0.00172901,0,0,1
1174,6.46353,23.0465,1.65138,1.04308,1.00627,0.997753,0.946286,0.921267,-0.146255,-0.000544615,0,0,1
1175,5.79461,-20.7075,-1.85909,1.19909,0.981621,0.993745,0.987272,1.08965,0.204752,-0.000153162,0,0,1
1176,18.0992,-64.434,-2.43658,1.24661,1.00722,0.998826,1.01975,0.775299,0.0313752,0.000543496,0,0,1
1177,4.72554,-16.8736,-1.53706,1.15502,1.00158,0.994728,1.02428,0.946594,0.240664,7.37411e-05,0,0,1
1178,18.9122,67.6498,5.22259,0.925125,0.986787,1.015,1.04588,0.963586,-0.0629348,7.98127e-05,0,0,1
1179,221.89,839.664,-117.494,0.610664,0.998448,1.01307,0.978026,0.74819,0.0194452,-0.000442221,0,0,1
1180,254.98,-1513.38,-852.796,0.912179,1.00873,1.00028,0.975893,1.12121,-0.0464905,0.000837187,0,0,1
1181,2.75054,-9.81161,-1.10884,0.913952,1.00887,0.998321,1.0094,0.972852,0.424555,1.82204e-05,0,0,1
1182,10.7423,38.0952,-0.0204047,1.0854,0.994948,0.996575,0.958543,1.31718,0.000678239,-0.00182209,0,0,1
1183,12.7282,-45.4303,-3.02738,1.05853,1.01341,1.03026,0.984742,1.09319,0.0763869,0.000181541,0,0,1
1184,17.3112,-62.8981,-6.72257,1.34076,1.01766,1.00126,0.958637,0.899376,0.107719,-0.000680662,0,0,1
1185,8.78882,-31.2722,-1.62521,0.715552,1.00288,0.998476,0.991929,1.13996,0.08134,0.000829666,0,0,1
1186,15.0138,53.7997,3.67819,0.87451,1.02521,0.991476,0.979943,1.09855,-0.0695254,-0.000154076,0,0,1
1187,26.5166,-94.0989,-2.84115,0.99787,0.983316,0.988357,1.04469,1.06765,0.0173689,0.000432057,0,0,1
1188,5.88076,20.9235,1.28299,1.11392,1.01549,0.993831,0.982173,1.18232,-0.132623,-0.00112219,0,0,1
1189,5.36606,19.0313,1.21427,0.959077,0.985521,1.0002,1.00467,1.08513,-0.146013,-0.00107778,0,0,1
1190,9.75163,35.5907,4.55916,0.97718,0.992402,0.995119,1.00877,0.97981,-0.225722,0.00179902,0,0,1
1191,3.27522,11.6918,1.26364,0.909492,0.975329,0.987292,1.00358,1.27642,-0.369912,0.000339452,0,0,1
1192,4.99543,17.7769,1.25152,1.34793,1.00529,1.00331,1.01214,0.98802,-0.172479,-0.000960826,0,0,1
1193,13.2577,-47.159,-3.17034,1.23389,0.968793,1.00656,1.0227,1.21602,0.074549,0.000131586,0,0,1
1194,14.7419,52.871,4.30564,1.10387,1.00182,0.99114,1.04915,1.30032,-0.0864409,0.000135168,0,0,1
1195,6.88054,24.349,0.870307,1.01819,0.986066,0.996573,1.0065,1.20611,-0.0659918,-0.00166429,0,0,1
1196,8.01553,28.7431,2.62939,0.657929,0.985599,0.990324,0.980282,0.849166,-0.164961,0.000377206,0,0,1
1197,31.1067,110.493,-1.68613,0.765213,0.972393,0.999867,1.00496,1.35396,0.00721271,-0.000733194,0,0,1
1198,7.96561,-28.2424,-1.59899,1.07179,0.981225,1.01535,0.993313,1.06355,0.094341,0.000727474,0,0,1
1199,3.4038,12.0398,0.902801,1.44511,0.968974,0.997773,1.01161,1.06244,-0.237218,-0.00151908,0,0,1
1200,3.69419,-13.2035,-1.38836,1.18328,1.00766,1.00069,1.01179,0.63489,0.331031,-0.000284385,0,0,1
1201,16.4179,-58.5601,3.00825,0.943751,0.988252,0.995814,0.967742,0.934256,-0.0466364,0.00200074,0,0,1
1202,128.352,482.082,-65.7027,0.787424,0.991529,1.00334,1.00783,0.814781,0.0264669,-0.000631124,0,0,1
1203,10.8218,38.5493,2.64358,1.09257,0.985976,1.00731,0.988245,0.89392,-0.0902329,-0.000211258,0,0,1
1204,57.3482,-206.694,-19.1357,0.715697,1.00477,1.00742,1.0126,0.84186,0.0287919,-0.000151656,0,0,1
1205,34.4659,122.908,3.43684,0.994974,1.02311,0.989002,0.988449,1.00638,-0.0124903,-0.000369964,0,0,1
1206,29.8617,-106.542,-5.48338,1.29357,1.01862,1.00206,1.02462,1.15417,0.0273734,0.000191312,0,0,1
1207,16.3298,58.953,5.69843,0.800486,1.01125,0.995027,0.982036,0.805704,-0.0972811,0.000438553,0,0,1
1208,8.00225,-28.4319,-1.98771,1.13872,0.975904,0.997629,1.00745,0.935029,0.119223,0.000342374,0,0,1
1209,12.0629,-43.2297,-3.61653,1.06772,1.00767,1.02805,1.00056,0.935419,0.104301,-0.000209721,0,0,1
1210,159.13,573.428,37.7579,0.905979,1.02257,1.0026,1.02802,1.05317,-0.00651771,-1.2548e-05,0,0,1
1211,4.99216,-17.7354,-0.975634,0.964837,1.02501,0.990381,1.02006,1.00607,0.133264,0.00177071,0,0,1
1212,6.44295,-22.9362,-1.41711,1.05622,1.0168,0.98182,0.992867,1.13656,0.125688,0.000998616,0,0,1
1213,11.5881,42.3269,5.11804,0.896081,1.00958,0.997355,1.00012,0.79999,-0.181093,0.00134938,0,0,1
1214,8.9648,-32.0289,-2.41025,0.82952,1.01997,1.00422,1.00314,0.690198,0.119454,0.000163412,0,0,1
1215,2.3989,-8.51651,-0.874177,1.47341,0.986947,1.00132,0.984627,0.819734,0.409708,0.00110189,0,0,1
1216,2.10243,7.45248,0.770428,1.1702,1.00294,1.00216,0.973128,0.910766,-0.439708,-0.00188762,0,0,1
1217,8.53678,30.3705,1.44296,0.884676,1.0095,1.00722,1.00572,0.843878,-0.0750452,-0.000990421,0,0,1
1218,26.3176,93.8569,3.4705,1.07153,1.01823,0.996686,1.03228,0.822811,-0.0214804,-0.000385432,0,0,1
1219,4.26932,-15.263,-1.55612,0.563138,0.995819,0.98812,0.988253,0.90555,0.294089,-0.000357288,0,0,1
1220,4.09191,-14.5705,-1.3328,0.915317,0.983355,0.999172,1.00181,0.819685,0.264039,0.000207823,0,0,1
1221,4.63663,-16.7219,-1.78697,1.26486,1.04253,0.994227,1.01983,1.25863,0.294735,-0.000573629,0,0,1
1222,22.5164,-81.3649,-8.39997,0.807215,0.986353,0.997867,0.994534,0.891422,0.0809077,-0.000514826,0,0,1
1223,10.6935,-38.4132,-3.6194,0.835831,0.989345,1.00987,0.98689,0.898723,0.1347,-0.000509816,0,0,1
1224,22.381,79.8418,2.90774,1.10566,1.02174,0.980049,0.925941,1.0809,-0.0248549,-0.000483351,0,0,1
1225,6.61379,-23.6123,-1.89495,0.74934,1.01598,0.995464,1.00928,0.901477,0.16325,0.000228823,0,0,1
1226,5.56456,-19.8773,-1.75155,0.755458,1.01921,1.00479,0.998786,1.20599,0.205195,5.83866e-05,0,0,1
1227,3.78023,-13.4776,-1.08612,1.08353,1.0319,0.996628,1.04581,0.762304,0.240674,0.00125235,0,0,1
1228,7.83875,27.8432,0.603304,1.14274,1.01168,0.999122,1.0092,1.09306,-0.0362262,-0.00188973,0,0,1
1229,22.7527,-82.0751,7.00693,1.07357,0.990616,1.00347,1.01303,0.651513,-0.0621196,0.00195113,0,0,1
1230,4.66398,16.6066,1.23191,1.00741,1.00032,0.99976,0.975198,1.01306,-0.191698,-0.000911348,0,0,1
1231,5.83506,20.7779,1.34993,0.992328,1.02669,1.01172,0.981991,1.34307,-0.140632,-0.000969042,0,0,1
1232,13.3395,47.6619,3.565,0.717695,0.984284,1.00309,1.03389,0.821958,-0.0836341,-9.55726e-07,0,0,1
1233,34.9154,130.358,17.6875,1.07267,1.00623,0.999399,0.992866,1.15959,-0.0913321,0.000966521,0,0,1
1234,2.74935,-9.75001,-0.851148,0.976805,0.994485,1.00328,0.978474,0.882294,0.318038,0.00163761,0,0,1
1235,3.95231,14.1286,1.37629,1.12861,1.01198,0.987728,1.0093,1.24679,-0.29025,-0.000153662,0,0,1
1236,19.9228,70.9233,0.384873,1.1239,0.991194,0.968892,0.95683,0.842768,-0.00405815,-0.000939085,0,0,1
1237,41.684,154.949,20.6766,0.95911,0.981322,1.01208,0.962828,0.876153,-0.076696,0.000830424,0,0,1
1238,4.8916,17.5318,1.83796,1.04854,0.986323,1.00155,0.965464,0.752284,-0.277073,0.000766419,0,0,1
1239,22.8747,-81.2106,-1.62468,0.863663,0.956678,1.00836,1.00188,1.19595,0.0127597,0.000579815,0,0,1
1240,71.1436,271.516,22.334,0.756596,0.983268,1.01056,0.93134,0.880293,-0.119107,0.00169141,0,0,1
1241,18.2667,64.8873,3.00749,0.80684,0.972023,0.984614,1.02221,1.07069,-0.0375763,-0.000408994,0,0,1
1242,3.6358,12.9505,1.364,0.977352,0.955735,0.981259,1.02869,0.788559,-0.336355,0.000437067,0,0,1
1243,46.6629,-171.284,-20.2569,1.10983,1.02416,1.00303,0.994576,1.08651,0.0516632,-0.000445516,0,0,1
1244,6.263,-22.2825,-1.56506,1.40934,0.98442,0.991616,0.986113,1.19391,0.146215,0.000597782,0,0,1
1245,9.23488,-32.7497,-1.5089,0.902614,0.999522,1.01665,1.04135,1.16578,0.0672914,0.000902021,0,0,1
1246,7.89045,28.3046,2.63264,1.1175,0.985377,0.988457,1.08811,0.946379,-0.17063,0.000428255,0,0,1
1247,15.9459,-56.9466,-3.51735,0.748136,1.02363,0.997284,0.957708,1.10326,0.059111,0.000240559,0,0,1
1248,43.348,163.555,22.3697,1.20279,0.994175,0.988116,0.958531,1.39022,-0.114678,0.00144095,0,0,1
1249,20.6631,73.3249,2.05047,1.09464,0.98478,1.01891,1.01454,1.29686,-0.0194711,-0.000565528,0,0,1
1250,2.86585,10.2113,1.06095,0.736723,1.00298,1.00811,0.970905,0.684424,-0.377367,-0.000379779,0,0,1
1251,168.105,607.648,48.8254,1.08336,0.990955,0.978322,0.992762,1.03571,-0.00788409,1.67955e-05,0,0,1
1252,11.7807,-42.3075,-3.82599,1.25107,0.988069,0.994918,0.999605,1.15129,0.119435,-0.000386708,0,0,1
1253,22.2084,-80.253,-7.22363,1.17679,1.02659,0.999134,0.986741,0.998395,0.0686383,-0.000267258,0,0,1
1254,3.5402,12.6234,1.20614,1.03595,1.01935,1.01622,0.943704,0.925304,-0.301851,-0.000379747,0,0,1
1255,6.28679,22.4154,1.95163,1.14595,0.968756,0.991214,0.955359,1.10646,-0.184418,0.000103348,0,0,1
1256,7.68233,-27.322,-1.33823,1.12558,0.999385,0.987887,0.968336,1.2092,0.085724,0.00110189,0,0,1
1257,40.6147,-144.944,8.32092,1.17859,0.98242,0.996616,0.992231,0.739196,-0.0226356,0.000873405,0,0,1
1258,5.27851,18.7937,0.982387,0.687481,1.05103,1.01417,1.03467,0.662875,-0.119856,-0.00175201,0,0,1
1259,30.8284,110.044,5.65656,1.07248,0.982153,0.986162,0.999957,1.17048,-0.0258653,-0.000186227,0,0,1
1260,2.96177,10.4618,0.726596,1.06335,0.96035,0.988585,0.982578,1.38509,-0.239128,-0.00233579,0,0,1
1261,11.1124,39.8888,2.72116,1.11541,1.02603,0.975991,0.971239,1.13836,-0.0914088,-0.000291398,0,0,1
1262,9.01434,31.9407,1.48504,0.715587,0.988499,1.01202,1.00619,1.14411,-0.0689574,-0.000912432,0,0,1
1263,5.07277,-18.0063,-0.760504,1.08976,1.01453,1.00712,0.998709,1.25843,0.0995971,0.00214746,0,0,1
1264,10.9958,39.0536,1.94874,1.19775,0.965693,1.00338,1.01981,1.09047,-0.0631738,-0.000611402,0,0,1
1265,8.86634,-31.6163,-2.04018,0.709029,1.00061,0.989728,1.01592,0.817533,0.10268,0.000470577,0,0,1
1266,7.59255,-27.1003,-2.51582,0.965117,0.964595,1.00144,1.00359,1.14393,0.172137,-0.000457686,0,0,1
1267,2.288,8.17968,1.09759,0.619613,1.00869,1.01624,0.987473,1.0577,-0.569654,0.00111427,0,0,1
1268,125.683,453.565,34.1224,0.856586,0.999826,1.00836,0.948893,1.21234,-0.00972797,1.34128e-05,0,0,1
1269,13.9754,50.6637,5.7476,1.20774,0.959009,0.982644,0.979337,1.05152,-0.141246,0.00101644,0,0,1
1270,5.3631,19.2353,2.00135,1.23023,0.997679,1.01613,0.973226,0.765627,-0.256435,0.000791897,0,0,1
1271,5.28234,-18.9006,-1.78132,1.01707,0.989265,0.989726,0.966755,0.751062,0.23289,-0.000253672,0,0,1
1272,3.60826,12.7935,0.963854,1.20315,0.992353,1.00688,1.00313,0.890645,-0.229057,-0.00141249,0,0,1
1273,7.01125,-25.1689,-2.58823,1.04686,0.980668,1.00771,0.990293,0.978617,0.208981,-0.000843574,0,0,1
1274,7.77643,27.6347,1.4085,1.12125,0.992632,0.996687,1.00514,1.00908,-0.086993,-0.00100118,0,0,1
1275,17.8563,-63.9411,-4.8325,1.34211,1.02831,1.01647,1.0542,1.18979,0.0662885,-3.54497e-05,0,0,1
1276,30.3759,-108.059,0.790508,0.964046,1.00772,0.982841,0.989694,1.07042,-0.00378898,0.000726996,0,0,1
1277,14.816,-52.5942,0.591342,1.61969,0.960812,1.0099,1.02719,0.792163,-0.0106357,0.00142578,0,0,1
1278,16.934,-62.3085,-8.05564,1.25832,1.00306,1.00137,1.05657,1.32993,0.152513,-0.00140852,0,0,1
1279,8.01425,28.4563,1.83231,1.28387,0.971218,0.990332,0.936017,0.954983,-0.108727,-0.000526698,0,0,1
1280,15.1635,54.0665,2.99487,1.33592,0.990239,0.993579,0.980231,0.913075,-0.0540949,-0.000352644,0,0,1
1281,3.08109,-10.8928,-0.883046,0.983356,0.984235,1.01272,1.03062,1.15969,0.272588,0.00149101,0,0,1
1282,126.46,-494.738,12.3994,1.10888,0.995721,1.0034,0.992854,1.05674,0.105441,-0.00158654,0,0,1
1283,4.98845,-17.9166,-2.0003,0.780921,1.00096,1.00215,1.0566,0.955908,0.295638,-0.00109511,0,0,1
1284,100.013,-365.757,-42.2598,1.38608,0.98453,0.98934,0.955755,1.1367,0.0240698,-0.000211284,0,0,1
1285,6.33262,-22.6305,-1.93234,1.31294,1.00544,1.00395,1.03096,1.03671,0.181011,-2.9719e-06,0,0,1
1286,504.713,-2100.08,453.7,1.22092,0.98152,0.997025,1.01766,0.92766,0.036229,-0.000566499,0,0,1
1287,221.344,-951.842,-245.34,0.901369,1.02218,1.00307,0.991839,1.05554,-0.089224,0.00171151,0,0,1
1288,6.27292,22.3236,1.34394,1.12508,1.01135,1.00018,1.05842,1.20034,-0.12367,-0.00102272,0,0,1
1289,11.1573,40.0674,4.07687,0.886475,0.965332,1.0072,1.02633,1.41031,-0.141248,0.000726795,0,0,1
1290,12.9749,-46.5327,-3.98828,0.874916,1.01041,1.00175,0.970611,1.20734,0.102533,-0.000233355,0,0,1
1291,10.4498,-37.0705,-1.22163,0.910095,0.996777,1.00049,0.936851,0.864852,0.0435015,0.00110407,0,0,1
1292,37.9981,-142.47,-20.0044,0.953889,1.00465,0.98501,0.979442,0.778853,0.110016,-0.00129999,0,0,1
1293,15.7084,57.4471,7.37118,1.0103,0.977409,0.998833,1.02345,0.800457,-0.155407,0.00139619,0,0,1
1294,6.5176,-23.0977,-1.39206,0.937106,0.957072,0.982252,1.01684,0.961592,0.120247,0.000863841,0,0,1
1295,7.69871,27.6093,2.54015,1.07432,0.98832,0.993953,1.03067,0.968324,-0.170933,0.000384408,0,0,1
1296,7.87186,-27.9665,-1.63178,1.21243,0.985926,0.993061,1.02036,1.20376,0.0999171,0.000747973,0,0,1
1297,9.67755,-34.3884,-0.891418,0.920682,1.03306,1.0222,0.975731,1.25311,0.0363995,0.001389,0,0,1
1298,15.8326,-57.1717,-5.99942,1.08485,0.97413,0.971608,0.953087,1.00114,0.114314,-0.000690561,0,0,1
1299,6.80414,24.2577,1.70859,0.874012,0.997235,0.997947,1.00248,0.873769,-0.137673,-0.000510388,0,0,1
1300,6.5638,23.407,1.7727,1.17642,1.00591,1.01999,1.01119,0.973739,-0.151406,-0.000323866,0,0,1
1301,74.3908,-271.106,30.6136,1.0388,0.964151,0.994781,1.02343,0.965225,-0.030588,0.000805564,0,0,1
1302,41.9196,-152.217,15.7525,1.31739,0.974157,1.00182,0.998667,1.29619,-0.0457424,0.00127264,0,0,1
1303,4.66549,16.6413,1.38952,1.1928,1.01468,0.993407,1.03811,1.4549,-0.218499,-0.000557847,0,0,1
1304,4.33739,-15.4344,-1.18634,1.0253,0.996361,0.996385,0.995532,1.12829,0.21017,0.000919009,0,0,1
1305,65.2042,237.864,26.8329,1.27204,0.966111,1.00371,0.98248,0.80389,-0.0332688,0.000274479,0,0,1
1306,6.99094,24.7636,0.987161,0.88294,0.957056,0.983826,0.954116,0.987723,-0.0735121,-0.00145172,0,0,1
1307,4.28498,15.2379,1.08986,0.751048,1.02027,1.00302,1.02226,1.30086,-0.194654,-0.00130302,0,0,1
1308,11.3443,-40.6205,-3.91508,0.877239,0.942786,0.980912,0.991583,1.42234,0.132267,-0.000587613,0,0,1
1309,6.58397,-23.5442,-1.92451,1.05258,1.02572,0.999878,0.951576,1.27513,0.166761,0.000193769,0,0,1
1310,6.4484,-22.9322,-1.76075,1.2016,0.983213,1.00568,0.999006,1.08921,0.156105,0.000283252,0,0,1
1311,10.8608,38.952,3.40466,0.906718,0.98366,0.997349,0.976451,1.14391,-0.121218,0.000293446,0,0,1
1312,5.5578,-19.9519,-2.13153,0.922759,0.991399,0.99546,1.00721,1.16002,0.26148,-0.000925864,0,0,1
1313,12.961,46.1075,-0.357452,0.859425,1.04069,1.0157,0.967171,1.15133,0.00836878,-0.00167702,0,0,1
1314,29.6876,-105.995,-5.73769,1.03505,1.00422,0.993396,0.981042,0.953654,0.0291946,0.000162545,0,0,1
1315,190.075,-723.59,79.7407,0.788374,0.990756,1.01729,0.983319,0.967894,-0.0345496,0.000735862,0,0,1
1316,11.1794,-40.1318,-3.62183,1.15007,0.981256,0.979628,1.00074,0.786091,0.125568,-0.000378573,0,0,1
1317,4.28644,-15.2458,-1.13931,0.840814,1.01473,0.996734,0.991073,0.751471,0.205079,0.00114042,0,0,1
1318,7.66593,27.5949,2.49519,0.914584,1.02499,0.987164,0.98928,0.729856,-0.168977,0.000225042,0,0,1
1319,10.1076,36.0432,2.85612,0.957481,0.97989,1.01134,0.957048,0.954475,-0.112214,5.68346e-05,0,0,1
1320,6.30229,-22.5618,-2.10465,1.15849,1.01347,1.00623,0.986225,0.976856,0.200787,-0.000302715,0,0,1
1321,33.6033,124.154,15.907,0.94417,0.999949,0.986388,0.97846,0.861842,-0.0815921,0.000780244,0,0,1
1322,11.321,-40.1936,-2.09796,0.968405,0.963829,1.00149,1.00701,0.835152,0.0651247,0.000531001,0,0,1
1323,10.658,38.2861,3.45718,0.824911,1.02321,1.00956,0.99084,0.949267,-0.127327,0.000319954,0,0,1
1324,60.773,231.615,26.4584,1.01054,1.01041,0.991811,0.973902,1.00048,-0.117356,0.00160171,0,0,1
1325,20.1925,71.9818,2.91758,0.612649,1.01458,0.983673,1.01431,0.763956,-0.0304903,-0.000473756,0,0,1
1326,9.92843,-35.4464,-2.42196,0.765401,1.00858,0.998683,1.00319,1.01352,0.0992334,0.000283966,0,0,1
1327,87.5076,345.982,-100.836,1.0838,1.00622,1.02276,1.04244,1.06512,-0.113564,0.001885,0,0,1
1328,10.3015,37.011,3.41822,0.961415,0.997077,1.00702,0.959605,0.999088,-0.13546,0.000434879,0,0,1
1329,5.79648,-20.8654,-2.10544,0.730803,1.02215,0.993249,0.984189,1.00246,0.235877,-0.000533093,0,0,1
1330,17.1921,-61.9653,5.10606,0.977655,1.01006,0.99496,1.0444,0.954334,-0.0770146,0.00252191,0,0,1
1331,32.5709,-118.223,-12.6101,1.27343,1.00454,1.00223,0.989944,1.06758,0.0602393,-0.00042066,0,0,1
1332,12.0669,42.9463,2.76813,0.850625,0.968357,1.00996,1.01286,0.905897,-0.0765646,-0.00022655,0,0,1
1333,78.4454,-294.711,-39.3742,1.23263,0.986129,1.01339,1.02211,0.741106,0.0570626,-0.000705448,0,0,1
1334,4.69661,-16.5825,-0.542977,1.2358,0.982239,0.999587,1.07027,1.31258,0.0806226,0.00268374,0,0,1
1335,12.2969,43.6327,2.01776,1.28572,0.993948,1.01559,1.02569,0.912449,-0.0525247,-0.000635615,0,0,1
1336,7.78787,28.4129,3.52263,0.824811,1.02887,0.997651,0.960127,0.641375,-0.252979,0.00168186,0,0,1
1337,7.46637,26.5226,0.919881,0.645336,1.00563,1.00049,0.995712,0.933917,-0.0605083,-0.00157745,0,0,1
1338,10.6585,-38.0191,-2.69039,0.851984,0.981042,0.990883,0.940406,0.815635,0.096568,0.00016208,0,0,1
1339,6.14692,21.8406,1.37811,0.808079,0.98651,0.997238,1.05345,1.16769,-0.130781,-0.000896761,0,0,1
1340,14.7549,-53.1301,-4.83974,0.918819,1.01472,0.992141,0.997389,1.06883,0.0995206,-0.000339647,0,0,1
1341,15.484,55.9046,5.68614,1.15947,0.989981,1.01238,1.02524,0.903399,-0.108537,0.00061479,0,0,1
1342,20.3313,-73.5322,-7.75387,1.03696,0.975804,0.994339,0.993227,1.38627,0.0917074,-0.000610211,0,0,1
1343,12.6642,45.0399,0.54788,0.871786,1.01454,0.994438,1.00791,0.630588,-0.013578,-0.00133553,0,0,1
1344,18.2999,65.1492,3.90619,0.983407,0.97392,1.0141,0.991135,0.856471,-0.0486136,-0.000180433,0,0,1
1345,131.12,472.321,34.1292,1.33545,0.980488,1.00056,1.01896,0.9241,-0.00877535,5.08742e-06,0,0,1
1346,25.5437,-91.9282,-7.87491,1.17911,1.0059,0.980424,1.03082,0.575719,0.0569,-0.000182449,0,0,1
1347,25.668,-92.544,7.86947,1.2878,1.00416,0.993968,0.990295,1.14084,-0.0557465,0.00176161,0,0,1
1348,45.4783,167.988,21.4389,0.615628,0.989117,1.01107,0.991099,0.89838,-0.0609409,0.000604874,0,0,1
1349,21.8886,78.0609,-1.82216,1.18313,1.00999,0.990465,0.973598,1.10225,0.0159923,-0.00118987,0,0,1
1350,12.8328,46.2128,3.29766,1.0122,1.0651,1.0097,0.962394,0.943125,-0.0841312,-0.000154223,0,0,1
1351,8.36098,29.7943,1.71149,0.70759,1.02081,1.00908,1.00581,0.896732,-0.0935638,-0.000744233,0,0,1
1352,11.0248,-39.1673,-0.920235,1.02439,1.00368,0.992046,1.01816,1.10062,0.0299161,0.00127368,0,0,1
1353,108.738,389.369,14.5911,1.00209,1.02664,1.01001,1.0097,1.08128,-0.00525185,-9.03323e-05,0,0,1
1354,38.1623,-137.6,-12.8584,0.974929,0.999977,0.992018,0.958181,0.898312,0.0433377,-0.00022088,0,0,1
1355,76.1668,271.091,1.79651,1.36803,0.968815,0.996115,0.983401,1.00757,-0.00126284,-0.000226037,0,0,1
1356,14.6359,-52.4947,-4.33196,1.2747,1.00706,1.01861,0.986732,1.01662,0.0876274,-0.000186694,0,0,1
1357,5.48,-19.4452,-1.48591,0.865561,0.971914,0.999844,0.97929,0.964066,0.175501,0.000459816,0,0,1
1358,10.206,37.0045,4.30745,1.025,0.999102,0.996669,0.988907,0.891816,-0.186145,0.00122658,0,0,1
1359,7.32954,-26.0296,-0.933848,0.752709,1.02807,1.00644,0.985688,1.17787,0.0639749,0.00160658,0,0,1
1360,6.60263,23.5492,1.81715,0.926028,0.99253,1.00534,1.00852,1.10714,-0.154703,-0.000267776,0,0,1
1361,11.5186,42.1789,5.33761,1.1127,0.995267,0.985626,0.983768,0.987463,-0.197686,0.00160898,0,0,1
1362,30.5864,112.936,14.2808,0.7449,1.02537,1.00559,1.04241,0.987837,-0.0846884,0.000776656,0,0,1
1363,107.096,408.85,41.5203,0.916402,1.00165,1.01119,1.04791,1.18037,-0.0704298,0.000978217,0,0,1
1364,27.5314,98.865,-6.66031,1.12578,0.995088,1.00302,0.993655,0.980672,0.0387016,-0.0013871,0,0,1
1365,3.35276,11.8721,1.00311,0.905806,0.963335,0.98453,1.05505,0.981624,-0.274045,-0.00106092,0,0,1
1366,19.1557,69.878,8.47082,1.18199,0.997723,1.01628,1.01166,1.00877,-0.116994,0.000977444,0,0,1
1367,3.89742,13.8661,1.22661,1.146,0.975313,0.986269,0.943048,0.984483,-0.262942,-0.000502142,0,0,1
1368,11.8773,42.3173,1.85043,0.867952,1.00039,0.982609,0.992276,0.814505,-0.0530373,-0.000764778,0,0,1
1369,35.2317,128.109,12.1564,0.862831,1.02154,0.977258,1.00662,0.960189,-0.048372,0.000240712,0,0,1
1370,28.9951,-104.013,-8.06264,0.958119,1.0035,1.00194,0.942513,1.01062,0.0443698,-8.55112e-05,0,0,1
1371,10.4293,-36.985,-1.56364,0.877762,0.985753,0.993052,1.01315,0.674817,0.0563503,0.000885704,0,0,1
1372,9.80168,-35.0636,-2.92689,0.900036,0.990871,1.00983,1.05899,0.889695,0.12421,-0.000173733,0,0,1
1373,3.03116,-10.7962,-1.12354,0.749551,0.987538,0.996326,1.03567,1.05303,0.368835,0.00015749,0,0,1
1374,35.5372,128.432,-11.2234,1.13731,1.00025,1.0105,1.05838,0.752456,0.0415001,-0.00128105,0,0,1
1375,3.32578,-11.8395,-1.11994,0.785538,0.996806,1.00435,1.03439,1.16365,0.312258,0.000522555,0,0,1
1376,8.0281,-28.617,-1.58449,0.683291,1.03438,0.996478,1.02352,1.11474,0.0937759,0.000912043,0,0,1
1377,5.76959,-20.4605,-1.07535,0.852489,0.943135,0.986905,1.00063,1.04884,0.113411,0.00128172,0,0,1
1378,21.4902,-77.4792,-8.02865,1.16026,0.977418,1.02956,1.00621,1.10935,0.0818862,-0.000535596,0,0,1
1379,18.4009,-65.4179,-3.98023,0.952736,0.983317,1.01606,0.968631,1.04447,0.0495583,0.000166854,0,0,1
1380,12.7741,45.5535,3.41604,0.729526,0.977312,1.00605,0.993687,0.638354,-0.0864689,1.34874e-06,0,0,1
1381,225.134,-810.791,-69.2983,0.792951,1.02085,0.999478,0.975144,0.705584,0.00705721,-3.20479e-05,0,0,1
1382,4.68743,16.6298,1.1395,0.992019,0.96251,1.00634,0.984511,0.927583,-0.173695,-0.000989185,0,0,1
1383,37.2516,132.55,-3.50186,1.01207,0.979808,0.983883,1.02025,1.09136,0.0107099,-0.000710528,0,0,1
1384,4.56681,-16.4224,-1.70262,1.10938,1.02271,0.988205,0.951309,1.00852,0.286951,-0.000424934,0,0,1
1385,17.4839,62.2778,2.02631,1.09143,1.01585,1.01137,0.96243,0.804141,-0.0271744,-0.00064423,0,0,1
1386,10.461,-37.3361,-2.52523,0.618601,1.00105,1.00542,1.01227,0.825052,0.0932625,0.000254059,0,0,1
1387,19.6993,70.2999,3.34425,1.00789,1.00145,0.981307,1.01009,1.00489,-0.0369619,-0.000378363,0,0,1
1388,6.64731,23.5275,1.07792,1.20808,0.974768,0.989096,0.985236,0.845257,-0.0878757,-0.00138376,0,0,1
1389,5.54849,19.7406,1.68595,1.19721,0.966826,1.01436,0.989701,0.530707,-0.196127,1.25967e-05,0,0,1
1390,7.06986,-25.2534,-1.53911,1.04233,1.04028,0.997421,0.97707,1.50392,0.115025,0.000905116,0,0,1
1391,7.36234,-26.4727,-2.76593,0.876286,1.01566,1.0229,0.988197,1.05713,0.204588,-0.000857402,0,0,1
1392,33.0442,-118.497,-8.94458,0.566207,1.00416,1.00363,0.966001,1.02214,0.0380174,-6.07378e-05,0,0,1
1393,113.438,436.234,-145.885,1.06064,0.979518,0.994504,1.0193,0.79885,-0.0889771,0.00147513,0,0,1
1394,38.8996,-139.188,-9.22348,1.43103,1.01416,1.00114,0.900078,0.883787,0.0281029,2.53499e-05,0,0,1
1395,7.45308,-26.5069,-1.70559,0.715189,0.987053,0.995254,1.03116,0.972959,0.11592,0.000610804,0,0,1
1396,6.15961,22.1608,2.46332,1.14396,0.965927,0.984099,1.04781,0.774568,-0.256995,0.00122142,0,0,1
1397,8.41628,29.9457,1.33761,1.23564,1.01688,0.994056,0.973922,1.17336,-0.0719307,-0.00113383,0,0,1
1398,7.14502,25.8396,2.85336,1.13438,1.00672,0.982686,1.00952,0.91761,-0.228674,0.00105894,0,0,1
1399,9.3256,-32.9863,-0.895111,1.02955,0.980823,0.998776,1.01754,1.37758,0.0390922,0.00137217,0,0,1
1400,16.8989,60.0228,2.94335,0.831502,0.966011,0.98015,1.01323,0.893904,-0.0429123,-0.000402768,0,0,1
1401,55.3676,-208.619,28.3063,0.89463,0.991659,1.01001,1.01186,0.86974,-0.0682584,0.00158857,0,0,1
1402,4.71348,16.7802,1.31302,1.45397,0.994106,1.00136,1.02378,1.07833,-0.201411,-0.000672034,0,0,1
1403,5.50639,19.7143,1.88692,1.07162,1.00021,0.99936,1.0113,1.52817,-0.228941,0.00034197,0,0,1
1404,6.15546,22.1333,2.3857,0.733208,0.988893,1.00016,0.998746,0.899136,-0.245533,0.00102315,0,0,1
1405,4.18097,14.8717,1.09698,0.825459,1.00056,0.997179,1.0148,0.237567,-0.205503,-0.00118002,0,0,1
1406,11.1356,-39.3882,-0.179733,0.637875,0.989346,1.00486,0.95352,0.900541,0.00561344,0.00161885,0,0,1
1407,5.24368,-18.7348,-1.71591,1.21024,0.999924,0.989284,0.945875,1.32022,0.225991,-6.72544e-05,0,0,1
1408,6.67371,24.0004,2.52271,1.08278,1.01739,1.0093,0.925036,0.861226,-0.221576,0.000817997,0,0,1
1409,9.63132,35.4663,4.88747,0.927216,0.992921,0.979221,1.00741,1.29,-0.265217,0.00237912,0,0,1
1410,13.0611,47.5612,5.89971,0.835707,0.974428,1.00542,0.970533,0.805309,-0.170675,0.00142792,0,0,1
1411,8.71706,-30.9684,-0.902369,0.855711,1.03367,1.01148,1.00275,1.22755,0.0449169,0.00149827,0,0,1
1412,11.7811,42.5657,4.62859,0.969098,0.982199,0.990208,1.01721,0.794682,-0.151783,0.00092169,0,0,1
1413,15.2516,-54.7635,3.74826,1.15371,1.00236,1.00027,1.0636,1.21926,-0.0688955,0.00250009,0,0,1
1414,8.60294,30.6996,2.57372,0.886791,0.969543,0.995035,0.931645,0.87169,-0.138028,0.000144495,0,0,1
1415,8.53967,30.4885,1.96515,1.20276,1.02083,0.984328,1.01688,0.946933,-0.105218,-0.000575625,0,0,1
1416,38.2047,-143.321,-19.7499,0.82512,0.992144,1.00553,1.02034,0.887266,0.109924,-0.00132182,0,0,1
1417,30.36,-109.674,-11.1771,0.971485,0.970184,1.00728,1.02588,0.814741,0.0596161,-0.000393978,0,0,1
1418,9.50132,-34.5356,-4.26933,1.01135,0.999639,1.0055,1.04037,1.36354,0.215993,-0.00160184,0,0,1
1419,6.19767,-22.0357,-1.38144,0.766379,0.999097,1.00835,0.98841,1.02894,0.129209,0.000892407,0,0,1
1420,3.54714,12.6036,0.986056,0.457374,1.00277,1.01196,0.963168,1.10184,-0.241595,-0.00131427,0,0,1
1421,7.94714,-28.2349,-1.46911,0.861823,1.0013,1.00863,1.01035,0.92001,0.0873128,0.000925866,0,0,1
1422,5.92367,-21.1132,-1.55735,1.4806,0.998647,0.997284,0.97239,1.20791,0.161451,0.000541084,0,0,1
1423,4.98001,17.7566,1.44695,1.1213,1.01188,0.992334,1.03984,1.12177,-0.203659,-0.000533592,0,0,1
1424,119.739,452.059,63.5511,0.757792,1.05078,1.0023,1.00812,1.06193,-0.0372861,0.000447455,0,0,1
1425,17.0704,60.7996,1.90018,1.34838,1.01343,1.00259,0.951146,0.757348,-0.0268379,-0.000687643,0,0,1
1426,9.74719,35.1575,3.36218,1.27081,1.01923,0.990759,0.938437,0.847269,-0.149261,0.000474154,0,0,1
1427,6.41867,-23.2071,-2.5913,1.22779,1.02032,0.998122,0.988303,0.934858,0.249987,-0.00112094,0,0,1
1428,4.45007,-15.9027,-1.27258,1.02325,1.03027,0.988992,1.05639,0.881471,0.216055,0.000900168,0,0,1
1429,31.347,115.037,13.662,1.01749,1.01677,1.0151,0.988766,0.932445,-0.0741006,0.000629653,0,0,1
1430,23.3249,84.0649,7.69925,1.07281,0.989358,0.994001,0.953706,1.12767,-0.0660995,0.000291449,0,0,1
1431,5.52982,-19.6204,-0.828497,0.954223,1.01964,1.02124,1.00856,0.838814,0.0927557,0.00189826,0,0,1
1432,6.19952,-22.0732,-1.49294,1.19115,1.0194,1.0021,1.08182,0.835406,0.141584,0.000774838,0,0,1
1433,10.9335,-39.4712,-4.32151,1.23159,0.982192,0.980806,0.997981,1.38472,0.163892,-0.000975833,0,0,1
1434,10.0649,35.8392,1.48215,0.896897,1.03911,1.00458,0.97352,1.18114,-0.0568694,-0.00101825,0,0,1
1435,13.2599,-47.0671,-2.01977,1.50492,0.991948,1.00316,0.965136,1.65029,0.0462881,0.000651558,0,0,1
1436,5.15698,-18.4116,-1.65569,0.953053,0.983033,0.989595,1.01404,0.942848,0.223566,-3.15431e-05,0,0,1
1437,11.4959,-41.8999,-5.33068,1.10522,0.975161,0.984756,0.956927,0.922687,0.198363,-0.0016479,0,0,1
1438,4.51905,16.1408,1.53646,0.61038,0.996408,0.985008,1.00234,0.871465,-0.261293,4.54997e-05,0,0,1
1439,4.37973,15.5662,1.01397,0.85455,1.0273,0.998427,0.983163,1.19369,-0.173306,-0.00162192,0,0,1
1440,15.6416,-55.7323,-2.6429,0.943304,1.00632,0.995677,1.0507,1.14261,0.0454074,0.000478268,0,0,1
1441,76.4272,272.043,2.81196,0.714679,0.964683,0.989015,0.939467,1.28239,-0.00198345,-0.00021402,0,0,1
1442,5.60227,-19.8781,-1.4818,0.980622,0.979951,1.01716,0.9959,0.90941,0.166709,0.000481771,0,0,1
1443,4.42264,15.6669,0.988643,0.702693,0.985422,0.998596,1.00793,1.21312,-0.165668,-0.00151646,0,0,1
1444,8.96015,-32.0272,-2.56594,0.795437,0.996667,1.01045,1.05251,0.866248,0.12765,-4.02813e-05,0,0,1
1445,141.86,-932.416,342.524,1.14975,0.987769,0.983275,1.00453,1.07774,0.0782891,-0.00133918,0,0,1
1446,19.5102,71.1913,7.66392,1.17249,1.037,0.986808,0.975094,1.39227,-0.0979081,0.00060639,0,0,1
1447,11.6722,41.7953,2.90915,1.27075,1.03637,1.00644,0.974607,0.739898,-0.0874807,-0.000217161,0,0,1
1448,14.8397,53.4439,-4.07484,0.962434,0.992342,0.992955,1.00332,0.957529,0.0794582,-0.00272507,0,0,1
1449,3.90058,13.9467,1.4574,1.46081,0.997149,1.01103,1.05413,0.705561,-0.317687,0.000461041,0,0,1
1450,21.2129,76.2255,6.18682,0.882585,0.979619,0.979617,0.958196,1.26235,-0.062491,0.000142087,0,0,1
1451,7.22069,25.6404,1.4386,0.839485,0.94013,1.00144,1.03233,0.775288,-0.100067,-0.000799589,0,0,1
1452,30.188,110.299,13.4031,0.964388,0.967489,1.00691,0.991656,1.05733,-0.0797872,0.000723486,0,0,1
1453,22.8007,84.471,10.8335,0.953203,1.01069,0.965524,1.00207,0.778219,-0.116548,0.00105634,0,0,1
1454,108.419,-413.82,-30.7968,0.784148,1.00461,0.984625,0.982412,1.32908,0.0869771,-0.0012442,0,0,1
1455,4.98837,-17.8284,-1.66113,0.998744,0.987485,0.969151,1.03132,0.833977,0.240483,-6.13573e-05,0,0,1
1456,19.6689,-69.9464,-1.44186,0.489875,1.03892,1.00613,0.958839,1.2531,0.0156836,0.000747952,0,0,1
1457,4.86334,-17.217,-0.979752,0.704313,0.980667,0.991657,1.03066,0.979745,0.139575,0.00157994,0,0,1
1458,18.1137,65.1177,5.6303,1.08504,1.00601,1.00789,0.951143,0.851471,-0.0767267,0.00023661,0,0,1
1459,21.8711,80.6645,10.5735,0.921243,0.986874,1.00693,0.980087,0.880934,-0.125493,0.00123249,0,0,1
1460,9.98324,35.751,2.94086,0.609048,1.00894,0.991182,0.999224,0.915584,-0.121535,8.00553e-05,0,0,1
1461,6.34456,-22.6412,-1.94688,0.877353,0.988995,1.01151,0.98572,1.02055,0.179958,-7.32335e-05,0,0,1
1462,8.11087,-28.766,-1.38041,0.810388,0.99289,1.00332,1.00201,1.00435,0.0787505,0.00101844,0,0,1
1463,4.70346,16.8901,1.9133,0.954152,1.01131,1.0104,0.994637,0.804616,-0.310433,0.0011072,0,0,1
1464,9.89124,35.0171,0.802917,0.974125,0.996775,1.01423,1.03884,1.08122,-0.0308746,-0.0013885,0,0,1
1465,11.1504,39.7346,3.01698,0.693425,0.971011,1.00461,1.0127,1.02976,-0.0986498,2.14601e-06,0,0,1
1466,12.2944,44.0748,2.50228,0.697753,1.04543,0.997751,0.985588,0.949563,-0.0678965,-0.000493855,0,0,1
1467,5.63483,19.9351,0.852143,1.13125,0.983159,1.00051,0.993147,1.04299,-0.0922716,-0.00180463,0,0,1
1468,11.5879,-41.2016,0.391069,1.17709,1.0238,1.00187,0.980739,0.948293,-0.0115365,0.00191735,0,0,1
1469,7.75395,-27.7455,-2.30577,0.999347,1.02176,1.00249,1.02924,0.697963,0.149936,3.09462e-06,0,0,1
1470,6.75518,23.9332,1.07009,1.16807,0.976447,1.01357,1.00216,0.827609,-0.0837584,-0.00131732,0,0,1
1471,4.962,17.6452,1.13953,1.21718,1.0131,1.01148,0.991494,1.26773,-0.157267,-0.0012308,0,0,1
1472,5.99504,21.5131,2.19996,1.08384,0.990398,1.00665,0.967395,0.802809,-0.23306,0.000757102,0,0,1
1473,43.2668,154.299,-0.932462,0.766217,1.02488,1.00657,0.955357,0.606554,0.0020986,-0.000493573,0,0,1
1474,9.08863,-33.122,-3.94646,1.14142,1.02749,1.00378,0.954137,1.02704,0.213808,-0.00141621,0,0,1
1475,205.127,-848.399,-193.836,1.13686,1.00599,0.993365,1.04912,0.983486,-0.0493972,0.0009033,0,0,1
1476,98.8886,-360.084,39.1644,0.947265,0.996969,1.0023,1.00625,0.906378,-0.0215697,0.000583762,0,0,1
1477,4.4658,-15.977,-1.64381,0.869041,0.996082,1.01848,0.943681,1.08765,0.28539,-0.000589027,0,0,1
1478,35.9311,-131.213,-14.9336,1.0083,1.00032,0.997056,0.994168,1.15836,0.0617908,-0.000498605,0,0,1
1479,15.1793,55.9313,7.37488,1.04528,0.986596,0.973257,1.01648,0.873237,-0.174064,0.00160814,0,0,1
1480,5.78331,20.8419,2.16155,1.39583,1.03704,1.01625,0.994305,0.959223,-0.241508,0.000672692,0,0,1
1481,14.0191,49.7956,0.557489,0.756572,0.995877,0.991694,1.01065,1.23752,-0.0112958,-0.0012013,0,0,1
1482,129.641,-494.6,-46.4864,1.37807,1.05559,0.987422,1.03547,0.848838,0.0683641,-0.000960987,0,0,1
1483,21.9869,79.3348,7.61683,0.863974,0.993803,1.00435,0.97444,0.851516,-0.0737811,0.000377799,0,0,1
1484,5.10005,18.2271,1.65922,0.915489,1.0071,1.00587,0.974652,0.88213,-0.226825,3.41091e-05,0,0,1
1485,13.8528,50.0599,5.31997,0.924061,0.996335,0.994048,0.944121,1.00275,-0.127431,0.000745467,0,0,1
1486,48.9537,-177.227,-14.9615,1.11678,1.03692,0.981596,0.969163,1.16632,0.0309709,-0.000105967,0,0,1
1487,31.6184,112.361,3.06668,0.847284,0.998531,1.0138,0.97836,1.03941,-0.0127433,-0.000382197,0,0,1
1488,8.35776,-29.6737,-1.65861,0.644936,0.997415,1.01334,1.03141,0.582965,0.0898174,0.000741,0,0,1
1489,99.7614,-366.938,46.0543,0.991511,0.947601,1.01623,0.968,1.13627,-0.029004,0.000707414,0,0,1
1490,14.0408,49.8517,1.26166,0.649756,0.960437,0.997385,1.0207,1.1102,-0.0252978,-0.000893413,0,0,1
1491,6.26801,-22.5812,-2.55737,0.990004,1.00276,1.00162,1.02861,1.08683,0.257486,-0.00123953,0,0,1
1492,7.85884,-27.9569,-1.50665,0.722841,0.993514,0.989554,0.97612,1.13334,0.0927095,0.000904864,0,0,1
1493,10.2756,-36.5048,-1.85303,0.874175,0.997545,1.00861,1.06165,0.698468,0.0686708,0.00068753,0,0,1
1494,15.5102,-55.2622,-2.42995,1.24935,1.03999,1.00773,0.966267,1.02887,0.0419728,0.000568924,0,0,1
1495,8.34812,29.7212,2.17578,1.21674,0.971076,0.986732,1.0023,1.07943,-0.121657,-0.000225815,0,0,1
1496,13.6019,-49.1404,-5.23553,1.06545,0.98205,1.0039,1.00691,1.07382,0.13091,-0.000816258,0,0,1
1497,3.39047,12.05,1.16009,1.07642,0.982237,1.00745,1.02026,1.33164,-0.312544,-0.000297266,0,0,1
1498,8.97763,-32.1203,-2.22428,1.04111,1.04466,1.01381,0.991456,0.765983,0.108336,0.000371355,0,0,1
1499,6.74272,24.1745,2.27067,1.02921,1.02454,1.01195,1.00243,1.09283,-0.19111,0.000332466,0,0,1
1500,8.07525,-28.9015,-2.07526,1.26874,1.04145,1.00713,1.01739,1.06607,0.123296,0.000380825,0,0,1
1501,9.424,33.4835,1.99571,1.06128,0.978648,0.994445,1.01144,1.04126,-0.0874071,-0.000536111,0,0,1
1502,372.782,1430.28,108.391,1.02193,0.975441,1.00476,0.960879,0.682084,-0.0239589,0.000342997,0,0,1
1503,9.07282,32.7527,3.64594,1.01627,0.990879,0.991483,1.01177,1.05332,-0.192252,0.00109749,0,0,1
1504,11.674,-41.3821,-0.666725,1.15581,1.00983,1.01801,1.01853,0.789519,0.0190081,0.00131398,0,0,1
1505,17.3346,-61.3801,0.58422,0.964293,0.983895,0.998758,1.03464,0.961425,-0.00795752,0.00124395,0,0,1
1506,16.117,57.5165,4.39079,0.889283,0.969857,1.00123,0.986141,1.27551,-0.072063,6.27396e-05,0,0,1
1507,7.75478,-27.8143,-2.59425,0.993934,1.01386,0.9988,0.981344,1.00255,0.172151,-0.000374617,0,0,1
1508,283.829,-1714.59,-987.947,1.10839,1.01328,0.988399,1.02739,1.25793,-0.0402501,0.000705211,0,0,1
1509,44.3537,158.73,8.0008,0.881372,1.00682,0.995176,0.959958,1.06535,-0.0179817,-0.000135054,0,0,1
1510,5.72152,20.3072,1.19003,1.11768,1.00585,1.02553,0.95844,1.13252,-0.125708,-0.00115472,0,0,1
1511,13.4379,48.5213,4.54422,0.776938,1.01851,0.99155,0.985482,1.1226,-0.111387,0.000401294,0,0,1
1512,76.9052,276.179,17.2126,1.0226,0.998145,1.00769,0.984726,1.01548,-0.0128978,-2.85039e-05,0,0,1
1513,5.80698,20.6656,1.27734,0.65939,1.01356,1.00073,0.989075,0.688208,-0.134679,-0.00109226,0,0,1
1514,48.6545,-182.859,-24.8569,1.4064,0.97758,1.0021,1.04573,0.664124,0.0858812,-0.00103599,0,0,1
1515,96.3072,350.847,-36.7903,0.660992,1.00767,1.01684,1.02601,1.28022,0.0196277,-0.000551446,0,0,1
1516,4.7693,16.8637,0.915422,0.923535,0.991567,1.01932,0.97673,0.972575,-0.132623,-0.0016718,0,0,1
1517,58.4156,-207.767,8.80565,1.12535,0.982558,0.99454,0.990571,1.01234,-0.011579,0.000533736,0,0,1
1518,11.8135,-41.8536,-0.436663,1.19611,0.940888,0.995595,1.02161,0.863963,0.0120072,0.00134105,0,0,1
1519,17.5242,-65.0895,-8.65699,1.2592,1.04167,1.01126,1.01052,0.566611,0.15572,-0.00147393,0,0,1
1520,11.9514,42.6606,3.20408,0.990401,0.987593,1.01231,0.983192,0.956945,-0.091698,-1.51118e-05,0,0,1
1521,9.872,35.2131,2.11197,0.810603,1.01581,1.00658,1.01246,1.13406,-0.0856252,-0.000518042,0,0,1
1522,13.4176,47.8385,2.41475,0.977627,1.01536,0.985561,0.964705,1.16158,-0.0553581,-0.000549987,0,0,1
1523,14.779,52.3576,1.33839,1.28268,0.988044,1.00722,1.00924,1.13775,-0.0243328,-0.000865976,0,0,1
1524,14.2879,-51.2308,-4.28165,0.824648,0.991412,1.00449,1.0464,0.775693,0.0912933,-0.000212722,0,0,1
1525,4.85261,17.2561,1.16358,0.912266,1.00324,1.00891,0.952128,0.968971,-0.16703,-0.00112693,0,0,1
1526,41.9553,-157.867,-21.1918,1.11332,0.961331,0.986548,0.978918,0.967042,0.115261,-0.00145242,0,0,1
1527,21.2198,-75.1642,-0.401863,1.14611,0.98945,0.997961,0.940353,1.06375,0.00373831,0.0008442,0,0,1
1528,4.06976,14.4193,1.08571,1.01031,0.9696,1.00407,0.978665,0.780545,-0.211905,-0.000998531,0,0,1
1529,14.81,53.6878,5.70234,1.22607,1.02307,1.01595,0.972684,0.74437,-0.119348,0.000703884,0,0,1
1530,4.36849,-15.5244,-1.35839,0.863219,0.960858,1.00389,1.02842,1.05998,0.23991,0.000177399,0,0,1
1531,24.9487,-92.6717,-12.7722,0.747439,0.95651,1.02275,1.04518,0.896168,0.139307,-0.00159478,0,0,1
1532,5.49435,-19.5703,-1.84495,1.04456,0.959758,1.00059,1.04208,0.940687,0.223367,-0.000395943,0,0,1
1533,35.8616,127.932,3.34044,1.19328,1.01036,0.993746,0.970161,0.734256,-0.0111642,-0.000359464,0,0,1
1534,7.99608,-28.465,-1.69068,1.04255,1.00885,1.01269,1.03115,1.07694,0.100328,0.000696486,0,0,1
1535,193.598,734.302,-99.7245,1.11013,0.980068,1.0122,0.958718,1.1694,0.0245695,-0.000547861,0,0,1
1536,4.52549,-16.1075,-1.23686,0.932073,1.01119,1.00131,0.984469,1.07783,0.203688,0.000878021,0,0,1
1537,6.65681,-23.6476,-1.67666,0.847809,0.990195,1.01418,1.02647,1.51391,0.138779,0.000470648,0,0,1
1538,10.0936,36.0761,3.09825,0.672589,0.983072,1.01437,0.967867,0.548401,-0.123591,0.000244987,0,0,1
1539,5.50638,19.4922,0.660228,0.957652,0.998939,1.00965,1.00937,0.775322,-0.0737376,-0.00221521,0,0,1
1540,6.12668,21.8238,1.45587,1.07554,1.00776,0.997476,1.03818,0.986649,-0.140769,-0.000808688,0,0,1
1541,2.68384,-9.50029,-0.711905,1.28296,0.9941,1.00053,1.00227,1.37106,0.273163,0.00257953,0,0,1
1542,58.3252,209.783,15.7065,1.01059,1.0073,0.993468,0.956508,1.2266,-0.0213323,2.57256e-05,0,0,1
1543,39.9536,-149.041,-20.5823,0.791757,1.01895,0.979249,1.00295,0.657787,0.0898164,-0.00098643,0,0,1
1544,5.08968,-18.1587,-1.50732,0.557828,0.988862,0.980262,1.0203,0.806384,0.207106,0.000362317,0,0,1
1545,36.6113,-137.536,-18.9644,1.01235,0.968162,1.00655,1.01389,0.86921,0.110112,-0.00131976,0,0,1
1546,4.18329,15.0324,1.52906,0.807032,1.02774,0.986676,1.01899,1.31545,-0.296474,0.000145912,0,0,1
1547,36.7149,-131.423,-10.9042,0.771572,0.976694,1.01704,1.0003,1.12677,0.0372766,-0.000129715,0,0,1
1548,275.664,1056.4,-108.287,0.821675,0.992009,0.998837,0.989603,0.862462,0.027696,-0.000581628,0,0,1
1549,50.3388,-180.9,12.3596,1.00232,1.04252,1.0187,0.997314,1.0143,-0.0225799,0.000794173,0,0,1
1550,9.88264,35.627,3.7384,0.729488,1.00267,0.997727,0.919495,0.809357,-0.165026,0.000812774,0,0,1
1551,18.9924,-67.6162,-0.256015,0.741305,1.04431,1.00042,1.02024,0.831576,0.0029884,0.00101756,0,0,1
1552,18.1406,-64.586,0.778659,1.25033,1.02453,0.975519,0.983892,0.589674,-0.010047,0.00131165,0,0,1
1553,4.19588,14.8981,0.912047,0.582412,0.998411,0.99046,0.986706,0.958406,-0.16823,-0.00182265,0,0,1
1554,14.1592,50.6965,3.72338,1.23782,1.00887,1.01456,0.950393,1.0049,-0.078319,-2.22573e-05,0,0,1
1555,5.58596,-19.9703,-1.80223,1.05767,1.00994,1.00455,1.02361,1.08131,0.210969,-8.37288e-05,0,0,1
1556,7.08836,25.4159,2.51132,1.09285,0.97589,0.998905,1.02125,1.079,-0.196959,0.000655681,0,0,1
1557,6.68506,23.7912,1.83358,1.11675,0.959626,1.00441,0.963899,0.959139,-0.152433,-0.000172142,0,0,1
1558,9.12415,32.8527,3.38466,1.02065,1.00922,1.00417,1.01584,0.851464,-0.170985,0.000754814,0,0,1
1559,104.565,663.326,416.025,1.16135,0.951187,0.996918,1.03844,1.12097,0.119607,-0.00223303,0,0,1
1560,6.66543,23.7889,1.76847,1.23704,1.00633,0.991547,0.963001,0.850906,-0.149202,-0.000427173,0,0,1
1561,77.2517,-285.875,-35.9224,1.23991,1.01107,0.988328,1.05215,1.05916,0.0365432,-0.000355435,0,0,1
1562,13.9135,-50.5249,-5.06731,0.99967,1.05908,1.00605,0.971361,1.04841,0.118499,-0.000543532,0,0,1
1563,2.44812,8.70479,0.872012,1.0538,1.02474,1.00064,1.01668,1.083,-0.390765,-0.00156942,0,0,1
1564,20.6935,75.0333,7.25221,0.799758,1.01706,0.987197,1.04442,1.21479,-0.0801437,0.000388074,0,0,1
1565,20.2943,-73.6344,-8.17467,1.25513,0.9986,0.999613,1.01854,0.777093,0.0980931,-0.000699055,0,0,1
1566,10.1146,36.3363,2.6121,1.09685,1.03862,0.991141,1.03913,0.903582,-0.104171,-0.000241443,0,0,1
1567,45.715,172.819,22.8148,0.999411,0.981407,0.990806,1.04422,1.12238,-0.117829,0.00152087,0,0,1
1568,28.1165,-100.877,-8.9291,0.867366,0.967923,0.999992,0.988561,1.1456,0.0526266,-0.00022592,0,0,1
1569,234.444,-1376.1,814.44,0.982034,0.97495,0.984896,1.04109,1.0217,0.0471215,-0.000818996,0,0,1
1570,6.15535,-22.105,-2.30086,0.790681,0.983865,0.984979,0.994596,0.870126,0.236872,-0.000833355,0,0,1
1571,44.968,-169.516,-23.1662,1.07608,1.01162,0.991958,1.03419,1.22328,0.114814,-0.00145283,0,0,1
1572,13.4926,48.3951,4.03027,0.728713,1.01288,1.00788,0.977148,0.956562,-0.0949637,0.000172,0,0,1
1573,12.2837,44.1893,4.20184,0.796319,1.00763,0.99946,0.993925,1.09023,-0.121374,0.000463144,0,0,1
1574,12.5045,-44.6192,-2.79357,1.00176,0.998319,0.99661,0.997361,1.34458,0.0740984,0.000291663,0,0,1
1575,39.3916,-143.036,-15.9491,0.932883,0.985899,1.00832,1.0142,1.05149,0.0539568,-0.000429035,0,0,1
1576,39.2874,145.411,18.9628,1.13519,0.967533,0.983244,0.972847,0.79303,-0.0754893,0.000773826,0,0,1
1577,4.21788,14.9526,1.08709,1.41691,0.96995,1.01949,1.00086,0.766656,-0.19826,-0.000975983,0,0,1
1578,12.7788,-45.7299,-3.4272,0.944367,1.00327,1.0012,0.968174,0.895313,0.0889444,6.87826e-06,0,0,1
1579,4.79176,17.0368,1.50487,0.639896,0.971601,1.00005,1.0375,1.0982,-0.22678,-9.34079e-05,0,0,1
1580,20.2444,72.3362,3.97344,1.1265,1.00806,1.00139,0.963059,1.29793,-0.0414727,-0.000254803,0,0,1
1581,45.9519,172.799,-23.6881,0.793268,0.977338,0.997854,0.997174,1.0845,0.0785356,-0.00184576,0,0,1
1582,7.19329,-25.6025,-1.87046,0.727686,0.990084,1.00877,0.978351,0.697193,0.135807,0.000329255,0,0,1
1583,12.8146,-45.5358,-0.846708,0.935618,1.00285,0.988766,1.03581,1.2001,0.0208246,0.00118561,0,0,1
1584,3.94844,13.9733,0.978767,1.00993,0.974952,1.00343,0.998083,0.908054,-0.199699,-0.00137758,0,0,1
1585,5.80267,-20.6671,-1.48045,0.848309,1.00151,0.99754,1.07229,0.987482,0.158749,0.000664132,0,0,1
1586,63.0273,224.952,-0.175895,0.672023,1.013,1.0104,0.955466,1.02478,0.000182897,-0.00031148,0,0,1
1587,11.8515,-42.1397,-2.62268,1.10564,0.972318,1.01717,0.972002,1.13146,0.0750328,0.000271621,0,0,1
1588,7.70531,-27.603,-2.48693,0.960109,0.989014,0.987181,1.01138,1.12649,0.167834,-0.00030975,0,0,1
1589,15.7496,-55.9542,0.720165,0.812077,1.00451,1.0039,1.00662,0.890553,-0.0118078,0.0014408,0,0,1
1590,33.739,120.192,1.11324,1.004,1.00319,0.996888,1.00699,1.07699,-0.00410686,-0.000509354,0,0,1
1591,16.3198,59.6927,6.97218,0.871543,1.03651,1.00551,0.992638,0.794638,-0.128325,0.000939665,0,0,1
1592,5.80708,-20.9385,-2.07842,0.670474,1.0407,0.998432,1.03835,1.01468,0.232042,-0.00043785,0,0,1
1593,71.8089,259.031,21.0866,1.13558,1.02875,1.01979,1.01566,1.16233,-0.0188381,5.0054e-05,0,0,1
1594,6.87834,24.6347,2.24414,0.803899,1.0041,0.996025,1.04698,1.10487,-0.183583,0.000261311,0,0,1
1595,3.88852,-13.9788,-1.4242,0.731549,1.05398,1.01882,0.982622,0.895762,0.307365,-5.30456e-05,0,0,1
1596,4.02421,14.2961,1.01592,1.42629,1.01383,1.02127,1.01458,0.846589,-0.200027,-0.00136476,0,0,1
1597,14.5192,51.5985,-0.540442,0.44471,0.999412,0.997174,0.996113,1.26527,0.0102025,-0.00152249,0,0,1
1598,4.46749,-15.9194,-1.48303,1.08974,0.976432,0.992861,1.01594,0.945293,0.255242,-3.10871e-05,0,0,1
1599,5.73031,20.5456,2.09429,1.04682,0.996125,0.986642,1.04359,0.636935,-0.241053,0.000634623,0,0,1
1600,16.9014,60.1339,0.621551,1.13018,1.02526,0.994028,1.07956,1.29677,-0.00891268,-0.00103518,0,0,1
1601,5.55525,-19.6748,-1.25835,0.6804,0.9737,0.995047,0.978441,1.01871,0.143275,0.000982893,0,0,1
1602,15.4936,-54.827,-0.807121,1.12849,0.98024,0.997044,0.99185,0.783045,0.0136313,0.000997906,0,0,1
1603,15.3218,54.5485,3.15262,1.13706,0.988344,1.00461,0.994572,0.82553,-0.055317,-0.000297551,0,0,1
1604,27.3344,-98.8483,-10.1612,1.05294,0.982812,1.00547,0.992007,1.39015,0.0672385,-0.000443715,0,0,1
1605,6.58609,-23.5219,-1.93313,0.887693,1.00002,1.00865,1.01773,0.420678,0.167602,6.95847e-05,0,0,1
1606,26.8528,-95.4443,2.91572,0.933544,0.99525,1.00239,0.998108,1.03774,-0.017262,0.00102198,0,0,1
1607,9.20644,32.985,2.78695,0.723952,0.990175,0.987998,1.03243,1.03025,-0.134637,0.000164463,0,0,1
1608,11.16,40.2881,4.326,1.01183,0.997583,1.00921,0.972416,1.29464,-0.154197,0.000889054,0,0,1
1609,6.50387,23.0796,1.5824,1.04963,0.974006,1.00998,1.01418,0.900654,-0.136084,-0.000547532,0,0,1
1610,4.71807,-16.7208,-1.15518,1.01749,0.989774,1.0143,0.978711,1.11166,0.173475,0.00104529,0,0,1
1611,11.5769,41.3321,1.76455,0.809929,1.0323,0.984566,1.04632,0.730846,-0.052932,-0.000859636,0,0,1
1612,5.444,19.318,1.00891,0.684896,0.995863,0.999555,1.01866,1.49544,-0.117346,-0.0015525,0,0,1
1613,252.209,980.962,-30.2061,1.07585,1.0219,0.993505,0.983384,0.978104,0.0465383,-0.000938687,0,0,1
1614,8.0533,-28.9562,-2.95177,0.911895,0.989672,0.989446,0.912604,1.0373,0.188715,-0.000770391,0,0,1
1615,23.519,-85.0912,7.75823,1.08829,1.02001,1.00583,1.01651,0.63627,-0.0653722,0.00200482,0,0,1
1616,2.22656,7.89524,0.791712,1.06069,0.999765,1.0086,0.940191,1.03853,-0.412978,-0.00170262,0,0,1
1617,2.261,-8.00341,-0.721829,1.24116,0.987489,0.997508,1.01287,0.89452,0.36588,0.0023652,0,0,1
1618,8.89167,-31.8221,-2.64869,1.07138,0.998467,0.983417,0.987373,1.54386,0.136662,-9.23641e-05,0,0,1
1619,26.8975,-95.6789,-1.94472,0.897305,1.02592,0.98704,1.03502,1.21203,0.0117432,0.000551753,0,0,1
1620,20.6292,-75.0482,-8.10115,1.12337,1.02336,1.0114,0.984908,0.841928,0.0933658,-0.000628291,0,0,1
1621,25.3266,-89.9078,-1.39526,0.927162,0.95842,1.0069,1.00484,1.32054,0.00903123,0.000569721,0,0,1
1622,171.5,-1024.19,-600.633,1.2764,0.992347,0.99769,1.02455,1.11942,-0.0867785,0.00162495,0,0,1
1623,23.4922,-83.3442,2.24231,1.18384,0.996331,1.0127,0.967595,1.4552,-0.01699,0.00110913,0,0,1
1624,64.9466,240.211,-28.9927,1.17816,1.01707,0.985046,0.999337,0.784862,0.0382193,-0.00100005,0,0,1
1625,8.04418,-28.5235,-0.209918,0.957349,1.00617,1.00711,1.00062,0.698861,0.0119407,0.00220396,0,0,1
1626,13.019,-46.5481,-4.18099,0.985255,0.960964,0.998511,1.03267,0.874743,0.106572,-0.000374458,0,0,1
1627,8.25297,-29.6339,-2.89729,1.20107,0.996966,0.981895,1.0379,1.04216,0.175569,-0.000568389,0,0,1
1628,12.6231,-45.4149,-4.41345,0.885513,1.00052,0.993084,1.0171,1.03964,0.123142,-0.000532324,0,0,1
1629,6.64978,23.5364,0.971098,0.491546,0.990763,1.00551,0.997239,1.00862,-0.0781935,-0.00153265,0,0,1
1630,4.76776,-17.094,-1.48342,0.921065,1.03861,0.994624,1.0117,1.06987,0.226355,0.000426232,0,0,1
1631,13.6829,-48.8047,2.15588,0.567758,1.00466,1.0078,1.02524,1.30388,-0.0466962,0.00223638,0,0,1
1632,13.0262,47.7886,6.03414,0.905167,1.0134,0.992505,0.958143,1.06017,-0.178017,0.00146498,0,0,1
1633,111.466,483.539,-134.247,0.921214,0.999249,1.0041,1.00088,0.760294,-0.176677,0.00278491,0,0,1
1634,2.47302,8.80374,0.978809,0.918774,0.996425,0.992072,1.03741,1.28853,-0.442904,-0.000489294,0,0,1
1635,28.7911,105.337,-11.5677,0.803195,1.01567,1.01292,0.9853,0.923588,0.0695782,-0.00192493,0,0,1
1636,9.24661,-32.8668,-2.21254,0.994192,0.97376,1.01902,0.965206,1.44519,0.100757,0.000271376,0,0,1
1637,105.622,378.843,-17.8185,0.937445,0.99971,1.00611,1.02064,0.837397,0.0068326,-0.000303098,0,0,1
1638,11.5058,41.4536,4.17998,1.25921,1.00041,0.997496,0.979007,1.08657,-0.138546,0.000650423,0,0,1
1639,17.6185,62.7771,2.17128,0.942477,1.00749,0.992911,0.977893,0.909251,-0.0291198,-0.000620638,0,0,1
1640,5.44586,-19.3443,-1.00596,0.941876,1.01957,1.00978,1.01797,0.95234,0.117472,0.00158691,0,0,1
1641,5.03241,17.8734,0.933395,0.833885,1.02024,1.0097,0.950992,1.25054,-0.124554,-0.00176556,0,0,1
1642,16.0162,59.0138,7.72757,0.998071,1.01206,1.00354,1.01386,0.993256,-0.161065,0.00147895,0,0,1
1643,5.58993,20.0247,1.8964,1.18549,1.02967,1.01396,1.01072,0.77769,-0.220747,0.000223612,0,0,1
1644,4.16315,-14.769,-0.676875,1.03129,1.02141,1.01238,0.972899,1.17925,0.124118,0.00257381,0,0,1
1645,3.79852,13.5162,1.13224,1.06377,0.993101,0.998712,1.00023,1.1215,-0.251108,-0.000838087,0,0,1
1646,12.412,-44.0679,-0.980423,1.00353,1.0189,1.02336,0.95911,0.958576,0.0250068,0.0011162,0,0,1
1647,12.5927,44.6112,-0.228317,1.0333,0.981573,1.00185,1.01531,0.968954,0.00558632,-0.001608,0,0,1
1648,3.00527,-10.6803,-1.00976,0.922115,0.977367,0.980146,1.01075,1.28428,0.333582,0.00086879,0,0,1
1649,8.00148,-28.3128,-1.12313,0.859059,0.99082,1.00933,1.00767,0.869717,0.0649458,0.00126064,0,0,1
1650,7.34575,26.0591,0.582119,1.07056,1.00878,1.01206,1.00739,0.891927,-0.0387722,-0.00195947,0,0,1
1651,3.70142,13.2284,1.16492,0.874756,1.0337,0.998168,0.962158,0.629197,-0.268671,-0.00089516,0,0,1
1652,5.92579,-21.0817,-1.82973,1.42787,0.961876,0.996834,0.985262,1.35888,0.192024,-9.54808e-05,0,0,1
1653,10.565,-37.5331,-0.0889073,1.24242,1.02634,0.988644,1.01334,1.2011,0.00313289,0.00186611,0,0,1
1654,3.90843,-13.904,-1.17867,0.9483,0.990795,1.00308,0.940753,1.17142,0.249146,0.000685266,0,0,1
1655,3.38046,-12.0116,-0.937439,1.27805,1.01025,0.992858,1.01141,1.0513,0.25024,0.00162631,0,0,1
1656,158.351,567.75,22.4546,0.955137,0.99339,1.0041,1.00727,0.95395,-0.00368107,-5.74837e-05,0,0,1
1657,16.1586,-57.4275,-2.05699,0.944669,1.00444,1.00923,0.966288,0.69355,0.0323513,0.000636367,0,0,1
1658,11.1474,-39.8878,-3.11596,0.771988,1.00064,0.998887,1.03412,0.918574,0.104847,-3.82885e-05,0,0,1
1659,13.5645,-50.5549,-7.32112,0.688543,0.957394,1.0071,1.02461,0.748717,0.26173,-0.00298762,0,0,1
1660,7.36222,26.2719,1.91774,0.757226,1.02062,1.00628,1.04291,0.980075,-0.134372,-0.000383124,0,0,1
1661,591.153,2367.93,-239.474,0.767008,1.0091,1.00765,1.02634,1.01864,-0.0274877,0.000422217,0,0,1
1662,9.6237,-35.1144,-4.25097,0.869774,1.02015,0.992946,1.02819,0.513172,0.210902,-0.00147165,0,0,1
1663,26.9856,-96.3932,-3.97633,0.732379,1.03319,0.987808,1.01803,1.11652,0.0241562,0.000340603,0,0,1
1664,57.7424,-205.295,-11.2376,1.01305,0.985208,1.019,1.02334,0.853126,0.0150264,6.50461e-05,0,0,1
1665,6.67361,-23.7173,-1.15925,1.37073,1.00298,0.992811,1.05292,0.495128,0.0952228,0.00132058,0,0,1
1666,16.8614,-60.0534,1.59402,0.998635,1.01846,0.996613,1.03884,1.37126,-0.0234244,0.00159206,0,0,1
1667,5.45346,19.443,1.50908,0.877285,0.999534,0.989209,1.04925,0.888108,-0.181835,-0.000524803,0,0,1
1668,10.0825,-36.372,-3.75359,0.827957,1.01474,1.00121,1.00758,1.29569,0.159326,-0.00074297,0,0,1
1669,14.4216,51.293,0.306675,1.0041,1.02488,1.02013,1.00926,1.16046,-0.00582529,-0.00124549,0,0,1
1670,7.66347,-27.2255,-1.40781,1.06069,0.995807,0.998861,1.05676,0.559914,0.0898053,0.000991802,0,0,1
1671,14.6507,-53.2773,-5.73206,1.19861,1.01681,0.987069,1.0171,1.00469,0.127046,-0.000775735,0,0,1
1672,8.15488,-28.8693,-1.14791,0.508773,0.964465,0.986595,1.01585,1.05856,0.064977,0.00122052,0,0,1
1673,5.2614,19.005,1.90536,1.18785,1.05481,0.987139,1.03706,1.16221,-0.249792,0.000270859,0,0,1
1674,99.2307,-354.145,19.0013,1.04392,1.01649,1.00317,1.03278,0.841398,-0.00905368,0.000358711,0,0,1
1675,8.95041,-31.7457,-1.87356,0.969557,0.976657,0.999143,1.01043,0.942338,0.0904176,0.000574476,0,0,1
1676,3.53274,-12.5763,-1.11706,1.34125,1.00959,0.991542,1.06134,1.21616,0.280744,0.000871564,0,0,1
1677,33.9007,-120.572,-1.94801,0.809662,1.00272,0.993765,1.00631,1.09197,0.00743736,0.000451236,0,0,1
1678,8.90422,31.6546,2.11293,1.30174,0.977023,1.01744,1.02781,0.804145,-0.10246,-0.000329814,0,0,1
1679,4.75585,16.8735,1.00886,0.858834,0.999544,1.01179,0.990449,1.2208,-0.148032,-0.00149551,0,0,1
1680,9.1989,32.9545,2.81838,1.0637,0.996562,0.985417,1.04859,1.15812,-0.136711,0.000176234,0,0,1
1681,19.2029,68.2287,-0.195741,1.09777,1.00334,1.00619,0.979196,1.27281,0.00213989,-0.00104534,0,0,1
1682,5.53131,19.7001,1.35756,0.801064,1.00043,0.994455,1.0383,0.778695,-0.157417,-0.000861086,0,0,1
1683,9.25471,33.3605,3.51618,1.12609,0.994433,1.00871,1.00077,0.957731,-0.175001,0.00089397,0,0,1
1684,18.7958,67.0414,-2.85882,0.976311,0.994212,0.998967,0.964915,1.06013,0.0335252,-0.00162087,0,0,1
1685,71.7262,269.568,37.4648,0.570725,1.00126,0.996021,0.988552,0.455589,-0.0579272,0.000688479,0,0,1
1686,11.0005,-39.7659,-4.44972,1.2262,0.980285,0.998156,1.08299,0.953786,0.167676,-0.00109229,0,0,1
1687,77.1617,-276.447,-20.7259,1.00473,0.975524,0.993719,1.03215,0.648245,0.0166171,-3.59568e-05,0,0,1
1688,6.44392,23.2497,2.21401,1.16518,1.04808,1.00126,0.988213,0.755387,-0.204091,0.000306272,0,0,1
1689,6.32704,-22.4827,-1.46787,1.11696,0.991296,1.00275,1.0439,0.745984,0.133022,0.000764257,0,0,1
1690,97.5359,-352.663,33.6451,1.07047,1.01444,1.01382,1.01071,0.659201,-0.01786,0.000518648,0,0,1
1691,4.76011,-16.8985,-0.903471,0.797895,1.02455,1.005,0.9902,0.808366,0.133253,0.00188416,0,0,1
1692,7.59431,27.7908,3.63213,0.918953,1.02432,0.996465,0.958972,0.919066,-0.279392,0.00205891,0,0,1
1693,9.14483,-33.6649,-4.57596,0.975588,1.0309,1.00349,1.02515,0.945546,0.261111,-0.00219874,0,0,1
1694,8.43385,-30.3952,-3.30462,0.702732,1.00371,1.00779,0.999255,1.06189,0.195963,-0.00102017,0,0,1
1695,8.93088,-31.7736,-1.51812,1.31251,1.00452,0.998511,0.973243,0.884902,0.0735023,0.00093041,0,0,1
1696,3.93456,-14.002,-1.17203,0.824167,0.988236,0.992554,0.95964,0.737345,0.246118,0.000759898,0,0,1
1697,2.32366,8.25516,0.850621,1.10637,1.00788,1.0051,0.979843,0.932081,-0.416555,-0.00138278,0,0,1
1698,7.63178,-27.21,-1.86601,1.18674,1.00198,0.99839,0.994545,1.18434,0.12294,0.000461035,0,0,1
1699,13.0606,-46.345,-2.01764,1.1143,0.985307,0.994212,0.983696,1.25042,0.0478502,0.000654866,0,0,1
1700,26.0277,93.7157,8.09605,0.857211,1.01189,0.997263,1.04832,0.834574,-0.0551167,0.00017953,0,0,1
1701,21.6943,-77.8769,-6.59893,1.26164,0.979461,0.997255,0.94915,0.996875,0.0640556,-0.00020933,0,0,1
1702,11.1011,39.4576,1.63098,1.2998,1.01697,1.02993,1.00515,1.28752,-0.0510712,-0.000833832,0,0,1
1703,6.14509,-21.845,-1.20875,1.26902,1.01288,0.993728,1.02194,1.22928,0.115535,0.0012581,0,0,1
1704,7.90169,-28.5526,-3.38725,0.941695,0.966903,1.00698,0.998583,1.00037,0.233482,-0.00157437,0,0,1
1705,15.7072,-58.1927,-7.94576,1.19674,1.02112,1.00701,1.01719,1.34526,0.178285,-0.00173325,0,0,1
1706,89.5081,-580.37,-349.883,0.944784,1.03103,1.02149,0.969064,1.23877,-0.132907,0.00239461,0,0,1
1707,4.22009,15.0518,1.37446,0.879659,0.991322,0.99416,0.954152,0.859182,-0.259683,-0.000208675,0,0,1
1708,18.1963,-64.4758,-0.700063,0.680271,0.972158,1.00349,1.07098,1.34405,0.00866315,0.000881769,0,0,1
1709,18.2382,-66.5782,-7.94268,1.09761,0.995776,0.995064,0.970935,0.738075,0.122134,-0.000987721,0,0,1
1710,13.383,47.4824,2.11533,1.09495,0.97543,0.99181,0.945715,1.06218,-0.0474971,-0.000614475,0,0,1
1711,245.413,1494.97,-907.396,1.32756,0.976444,1.00034,0.991188,0.854619,-0.0575708,0.000932889,0,0,1
1712,53.3158,-198.144,-25.5199,0.952041,1.04322,1.01063,1.02778,1.16151,0.0556305,-0.000557632,0,0,1
1713,6.3012,-22.4949,-1.79191,1.05206,0.998153,0.996994,0.994759,0.888516,0.168298,0.00023013,0,0,1
1714,46.092,164.409,1.07722,0.806777,1.00457,0.989961,0.988988,1.5336,-0.00214894,-0.000392314,0,0,1
1715,5.78848,-20.7383,-2.05229,1.01296,0.984244,1.00375,1.01004,1.17212,0.229459,-0.000595262,0,0,1
1716,11.4032,40.5298,0.382863,0.962582,1.01382,1.00979,1.04944,1.10847,-0.0113629,-0.00151028,0,0,1
1717,103.027,-367.573,-26.3894,1.04848,0.964831,0.994958,1.06495,1.21017,0.011763,-1.80031e-05,0,0,1
1718,3.01467,10.7288,1.04468,0.829874,1.01176,0.993817,0.982347,0.75145,-0.340584,-0.000841562,0,0,1
1719,7.47769,26.7186,2.0682,0.796071,0.993079,0.992303,1.03538,0.817158,-0.142833,-0.00017642,0,0,1
1720,4.68116,-16.7293,-1.62583,0.539398,1.01091,1.00581,1.00486,1.423,0.259488,-0.000221331,0,0,1
1721,67.3399,254.039,34.6332,1.06875,1.01607,1.01185,0.968089,0.864166,-0.0711583,0.000887474,0,0,1
1722,14.662,54.1232,7.29475,1.33129,0.997617,0.988369,0.973113,1.11469,-0.185277,0.00175942,0,0,1
1723,10.5124,37.4745,2.12741,1.23847,1.02192,0.995606,0.99702,1.16082,-0.0768988,-0.000584424,0,0,1
1724,4.23556,-15.076,-1.27424,1.33131,0.990507,1.00607,0.97538,1.12022,0.235199,0.000519843,0,0,1
1725,7.23234,25.6365,1.19387,0.482762,0.988295,1.00072,1.03561,1.00855,-0.0832011,-0.00122546,0,0,1
1726,10.6184,-37.7874,-1.75305,1.09273,1.02137,0.994734,1.01364,0.947445,0.0620472,0.000818519,0,0,1
1727,7.79628,27.6332,1.46421,1.02259,0.984547,1.01554,0.998727,0.784727,-0.0890409,-0.000876237,0,0,1
1728,12.7212,45.3001,1.75693,1.04844,1.0156,1.00554,1.01488,0.705495,-0.0435225,-0.00079218,0,0,1
1729,9.01872,32.3661,2.94751,1.293,0.992183,0.995461,0.936368,1.05574,-0.149138,0.000379888,0,0,1
1730,22.5848,-81.7174,-8.51475,0.874566,1.021,1.02683,1.01114,0.884754,0.0799352,-0.000504367,0,0,1
1731,9.39651,-33.3264,-1.67714,1.02332,0.970811,1.00595,0.995369,0.650028,0.0731658,0.000733578,0,0,1
1732,111.247,-451.059,-115.138,1.08733,1.02052,0.999417,0.972516,1.18846,-0.091529,0.00167458,0,0,1
1733,8.70468,-30.9647,-1.49061,1.22899,1.02489,1.00824,0.975556,0.870444,0.0754947,0.000970311,0,0,1
1734,10.8537,-39.0681,-3.9252,0.734386,0.981963,0.984981,0.990043,1.25168,0.147012,-0.000694282,0,0,1
1735,861.965,3854.66,207.853,0.894449,1.0025,1.00222,0.968677,0.981212,-0.0469851,0.000788634,0,0,1
1736,69.8154,-263.976,-34.9608,1.09917,1.03549,1.00626,0.985373,1.02814,0.0781379,-0.00100289,0,0,1
1737,39.4475,-140.308,-2.79987,1.23908,1.02578,0.997992,1.00088,1.23909,0.00800342,0.000368637,0,0,1
1738,38.7715,-138.831,-10.3964,1.07686,0.978283,0.997169,0.946237,0.979382,0.0320027,-5.40818e-05,0,0,1
1739,6.46914,-23.093,-1.9094,0.997314,0.99227,1.00652,0.987414,0.796382,0.170562,5.66474e-05,0,0,1
1740,12.5453,-44.5713,-0.378971,0.926904,1.01245,1.00309,1.01637,0.976129,0.00960074,0.00139781,0,0,1
1741,80.2665,-303.263,-40.1488,0.996759,0.999945,0.977958,0.997921,0.684929,0.067757,-0.000868651,0,0,1
1742,48.1166,-184.095,-11.3191,0.798066,0.998359,0.997362,0.991017,0.645556,0.208946,-0.00302601,0,0,1
1743,11.6226,41.3504,-0.423524,1.05218,1.0265,1.00061,1.01162,0.986641,0.0122886,-0.00193262,0,0,1
1744,4.36479,-15.445,-1.0678,1.10321,0.977953,1.00337,1.01714,1.12256,0.18421,0.00119874,0,0,1
1745,13.8333,49.8018,4.79817,1.23897,0.972452,0.990653,0.974258,0.905024,-0.112045,0.000516347,0,0,1
1746,69.1708,250.915,-26.6575,0.957906,0.945462,1.0088,1.00723,0.989262,0.0275698,-0.000757926,0,0,1
1747,8.3862,-29.9208,-2.08308,0.706744,1.00723,1.01566,0.984689,0.99893,0.114656,0.00032998,0,0,1
1748,9.0771,32.5314,2.84794,0.793627,0.984416,0.995504,0.973655,1.35601,-0.140876,0.00027295,0,0,1
1749,3.07655,10.9149,0.801838,1.25481,1.01553,1.00198,0.983564,0.623855,-0.247125,-0.00221784,0,0,1
1750,5.31278,-18.8423,-0.747473,0.643209,1.00061,0.993125,1.00716,1.01066,0.0907498,0.00214261,0,0,1
1751,20.2091,-71.9161,1.42056,1.00521,1.02039,0.986921,0.991525,1.31189,-0.0148466,0.0012603,0,0,1
1752,203.86,-723.331,25.3869,1.14741,0.996645,1.00038,1.00354,1.08325,-0.00291358,0.000146255,0,0,1
1753,6.70678,23.8653,1.92321,0.980259,0.978706,1.01016,1.02765,1.15199,-0.158936,-9.21479e-05,0,0,1
1754,6.43003,22.7993,1.40317,0.868679,0.986803,1.00972,1.02664,1.12455,-0.121891,-0.000860838,0,0,1
1755,32.0461,-114.144,-5.20096,1.04545,0.989966,0.992437,0.984623,0.870084,0.0223618,0.000221888,0,0,1
1756,6.2293,-22.2318,-1.7852,0.708601,0.999508,1.00271,0.959862,0.632641,0.170712,0.000206397,0,0,1
1757,14.4657,-51.3045,-1.23631,1.15815,0.966379,1.00559,1.05708,0.725314,0.0236179,0.000877558,0,0,1
1758,6.89498,24.5491,1.47234,1.06035,1.02663,0.99857,1.03796,1.13172,-0.114325,-0.00094749,0,0,1
1759,5.02516,17.9529,1.76757,1.16584,0.975826,0.997336,0.976837,1.17669,-0.250865,0.000455774,0,0,1
1760,97.0454,-347.274,-23.5339,1.02806,1.00751,1.00398,0.974727,1.01541,0.0119386,-3.48091e-06,0,0,1
1761,3.12473,11.0678,0.9795,0.787253,0.971164,1.00751,0.967266,1.32683,-0.298752,-0.000922773,0,0,1
1762,9.99093,-35.5762,-1.91281,1.08595,1.02947,1.00279,0.983754,1.20375,0.0758224,0.000697178,0,0,1
1763,6.14525,21.9235,1.32889,0.856344,1.03717,0.996484,1.00482,1.03427,-0.12653,-0.00113641,0,0,1
1764,9.57196,33.8759,0.210226,0.867174,0.982021,0.995122,0.954756,1.06559,-0.0086228,-0.00185749,0,0,1
1765,13.2161,-47.1273,-2.77416,1.12181,1.00268,1.00803,0.972667,0.78094,0.0654112,0.000338798,0,0,1
1766,82.2341,-296.268,-26.9948,1.06701,1.00939,1.01136,0.979358,0.576036,0.0198382,-0.000102024,0,0,1
1767,5.80202,20.632,1.16469,0.918633,1.03041,1.01227,1.03412,1.42014,-0.121537,-0.00132139,0,0,1
1768,22.4588,79.6499,0.647989,1.21034,0.990595,1.00241,1.01735,1.02334,-0.0052311,-0.00076359,0,0,1
1769,9.47638,33.6385,1.6201,0.785355,0.961742,0.998446,1.0435,0.894544,-0.069227,-0.000784059,0,0,1
1770,9.98487,-36.6489,-4.83165,0.90592,1.01888,0.996679,1.03106,1.10915,0.234818,-0.00194889,0,0,1
1771,11.6005,41.4324,2.38374,1.22602,1.03348,0.99832,1.06053,0.595118,-0.071689,-0.000507964,0,0,1
1772,5.08541,18.0323,1.08947,1.14644,1.001,1.02041,1.02213,1.00371,-0.141909,-0.00130137,0,0,1
1773,43.1603,159.772,20.6707,0.830481,0.993361,1.00219,1.02666,1.27546,-0.0668376,0.000673644,0,0,1
1774,4.24129,15.1629,1.5061,0.916615,1.02122,1.00629,1.03866,0.657838,-0.282001,0.000122495,0,0,1
1775,129.192,-461.652,-28.2369,0.759315,1.02295,0.999982,0.97994,1.06096,0.00808865,1.52053e-05,0,0,1
1776,9.99427,36.2635,4.38572,0.881091,0.967381,1.00576,1.02889,1.04666,-0.202165,0.00153339,0,0,1
1777,6.51072,-23.2963,-2.11034,1.09708,0.999284,0.996813,0.961714,1.09304,0.19081,-0.000239024,0,0,1
1778,6.08107,21.5503,-0.18328,0.826221,1.00384,1.0105,1.0228,1.15771,0.0170107,-0.00346483,0,0,1
1779,13.6294,-48.3113,-1.25331,1.19013,0.976146,1.01468,1.02479,1.43304,0.0267304,0.000900866,0,0,1
1780,27.8366,98.8739,3.08569,0.988386,0.970103,0.975079,0.989867,1.03432,-0.0168931,-0.000408386,0,0,1
1781,5.08054,-18.0612,-1.26938,0.987208,0.990985,0.995369,0.978772,1.02689,0.170467,0.000914106,0,0,1
1782,2.82089,9.97718,0.847144,0.855056,0.964513,1.01055,0.999796,0.810584,-0.30396,-0.00140665,0,0,1
1783,59.6683,227.598,23.5242,0.833501,0.995736,1.00481,0.98398,1.1753,-0.126161,0.0017504,0,0,1
1784,5.25185,18.6511,1.49074,1.01215,0.956629,0.97659,0.923207,0.944263,-0.191906,-0.000388953,0,0,1
1785,6.22141,-22.3578,-2.07981,0.889421,1.02613,0.992396,1.01674,1.25232,0.203707,-0.000215251,0,0,1
1786,260.844,-1015.49,20.8478,0.810686,1.01533,1.00356,0.995156,0.981864,0.0514529,-0.000772955,0,0,1
1787,35.7094,-128.05,-9.71395,0.641921,1.00238,0.98366,0.982964,0.986229,0.035906,-5.49358e-05,0,0,1
1788,4.98583,-17.8586,-1.82451,1.20945,0.98188,0.993622,0.970908,0.750771,0.266372,-0.000640072,0,0,1
1789,10.3446,-37.6742,-4.36667,0.740405,1.03189,1.01133,0.975086,0.961567,0.18526,-0.00121437,0,0,1
1790,373.707,-1995.76,1377.42,1.24556,1.04836,1.01121,0.989522,1.21088,0.125728,-0.00211699,0,0,1
1791,24.8959,-88.612,-4.8042,0.782494,0.973067,0.980279,1.0118,1.0703,0.0340398,0.000195637,0,0,1
1792,6.75551,-24.1901,-2.49346,1.0336,0.963527,0.996776,0.996599,1.31567,0.215051,-0.000854278,0,0,1
1793,42.4865,151.552,2.73669,0.997653,1.00798,0.994012,1.06026,1.00833,-0.00648249,-0.000352707,0,0,1
1794,73.3119,279.852,26.7472,0.735323,0.980542,1.00406,1.04452,1.18595,-0.106278,0.00148783,0,0,1
1795,21.2986,-76.225,-2.06678,1.03855,1.06211,1.00336,0.9614,0.702446,0.019622,0.00062591,0,0,1
1796,14.5968,-51.8055,-2.09518,0.53604,0.97636,0.978716,1.00729,0.780513,0.0405862,0.000639123,0,0,1
1797,522.945,-2475.49,-1007.09,0.854057,1.01974,1.00709,0.9538,0.88828,-0.0378225,0.000716697,0,0,1
1798,21.4054,77.8524,8.42874,0.746276,1.0023,0.988105,0.997267,0.948373,-0.0904727,0.000604483,0,0,1
1799,83.6646,313.578,42.2979,1.06043,1.01331,1.0049,1.05572,1.26785,-0.0405749,0.000443739,0,0,1
1800,36.5558,-132.152,-13.1352,1.14228,1.01563,1.01695,1.00389,1.18186,0.0482945,-0.000290335,0,0,1
1801,11.3342,-40.7083,-3.74642,1.01358,0.991975,0.990307,1.00566,1.12342,0.126397,-0.00042186,0,0,1
1802,4.71517,16.7844,1.33361,1.18118,0.989431,0.998418,1.04215,1.00043,-0.204818,-0.000609888,0,0,1
1803,19.0208,70.5818,9.7282,0.96421,0.981457,1.00289,1.00892,1.03208,-0.163865,0.00173557,0,0,1
1804,23.9441,89.6896,12.6229,1.22776,0.999632,1.00364,1.00753,1.17302,-0.145761,0.00162107,0,0,1
1805,85.1103,324.874,33.2968,0.944682,0.980201,1.00708,1.00227,0.582396,-0.0859087,0.00119092,0,0,1
1806,8.39931,29.9582,2.10749,0.95972,0.993831,1.0028,0.980034,0.751104,-0.115782,-0.000315988,0,0,1
1807,3.51018,12.4185,0.565763,0.986537,0.99469,0.994036,1.03641,1.31441,-0.138147,-0.00320123,0,0,1
1808,6.91285,24.9085,2.77166,0.848402,1.00231,0.99758,0.948872,1.42884,-0.234212,0.00112469,0,0,1
1809,27.6027,100.451,-10.5779,0.686408,1.01035,1.0184,1.0191,1.09677,0.0672515,-0.00190172,0,0,1
1810,65.9358,-248.944,33.2639,1.17607,0.956965,1.00825,0.99675,0.894443,-0.064548,0.00145973,0,0,1
1811,1092.56,-6226.77,3804.24,1.10792,0.967767,1.00057,0.963479,1.07393,0.00960016,-0.000166791,0,0,1
1812,9.99263,-35.8308,-3.18901,0.956341,1.00266,1.00509,1.03961,0.843474,0.133465,-0.00032902,0,0,1
1813,6.04515,-21.556,-1.59511,1.03378,1.0319,1.0086,1.01509,0.854569,0.15821,0.000588189,0,0,1
1814,6.35611,22.564,1.52861,1.28825,0.97083,1.01093,0.999046,1.49918,-0.136743,-0.000587984,0,0,1
1815,26.6996,98.5372,12.6681,0.784606,1.00959,1.01694,1.039,0.654839,-0.100709,0.000970047,0,0,1
1816,4.04109,14.3469,1.28867,1.21688,0.981138,1.01963,1.03347,0.821122,-0.257195,-0.000239505,0,0,1
1817,101.561,364.117,14.3827,0.765543,1.03012,0.995758,0.986901,0.619772,-0.00602144,-9.42799e-05,0,0,1
1818,7.80025,28.0802,2.97266,0.76845,1.00442,1.01167,1.00115,0.979925,-0.200032,0.000916277,0,0,1
1819,17.7306,63.3263,4.84452,1.11899,0.956896,0.998012,0.977074,0.988952,-0.0665239,8.49481e-05,0,0,1
1820,39.2185,139.467,-4.50824,0.902627,0.979625,0.998627,1.02165,0.904069,0.0123669,-0.000703651,0,0,1
1821,72.3497,-272.147,36.7627,1.2373,0.984156,1.0069,1.00173,1.12166,-0.0520644,0.00121151,0,0,1
1822,5.75941,-20.5517,-1.65875,0.929973,1.00222,0.988814,0.97133,0.925024,0.183049,0.000323421,0,0,1
1823,14.4893,51.5814,1.44168,1.13042,1.0131,0.99644,1.00525,1.10346,-0.027891,-0.000885036,0,0,1
1824,4.07411,-14.4432,-1.18093,1.11317,0.975732,1.00023,0.988816,1.17561,0.232062,0.000715645,0,0,1
1825,8.5825,-30.6757,-2.56496,0.746009,0.991464,1.01148,1.01815,0.667832,0.138304,-0.000140765,0,0,1
1826,32.1022,-120.278,-16.9273,0.98508,1.00912,1.00772,0.979758,0.645342,0.128693,-0.00152886,0,0,1
1827,39.1546,-140.338,10.0426,1.29576,0.995529,1.01986,0.941089,1.10868,-0.0296719,0.0010093,0,0,1
1828,5.07014,18.1319,1.74189,1.02108,0.997272,0.989923,1.02999,1.214,-0.244143,0.000254828,0,0,1
1829,74.5803,284.342,32.9655,0.927308,0.979705,0.991952,0.969214,0.901599,-0.0886343,0.00120055,0,0,1
1830,7.89197,28.4081,2.98115,1.26103,1.00594,1.0068,1.00208,0.811989,-0.196044,0.000859705,0,0,1
1831,177.581,-869.679,409.788,1.09077,0.964862,0.97958,1.01515,1.21865,0.0648366,-0.00109749,0,0,1
1832,146.511,-1314.56,-443.062,0.922224,0.951062,1.01377,1.02028,0.720717,-0.0702866,0.00124091,0,0,1
1833,16.5403,-59.0239,-3.40327,0.599846,1.00056,0.995988,1.01951,1.0517,0.0531276,0.000272062,0,0,1
1834,6.35472,22.8078,2.33446,1.18382,0.987841,0.981191,1.02338,1.07317,-0.226158,0.000724738,0,0,1
1835,11.8881,-42.3108,0.856188,1.38166,1.00755,0.992657,1.03087,0.733676,-0.0241694,0.00208898,0,0,1
1836,29.2963,-104.093,-2.15511,1.16368,0.995978,0.994179,0.969777,1.19054,0.0108553,0.000478393,0,0,1
1837,7.43688,-26.3794,-1.06692,1.27076,0.99327,0.99358,1.03879,0.779858,0.0713201,0.00139488,0,0,1
1838,31.6964,-112.991,3.76985,0.860784,1.01134,0.995422,1.02985,0.889779,-0.0165553,0.000916044,0,0,1
1839,21.3336,-75.9461,-2.73428,0.691383,1.01502,1.01267,1.00007,0.891093,0.0254497,0.000471152,0,0,1
1840,12.034,-42.7352,-0.0152718,0.891824,1.00721,1.00224,0.995291,0.992982,0.000419018,0.00161683,0,0,1
1841,3.33817,11.9978,1.33697,0.887935,1.03433,0.999279,0.967264,0.688029,-0.375687,0.000295018,0,0,1
1842,4.96254,17.7411,1.69996,0.876441,0.990524,1.01192,0.99614,0.718409,-0.243805,0.000309482,0,0,1
1843,8.7844,-31.3707,-2.30326,1.21714,1.00418,0.994504,1.07,1.03596,0.118999,0.000210188,0,0,1
1844,5.82675,-20.8616,-2.00215,0.86877,1.00514,1.00963,0.948505,1.0425,0.220307,-0.000418473,0,0,1
1845,33.0292,120.504,-11.4495,1.05745,1.04326,0.996509,0.942459,1.14356,0.0509127,-0.00152706,0,0,1
1846,66.2742,-239.294,-22.9159,0.818068,0.977603,0.992846,0.962391,1.13926,0.0265692,-0.000161036,0,0,1
1847,193.888,-853.679,261.602,1.29086,0.992707,1.003,1.00045,0.954114,0.101106,-0.00159802,0,0,1
1848,6.13954,-21.8319,-1.15048,0.658737,1.00489,0.993394,0.989005,0.746824,0.109741,0.00133301,0,0,1
1849,2.85071,-10.1745,-1.17266,1.13737,0.989901,1.00551,0.96607,0.707822,0.428966,-0.000499397,0,0,1
1850,175.345,804.681,-292.666,0.637954,0.976543,0.998916,0.983114,0.81938,-0.11196,0.00177949,0,0,1
1851,13.4837,-48.5309,-3.99134,0.628821,1.02662,0.990565,0.994367,1.15472,0.0956967,-0.000131089,0,0,1
1852,2.87837,10.2605,1.08543,0.822005,1.01014,1.01588,0.993093,0.915856,-0.383161,-0.000233968,0,0,1
1853,25.4813,-95.4635,-13.3949,0.570342,0.992086,1.0017,1.01878,1.67186,0.143356,-0.00163085,0,0,1
1854,32.7143,122.757,17.0852,0.877356,0.999272,1.00998,0.978498,0.798734,-0.111838,0.00127579,0,0,1
1855,108.31,391.461,-32.1295,0.888933,0.998765,1.00187,0.98342,0.760153,0.0126811,-0.000405011,0,0,1
1856,7.90882,28.1384,1.29857,1.09515,1.01529,0.991624,0.997826,1.25933,-0.0783292,-0.00118092,0,0,1
1857,10.8395,38.9051,3.22471,0.743607,1.02228,0.997024,0.962167,1.05069,-0.11416,0.000102734,0,0,1
1858,16.8093,-60.0083,-3.73644,1.06762,0.995573,0.999885,0.997213,1.05659,0.056557,0.000183373,0,0,1
1859,6.55481,-23.3695,-2.16433,1.0647,0.961229,0.993344,0.954067,1.44674,0.19266,-0.000393325,0,0,1
1860,16.6741,60.5735,6.28181,1.22472,1.0118,0.983943,0.996708,1.20114,-0.107045,0.000607238,0,0,1
1861,24.2978,87.4327,-5.67067,0.633843,1.03094,0.994178,0.97877,1.18598,0.0423767,-0.00158297,0,0,1
1862,4.6054,-16.4172,-1.36348,1.12749,1.02088,1.01418,0.986936,0.862239,0.218125,0.000528124,0,0,1
1863,7.88879,28.25,2.46568,0.765872,1.01861,1.00654,0.988098,1.13567,-0.155972,0.000160948,0,0,1
1864,10.0815,-36.1053,-2.07996,1.22718,1.03391,0.978805,0.985505,1.12063,0.0829377,0.000630726,0,0,1
1865,11.8002,-42.5547,-4.43088,1.06718,0.984497,1.00524,1.02592,0.863431,0.142486,-0.000799133,0,0,1
1866,13.6822,-51.0076,-7.40704,0.996542,0.994968,0.997929,1.01548,0.87043,0.237698,-0.00254381,0,0,1
1867,5.32108,18.9701,1.7756,0.692093,0.973554,1.00174,0.988534,0.71055,-0.225624,0.000276003,0,0,1
1868,6.24851,-22.2194,-1.50159,1.248,0.998276,1.01196,1.0358,1.16613,0.138958,0.000686633,0,0,1
1869,716.805,-2792.83,-182.951,0.990347,1.02393,1.01496,1.02447,0.853802,-0.020767,0.000408665,0,0,1
1870,4.32507,-15.4288,-1.34207,0.603792,1.022,0.9999,0.969447,1.1343,0.240008,0.000527073,0,0,1
1871,17.6112,-63.2667,4.90102,0.889577,0.989303,1.00964,0.938464,0.714304,-0.0686369,0.0022993,0,0,1
1872,17.1022,60.7307,0.225138,1.21546,0.961145,0.99831,0.941441,1.07084,-0.00305567,-0.00103912,0,0,1
1873,24.9836,89.3131,5.11668,0.904602,1.02084,1.00467,1.00317,1.24702,-0.0356628,-0.000177914,0,0,1
1874,45.1851,-163.458,-16.7902,0.724477,1.00715,1.02299,0.981135,0.955598,0.0413328,-0.000279165,0,0,1
1875,4.09956,14.58,1.37601,1.18259,0.970179,1.00557,0.978893,0.841971,-0.271386,3.15652e-05,0,0,1
1876,5.83247,-20.8468,-1.86767,1.18886,0.984116,0.993985,0.967996,0.998067,0.203552,-0.000146517,0,0,1
1877,8.0931,28.7607,1.84133,0.916786,0.983432,1.00034,0.923234,1.17689,-0.106772,-0.000535423,0,0,1
1878,118.482,435.417,-52.4874,1.18528,0.982581,1.00703,1.00568,0.929324,0.0201965,-0.00052455,0,0,1
1879,23.1445,82.9291,-5.5042,0.681831,0.978499,0.990404,1.02077,1.28078,0.0446739,-0.00162501,0,0,1
1880,4.53196,-16.1636,-1.38607,1.05395,1.00081,0.993961,1.05703,0.958371,0.231147,0.000409002,0,0,1
1881,12.5267,-44.6558,-2.56542,1.03651,1.02599,1.01075,0.989983,1.01294,0.0670565,0.000421533,0,0,1
1882,10.4016,-38.0072,-4.78808,1.11432,0.999271,0.993305,0.953542,1.08667,0.211625,-0.00167164,0,0,1
1883,4.58432,16.2791,0.910655,0.817597,1.02156,0.989478,0.967786,1.35052,-0.143706,-0.00194523,0,0,1
1884,9.80887,34.7706,1.2952,1.16361,0.989746,1.00062,0.956502,0.93759,-0.0514482,-0.00107417,0,0,1
1885,11.9032,-42.398,1.2721,1.01,1.00241,0.992398,1.04169,1.00931,-0.0358753,0.00228522,0,0,1
1886,7.33077,25.9284,0.498831,1.10975,0.977432,0.995368,0.962844,1.28604,-0.033502,-0.00202793,0,0,1
1887,16.7379,-59.6179,3.00279,1.3003,1.00269,1.02486,1.0059,0.566865,-0.0439552,0.00190309,0,0,1
1888,29.7435,107.766,11.3117,0.706479,0.99298,1.00643,0.988521,1.3312,-0.0629565,0.000421462,0,0,1
1889,8.20994,-29.1588,-0.833609,0.838707,1.02886,1.00708,1.00949,0.8667,0.0463727,0.0016169,0,0,1
1890,6.75936,23.9434,1.1376,0.753283,0.984224,0.99839,1.01119,1.05489,-0.0896656,-0.00129792,0,0,1
1891,50.4305,-183.059,-17.8178,0.902522,1.02471,1.00525,1.06337,0.778159,0.0354787,-0.000209559,0,0,1
1892,4.41963,-15.7624,-1.40002,0.898734,1.00652,1.00078,1.00542,1.11663,0.243668,0.000296189,0,0,1
1893,118.728,675.579,373.188,0.661603,1.04435,1.00233,1.01392,1.05196,0.103055,-0.00185513,0,0,1
1894,6.94052,-24.7812,-2.41115,0.978668,0.961811,1.00189,1.02605,1.41051,0.19533,-0.000624367,0,0,1
1895,192.685,1047.85,-47.2599,0.839581,1.01506,1.01959,0.940631,0.598049,0.054584,-0.00099394,0,0,1
1896,3.03724,10.8294,1.28821,0.904118,0.955746,0.986826,0.994115,0.905231,-0.431708,0.00102593,0,0,1
1897,32.3477,-116.118,8.29584,0.887857,1.01916,1.0013,1.02007,1.13958,-0.0363873,0.00125871,0,0,1
1898,14.3735,-52.0382,-5.30928,0.773393,1.02191,1.00416,1.08458,1.23511,0.11774,-0.000619552,0,0,1
1899,3.8536,-13.7551,-0.968122,0.873053,1.04634,0.998299,1.03171,0.925415,0.205817,0.0017939,0,0,1
1900,6.72813,23.893,1.74365,0.79622,0.972001,1.00555,1.01139,0.898203,-0.142267,-0.000359795,0,0,1
1901,12.1051,43.3322,3.25208,1.01189,1.01235,0.985802,0.95956,1.0538,-0.0932377,-6.68502e-05,0,0,1
1902,20.913,76.8024,9.05577,1.09983,1.04225,1.00015,1.00366,1.03387,-0.10498,0.000803314,0,0,1
1903,13.5905,-48.439,-2.77482,0.862236,0.995588,0.998351,1.03496,0.814545,0.0622787,0.000360145,0,0,1
1904,143.417,-561.765,18.521,0.968671,0.988511,0.985631,1.02527,0.928839,0.0966271,-0.00145748,0,0,1
1905,4.52061,-16.2179,-1.56583,1.03134,1.02193,0.983317,1.05035,1.11181,0.265744,-9.88443e-07,0,0,1
1906,3.55642,-12.6586,-1.08329,1.10664,1.02002,1.00418,1.02998,1.20598,0.266745,0.00102882,0,0,1
1907,10.2538,36.7037,2.89844,0.92644,0.994339,0.981752,1.02077,0.951536,-0.114257,1.39947e-05,0,0,1
1908,7.34234,26.185,0.495967,1.06382,1.05137,0.996939,1.00711,1.11437,-0.0335766,-0.00221786,0,0,1
1909,11.7264,42.7662,5.13209,1.18898,1.00071,0.989512,1.03486,1.2203,-0.17727,0.00130266,0,0,1
1910,4.09982,14.6691,1.4034,1.04257,1.02036,0.988607,0.977592,0.93678,-0.27803,-0.000212754,0,0,1
1911,5.85958,21.0369,1.64486,1.05352,1.04463,0.9875,1.02995,1.0259,-0.17521,-0.000541836,0,0,1
1912,5.0561,17.9874,1.21122,1.36816,1.01948,1.00507,0.928256,1.27898,-0.162819,-0.00112223,0,0,1
1913,5.06703,18.3602,2.17691,0.905939,1.02194,0.987759,1.00416,0.908367,-0.318906,0.00138668,0,0,1
1914,141.931,533.855,74.1477,0.944367,1.03237,0.997236,0.928272,1.04646,-0.0269556,0.000306401,0,0,1
1915,3.01143,-10.752,-1.11687,1.24821,1.02287,0.997764,1.01763,0.709307,0.365596,0.000468087,0,0,1
1916,43.3897,163.155,22.547,1.22396,0.973025,0.98055,0.956252,0.559847,-0.0932134,0.00110099,0,0,1
1917,5.71108,-20.7428,-2.51414,1.03958,1.0345,0.994691,1.01518,1.32548,0.303115,-0.00155912,0,0,1
1918,5.28861,-18.9452,-1.7864,1.09071,1.00492,0.972173,1.03015,1.2278,0.233105,-0.000113465,0,0,1
1919,6.9229,24.805,2.30648,1.09303,0.984347,0.998521,0.984503,0.794913,-0.186761,0.000397831,0,0,1
1920,7.0199,24.9253,1.37041,1.44335,0.990233,1.00052,1.01529,1.20473,-0.101703,-0.000998526,0,0,1
1921,5.62877,-20.0669,-1.65276,1.11048,0.99304,1.0081,0.982564,0.967056,0.187747,0.00020313,0,0,1
1922,10.6762,-38.0618,-2.23998,0.98221,0.996143,0.988452,0.979127,0.801233,0.0796567,0.000478874,0,0,1
1923,149.068,587.857,-21.648,1.01934,0.965874,1.00027,0.938825,0.873099,-0.0894985,0.00135133,0,0,1
1924,3.69732,-13.1287,-0.980621,1.03354,0.993938,0.992072,1.03451,0.773908,0.226179,0.0014469,0,0,1
1925,10.8617,39.1993,4.19274,0.975129,0.991041,0.994307,0.986044,1.01576,-0.157782,0.000879596,0,0,1
1926,20.6745,-73.5857,-2.60918,1.25715,1.00488,0.99855,1.01914,0.817784,0.0259851,0.000499106,0,0,1
1927,10.4523,-37.4472,-3.02941,0.94215,1.02213,0.998176,1.01725,0.798924,0.114771,-4.85254e-05,0,0,1
1928,3.81888,-13.6335,-1.36544,0.898713,1.00175,1.01526,1.00465,0.983182,0.305819,-0.000164702,0,0,1
1929,15.3548,54.8666,3.52285,0.768094,0.982713,0.980738,1.01617,0.914006,-0.0635698,-0.000189024,0,0,1
1930,10.1027,-36.1291,-2.83526,0.780826,1.00896,0.995144,0.965899,0.982437,0.114427,5.48853e-06,0,0,1
1931,4.45569,15.7924,1.06112,1.15853,0.98994,1.00647,1.01859,0.889002,-0.175627,-0.00129172,0,0,1
1932,6.90444,-24.5344,-1.17722,0.956262,1.0081,1.00614,0.976615,1.32292,0.0901754,0.00127119,0,0,1
1933,15.6246,-55.4174,-0.629781,0.904025,0.992053,0.991538,1.00381,0.707808,0.0105348,0.00106617,0,0,1
1934,3.79757,13.5116,1.1014,1.03589,0.993103,0.994534,0.988164,0.933802,-0.244191,-0.000982825,0,0,1
1935,99.1486,366.001,44.8573,0.997973,0.991403,0.99714,1.0013,1.3215,-0.025945,0.000241081,0,0,1
1936,3.21912,11.4865,1.19421,1.02227,1.00297,0.992008,0.987238,0.972158,-0.354788,-0.00014363,0,0,1
1937,5.10254,-18.3134,-1.96431,0.692926,0.984386,0.986221,1.00262,0.885614,0.279627,-0.0009003,0,0,1
1938,18.4813,66.205,4.81594,1.18079,1.01647,1.00753,1.0329,0.835634,-0.0613637,-1.08342e-05,0,0,1
1939,4.14489,-14.7057,-0.764888,1.05029,1.00412,0.989301,0.998468,0.734283,0.143357,0.00233431,0,0,1
1940,4.05155,-14.4386,-1.2773,1.10124,1.00742,1.00145,0.998709,0.86595,0.256506,0.000482615,0,0,1
1941,5.79365,-20.5761,-1.61282,1.14382,0.977618,1.02006,1.0005,1.01112,0.171966,0.00026455,0,0,1
1942,4.54891,16.3074,1.78057,0.920269,0.97769,0.987253,1.02974,1.16631,-0.307607,0.000935785,0,0,1
1943,4.64667,-16.5456,-1.2884,0.867762,1.01103,0.993046,1.01617,0.831252,0.203604,0.000811972,0,0,1
1944,5.96436,-21.1775,-1.62635,1.18977,0.980501,1.01284,1.00439,1.14214,0.164727,0.000335463,0,0,1
1945,15.4123,-55.1566,-3.96937,1.19785,1.01684,0.989061,0.969463,0.613502,0.0725086,6.35445e-05,0,0,1
1946,9.85918,-35.9251,-4.36507,1.20904,1.01061,1.00275,1.0059,0.722557,0.206466,-0.00148943,0,0,1
1947,158.858,1426.41,523.36,1.29567,1.00893,1.00653,0.993579,0.976003,0.0699587,-0.00122945,0,0,1
1948,9.90105,35.4154,2.75093,0.898852,1.01254,0.994433,1.03006,1.03556,-0.114326,-5.5399e-05,0,0,1
1949,5.33997,18.9931,1.14149,0.95334,1.0306,1.00155,1.03526,1.10943,-0.138317,-0.00138518,0,0,1
1950,5.6536,20.179,1.89507,1.13601,0.974213,1.00221,0.956501,0.871651,-0.216988,0.000339677,0,0,1
1951,121.868,1263.67,391.986,1.38456,1.02867,1.00026,1.00805,1.21166,0.0933058,-0.00164713,0,0,1
1952,11.2283,-40.0177,-2.16663,1.04404,1.00784,1.00115,1.04277,0.88924,0.069372,0.000553305,0,0,1
1953,7.10091,25.233,1.37702,1.34068,0.993545,1.00051,0.932971,1.02343,-0.100219,-0.00100213,0,0,1
1954,21.2015,75.9632,5.30953,0.956313,1.00382,1.00057,0.972725,1.00154,-0.051941,-3.21788e-05,0,0,1
1955,59.9,-216.776,-22.3457,1.22532,0.985345,1.00002,0.993451,0.956969,0.0322816,-0.000226378,0,0,1
1956,11.8227,41.9676,2.09283,1.1158,0.963219,0.99055,1.01051,0.674884,-0.0597237,-0.000575884,0,0,1
1957,5.5678,19.769,0.808323,1.00914,0.995828,0.979596,0.984489,0.951792,-0.0909878,-0.00201693,0,0,1
1958,102.036,504.512,-324.108,1.15005,0.968297,1.01205,1.01457,0.70275,-0.100192,0.00164263,0,0,1
1959,7.2844,-26.023,-1.96259,0.872859,1.02388,0.996254,0.949171,0.878179,0.141339,0.000338692,0,0,1
1960,26.6691,95.2333,-4.94787,1.03281,0.963756,1.00808,1.00874,1.37043,0.0293423,-0.00121207,0,0,1
1961,7.92442,-28.2451,-1.86222,0.947897,0.995083,0.995484,1.01284,1.19606,0.114169,0.000506333,0,0,1
1962,5.00371,17.917,1.80965,0.924032,0.999169,1.02559,0.992396,0.954217,-0.257208,0.0005966,0,0,1
1963,59.7964,-212.75,2.73069,0.814441,1.01144,0.997433,0.974643,1.06249,-0.00346747,0.00039102,0,0,1
1964,7.32801,26.2566,2.40382,0.823266,0.996818,1.01073,0.971486,1.14735,-0.174851,0.000359029,0,0,1
1965,25.3206,90.0114,-2.0559,1.04855,0.996239,1.00563,0.967773,0.613413,0.0132343,-0.000991426,0,0,1
1966,213.493,-1066.57,-485.176,0.842298,1.0308,1.00986,1.01341,0.506236,-0.0909115,0.00171698,0,0,1
1967,27.7571,98.7273,0.325628,1.34002,0.993357,0.990036,0.994465,1.21834,-0.0017518,-0.000674877,0,0,1
1968,3.74328,-13.3267,-1.24097,0.975756,0.988363,1.00537,1.09026,1.11625,0.284522,0.000284738,0,0,1
1969,37.2538,133.422,-7.74697,0.761606,0.995994,1.00764,1.07134,0.933605,0.0243269,-0.000945421,0,0,1
1970,9.50024,34.2064,3.51395,0.668201,1.00421,1.01407,1.01787,0.885716,-0.164961,0.000774054,0,0,1
1971,18.1508,64.505,3.02679,1.11681,0.984804,1.00093,1.01328,0.926097,-0.0379519,-0.000400162,0,0,1
1972,5.15909,-18.4795,-1.86813,0.950975,1.01742,1.00724,0.968219,0.903408,0.253933,-0.00049504,0,0,1
1973,2.87949,10.2357,0.992361,0.929993,0.992058,0.99999,0.982855,0.64693,-0.348796,-0.000822978,0,0,1
1974,6.65764,23.8131,2.08343,1.0421,0.982596,0.989578,1.00478,1.17047,-0.179649,0.000141026,0,0,1
1975,16.5184,60.8861,8.00958,1.19767,1.00241,1.01038,0.984893,0.958893,-0.159696,0.00151215,0,0,1
1976,18.5476,-66.9661,-6.88332,0.94467,0.990662,1.00099,1.01519,1.01177,0.0953343,-0.000576245,0,0,1
1977,23.1723,-86.2816,-11.9865,1.10017,0.995311,1.00858,1.00007,0.858755,0.142417,-0.00155038,0,0,1
1978,8.69537,-31.2364,-3.07444,1.12008,0.996796,1.0002,1.01164,0.861432,0.169291,-0.000639034,0,0,1
1979,78.8151,-283.537,-24.3602,1.09154,1.01703,1.01222,1.03464,0.97314,0.0191684,-7.94513e-05,0,0,1
1980,4.549,16.1671,1.11827,1.1329,0.986551,0.98462,1.01576,1.24239,-0.181612,-0.00121505,0,0,1
1981,9.51282,-33.7912,-0.261739,0.766615,1.01227,1.00168,1.04709,1.07473,0.0110727,0.00187437,0,0,1
1982,9.59234,34.3419,2.12225,1.28522,1.03897,0.996025,1.01732,0.927172,-0.0913752,-0.000553272,0,0,1
1983,17.9446,64.1988,4.25788,0.816603,1.01696,0.999567,0.954445,1.16718,-0.0569976,-0.000127488,0,0,1
1984,17.2945,-61.3621,-2.94901,0.864791,0.986791,1.01213,0.986641,1.20617,0.040797,0.00038931,0,0,1
1985,4.57042,16.2972,1.42173,1.47819,0.989651,0.992523,1.04425,1.26843,-0.233799,-0.000290172,0,0,1
1986,16.3929,-58.5277,-3.62412,1.20374,1.0275,1.00528,1.03041,0.827128,0.0575877,0.000224325,0,0,1
1987,8.12706,29.1034,2.49998,0.954801,1.00621,0.997742,1.02673,0.717815,-0.150568,0.0001448,0,0,1
1988,7.04472,25.2859,2.51515,1.23046,0.997443,0.994734,0.94895,0.890158,-0.20107,0.000631319,0,0,1
1989,15.6294,-56.1639,-4.97208,1.44173,1.01349,0.998092,1.05184,1.24794,0.0908827,-0.000281146,0,0,1
1990,40.1855,145.148,-12.5366,1.16381,1.00641,0.996495,1.02125,0.971325,0.0365182,-0.00114132,0,0,1
1991,7.36437,-26.04,-0.875974,1.14593,0.98357,1.00527,0.971249,0.898355,0.0587712,0.00156516,0,0,1
1992,17.0913,-61.3779,-5.29626,0.837657,0.985361,0.98261,1.01542,1.07202,0.0825302,-0.000256194,0,0,1
1993,239.381,-2318.96,-775.731,1.0939,0.973087,1.00877,0.996591,1.3312,-0.0441693,0.000778889,0,0,1
1994,9.48395,33.6445,1.17407,1.43589,1.00646,1.01872,0.975773,0.851432,-0.0491398,-0.00116642,0,0,1
1995,8.32308,-29.6106,-1.48745,0.96158,1.0002,0.98804,1.02866,0.92865,0.0826347,0.000958589,0,0,1
1996,6.26783,-22.1636,-0.383278,0.834066,0.991609,0.998667,1.05276,0.66028,0.0341963,0.00249294,0,0,1
1997,30.6735,-110.046,-8.35755,1.047,1.02071,1.00046,0.972881,1.30318,0.0410285,-5.36333e-05,0,0,1
1998,16.6517,60.094,6.03649,1.1201,1.01208,1.0261,1.05042,1.34714,-0.0991842,0.000538614,0,0,1
1999,2.30523,-8.1541,-0.780893,1.04376,0.980925,1.00793,0.982188,1.00088,0.385322,0.00169901,0,0,1
2000,7.03747,-24.88,0.00581762,1.15815,0.978405,0.99127,0.921919,0.761123,-0.000424795,0.0027428,0,0,1
2001,3.53857,12.5726,0.9044,1.34136,1.03198,1.02034,0.970374,1.22518,-0.219891,-0.00178738,0,0,1
2002,6.50023,23.1911,1.73747,0.91725,0.993378,0.98254,1.02519,0.989273,-0.15424,-0.00041621,0,0,1
2003,17.1997,-61.1572,-1.30317,1.12616,1.01221,1.00201,0.996548,0.869402,0.0182956,0.000825434,0,0,1
2004,5.95648,21.3679,2.18504,0.894164,1.00747,1.00217,0.996912,0.969232,-0.233668,0.000671944,0,0,1
2005,29.3207,-104.352,1.73134,0.880274,1.01738,0.994159,0.967525,0.781286,-0.00881102,0.000834991,0,0,1
2006,75.2412,-271.948,-27.0984,1.04099,0.977447,1.01862,1.00391,0.895602,0.0242593,-0.000164531,0,0,1
2007,22.733,-84.4335,-11.5992,0.694649,0.991168,1.01249,1.04409,1.18478,0.141734,-0.00153122,0,0,1
2008,20.5688,76.0042,10.0568,1.03248,1.01296,1.0214,0.982983,0.97275,-0.134074,0.00131483,0,0,1
2009,13.4352,-47.8317,-2.87133,0.949109,0.954267,1.00455,0.964589,0.696456,0.064933,0.000255912,0,0,1
2010,10.5005,37.3919,-1.11929,1.16774,1.00561,1.00532,1.02422,0.755619,0.0390397,-0.00253478,0,0,1
2011,18.971,-67.8017,-4.37945,1.36501,0.999898,0.987583,0.958085,0.979403,0.0536198,0.000124692,0,0,1
2012,195.712,-1881.16,-681.566,1.02353,1.01307,1.01158,0.984438,1.09387,-0.0559841,0.000989881,0,0,1
2013,142.732,551.288,18.1581,1.13251,0.976026,0.984709,0.975706,1.02767,-0.077718,0.00114232,0,0,1
2014,5.01374,-17.8197,-1.52174,1.20609,0.97319,1.00255,0.998825,1.37146,0.211507,0.000166943,0,0,1
2015,3.85074,13.7826,1.47263,1.03389,1.01757,1.00238,0.971029,1.23906,-0.327329,0.000395997,0,0,1
2016,26.2039,96.632,12.3002,0.925784,1.01387,1.00067,1.06399,1.06712,-0.0996851,0.000922693,0,0,1
2017,4.43995,-15.788,-1.11913,0.576027,0.98761,0.98862,1.02874,1.19698,0.189475,0.00116627,0,0,1
2018,15.2848,-54.706,-4.35764,1.04954,0.984394,1.00345,0.956535,0.623738,0.0806967,-0.000129232,0,0,1
2019,47.5449,172.55,-17.0476,0.82751,0.985281,0.990617,1.00177,0.773447,0.0372544,-0.00107598,0,0,1
2020,7.47949,-26.6022,-1.54183,1.18338,0.998332,1.00115,1.04482,1.04848,0.103415,0.000822502,0,0,1
2021,8.53752,30.3351,1.99402,0.978485,0.963674,0.998711,1.025,0.867575,-0.105384,-0.000393614,0,0,1
2022,4.35921,15.4128,0.812328,0.81516,0.968677,0.997819,0.95274,1.05014,-0.138706,-0.00195742,0,0,1
2023,20.6483,74.5116,7.21827,1.25871,0.991738,1.00178,1.05715,0.892088,-0.0791671,0.000411019,0,0,1
2024,4.82057,-17.2412,-1.37987,1.125,1.03361,0.994357,0.988372,0.943554,0.204381,0.000728042,0,0,1
2025,21.6262,-78.3928,-7.89978,0.983354,1.01445,0.995339,0.99157,0.803163,0.0815486,-0.000464116,0,0,1
2026,134.005,480.732,19.8999,1.11371,1.01071,1.00201,1.0093,0.940186,-0.00470273,-6.49433e-05,0,0,1
2027,3.40592,-12.1349,-1.1618,1.09168,0.99899,1.0128,0.979961,0.945252,0.31086,0.00035539,0,0,1
2028,25.7396,91.8318,4.64821,0.943083,0.994944,1.00253,1.01836,0.755507,-0.02996,-0.000233927,0,0,1
2029,7.63303,-27.1205,0.148117,1.2652,1.01015,0.995645,1.0093,1.15257,-0.00938334,0.00275562,0,0,1
2030,7.14632,-25.5985,-2.36525,0.997041,1.01905,1.01069,0.959814,1.05735,0.180274,-0.000324108,0,0,1
2031,4.80828,-17.2939,-1.71377,0.97156,1.02562,0.986151,0.997758,1.08366,0.263346,-0.000232236,0,0,1
2032,24.4017,87.3431,-4.702,1.46952,0.997815,1.00005,1.05022,0.863538,0.033892,-0.00139451,0,0,1
2033,14.2108,-50.5647,-2.28892,0.917264,1.00198,1.00412,1.01241,1.01536,0.046466,0.000564701,0,0,1
2034,6.28584,22.3935,1.62036,0.816888,0.997568,1.00836,0.98459,0.893076,-0.149302,-0.000507433,0,0,1
2035,24.6989,-87.6972,2.44842,0.878868,0.994778,1.00619,0.986738,1.26766,-0.0169338,0.00107411,0,0,1
2036,18.3254,65.1311,-0.382849,0.725959,0.998856,0.997455,0.956921,0.938341,0.00462085,-0.00114462,0,0,1
2037,8.4658,-30.0864,-1.67121,0.961225,0.993814,1.00264,0.989258,1.52872,0.0890151,0.00074951,0,0,1
2038,2.90574,-10.3751,-1.16562,1.01087,1.00498,0.997493,0.972883,1.09106,0.410558,-0.000154917,0,0,1
2039,9.0701,-32.7252,-3.51414,0.977158,1.00664,0.997769,1.02333,1.13823,0.182688,-0.000924029,0,0,1
2040,9.25452,33.2842,3.26377,1.04054,1.00452,0.993273,0.98077,1.27608,-0.159547,0.000574967,0,0,1
2041,8.50842,-30.144,0.164034,0.606135,0.952041,1.01066,0.96804,0.998371,-0.00822372,0.00227816,0,0,1
2042,9.13088,32.8099,3.16111,0.809187,1.01966,1.01368,0.994579,1.0282,-0.156105,0.000514373,0,0,1
2043,3.56694,12.6305,0.978434,1.04009,0.968326,1.00726,0.965854,1.28463,-0.238314,-0.00117496,0,0,1
2044,10.4089,-37.0062,-1.12005,1.074,1.00783,0.989422,1.04261,0.975016,0.0407904,0.00120723,0,0,1
2045,12.0133,43.4756,4.71099,1.28797,1.00509,0.996481,0.987118,0.796126,-0.14731,0.000855769,0,0,1
2046,17.3406,-62.7673,-6.83141,1.0834,0.972361,0.990787,0.95105,0.722854,0.110708,-0.00076588,0,0,1
2047,7.72639,-27.6072,-2.1406,1.20346,1.03988,1.02627,0.965136,0.930499,0.137266,0.000189901,0,0,1
2048,8.04099,28.5883,1.03824,1.01809,1.00679,0.99184,1.00343,0.71164,-0.0602682,-0.00142583,0,0,1
2049,31.8767,113.825,3.4978,0.723239,1.03437,0.993463,0.946076,0.506613,-0.0148223,-0.00038051,0,0,1
2050,12.7133,45.0874,-0.899827,0.760567,0.986649,0.997331,1.00117,0.86199,0.0217972,-0.00189577,0,0,1
2051,13.422,47.7938,1.86838,0.873774,1.01723,0.984774,1.0394,1.02089,-0.0423884,-0.000774682,0,0,1
2052,3.54393,-12.7502,-1.38592,0.616654,1.04691,0.995534,1.05339,0.722256,0.353262,-0.000178277,0,0,1
2053,4.28942,15.3015,1.36204,0.962298,0.998857,1.00249,1.00527,1.04887,-0.248534,-0.000302369,0,0,1
2054,2.30014,-8.13117,-0.727489,1.0877,0.986265,1.00107,1.01643,1.04502,0.358841,0.00228879,0,0,1
2055,4.60284,-16.3483,-1.06162,1.15594,0.996498,1.00006,1.00506,0.951121,0.167305,0.00135852,0,0,1
2056,7.89998,28.121,1.46461,0.917102,1.02017,0.997738,1.08439,0.6044,-0.088675,-0.000999567,0,0,1
2057,128.38,-459.165,30.4347,1.0681,0.986931,1.00171,0.97117,0.958144,-0.00880097,0.000305539,0,0,1
2058,7.5111,-26.8362,-2.16219,0.866402,1.00073,1.00918,1.04848,0.888394,0.148175,3.82888e-05,0,0,1
2059,18.0754,65.5701,7.37804,0.819196,0.993344,1.00183,1.01746,0.9449,-0.109729,0.000785984,0,0,1
2060,32.9861,-119.707,12.0974,0.79485,1.0056,1.00251,0.961762,0.727179,-0.0549832,0.00157698,0,0,1
2061,20.9203,74.4444,-1.45234,1.20098,1.00405,1.00633,0.995235,1.10893,0.0135847,-0.00116363,0,0,1
2062,6.70407,23.9106,1.68828,0.729134,1.01427,0.998091,1.00089,0.757086,-0.139757,-0.000566162,0,0,1
2063,5.26192,18.7955,1.64563,0.998375,0.994428,1.00073,1.0136,1.27069,-0.212369,-6.76412e-05,0,0,1
2064,175.839,-683.683,6.16075,1.31457,1.0119,0.990149,0.993835,0.659005,0.0751575,-0.00112478,0,0,1
2065,29.9751,106.505,3.2453,1.03801,0.971087,1.00028,0.993688,1.27535,-0.0150996,-0.000367449,0,0,1
2066,17.203,61.3481,2.88322,0.913485,1.01296,1.01323,1.0346,1.04636,-0.0403385,-0.000431641,0,0,1
2067,8.96291,32.8369,4.31619,1.22219,0.995221,0.983832,1.04136,1.23114,-0.254679,0.00206706,0,0,1
2068,4.22634,14.959,0.832,1.15317,0.946378,1.01231,1.03189,1.09926,-0.147493,-0.00174275,0,0,1
2069,28.0925,101.585,9.35761,1.01196,1.02253,1.00528,0.95395,1.11131,-0.0556739,0.000243409,0,0,1
2070,4.57642,-16.3855,-1.71037,0.847763,1.0094,0.999125,1.04102,1.11021,0.286979,-0.000551419,0,0,1
2071,15.274,54.2414,1.92708,1.10067,0.962213,0.997044,1.03147,1.21645,-0.0332562,-0.000653237,0,0,1
2072,5.4909,-19.4225,-0.896441,0.822287,0.979884,0.992116,1.01124,1.15164,0.102624,0.00174676,0,0,1
2073,4.86345,-17.5674,-2.07293,0.994906,1.0181,0.996414,0.98101,1.23974,0.323433,-0.00135569,0,0,1
2074,42.7276,153.698,11.9585,1.02221,1.01002,1.01453,0.933806,0.977599,-0.0300108,6.12229e-05,0,0,1
2075,9.6343,35.1301,4.34045,0.759095,0.999362,0.989735,0.983748,1.0502,-0.215932,0.00158756,0,0,1
2076,4.33875,15.4586,1.31629,1.0637,1.01303,1.00001,1.01822,0.912909,-0.234347,-0.00056866,0,0,1
2077,21.7797,77.297,0.144973,0.71987,0.99479,1.00203,1.02421,1.07832,-0.00123127,-0.000864254,0,0,1
2078,4.1464,-14.7915,-1.38754,0.951966,1.01196,0.996457,1.01209,0.844492,0.269774,0.000205699,0,0,1
2079,6.21754,22.2371,1.96875,1.20989,1.01978,1.00604,1.03151,0.583525,-0.189877,5.84905e-05,0,0,1
2080,6.16151,-21.9391,-1.69891,1.22125,0.984319,1.00067,0.978137,0.906758,0.163767,0.000314399,0,0,1
2081,15.3478,54.5484,0.274171,1.36775,1.00158,0.996863,0.957686,0.788025,-0.00464725,-0.00119431,0,0,1
2082,78.6268,297.662,39.8988,1.15515,1.00881,0.99868,1.02888,1.09201,-0.06793,0.000870938,0,0,1
2083,69.93,266.824,31.2936,1.05804,1.01819,1.01463,1.01396,0.828691,-0.0959731,0.00130098,0,0,1
2084,596.39,3785.59,-2412.54,0.808458,0.998898,1.00721,1.02695,1.00875,-0.0219891,0.000357262,0,0,1
2085,47.1651,169.95,14.3207,0.76518,0.9974,0.989722,0.983473,1.04563,-0.0304325,0.000101543,0,0,1
2086,45.4479,161.763,-6.10265,1.03616,0.987781,1.01344,1.00642,0.922207,0.0124381,-0.000633836,0,0,1
2087,5.64733,-19.963,-0.462135,0.882163,0.988066,0.995656,1.02422,0.986999,0.0496838,0.00256693,0,0,1
2088,3.39357,-12.0055,-0.902526,1.23395,0.965833,0.998237,0.965989,1.17408,0.238927,0.00148288,0,0,1
2089,6.77982,-24.094,-1.68348,1.46566,0.987136,1.00797,0.980562,1.44086,0.135084,0.000495025,0,0,1
2090,9.66109,35.0574,4.04056,0.724407,0.997999,0.983719,1.02421,0.97744,-0.193321,0.00120831,0,0,1
2091,17.1116,61.2123,5.0626,1.18738,0.969135,0.999155,0.950091,1.31091,-0.0752359,0.000180016,0,0,1
2092,97.6985,-372.017,-37.174,1.07296,0.969712,0.980258,1.01443,1.17823,0.0776471,-0.00107858,0,0,1
2093,27.4699,98.6351,-6.34535,0.81163,1.00036,0.994852,1.01321,0.798434,0.0372649,-0.00137419,0,0,1
2094,6.53626,-23.1817,-1.39299,1.06211,0.991385,1.0123,0.94974,0.720064,0.117576,0.000889264,0,0,1
2095,7.6475,27.1896,1.15087,1.14426,1.01001,1.00126,0.978767,0.914749,-0.0730657,-0.00131035,0,0,1
2096,30.5387,-109.177,-6.82725,1.37775,1.02331,1.00018,1.02085,1.02145,0.0330736,8.48826e-05,0,0,1
2097,7.21788,25.6757,1.21363,1.22881,1.00712,1.0021,1.01942,0.484216,-0.0856506,-0.00123671,0,0,1
2098,19.6296,-69.8238,1.89792,1.12608,1.00272,1.00408,1.00008,1.22172,-0.0205499,0.00134914,0,0,1
2099,2.46771,-8.75492,-0.960227,1.26857,0.965588,0.991462,1.0102,1.09943,0.436005,0.00036899,0,0,1
2100,17.95,64.2955,4.55661,1.08346,1.0044,1.00519,1.03942,1.18481,-0.0612237,-3.44838e-05,0,0,1
2101,6.55551,-23.3193,-1.36767,0.589575,0.995179,0.989991,1.01326,0.863586,0.116935,0.000993008,0,0,1
2102,12.086,43.1468,2.64203,1.16137,1.01488,1.0097,1.0022,1.08685,-0.0736493,-0.000351439,0,0,1
2103,102.011,-362.378,2.4106,1.05172,1.00541,0.979533,1.01793,1.016,-0.0011093,0.000216474,0,0,1
2104,7.93699,28.3458,2.0602,1.07916,0.999035,0.994727,0.964483,1.15427,-0.127007,-0.000299312,0,0,1
2105,6.88653,24.5684,1.75649,0.856357,1.00251,0.991155,0.966988,0.971872,-0.139518,-0.00048614,0,0,1
2106,3.3274,11.8066,0.993053,1.01875,0.98806,1.00358,1.01523,1.03129,-0.27213,-0.00113963,0,0,1
2107,6.34895,23.0087,2.51221,1.33779,1.03682,0.977028,1.0422,1.35876,-0.245883,0.000885226,0,0,1
2108,9.5469,-34.1319,-2.63163,0.982927,1.00364,0.97972,1.02325,0.84748,0.118222,8.57542e-05,0,0,1
2109,4.69341,-16.6811,-1.36342,1.02856,0.992699,1.02124,0.980873,0.931508,0.209104,0.000444084,0,0,1
2110,6.10241,21.772,1.72857,1.04742,0.989637,0.994742,0.948562,0.871664,-0.170875,-0.000269252,0,0,1
2111,7.75944,27.5664,1.14681,1.41171,1.01234,1.01532,1.04698,0.913801,-0.0701121,-0.00128234,0,0,1
2112,6.68529,23.8428,1.72506,0.784222,0.995492,0.988572,0.993748,1.30263,-0.144702,-0.000474852,0,0,1
2113,6.88371,-24.5973,-2.01993,0.986126,1.00138,0.995875,1.01221,1.14104,0.163269,6.83686e-05,0,0,1
2114,29.3116,-106.02,8.3669,1.01797,1.03818,1.00134,1.00935,0.84889,-0.0454818,0.00149736,0,0,1
2115,15.1808,55.1141,5.37399,0.717145,1.0422,0.9852,1.02041,0.825501,-0.106799,0.00045301,0,0,1
2116,6.29394,22.4333,1.74884,1.02632,0.994506,1.01017,0.997418,0.956692,-0.161746,-0.000278301,0,0,1
2117,7.39803,26.2051,0.506276,1.12288,0.97023,1.00633,1.00568,1.21947,-0.0332043,-0.00194989,0,0,1
2118,176.476,-941.217,258.872,0.935214,1.00937,1.00649,0.991057,1.16333,0.0644218,-0.00109335,0,0,1
2119,20.0451,-73.4946,-8.97603,1.10194,0.999356,0.988155,0.992012,0.810967,0.119363,-0.00102267,0,0,1
2120,183.1,-774.599,185.051,1.20611,1.0178,0.995948,1.02625,1.08492,0.107775,-0.00169082,0,0,1
2121,2.98262,-10.654,-0.973264,0.823288,1.04205,1.00035,0.922301,1.00896,0.318304,0.00141866,0,0,1
2122,5.99406,-21.9845,-2.92569,1.03905,1.04145,0.986254,0.979191,0.851656,0.335508,-0.0021998,0,0,1
2123,17.3876,-61.8691,-3.86956,0.844061,0.973786,1.01785,0.981977,0.959897,0.0537799,0.00014045,0,0,1
2124,6.69258,23.7132,0.882309,1.11205,0.998533,1.00656,1.00048,0.584966,-0.0701239,-0.00167133,0,0,1
2125,840.093,3223.65,-208.328,0.913557,0.998983,0.999099,0.992039,1.1232,0.0118983,-0.000243042,0,0,1
2126,28.9213,-105.606,-12.711,1.35321,0.984284,0.998229,0.962578,1.2672,0.0821256,-0.000718131,0,0,1
2127,4.6658,16.7497,1.55122,0.813359,1.03449,0.994001,0.998122,0.941314,-0.246825,-0.000163471,0,0,1
2128,3.61226,12.8534,1.11785,0.840573,1.00905,0.995404,0.986211,1.12804,-0.270232,-0.000894652,0,0,1
2129,10.1152,36.1708,3.21496,1.22001,0.976049,1.00902,0.960761,0.800135,-0.128811,0.000336568,0,0,1
2130,12.7067,-45.0988,-1.59597,0.660383,0.982501,0.981942,0.998204,0.66696,0.0399468,0.000851604,0,0,1
2131,3.05041,-10.8414,-0.99762,0.829878,0.990697,0.994877,0.969901,0.937776,0.319435,0.000968807,0,0,1
2132,6.56891,-23.7473,-2.88086,0.860968,1.003,1.00749,1.01694,0.902921,0.273361,-0.00166081,0,0,1
2133,49.8522,-177.551,-6.63469,0.983953,1.01645,0.992799,1.0591,0.652969,0.0121317,0.00019113,0,0,1
2134,8.77442,31.2973,2.02377,1.07776,1.00299,1.0018,1.04448,0.790188,-0.102413,-0.000467325,0,0,1
2135,10.155,-36.2454,-2.49958,0.986947,0.997568,1.00099,1.01551,0.769567,0.0978995,0.000235807,0,0,1
2136,10.3769,36.7963,1.65138,1.01845,0.963573,0.988871,1.00534,1.06102,-0.0598722,-0.000800595,0,0,1
2137,5.45564,-19.6941,-2.07026,1.19514,1.02725,0.974771,1.10783,0.898335,0.262179,-0.000646495,0,0,1
2138,14.4614,-52.9373,-6.46466,0.907525,1.01415,0.999011,1.03206,0.843687,0.15545,-0.00125059,0,0,1
2139,5.20684,-18.5216,-1.48086,1.07924,0.974102,0.985047,0.997805,1.051,0.193332,0.000424842,0,0,1
2140,20.8569,-74.3004,-3.29122,1.06392,1.02545,0.999379,0.983321,0.981621,0.0325909,0.000396358,0,0,1
2141,14.7116,52.9139,4.8122,0.816842,1.01961,1.01276,0.965174,1.2482,-0.0975627,0.000332733,0,0,1
2142,2.95516,-10.525,-1.09859,1.0882,1.0072,1.00262,1.05242,1.24998,0.373379,0.000322715,0,0,1
2143,11.8679,42.4748,3.14765,1.19152,0.998295,0.990862,1.01378,0.804937,-0.0934931,-6.05065e-05,0,0,1
2144,26.2427,93.3533,-0.76195,1.04065,1.00314,1.00407,1.0361,1.25937,0.00456329,-0.000819205,0,0,1
2145,5.15418,18.3947,1.56094,1.19213,1.0207,1.01202,1.01893,1.21589,-0.206591,-0.000283708,0,0,1
2146,30.3656,-108.054,-4.07151,1.04836,0.993878,0.994531,0.967775,1.08611,0.0192933,0.00030845,0,0,1
2147,18.46,-68.1137,-8.99322,0.920741,1.00568,0.993649,1.03598,0.765355,0.147526,-0.00140484,0,0,1
2148,5.58561,19.9886,1.89051,0.857648,0.98611,0.987737,1.0115,0.559798,-0.2247,0.000315855,0,0,1
2149,2.47411,-8.77995,-0.867651,1.02526,0.985668,0.999186,1.03701,0.946837,0.386423,0.0012544,0,0,1
2150,55.8549,206.376,25.9229,1.24751,1.00281,1.00308,0.98661,0.756513,-0.0483625,0.000464386,0,0,1
2151,84.9962,-310.209,35.152,1.16158,0.992462,1.00521,1.01218,1.04675,-0.0266504,0.000706048,0,0,1
2152,9.20301,-32.9146,-2.37452,0.89081,1.01886,0.983169,0.963834,1.0284,0.112772,0.00027747,0,0,1
2153,64.652,-231.799,-16.8294,1.3702,0.992853,1.00184,0.997699,0.821281,0.0191045,-2.85372e-05,0,0,1
2154,15.146,-54.0118,-4.13046,0.749887,0.972153,1.00081,0.990491,1.20072,0.0769799,-6.75539e-05,0,0,1
2155,7.17444,25.458,1.41561,0.993103,0.978052,0.986378,1.00672,1.09609,-0.101801,-0.000955763,0,0,1
2156,6.02385,-21.7941,-2.4057,0.837154,1.02342,0.983274,0.986667,1.03684,0.260168,-0.00101526,0,0,1
2157,4.6408,16.6004,1.65616,1.0263,1.00244,0.99748,0.974328,1.17882,-0.270005,0.000349187,0,0,1
2158,7.91698,28.9853,3.8463,0.63252,1.00238,0.99401,0.991971,0.882501,-0.280719,0.00222734,0,0,1
2159,8.87605,-31.8206,-2.24963,1.03669,1.03903,0.99579,0.964579,1.09644,0.113589,0.000349823,0,0,1
2160,81.1899,290.574,4.13721,1.07932,1.04119,0.999906,1.00071,0.89764,-0.00265505,-0.000203184,0,0,1
2161,9.2178,-32.8843,-2.21773,1.37968,1.00368,0.99049,0.994609,0.865998,0.10439,0.000362056,0,0,1
2162,5.31625,18.9243,1.28853,0.758344,1.00668,1.00641,1.01925,1.32628,-0.158864,-0.000944261,0,0,1
2163,11.6044,42.1992,4.83787,0.959993,1.01663,1.00805,1.00207,0.535981,-0.164646,0.00109247,0,0,1
2164,8.01129,-28.4815,-1.66212,1.13758,0.98919,0.996656,0.984519,0.805957,0.0984063,0.000726511,0,0,1
2165,29.2944,105.469,8.99083,1.09545,0.992579,1.00989,0.998744,1.18508,-0.0481372,0.000169308,0,0,1
2166,32.934,120.119,13.3434,1.18531,1.00161,0.996303,1.03226,1.06354,-0.0630205,0.000470083,0,0,1
2167,2.99695,10.6673,1.1451,0.767399,0.969174,0.98614,1.01891,1.11374,-0.384787,6.98038e-05,0,0,1
2168,6.64782,-23.5583,-1.13994,1.04016,0.972952,1.01495,1.0114,1.07664,0.0924079,0.00119918,0,0,1
2169,10.8429,38.494,1.67156,1.0166,0.99152,1.00271,0.979548,1.04578,-0.0553506,-0.000818953,0,0,1
2170,6.68256,24.0337,2.5537,0.828307,0.973484,0.981695,0.960611,1.04487,-0.229324,0.000971681,0,0,1
2171,3.38606,12.0198,1.12199,1.37071,0.975963,0.999708,0.964385,0.980325,-0.302593,-0.000491007,0,0,1
2172,4.06113,14.4995,1.39681,1.11797,0.996865,1.00341,0.960594,0.916398,-0.282378,2.11336e-05,0,0,1
2173,17.1054,-61.6709,-6.09382,0.879542,1.00136,1.01915,1.05096,0.843636,0.0960651,-0.00051809,0,0,1
2174,8.25661,29.3944,1.55005,1.05105,1.00082,0.977043,0.983125,1.13568,-0.0877745,-0.000927905,0,0,1
2175,31.3378,-116.12,-15.63,0.761637,0.950003,0.98785,1.00436,1.06185,0.104755,-0.00114853,0,0,1
2176,27.9833,102.167,12.2866,1.15837,0.970706,1.02899,1.04088,1.15207,-0.0829374,0.000745334,0,0,1
2177,10.4426,37.0147,1.62004,0.844187,0.99183,1.01674,1.00958,1.07606,-0.0570503,-0.000823701,0,0,1
2178,2.68222,-9.58412,-1.1902,0.952333,1.00132,1.00334,0.988848,1.03112,0.483258,-0.000863623,0,0,1
2179,5.59732,-19.9004,-1.23487,0.680427,1.00157,1.00187,1.02325,0.659195,0.138841,0.00110142,0,0,1
2180,5.20769,18.5191,1.52195,1.33864,0.983816,1.00815,1.0046,1.15983,-0.196344,-0.000296394,0,0,1
2181,7.27168,25.9115,1.76224,0.963921,0.992689,0.995753,1.00366,0.862477,-0.125689,-0.000524651,0,0,1
2182,8.19851,-29.4077,-2.78464,1.06155,0.995958,0.985347,0.97897,1.01715,0.169707,-0.000468619,0,0,1
2183,3.64122,12.8976,0.914271,1.00039,0.989672,1.00699,1.00988,0.817203,-0.212659,-0.00162131,0,0,1
2184,4.42614,-15.7041,-0.902527,1.4106,0.986513,0.984122,1.06767,0.891191,0.151899,0.00183469,0,0,1
2185,8.7178,30.9958,1.41001,0.90897,0.997701,0.995877,0.984266,0.991765,-0.0706865,-0.0010244,0,0,1
2186,5.21077,-18.4831,-0.729072,0.984981,0.995212,0.985315,0.997438,0.928094,0.091817,0.00221513,0,0,1
2187,130.652,469.911,-26.5114,1.23335,0.999674,0.997631,1.01994,1.07235,0.00675898,-0.000268794,0,0,1
2188,10.1478,36.4144,3.2143,1.0731,1.01489,1.02373,1.00372,0.941973,-0.128603,0.000301013,0,0,1
2189,72.2434,270.088,-36.1195,0.782363,0.998382,1.00388,0.988789,0.844347,0.0440945,-0.00106838,0,0,1
2190,5.50753,19.6342,1.38747,1.28151,1.04087,1.01969,0.987945,0.82284,-0.159645,-0.000860045,0,0,1
2191,19.3163,-68.9418,-4.40899,1.3124,0.998163,1.01357,1.02173,0.712242,0.0507079,0.000118471,0,0,1
2192,147.361,-554.728,-73.4316,0.818686,1.00224,0.989768,0.998599,0.85439,0.0351188,-0.000446177,0,0,1
2193,9.1445,32.4425,1.78099,1.13778,0.978979,1.01252,0.963261,0.888192,-0.0812959,-0.000650808,0,0,1
2194,16.8932,60.4273,4.72364,0.632739,0.973153,0.99392,0.973576,0.508509,-0.0716232,9.29924e-05,0,0,1
2195,4.14906,14.8694,1.6811,0.848817,0.98267,1.00657,1.05302,1.04938,-0.337355,0.00111657,0,0,1
2196,22.3676,-80.6164,-7.68694,1.08512,0.976871,0.994264,1.0209,1.0894,0.0730146,-0.000382914,0,0,1
2197,69.6627,-249.212,16.9199,1.27746,0.993456,1.02004,0.97629,1.19048,-0.0160246,0.000554841,0,0,1
2198,17.0092,60.6098,3.72034,0.916365,0.993041,1.01459,0.986627,0.735708,-0.0534378,-0.000197325,0,0,1
2199,6.73754,-24.1071,-2.12006,0.9236,0.989966,0.992319,1.01285,1.27345,0.179897,-0.000168087,0,0,1
2200,54.7556,199.241,22.0054,1.13098,0.994165,1.01725,1.01375,0.944697,-0.0375833,0.000289663,0,0,1
2201,4.1068,14.6541,1.53925,1.31197,0.970009,0.998851,1.00601,0.947132,-0.309043,0.000618541,0,0,1
2202,8.64607,30.784,1.98349,0.937137,0.991828,1.00283,1.00205,1.15648,-0.102301,-0.000473157,0,0,1
2203,17.6406,64.5104,7.48855,1.23178,1.02896,1.00766,1.03932,1.10926,-0.119459,0.000892623,0,0,1
2204,4.11291,14.6964,1.14947,0.67928,1.0467,1.0072,1.01455,0.90365,-0.21998,-0.00116704,0,0,1
2205,13.7871,49.3137,3.45708,1.2729,0.993141,0.996134,1.01323,1.07393,-0.076584,-9.94383e-05,0,0,1
2206,13.6226,48.2774,-0.575654,0.916185,0.987387,1.01114,0.949728,0.970744,0.0121034,-0.00159907,0,0,1
2207,3.80588,-13.4275,-0.509371,0.707181,0.994497,1.02289,0.98689,0.924996,0.107256,0.00309217,0,0,1
2208,3.66879,-13.0331,-0.899848,0.903187,1.01014,0.996613,0.948385,1.01902,0.208511,0.00183568,0,0,1
2209,3.34425,11.8288,0.93111,0.811876,0.970454,1.00338,1.01424,1.22599,-0.252517,-0.00133121,0,0,1
2210,2.36167,8.38703,0.874392,1.13179,0.985064,0.993408,0.981258,0.386933,-0.421032,-0.00111187,0,0,1
2211,13.2068,47.7265,4.69713,1.15543,1.02018,1.00011,1.0306,1.01927,-0.119813,0.00052989,0,0,1
2212,10.908,-39.3115,-4.01188,1.18668,1.01007,1.00083,1.00428,0.959808,0.147247,-0.000694589,0,0,1
2213,16.1239,-58.436,-6.10254,1.17226,1.00122,0.979443,1.04846,0.784519,0.111601,-0.000647837,0,0,1
2214,160.087,-610.619,70.1639,1.0676,1.00648,0.998751,1.00963,1.16966,-0.0416762,0.000890733,0,0,1
2215,21.4082,-76.4563,-5.94745,1.29463,0.975815,1.00697,1.02536,1.22643,0.0573768,-0.000101279,0,0,1
2216,12.9814,46.5362,3.73276,0.6768,0.998484,0.999884,0.999583,0.878027,-0.0943948,0.000112214,0,0,1
2217,7.08347,25.0764,0.788836,0.901836,0.946177,1.01105,1.02219,0.774697,-0.0551671,-0.00159428,0,0,1
2218,32.7229,-119.427,-13.863,1.05774,0.99215,0.995127,1.02011,1.09343,0.0692587,-0.000573605,0,0,1
2219,6.1569,21.8902,0.892534,0.899212,1.03148,0.993683,1.01058,1.00972,-0.083398,-0.00185529,0,0,1
2220,30.6767,113.677,15.069,0.655382,1.00589,1.01852,1.0244,1.08399,-0.0959475,0.00098366,0,0,1
2221,8.90343,31.6005,1.89074,1.01721,0.974684,1.00485,0.965266,0.744065,-0.091506,-0.000545717,0,0,1
2222,129.848,-810.011,538.023,1.22461,0.981191,0.993444,1.0017,1.14166,0.0822553,-0.00134278,0,0,1
2223,8.97811,-31.7619,-0.806758,0.780526,0.989189,1.00152,0.959772,1.19882,0.0376935,0.0014872,0,0,1
2224,1278.2,5940.8,2653.97,0.997315,0.988484,1.01632,0.98989,1.50184,0.0153256,-0.000290262,0,0,1
2225,5.35796,-19.0298,-1.52474,0.969246,0.976722,1.0029,1.012,1.19779,0.187802,0.000336084,0,0,1
2226,8.00215,-28.4849,-1.78115,0.731012,1.00154,1.00914,1.04936,0.803355,0.105889,0.000594243,0,0,1
2227,7.92041,28.0434,1.08254,1.25674,0.982864,0.996658,0.991142,1.13823,-0.0637871,-0.00132542,0,0,1
2228,6.94366,24.6955,1.18696,0.997857,1.01359,0.990851,1.01526,0.748616,-0.0905891,-0.00132148,0,0,1
2229,6.77664,-24.5223,-2.88998,0.939031,1.01199,1.00285,0.982966,0.618019,0.257454,-0.00144498,0,0,1
2230,5.92792,21.0318,1.1298,1.00484,0.990883,0.999476,1.02187,0.932019,-0.113134,-0.00131566,0,0,1
2231,17.4348,62.0515,1.0371,0.860974,1.00948,0.999367,0.997386,1.19493,-0.013936,-0.000885831,0,0,1
2232,30.168,107.281,3.91511,1.06295,0.966205,0.998462,0.996734,1.00001,-0.0180942,-0.000310396,0,0,1
2233,154.663,-620.926,70.4743,0.830543,1.00579,0.999901,0.962034,0.616097,0.10714,-0.0016486,0,0,1
2234,5.95752,21.1312,1.45264,0.983953,0.980828,1.00607,0.975741,0.895394,-0.145864,-0.000685626,0,0,1
2235,4.98434,-17.7114,-1.10106,1.01797,1.01601,1.01811,0.935428,1.42537,0.150292,0.00130814,0,0,1
2236,4.20983,14.9691,1.37846,1.08697,0.96561,1.0158,1.05568,1.11203,-0.259184,3.05276e-05,0,0,1
2237,10.3282,36.7679,2.59504,0.967624,0.989181,1.01736,1.01752,0.525945,-0.0962779,-0.000174507,0,0,1
2238,6.79092,-24.0881,0.38264,1.02313,1.00065,1.00425,1.03552,1.35437,-0.0294868,0.00336584,0,0,1
2239,9.00902,32.1779,2.39906,1.16839,0.999278,1.01073,1.00811,0.733654,-0.116484,-0.000140025,0,0,1
2240,10.6494,-38.8179,-4.52065,1.10236,1.03648,1.01173,0.969269,1.17894,0.182195,-0.0012106,0,0,1
2241,8.60904,-30.8013,-2.55166,1.06933,1.0013,1.01217,1.01262,1.1383,0.13729,-0.000110219,0,0,1
2242,4.40549,15.667,1.05041,0.904761,1.01823,0.983247,1.02211,1.07078,-0.179228,-0.00154796,0,0,1
2243,7.59865,27.0712,1.68382,1.01076,0.991279,0.986838,0.974696,1.01617,-0.110859,-0.000687132,0,0,1
2244,18.1108,64.9514,4.93123,0.891228,0.987691,0.989391,0.961262,0.863306,-0.0662228,5.45011e-05,0,0,1
2245,7.83885,28.1352,2.69874,0.990792,0.99445,1.00025,0.994268,0.830614,-0.177044,0.000534545,0,0,1
2246,69.7932,-265.663,-27.1747,1.03439,0.976637,0.996766,0.993831,1.20044,0.105478,-0.0014613,0,0,1
2247,3.5755,12.7521,1.25547,0.674309,0.994779,0.996524,0.981251,1.00658,-0.313905,-0.000137196,0,0,1
2248,6.02979,-21.5398,-2.11063,0.698636,0.965868,0.994063,1.03144,1.34525,0.219428,-0.000578332,0,0,1
2249,8.85097,31.8164,3.12735,0.710981,0.987331,0.997016,1.0136,1.30615,-0.166379,0.000640878,0,0,1
2250,3.904,13.8793,1.03695,1.21817,0.99226,0.992051,1.0347,1.09152,-0.218078,-0.00129181,0,0,1
2251,57.767,219.944,25.6195,0.910017,1.01778,0.989576,0.997172,1.01485,-0.123116,0.00167549,0,0,1
2252,11.8049,-42.1211,-2.67303,1.14376,1.01172,0.994987,0.979709,1.1642,0.0792816,0.000321786,0,0,1
2253,4.59204,-16.3197,-1.13793,1.05815,1.00373,1.01061,1.05899,0.938899,0.18025,0.0011234,0,0,1
2254,28.1405,-100.779,-7.25001,1.02281,1.01729,1.00127,0.995999,1.03216,0.0417441,-1.1473e-05,0,0,1
2255,6.20521,22.0346,0.826183,0.820693,1.02565,1.00131,0.971234,0.693615,-0.0759844,-0.00190642,0,0,1
2256,25.3341,90.2931,-3.37553,1.06096,0.981355,0.981653,0.981521,0.526517,0.022309,-0.0011647,0,0,1
2257,5.39582,19.1529,1.35357,0.811569,0.987821,1.00846,1.02773,0.974895,-0.161818,-0.00076173,0,0,1
2258,18.6227,66.3663,2.28922,0.927737,1.01174,0.999279,0.991243,1.12567,-0.0275045,-0.000583309,0,0,1
2259,3.89465,-13.8702,-1.18142,0.922816,1.01553,1.00168,0.996021,1.0755,0.251384,0.000799129,0,0,1
2260,25.6334,-92.6207,-8.68817,0.666048,1.02758,1.01371,0.936446,0.913467,0.0625986,-0.000297546,0,0,1
2261,13.331,-47.2448,-0.68471,1.31059,0.993669,0.997568,0.983921,0.680047,0.015374,0.00118792,0,0,1
2262,17.0564,61.1475,-3.6293,0.869887,1.01038,0.994479,1.0235,0.880322,0.0530774,-0.00210027,0,0,1
2263,4.59662,-16.4246,-1.57846,1.05573,0.994774,1.0055,0.959695,0.953397,0.259898,-0.000219096,0,0,1
2264,4.93788,-17.6218,-1.50422,0.838395,1.00544,0.998244,1.00912,0.956936,0.216413,0.000296119,0,0,1
2265,20.5453,-73.4941,-5.04592,0.830908,0.998339,0.985007,0.982387,0.991079,0.0534955,4.96651e-05,0,0,1
2266,9.7578,35.0681,3.10333,0.878159,1.01625,0.988335,0.983719,0.950306,-0.13525,0.000242031,0,0,1
2267,4.01561,-14.2422,-0.820472,0.662006,1.00098,0.996518,0.997357,0.77787,0.162208,0.00210824,0,0,1
2268,47.1016,-168.001,6.6108,0.936868,1.00284,0.99659,0.99864,0.807616,-0.0134142,0.000652651,0,0,1
2269,7.35112,-26.0965,-0.752382,1.17848,1.01797,0.983693,0.962711,0.733416,0.0516567,0.00186549,0,0,1
2270,26.4999,-97.4576,-12.6824,1.1644,0.968605,0.995479,1.02138,1.29061,0.105629,-0.00105381,0,0,1
2271,79.2295,297.595,40.5808,1.39776,0.995097,1.00454,1.03539,1.00302,-0.0444259,0.000498675,0,0,1
2272,28.3806,105.823,14.6009,0.822461,0.997449,1.0059,1.01453,1.04632,-0.115361,0.00124809,0,0,1
2273,8.41072,-29.8762,-1.82847,1.04517,0.979949,0.994297,0.965944,0.995206,0.0992895,0.00058254,0,0,1
2274,11.3892,40.4982,0.343527,0.736798,1.02034,0.994763,0.947408,1.0771,-0.0103768,-0.00157608,0,0,1
2275,13.5489,48.2296,2.0199,1.14197,0.999825,0.999099,0.964004,1.27879,-0.0444256,-0.000672198,0,0,1
2276,29.9589,-107.059,5.41569,0.729509,1.00814,0.98763,1.01817,1.36133,-0.027057,0.00114398,0,0,1
2277,10.9753,-39.2996,-3.17804,1.3681,1.00905,1.0098,1.01317,1.10794,0.10992,-0.000107081,0,0,1
2278,13.6861,48.7803,2.3654,1.28729,1.01465,0.98414,0.983506,0.812728,-0.0521996,-0.000576273,0,0,1
2279,3.8838,13.7938,1.0767,1.1763,0.988663,1.00251,1.04385,0.879695,-0.227475,-0.0010705,0,0,1
2280,7.45154,-26.3783,-0.940987,1.14858,0.971136,1.00271,1.01751,0.980945,0.0619928,0.00145383,0,0,1
2281,8.83593,-31.626,-2.28317,0.961872,1.043,1.01231,0.99953,0.922249,0.11506,0.000295013,0,0,1
2282,3.52946,12.5907,1.26129,1.03536,1.00126,1.01303,1.00281,1.19515,-0.320946,-7.31757e-06,0,0,1
2283,10.3685,36.899,2.19263,0.871683,0.986912,0.997956,0.96588,0.804847,-0.0805595,-0.000475531,0,0,1
2284,6.49563,-23.212,-1.92798,1.20619,0.996968,1.00345,1.03332,0.881514,0.171875,4.87214e-05,0,0,1
2285,12.6618,46.5208,6.03769,1.2489,1.0087,1.00533,1.02481,1.07425,-0.19118,0.00167029,0,0,1
2286,12.0725,43.5381,4.44928,1.03357,0.981755,0.990705,1.01883,0.734049,-0.136646,0.000712182,0,0,1
2287,5.80531,-20.7209,-1.71781,1.01055,0.993509,1.00381,0.990376,0.992739,0.185777,0.000153157,0,0,1
2288,28.9866,103.363,-2.24138,0.739549,1.02369,0.999295,1.00625,0.895254,0.0113279,-0.000886495,0,0,1
2289,27.7892,104.228,14.8473,1.15949,1.00528,1.0026,0.953396,1.1884,-0.147725,0.00174813,0,0,1
2290,11.5599,41.3203,2.79421,0.967552,0.99967,0.991988,1.01897,1.08657,-0.0861593,-0.000227036,0,0,1
2291,11.0937,-40.0281,-4.23857,0.944282,0.987306,1.01051,1.02396,1.03857,0.152971,-0.000879771,0,0,1
2292,19.4116,68.795,-0.256988,1.19687,0.99229,1.01003,1.01817,1.23399,0.00273429,-0.0010281,0,0,1
2293,7.3221,26.2254,2.36894,1.04443,1.01446,1.00146,0.971057,1.02024,-0.172483,0.000238597,0,0,1
2294,5.39261,19.1955,1.57013,1.28494,0.987684,1.00888,1.01727,1.18851,-0.19082,-0.000275983,0,0,1
2295,7.67063,27.1883,1.12653,0.817488,0.96936,1.00693,0.958171,1.13055,-0.0701423,-0.00122402,0,0,1
2296,7.5697,-27.0954,-2.40158,1.03518,1.00293,0.991962,0.98266,1.11413,0.166124,-0.00021643,0,0,1
2297,16.8423,-61.5435,-7.17561,0.92609,1.01621,0.993872,1.01409,0.867096,0.127211,-0.0009622,0,0,1
2298,5.78616,20.4696,0.909667,0.866337,0.981681,1.01015,0.99417,1.16722,-0.0938709,-0.00164083,0,0,1
2299,5.72757,20.2696,1.07685,1.07388,0.986302,1.01542,0.999573,1.14386,-0.113602,-0.00133346,0,0,1
2300,8.0833,-28.8021,-1.83251,0.752899,1.00601,0.984232,0.9688,1.23187,0.109114,0.000607736,0,0,1
2301,6.29103,-22.5909,-2.3622,0.929153,0.996677,0.989205,1.02043,1.00465,0.233151,-0.000815858,0,0,1
2302,286.838,1134.92,44.8836,0.551945,0.981099,1.01826,0.987365,1.2719,0.0464931,-0.000920186,0,0,1
2303,443.497,-1701.53,-41.7003,0.698767,1.01032,0.998822,0.988917,1.17187,0.0259653,-0.000383033,0,0,1
2304,7.96634,28.6467,2.83664,1.07209,1.00564,0.986016,1.00165,1.23185,-0.18213,0.000584533,0,0,1
2305,13.5467,-48.8384,-4.97762,1.08504,0.992829,1.00459,1.03568,0.635156,0.123386,-0.00067221,0,0,1
2306,7.3661,-26.4011,-2.47205,1.19653,1.007,1.00094,1.01984,0.629472,0.180237,-0.00040178,0,0,1
2307,8.0903,-28.9495,-2.46329,1.18351,0.991762,0.996431,1.02768,0.774739,0.150119,-0.000156536,0,0,1
2308,104.913,-591.085,391.564,0.879683,1.01889,1.00625,1.0238,1.20458,0.10149,-0.00166084,0,0,1
2309,44.0081,161.258,-19.0302,1.32861,0.982446,1.00008,1.0201,1.18525,0.0525803,-0.00138277,0,0,1
2310,17.1751,61.5946,4.8438,0.915908,1.00982,0.998155,1.02474,0.916107,-0.0720983,8.32703e-05,0,0,1
2311,48.5919,-180.495,23.3196,1.23601,0.995102,1.01865,0.956375,1.18758,-0.0618279,0.0015109,0,0,1
2312,4.09405,14.5844,1.23917,1.0121,0.996913,1.00702,0.998217,0.909249,-0.242013,-0.000586256,0,0,1
2313,8.11511,28.9657,2.264,0.412328,0.992859,1.01068,1.03255,1.12628,-0.133169,-7.68218e-05,0,0,1
2314,13.2535,-48.1107,-5.63124,0.801827,0.97741,0.971629,0.972179,0.858119,0.155238,-0.00112643,0,0,1
2315,8.04783,28.7281,2.018,1.08424,0.999539,0.991874,1.07753,1.09603,-0.121111,-0.000375089,0,0,1
2316,131.028,477.032,50.3712,0.901913,0.98722,1.00114,0.998352,1.21487,-0.0145756,0.000100595,0,0,1
2317,13.143,-47.255,-4.41306,1.07726,0.993018,1.01109,0.946038,1.08545,0.112309,-0.000458328,0,0,1
2318,4.12044,14.6889,1.27718,0.735217,1.01486,0.99529,0.983408,0.637686,-0.248043,-0.0006171,0,0,1
2319,7.465,-26.6192,-1.84103,1.18237,1.01569,1.01236,1.00478,0.850798,0.125518,0.000461781,0,0,1
2320,8.07358,-28.7591,-1.79789,1.16998,1.02571,1.00375,1.02745,1.04312,0.105884,0.000648898,0,0,1
2321,289.879,-1133.63,45.2727,1.041,1.0135,0.985508,1.03827,1.12493,0.0500892,-0.00075727,0,0,1
2322,16.6981,59.6082,3.53943,0.789161,1.0045,1.01567,0.99821,1.0357,-0.0528778,-0.000239248,0,0,1
2323,42.3053,156.351,19.9722,0.878567,0.986589,0.997644,1.03847,1.10763,-0.0661899,0.000654828,0,0,1
2324,9.6465,-34.2832,-1.8337,1.01578,0.952127,1.00881,0.958609,1.04807,0.0755512,0.000593338,0,0,1
2325,6.01216,21.4282,1.55724,1.26533,0.994308,0.989388,0.975233,0.947548,-0.157278,-0.000583725,0,0,1
2326,26.4016,94.9891,7.90869,0.951054,1.01199,0.993949,0.97134,0.661244,-0.0520826,0.000135987,0,0,1
2327,15.4571,-55.223,-3.62123,0.859513,0.992749,0.989812,1.01265,1.05542,0.0651363,0.000151974,0,0,1
2328,8.57369,30.6082,2.1936,0.747696,1.01605,0.996363,0.982863,1.04296,-0.117246,-0.000315864,0,0,1
2329,23.5484,-83.7332,-0.687525,1.12072,1.03135,0.99392,1.00558,1.141,0.00533787,0.000766586,0,0,1
2330,20.7788,73.8516,1.5306,0.840262,0.956601,1.00751,1.09748,0.48768,-0.014193,-0.000636626,0,0,1
2331,76.7908,-276.1,-22.681,0.522541,1.00704,0.989746,1.02249,1.38616,0.018886,-6.3386e-05,0,0,1
2332,363.184,-1371.91,-155.688,0.588971,1.02304,1.00509,1.03386,1.44149,0.0187754,-0.000254719,0,0,1
2333,3.99907,14.2217,1.26026,0.965026,0.979915,1.00207,0.942983,0.76261,-0.25683,-0.000396419,0,0,1
2334,22.1407,-78.8148,-2.87193,0.960315,1.00356,0.99859,0.949149,0.545499,0.0250808,0.000450837,0,0,1
2335,37.814,-135.185,7.26362,1.05627,1.01604,1.00235,1.05231,0.862846,-0.0229551,0.000927356,0,0,1
2336,8.98259,-31.9365,-1.27173,0.858263,1.00621,0.990359,1.03254,1.26507,0.0609747,0.00115924,0,0,1
2337,9.75476,34.9254,2.91993,1.28248,0.982588,0.993072,1.00865,0.880013,-0.125772,0.000163208,0,0,1
2338,5.70474,-20.4383,-1.98078,0.365745,0.995732,1.00049,1.00861,0.953091,0.227239,-0.000456441,0,0,1
2339,56.4131,211.216,-28.5154,1.10283,0.982984,0.994423,0.982947,1.21228,0.0594358,-0.00142245,0,0,1
2340,24.8366,-89.8366,-9.44026,0.683295,0.979697,0.988326,1.00646,1.12064,0.0763364,-0.00051189,0,0,1
2341,12.6798,46.4097,5.66273,0.814866,1.02115,0.993275,0.989323,1.31861,-0.17122,0.0013036,0,0,1
2342,14.407,-51.7749,-3.40449,1.20452,1.04394,0.992254,0.955911,1.25766,0.0705259,0.000216194,0,0,1
2343,11.4839,-41.2249,-3.76135,0.89658,1.00757,1.00684,1.03698,1.10399,0.122457,-0.000388717,0,0,1
2344,8.21758,29.2199,1.09412,0.989148,1.02196,0.990829,0.966971,0.876881,-0.0611406,-0.00139746,0,0,1
2345,8.53514,30.386,1.26856,1.04722,1.04181,1.00574,0.935719,1.07984,-0.0657759,-0.00122625,0,0,1
2346,11.2671,40.3734,2.57555,0.930648,1.03557,0.993121,1.00357,1.35687,-0.0828454,-0.000385781,0,0,1
2347,93.5963,-366.213,8.12644,1.23047,0.984467,1.00744,0.996652,0.669702,0.138562,-0.00208282,0,0,1
2348,39.7171,142.17,-9.86704,1.02153,0.974642,1.00878,0.974538,0.644052,0.0275433,-0.000960505,0,0,1
2349,63.1616,-226.958,17.7114,1.00608,1.00542,0.994656,0.988551,1.05127,-0.0214025,0.000693353,0,0,1
2350,221.25,-849.431,-26.2046,0.719445,0.981216,1.00303,1.056,1.11891,0.0488031,-0.000717056,0,0,1
2351,10.4884,-37.5738,-3.30508,1.1246,0.98613,1.00638,1.00648,1.31809,0.125389,-0.000318588,0,0,1
2352,30.9941,111.035,-5.92808,1.08563,1.01085,1.00671,0.972365,0.809574,0.0268634,-0.00110397,0,0,1
2353,616.564,4148.16,1712.64,1.14161,1.02947,0.991578,0.996149,1.27769,0.0186257,-0.000331743,0,0,1
2354,10.3977,36.9686,1.2297,0.96415,1.00198,0.995112,1.00344,0.618893,-0.0442648,-0.00112415,0,0,1
2355,1.95775,6.89495,0.643888,1.08779,0.974341,1.01056,0.956471,0.892963,-0.407095,-0.00270539,0,0,1
2356,7.56429,-27.1171,-2.53628,0.930065,0.994949,0.9883,0.972483,1.0251,0.177799,-0.000417419,0,0,1
2357,3.01598,-10.6957,-0.961619,1.32461,0.984472,1.00434,1.00862,1.17021,0.310728,0.00105946,0,0,1
2358,14.2159,-50.6013,-3.51161,1.01598,0.971867,0.996868,0.89497,1.22886,0.0729813,8.63924e-05,0,0,1
2359,26.3337,-93.8811,4.23984,1.28493,0.994604,1.00079,0.988145,0.676416,-0.0264274,0.00120013,0,0,1
2360,1029.16,3947.41,-51.766,1.13009,0.989561,1.00458,0.943821,0.948353,0.012014,-0.00024014,0,0,1
2361,8.48919,-30.2312,-1.83422,1.54625,0.995172,0.994159,1.03816,1.41273,0.0987624,0.000608342,0,0,1
2362,5.65286,20.0867,0.983883,1.31263,1.00743,0.996658,1.00969,0.950515,-0.107646,-0.00163993,0,0,1
2363,6.0464,-21.6574,-2.07742,1.08305,0.991383,0.99786,0.992757,0.922129,0.215572,-0.000453756,0,0,1
2364,20.0237,-72.0759,-5.52971,1.32896,1.0331,0.996016,0.940476,1.27113,0.0622889,-5.44864e-05,0,0,1
2365,6.16824,22.1516,1.89116,0.763189,1.03657,0.996097,0.954532,1.01873,-0.185075,-0.000139871,0,0,1
2366,58.9276,220.995,-29.9909,1.00297,0.975231,0.977741,0.982608,0.839819,0.0581878,-0.00139009,0,0,1
2367,18.888,66.9512,1.31855,1.01536,0.990745,1.00806,0.976402,0.624062,-0.0149187,-0.000749948,0,0,1
2368,4.08637,-14.5575,-1.26351,0.706126,1.01588,1.0156,1.00759,0.85425,0.248421,0.000528498,0,0,1
2369,42.4689,-153.251,13.7367,1.15249,1.01227,1.01247,0.986334,1.23713,-0.0367223,0.0011126,0,0,1
2370,20.7083,74.8323,7.40811,1.24771,1.01548,1.01024,0.974419,0.855612,-0.080471,0.000423795,0,0,1
2371,14.8497,52.9479,-1.72137,1.03349,1.00795,1.00557,1.01565,1.03191,0.0314485,-0.00186312,0,0,1
2372,13.861,-49.0602,-0.68252,0.987364,0.97785,1.0027,0.991544,0.835532,0.0141776,0.00111952,0,0,1
2373,12.9467,46.0523,-0.134197,1.07785,1.02505,0.997696,1.0239,0.669279,0.00317628,-0.00160142,0,0,1
2374,5.82124,20.764,1.87238,0.582788,0.977738,1.00168,1.05319,0.879178,-0.20264,0.000180421,0,0,1
2375,66.0632,245.042,-31.7175,0.834083,0.977602,1.01232,1.03059,0.762541,0.0438956,-0.00107967,0,0,1
2376,40.4725,150.538,20.0023,0.984842,1.03916,0.983151,1.00535,1.19505,-0.0752962,0.000750096,0,0,1
2377,55.2003,-203.849,-26.8365,0.70791,0.952662,1.00526,0.945605,0.968216,0.0574768,-0.00062668,0,0,1
2378,4.85734,-17.215,-1.16313,1.31614,0.986807,1.00984,0.978666,0.810985,0.166275,0.00106234,0,0,1
2379,10.2231,-36.2066,-1.58134,1.00889,0.989128,1.01271,1.0349,0.907814,0.0584677,0.000843337,0,0,1
2380,27.2265,-97.2968,5.59275,1.13095,0.993819,1.00488,0.981845,0.60069,-0.0330553,0.00129055,0,0,1
2381,17.5233,-63.5857,-6.36219,0.839026,1.02292,0.98956,0.994073,1.11526,0.0984679,-0.000518332,0,0,1
2382,15.1965,-54.3606,-3.96986,1.22949,1.01894,1.00264,0.99405,1.07843,0.0741189,3.39672e-05,0,0,1
2383,6.33447,22.3977,0.707128,1.06945,0.983529,0.996063,0.991261,0.698499,-0.0620014,-0.00196739,0,0,1
2384,3.71066,-13.1952,-1.02513,0.923862,1.0306,1.00593,0.982688,1.28111,0.232976,0.00140938,0,0,1
2385,28.9742,-103.964,7.07174,1.22438,1.00278,0.996651,1.0441,1.07166,-0.0383284,0.00135699,0,0,1
2386,6.57144,23.2884,0.897246,1.08502,0.996552,1.00504,0.992874,1.30158,-0.0737282,-0.00166185,0,0,1
2387,27.5397,98.8097,8.093,1.02377,0.981432,1.00934,1.02845,1.0475,-0.0479048,0.000132398,0,0,1
2388,3.56049,12.6872,1.16443,0.531992,1.00483,0.97742,0.98446,0.587419,-0.29042,-0.000747094,0,0,1
2389,7.5159,26.6541,0.842345,1.3365,1.00802,1.01587,0.98024,1.09939,-0.0539417,-0.00162514,0,0,1
2390,34.9033,-124.112,-0.644575,1.27199,1.00254,0.992625,0.9828,1.03313,0.00233576,0.000523816,0,0,1
2391,17.6929,-63.0756,-3.57596,0.784025,0.991734,0.995862,0.975078,0.979382,0.0487524,0.000259851,0,0,1
2392,3.46907,-12.3014,-1.15128,0.840635,0.973119,1.01418,0.990164,1.28296,0.298509,0.000300742,0,0,1
2393,68.1131,-241.689,4.52391,0.86666,0.992746,1.00235,0.970314,1.01681,-0.0043522,0.000358844,0,0,1
2394,10.4261,-37.5723,-4.0333,0.877873,0.970551,1.00432,0.991037,0.70335,0.163155,-0.000957927,0,0,1
2395,15.0637,-53.7479,-3.10098,1.37617,1.00335,0.991192,1.02553,0.679123,0.0580338,0.000316074,0,0,1
2396,4.28829,-15.2164,-1.12675,0.950473,0.987881,1.00143,0.983678,0.691111,0.201528,0.00104531,0,0,1
2397,3.93206,14.0175,1.28609,0.758211,0.996012,0.990891,1.0233,1.09679,-0.273469,-0.000360901,0,0,1
2398,4.59103,-16.402,-1.56663,0.761968,1.00525,0.988824,1.06977,1.04764,0.25882,-5.73115e-05,0,0,1
2399,55.1148,-196.601,10.9163,0.858034,0.983331,0.998095,0.986193,0.941953,-0.0162875,0.00063621,0,0,1
2400,8.9713,-31.9034,-1.82762,0.956766,0.991142,0.997839,1.02058,1.55035,0.0880788,0.000645921,0,0,1
2401,19.0676,67.8523,4.00656,1.12524,0.973149,1.00545,0.946596,1.29981,-0.0462464,-0.000190796,0,0,1
2402,3.71702,-13.2801,-1.35339,0.897492,1.01383,0.991811,0.989874,1.15554,0.317542,4.38525e-06,0,0,1
2403,13.4949,48.245,3.24921,1.0434,1.01681,1.00856,0.983484,1.02626,-0.0744077,-0.000176657,0,0,1
2404,3.07609,-11.0301,-1.26303,0.905147,1.03076,1.00507,1.00284,0.865317,0.40479,-0.000330559,0,0,1
2405,17.3426,62.5269,6.25104,1.24942,0.970108,1.00183,1.06833,1.06761,-0.0954793,0.000533235,0,0,1
2406,21.7606,-78.7485,6.63085,1.24248,1.02285,0.989883,0.987335,1.01104,-0.064623,0.00207835,0,0,1
2407,50.2777,-188.205,-25.5136,1.1493,0.990166,0.986876,1.01152,0.562788,0.0721882,-0.000813759,0,0,1
2408,13.4333,47.6113,0.0689278,0.729978,0.977299,1.00556,1.01017,0.927699,-0.00148107,-0.00137643,0,0,1
2409,3.05932,-10.8144,-0.84903,0.805273,0.976908,0.999361,1.0402,0.979567,0.265727,0.00171219,0,0,1
2410,4.46178,15.961,1.59383,0.749148,0.990735,1.00408,0.987765,1.04199,-0.276735,0.000385124,0,0,1
2411,4.07367,14.6699,1.56596,0.577624,1.03118,0.991565,0.995203,0.710649,-0.318691,0.000403711,0,0,1
2412,7.47006,-26.5612,-1.26634,0.916091,1.0306,0.999539,1.04229,0.96627,0.0846139,0.00123459,0,0,1
2413,193.795,-739.968,53.9209,1.27778,0.989604,1.00678,1.00133,0.735339,-0.0457844,0.00094399,0,0,1
2414,6.33772,22.6707,2.36753,1.42856,0.957858,1.00452,0.996944,0.904982,-0.227668,0.000932315,0,0,1
2415,48.4209,180.692,-23.9579,0.944103,0.98337,0.997103,1.0135,1.21987,0.0653234,-0.00158323,0,0,1
2416,13.4237,47.7381,1.41767,0.868322,0.998172,0.991857,1.01677,1.12555,-0.0315878,-0.000916932,0,0,1
2417,12.833,-45.7153,2.31613,0.806413,0.993452,1.01202,0.945744,0.861231,-0.0563297,0.00247484,0,0,1
2418,9.43898,-33.6079,-2.65077,0.736456,0.965677,0.999203,0.972699,0.800872,0.119467,-4.64162e-05,0,0,1
2419,6.49919,23.2427,1.56674,0.818744,1.03305,0.990491,0.942255,0.949548,-0.136567,-0.000798921,0,0,1
2420,5.76376,-20.5134,-1.36214,1.23024,0.998063,0.992278,1.03745,0.849216,0.147204,0.0008928,0,0,1
2421,11.052,39.218,1.41599,1.02183,0.996743,1.00546,1.03308,1.02259,-0.0449878,-0.000965835,0,0,1
2422,6.05063,21.4685,1.49188,1.24631,0.979318,1.0078,0.987311,1.14676,-0.145802,-0.000624814,0,0,1
2423,7.32457,-25.9868,-1.32344,1.19028,0.971619,1.01749,0.981387,0.777765,0.0901426,0.000967749,0,0,1
2424,45.6098,-162.839,9.11861,1.55351,0.980533,0.988935,1.03054,0.95266,-0.0198858,0.00077641,0,0,1
2425,9.25144,-33.3412,-3.5532,1.3608,0.992599,1.00467,0.960605,1.16091,0.178713,-0.00094716,0,0,1
2426,8.23203,29.3714,1.96854,1.23254,1.00197,1.00037,0.996703,1.03606,-0.112258,-0.000448477,0,0,1
2427,26.2559,96.4035,11.5836,0.749252,1.00978,0.991533,1.01316,0.49045,-0.0900625,0.000760321,0,0,1
2428,5.9697,-21.1892,-1.55444,0.767994,0.979023,1.00299,0.9759,1.04121,0.157172,0.0004968,0,0,1
2429,9.92016,36.0751,4.03571,0.732165,1.01612,0.986356,1.00618,0.811627,-0.183151,0.00106565,0,0,1
2430,7.37529,26.4278,2.41609,0.858808,1.01648,1.00415,1.00003,1.05759,-0.173748,0.000283035,0,0,1
2431,22.8318,84.3931,11.1195,0.77021,1.01663,1.02078,1.01004,1.09433,-0.120912,0.00118378,0,0,1
2432,8.27296,-29.736,-2.27929,0.84621,1.04214,0.988019,0.992942,0.625506,0.132751,0.000225307,0,0,1
2433,11.8717,42.3617,2.81494,0.949639,0.989443,0.999494,1.03991,0.741192,-0.0813881,-0.000229524,0,0,1
2434,44.7141,166.895,22.6607,0.947232,1.02767,0.997939,0.979913,1.15535,-0.0744269,0.000794653,0,0,1
2435,23.1495,82.2998,2.80324,1.02189,0.970217,1.00937,0.98674,0.857811,-0.0215201,-0.000431219,0,0,1
2436,10.8948,-39.0593,-3.37072,0.857559,0.994074,1.00531,0.94316,1.13933,0.119519,-0.000270386,0,0,1
2437,15.6514,-55.8525,-3.20643,0.934289,1.00217,0.995554,0.965145,1.12479,0.0555963,0.000299632,0,0,1
2438,7.03809,-25.0118,-1.02902,1.20427,1.01222,0.998481,1.00494,0.764455,0.076289,0.0014936,0,0,1
2439,35.1609,-126.385,-11.5594,0.929711,0.94272,1.01303,1.02642,1.0146,0.0441202,-0.000238504,0,0,1
2440,14.7353,-52.1675,-0.659407,0.99536,0.982004,1.00948,0.981286,0.866903,0.0121488,0.00106727,0,0,1
2441,85.5685,-326.133,-26.8401,1.3027,0.974451,1.01833,1.04514,1.0834,0.0952273,-0.0013493,0,0,1
2442,5.91222,21.6021,2.6933,1.19509,1.0456,0.982628,1.0031,0.821719,-0.30713,0.00165751,0,0,1
2443,68.1926,256.176,35.0282,1.01247,1.00589,1.01518,0.971673,1.08596,-0.0547244,0.000629925,0,0,1
2444,4.73004,-16.7829,-0.821825,1.15158,1.01656,0.993905,1.00839,0.728993,0.122766,0.00211811,0,0,1
2445,6.93202,-24.7376,-1.95549,1.07936,1.005,1.02337,1.00379,0.980415,0.152533,0.000136834,0,0,1
2446,4.48363,-15.957,-1.21717,1.0983,0.99942,0.991713,0.98228,1.10662,0.204389,0.00091116,0,0,1
2447,7.72688,-27.9015,-3.08218,0.966147,0.996989,0.976655,1.05581,0.749505,0.216745,-0.0010713,0,0,1
2448,6.19266,22.0541,1.51903,0.839778,0.983092,0.980184,1.00674,1.08463,-0.145261,-0.000693313,0,0,1
2449,6.02293,21.4792,1.30669,0.945421,1.02566,0.983315,0.956336,0.676333,-0.129588,-0.00117258,0,0,1
2450,9.80708,-34.998,-2.36611,0.402996,0.99845,0.998989,0.991821,0.97581,0.0987709,0.000295238,0,0,1
2451,15.7035,55.6823,1.2522,1.03666,0.977916,1.00907,0.95761,0.98836,-0.0202136,-0.000844554,0,0,1
2452,3.57848,12.7212,1.12163,0.928688,0.945486,1.00438,1.01881,0.674815,-0.275163,-0.000427292,0,0,1
2453,15.9823,56.8709,2.50924,0.939155,0.951244,0.999787,0.983468,1.20354,-0.0396362,-0.000471009,0,0,1
2454,13.8168,-49.3386,-3.25064,0.905663,1.00102,1.00938,1.00844,0.748086,0.0711425,0.000174297,0,0,1
2455,36.1115,-132.075,-15.3163,1.09665,0.998706,0.995765,1.05656,1.10773,0.0637616,-0.000533583,0,0,1
2456,4.11016,14.6554,1.28215,0.527617,1.00016,1.00796,0.97233,0.590027,-0.24973,-0.000448564,0,0,1
2457,9.14978,32.9415,3.38015,0.802564,1.0052,1.02125,1.00074,0.755771,-0.169337,0.000788322,0,0,1
2458,9.06062,32.2464,1.46789,0.83264,1.01552,0.997775,1.02695,0.886961,-0.0689628,-0.00100267,0,0,1
2459,59.0768,218.092,-27.5937,0.786239,0.972811,1.0019,0.993179,0.976869,0.0457763,-0.00114862,0,0,1
2460,3.02857,10.7203,0.768473,1.24219,0.982885,0.987694,0.984242,1.14843,-0.243605,-0.00228794,0,0,1
2461,8.15903,-29.2184,-2.57243,1.02354,1.00595,1.00744,0.996458,1.07623,0.154658,-0.000252637,0,0,1
2462,11.8701,42.0549,1.46689,1.14513,0.976538,0.999354,1.01437,1.07712,-0.0407991,-0.000895925,0,0,1
2463,10.6027,38.0544,3.42707,0.899088,0.981329,0.992312,1.03374,1.10368,-0.12881,0.000369762,0,0,1
2464,3.5044,-12.5093,-1.38384,0.86675,0.983176,1.01911,0.991736,0.841919,0.360455,-0.000756048,0,0,1
2465,8.22794,29.1479,0.407758,0.796261,0.999604,1.00736,1.04078,0.876152,-0.0220213,-0.00195851,0,0,1
2466,13.5254,-49.0187,-5.65913,0.807766,0.985852,0.999391,0.970872,1.15688,0.147799,-0.0010731,0,0,1
2467,66.6162,-252.34,33.3377,1.18477,0.993984,1.00238,1.03908,1.05581,-0.0750629,0.00166786,0,0,1
2468,7.05268,24.95,0.59552,0.753889,0.986368,1.01321,1.01941,0.776775,-0.0425744,-0.00193453,0,0,1
2469,3.92653,-13.9233,-1.14508,1.30855,0.978342,1.00236,0.986116,0.900772,0.239232,0.0007695,0,0,1
2470,3.92618,-13.9411,-0.854678,1.07285,1.02572,0.993066,0.979989,1.26445,0.175315,0.00214449,0,0,1
2471,66.647,-255.05,-16.0296,1.06688,0.993161,0.976043,0.980591,1.36581,0.151796,-0.00219337,0,0,1
2472,5.18174,-18.657,-2.20127,0.931932,0.994749,1.01991,1.02165,0.748573,0.309589,-0.00157496,0,0,1
2473,12.1011,44.5741,5.87687,1.21408,1.01726,0.984247,1.01566,1.0452,-0.202195,0.0017268,0,0,1
2474,18.276,-64.8445,-3.11414,0.716781,0.977189,0.998713,1.01339,1.05059,0.0390994,0.000368232,0,0,1
2475,5.60755,-19.9436,-1.40478,0.933077,1.00491,1.02169,1.00583,1.1837,0.156904,0.000711808,0,0,1
2476,21.3,-77.2746,-8.74734,1.12451,0.992722,1.01268,0.986483,1.03768,0.096487,-0.000736271,0,0,1
2477,11.992,43.0941,3.79785,1.2003,1.01674,0.997302,1.01476,1.37057,-0.112772,0.000263138,0,0,1
2478,9.73031,34.5594,0.390054,1.0426,1.00518,0.99919,1.02515,0.787216,-0.0156389,-0.00174139,0,0,1
2479,11.0768,39.7118,3.32615,1.4814,1.00345,1.01587,1.03243,1.1003,-0.112529,0.000190107,0,0,1
2480,179.556,-1858.78,-654.531,1.08412,1.03098,1.00573,0.981474,1.07207,-0.0699388,0.00124839,0,0,1
2481,4.46971,15.8403,1.15575,0.934206,0.962464,0.998517,0.994062,0.646609,-0.192935,-0.000906467,0,0,1
2482,90.1096,322.218,-7.64999,0.867243,1.02602,1.00679,0.976476,1.08001,0.00398497,-0.000289356,0,0,1
2483,29.4367,104.492,-0.703689,1.01559,0.978856,0.98405,1.03624,1.09212,0.00337326,-0.000719208,0,0,1
2484,20.4159,-72.697,2.59027,1.10742,0.994213,0.993696,1.04189,1.11777,-0.0262927,0.00141789,0,0,1
2485,8.02561,-28.7384,-2.55127,1.37614,1.00173,1.02158,0.998217,1.21499,0.156523,-0.00029958,0,0,1
2486,10.0173,-35.9685,-2.36079,1.14272,1.04978,0.99266,1.00285,1.14161,0.0956914,0.000420277,0,0,1
2487,8.57747,-30.4924,-1.41121,1.10074,1.00159,0.998838,1.00643,0.856086,0.0733028,0.00101641,0,0,1
2488,219.622,932.998,214.506,1.15835,1.03527,0.99383,0.983407,0.849257,0.0917406,-0.00176398,0,0,1
2489,12.7369,-45.7356,-4.08915,1.05109,0.991666,1.00207,0.914952,1.10262,0.109809,-0.000355835,0,0,1
2490,101.188,386.017,40.9978,1.16506,1.01765,0.991755,1.03253,0.779603,-0.0762998,0.0010553,0,0,1
2491,7.92854,28.2694,1.84248,1.11521,1.00277,0.990174,1.05196,1.32734,-0.112998,-0.000562355,0,0,1
2492,89.1206,341.609,18.646,0.990051,0.984859,1.0112,0.999634,0.642951,-0.110277,0.00160031,0,0,1
2493,3.77061,-13.4421,-1.27595,1.02103,0.992614,0.98626,0.966047,0.533014,0.292817,0.000266671,0,0,1
2494,3.85935,-13.6576,-0.726886,1.04418,0.962009,1.01892,0.972707,1.17251,0.150788,0.002136,0,0,1
2495,8.83247,31.2577,0.610615,1.24073,0.98143,0.991764,0.999639,0.983663,-0.0292467,-0.00167804,0,0,1
2496,83.3389,312.492,42.1647,0.965313,1.02306,1.02383,1.01932,0.964491,-0.0403494,0.00044263,0,0,1
2497,259.683,-1031.5,90.2253,1.0752,1.00145,1.0043,1.00233,0.892841,0.0597143,-0.000913558,0,0,1
2498,350.301,-1236.63,-47.4153,1.26672,0.991538,0.99793,0.970731,0.96559,0.00193605,2.16114e-05,0,0,1
2499,7.94403,-28.5427,-2.84637,1.13235,0.982574,0.992655,1.02051,1.30141,0.185271,-0.000708489,0,0,1
2500,15.8247,56.3901,3.38036,0.96333,0.978901,0.989181,1.05375,1.05997,-0.0564793,-0.000251799,0,0,1
2501,30.3313,113.879,15.9695,0.899492,0.993955,1.00387,0.972562,1.23546,-0.134325,0.0015945,0,0,1
2502,2.9833,10.5894,0.817593,1.25699,0.996454,0.995011,0.997109,0.994822,-0.266297,-0.00202955,0,0,1
2503,18.907,-67.8211,-5.45519,1.27365,1.00043,1.01071,0.988321,0.929625,0.0680421,-0.00014506,0,0,1
2504,12.0651,-43.5059,-4.54614,1.1762,0.985985,0.985104,0.978895,0.576088,0.141664,-0.000775358,0,0,1
2505,6.58745,-23.406,-1.56101,0.816318,0.980888,0.993219,1.00615,1.12249,0.132347,0.000661127,0,0,1
2506,12.4471,44.1203,0.959804,0.935661,0.988248,0.993977,0.944395,1.03227,-0.0243179,-0.0011357,0,0,1
2507,13.3792,47.6292,1.61357,0.633496,1.00695,0.986977,1.0209,1.29328,-0.0366467,-0.000858189,0,0,1
2508,2.08512,7.43027,0.903222,0.78757,1.02209,1.0035,1.04516,1.07872,-0.524861,-0.000721789,0,0,1
2509,6.40676,22.709,1.14881,0.916988,0.982864,0.991308,0.970146,1.05709,-0.100335,-0.00129844,0,0,1
2510,12.2498,-44.2778,-4.67269,0.531479,1.01455,1.00633,1.05021,1.00123,0.139843,-0.000768933,0,0,1
2511,2.78641,-9.93354,-1.00123,0.990992,1.01848,0.985787,1.04024,0.965052,0.369855,0.00102034,0,0,1
2512,10.3079,37.2885,4.2605,0.836947,0.979338,0.989601,1.00914,0.664113,-0.181556,0.00118843,0,0,1
2513,8.47675,30.136,1.26339,0.844122,0.999679,0.994917,0.966881,0.97448,-0.0665692,-0.00116569,0,0,1
2514,36.7221,131.6,8.16203,1.09728,0.992754,0.988865,1.02096,0.989276,-0.0271359,-6.84291e-05,0,0,1
2515,67.4648,240.474,5.16186,1.03476,0.991546,0.998102,0.980077,1.19287,-0.00475859,-0.000203818,0,0,1
2516,6.61647,-23.4555,-0.861036,0.936596,1.00115,1.00681,0.991049,0.897895,0.0701583,0.00170982,0,0,1
2517,5.7327,20.4928,1.81191,1.36598,1.016,1.01479,1.02464,1.09281,-0.201018,3.1214e-05,0,0,1
2518,5.14386,-18.2595,-1.4545,1.00577,0.984286,1.0159,0.989157,0.935277,0.190906,0.000395493,0,0,1
2519,82.1766,308.351,42.4545,1.0898,1.00255,0.994031,1.01283,0.73011,-0.0466534,0.000537101,0,0,1
2520,17.8683,66.0745,8.83413,0.883349,1.0102,0.993872,0.979261,0.978062,-0.153283,0.00146115,0,0,1
2521,4.72862,17.0454,1.80471,1.05877,1.02937,0.98682,1.02837,0.88802,-0.288381,0.000563795,0,0,1
2522,14.0219,49.9187,1.63564,0.623177,1.01292,0.994721,1.01835,1.15616,-0.0338345,-0.000831828,0,0,1
2523,5.20197,18.5551,1.62519,0.958174,0.975873,0.986991,1.00305,0.819432,-0.214479,-7.22093e-05,0,0,1
2524,25.128,-90.4241,-8.17081,1.00271,1.02575,1.0262,1.03589,0.852622,0.0599756,-0.000252567,0,0,1
2525,11.7008,-41.7016,-2.39587,0.769507,1.01634,0.990273,0.989354,1.26782,0.0718285,0.000481044,0,0,1
2526,8.21048,-29.6294,-3.28937,1.03136,0.992861,0.981873,0.960737,0.74996,0.207758,-0.00109892,0,0,1
2527,9.78231,-34.9114,-2.85089,1.20395,0.968856,0.987494,1.00325,0.791228,0.121845,-0.00011702,0,0,1
2528,68.8256,257.186,-34.1921,0.754174,0.994036,0.987865,1.01059,0.6429,0.0455334,-0.00111192,0,0,1
2529,10.3581,37.061,2.98166,0.832065,0.994519,1.01197,1.027,1.13377,-0.113053,8.83177e-05,0,0,1
2530,114.332,-441.933,-10.8045,0.71404,0.999889,1.00249,0.982167,1.2449,0.100035,-0.00147645,0,0,1
2531,5.09179,18.1386,1.55794,1.01727,0.982877,1.00384,1.01393,0.82133,-0.210549,-0.00015824,0,0,1
2532,6.99723,24.9093,1.56516,0.947804,1.00659,1.01483,0.987025,1.27657,-0.11761,-0.000733523,0,0,1
2533,474.614,-1818.09,-44.5739,0.891302,1.01886,0.990222,1.03269,0.924399,0.0248333,-0.000366402,0,0,1
2534,4.24025,14.9872,0.831346,0.905454,0.983449,1.00471,0.956742,1.10226,-0.148288,-0.00194875,0,0,1
2535,28.3005,101.495,-6.01123,1.21333,0.998182,0.984116,1.00233,0.988549,0.0333068,-0.00129086,0,0,1
2536,14.0758,50.2345,2.8376,0.947855,1.02635,1.00037,0.955847,1.19,-0.0593188,-0.000400332,0,0,1
2537,95.8325,343.817,-17.7992,0.858753,1.02289,1.00632,0.985843,0.980459,0.00846599,-0.000355503,0,0,1
2538,31.4711,-114.817,12.0206,1.44878,1.01516,1.00204,0.995026,1.30323,-0.0611397,0.0017231,0,0,1
2539,5.02799,-17.757,-0.499829,1.03495,0.988209,1.01655,1.03074,1.06526,0.065381,0.00261211,0,0,1
2540,16.7352,-59.4908,-1.16097,1.1371,1.02878,0.993881,1.04182,0.974092,0.017295,0.000906708,0,0,1
2541,5.88002,21.0106,1.74656,1.34253,1.02145,0.999728,0.992199,1.10131,-0.184239,-0.000248169,0,0,1
2542,8.38476,-29.7053,-1.52429,0.935482,0.982052,1.00328,0.982998,1.09432,0.0819966,0.000859585,0,0,1
2543,4.34494,15.6249,1.88224,1.00173,0.984871,1.00672,0.97145,0.953792,-0.35695,0.00163279,0,0,1
2544,6.53024,-23.1334,-0.824115,1.19465,0.993205,0.996073,0.982608,0.725977,0.0690717,0.00178672,0,0,1
2545,47.3161,174.343,21.421,1.00497,0.995927,0.998266,1.00971,0.633391,-0.0543299,0.000502914,0,0,1
2546,8.06319,28.7657,1.09322,0.838483,1.04928,1.00152,0.98951,0.848902,-0.0629533,-0.00144349,0,0,1
2547,11.1645,-39.6884,-1.13977,1.10048,1.01533,0.989969,0.950287,0.694063,0.0364789,0.00116405,0,0,1
2548,4.00822,-14.3287,-1.50961,0.960332,0.980321,0.989859,0.973885,1.20815,0.318622,-0.000553202,0,0,1
2549,11.9453,-42.5261,-1.91419,1.14932,1.01379,0.995911,0.948131,0.885654,0.0544353,0.000724349,0,0,1
2550,6.05163,21.5631,1.515,0.92298,1.00813,1.00088,1.04739,1.07897,-0.150136,-0.000677829,0,0,1
2551,17.2145,-61.2076,-0.427327,1.16016,1.02019,1.00485,1.00697,1.07775,0.00598819,0.00104198,0,0,1
2552,19.1165,69.1315,6.05615,0.939571,1.03802,1.00574,1.0027,1.07478,-0.0752336,0.000232736,0,0,1
2553,24.2769,90.0184,12.1389,0.834332,1.0019,1.02089,1.02301,0.905355,-0.123838,0.00128953,0,0,1
2554,8.33248,29.7118,1.7856,1.06257,1.02493,0.992875,0.980243,1.09252,-0.0989717,-0.000721556,0,0,1
2555,35.3077,132.179,18.1236,1.06231,1.00057,0.993684,1.00668,1.14206,-0.0959681,0.00104652,0,0,1
2556,127.328,-484.892,-38.3391,0.876564,1.00696,0.997383,0.976047,1.0862,0.0705749,-0.00100464,0,0,1
2557,7.33652,-26.2322,-2.47068,1.26919,0.978771,1.00835,1.05025,0.944117,0.179816,-0.000484834,0,0,1
2558,3.51462,-12.5426,-1.31688,0.730004,0.984441,1.00227,1.01603,1.46237,0.34128,-0.000323906,0,0,1
2559,2.53082,-9.0367,-1.1129,0.867293,0.997297,1.00666,0.979396,1.07386,0.493395,-0.000664388,0,0,1
2560,102.406,386.686,53.0969,1.06842,0.989678,0.975964,0.983094,0.871642,-0.0456562,0.000561628,0,0,1
2561,5.07273,18.0832,1.45938,1.18638,0.994968,0.97809,0.957247,0.994066,-0.200743,-0.000519412,0,0,1
2562,19.3533,-69.4975,-5.94326,0.616908,1.00136,0.992001,0.955966,1.20934,0.0725317,-0.000217324,0,0,1
2563,18.2132,-64.8214,0.458831,1.21762,1.02004,0.969464,1.03468,1.03467,-0.00589855,0.00123881,0,0,1
2564,8.10464,-29.0943,-2.72499,1.01693,1.00193,0.975585,1.01617,1.3584,0.169293,-0.00038807,0,0,1
2565,207.864,-792.08,67.4334,1.16474,1.02779,1.00964,1.0407,1.16395,-0.0416722,0.000864931,0,0,1
2566,10.9255,-39.0708,-2.97886,1.03027,1.0145,1.01171,1.02702,0.514058,0.103,2.21206e-05,0,0,1
2567,10.0053,-35.9067,-3.31156,1.11392,1.01632,1.024,1.00999,1.26657,0.137826,-0.000425621,0,0,1
2568,13.209,47.4339,2.565,0.767919,1.05146,0.981697,1.03501,0.818882,-0.0615804,-0.000527958,0,0,1
2569,12.5814,44.75,-0.0443159,1.16597,1.02043,0.993728,1.04341,1.01134,0.0011144,-0.00161167,0,0,1
2570,9.72724,34.9029,3.15615,0.94822,1.00489,1.00226,1.00517,1.46811,-0.138508,0.00034938,0,0,1
2571,105.504,-649.883,398.397,0.792802,0.987711,1.01985,0.996385,0.905187,0.126732,-0.00205508,0,0,1
2572,4.66549,16.578,1.24854,0.827917,0.993743,1.00923,1.02,0.574047,-0.192948,-0.000810307,0,0,1
2573,44.0308,-157.979,-12.2834,1.00605,1.01047,1.00438,0.953834,1.11468,0.0299499,-6.72113e-05,0,0,1
2574,6.80324,-24.0474,-0.11902,0.643918,0.987742,1.0092,0.982196,1.02637,0.00911266,0.00263037,0,0,1
2575,4.25429,15.0577,1.0188,1.03167,0.978423,1.0003,0.928127,0.653488,-0.182957,-0.00135274,0,0,1
2576,62.1517,222.541,-9.96499,1.00699,1.02156,0.991332,1.00463,1.04292,0.0113605,-0.000523921,0,0,1
2577,2.10484,-7.44419,-0.75011,1.01101,0.978134,0.998221,1.02326,1.03962,0.427849,0.0018764,0,0,1
2578,24.4685,-87.3441,4.27715,1.23148,0.988402,0.987758,1.00208,0.987779,-0.0311709,0.00134929,0,0,1
2579,4.89267,17.4165,1.23138,0.981911,0.993625,0.987205,1.00391,0.893635,-0.177025,-0.00100351,0,0,1
2580,11.2157,39.7911,1.78754,1.05341,0.989886,1.0056,1.00934,0.773138,-0.0555473,-0.000747724,0,0,1
2581,6.02049,-21.5387,-1.95711,1.15514,1.0123,1.00521,1.02885,0.72697,0.201343,-0.000168781,0,0,1
2582,11.5176,-41.2388,-3.31309,0.521091,1.01569,0.995976,1.01004,0.624712,0.105178,-6.75152e-05,0,0,1
2583,32.1061,-116.203,-10.482,0.765579,1.03086,1.00336,0.953967,1.22085,0.0491446,-0.000214099,0,0,1
2584,16.0036,57.2372,-2.90323,0.751895,0.996962,0.994272,1.00093,0.985017,0.0470972,-0.00205261,0,0,1
2585,9.36804,-33.3007,-2.13163,0.929568,0.987917,1.00684,0.982215,0.954981,0.0948776,0.000408632,0,0,1
2586,7.31292,-26.063,-1.73697,0.758921,1.01522,1.00462,0.973911,0.900604,0.122872,0.00058587,0,0,1
2587,9.05945,-32.1982,-1.04636,1.19011,1.0201,1.00411,1.04027,0.87335,0.048844,0.00133763,0,0,1
2588,7.9073,28.2233,2.15931,0.920345,0.993253,1.00699,1.00927,1.15763,-0.13314,-0.000151231,0,0,1
2589,25.6581,-91.2164,-1.10836,1.01864,0.996035,0.98344,1.00449,1.30954,0.00729354,0.000645695,0,0,1
2590,6.46317,23.1758,2.25797,0.943272,1.01194,0.99889,0.988325,1.13876,-0.207448,0.000464532,0,0,1
2591,3.82852,-13.7966,-1.58883,0.986861,1.03181,0.996158,1.00665,1.16371,0.363018,-0.000844278,0,0,1
2592,16.5571,-59.0182,-1.83064,0.48087,1.05013,1.01052,0.984729,1.06922,0.0276885,0.000738538,0,0,1
2593,5.59012,-19.9503,-1.67401,1.02139,0.99651,1.00875,0.9719,1.0635,0.193114,0.000145298,0,0,1
2594,9.17775,-32.782,-2.42538,0.859408,1.00039,0.990964,1.02532,1.25755,0.116112,0.000165889,0,0,1
2595,16.993,60.2929,-0.20922,1.03286,0.985849,0.987441,0.969382,1.05927,0.00291872,-0.00119824,0,0,1
2596,24.7181,88.3571,4.88471,0.858803,1.00203,0.978991,0.996176,1.04092,-0.0352033,-0.000206618,0,0,1
2597,3.1895,-11.4185,-1.0839,1.14837,1.03995,0.988862,0.987829,1.16137,0.321564,0.00100529,0,0,1
2598,16.5955,-59.7571,-4.89939,1.06209,1.02594,0.99136,0.989273,1.07599,0.0796026,-0.000140405,0,0,1
2599,11.5172,-41.1064,-3.52211,1.30028,0.961598,1.00087,1.02211,1.4653,0.111574,-0.000278428,0,0,1
2600,468.776,-1782.11,93.3042,1.07479,0.987948,0.990482,0.993081,0.960864,-0.0214763,0.000437994,0,0,1
2601,56.839,203.243,-6.82589,0.949396,1.00785,1.00236,1.02141,0.773788,0.00909131,-0.000503752,0,0,1
2602,6.86959,-24.5204,-1.97151,0.795438,0.989914,1.00236,1.05644,0.884716,0.158084,0.000102456,0,0,1
2603,53.4496,202.196,26.9025,1.02924,0.996238,0.990989,0.997332,1.23473,-0.102737,0.00132724,0,0,1
2604,101.267,450.279,74.1402,1.1844,0.989333,1.01116,0.924374,1.09538,0.0973628,-0.00177788,0,0,1
2605,3.71004,-13.165,-1.04664,1.09899,0.990641,1.00911,0.935947,0.865249,0.238557,0.00108146,0,0,1
2606,24.3859,86.4938,1.58773,0.81656,0.977636,0.987737,1.00744,1.45822,-0.0110687,-0.000599994,0,0,1
2607,4.81664,-17.2859,-1.81319,0.854866,1.0304,1.01608,0.991821,0.910513,0.276806,-0.0006029,0,0,1
2608,13.1756,-48.9583,-6.73151,1.17751,1.0236,0.985784,1.00517,0.692332,0.210887,-0.00199376,0,0,1
2609,10.2838,37.0518,3.81858,1.14882,0.994141,1.00137,1.02177,0.964971,-0.156586,0.000773332,0,0,1
2610,5.92033,-21.0267,-0.888469,1.14488,1.02843,0.997283,1.06836,1.52424,0.0893283,0.00185984,0,0,1
2611,74.3092,268.263,23.2718,1.01833,0.996001,0.994138,1.09685,1.11333,-0.0200297,7.84832e-05,0,0,1
2612,13.1248,47.7151,5.72373,0.66201,0.990191,0.998457,1.04477,0.978513,-0.159397,0.00121401,0,0,1
2613,8.75679,31.4797,3.40093,0.690426,0.970115,1.01559,1.04497,0.983058,-0.185697,0.00102917,0,0,1
2614,8.62942,-30.5755,-1.04419,0.861082,0.971135,1.01054,1.01445,0.749246,0.052379,0.00125089,0,0,1
2615,71.8943,-274.305,-27.5914,0.708127,0.966296,1.00416,0.994355,0.834342,0.10022,-0.00138924,0,0,1
2616,3.9434,14.0366,1.12312,1.12746,1.00082,1.00224,1.0338,1.00425,-0.232716,-0.000971213,0,0,1
2617,21.663,-77.2618,-3.87192,1.03418,1.00103,0.985826,0.989503,1.01667,0.0361499,0.000294941,0,0,1
2618,3.70799,13.1974,1.12575,0.662522,1.00518,0.999398,0.936462,1.12447,-0.260351,-0.000868421,0,0,1
2619,7.61403,-27.051,-1.0711,1.52091,0.991198,0.975834,1.00079,0.586282,0.0696271,0.00142004,0,0,1
2620,16.7824,60.707,6.08634,0.768913,1.01149,0.996577,0.954061,1.11964,-0.0997582,0.00051365,0,0,1
2621,11.8222,-42.3975,-3.68138,0.586901,0.990177,0.982415,0.980933,1.03398,0.114137,-0.000272792,0,0,1
2622,112.217,-627.432,413.829,0.83248,0.984213,0.983519,0.973828,1.1445,0.0953086,-0.00155963,0,0,1
2623,22.4011,-80.1674,5.08722,1.21753,0.981921,0.989752,1.00042,0.736631,-0.0445145,0.00165326,0,0,1
2624,17.0626,61.459,5.91613,0.711216,0.973537,0.999635,0.975966,0.924816,-0.0923695,0.000457242,0,0,1
2625,8.14326,28.8701,1.23547,1.24586,0.994058,1.0069,0.982411,0.919036,-0.0691083,-0.00116386,0,0,1
2626,24.4254,-87.5349,-6.66523,0.938272,1.0009,0.9891,1.00797,0.909877,0.0512745,-6.62912e-05,0,0,1
2627,21.501,78.0263,7.45336,0.855705,1.02104,0.983025,1.0184,0.814447,-0.0768052,0.000359665,0,0,1
2628,4.73277,-16.7848,-0.583502,0.923714,1.01075,0.986496,0.975825,1.17923,0.0866696,0.00274678,0,0,1
2629,3.3479,11.8838,0.781543,1.20271,1.00378,0.986353,0.983919,0.904826,-0.210071,-0.00236981,0,0,1
2630,30.6505,-110.58,-10.7456,0.926312,0.991559,0.989643,0.985172,1.10564,0.0562024,-0.000315238,0,0,1
2631,3.36926,11.9468,0.995331,1.01217,0.994672,1.02154,1.024,0.525722,-0.2649,-0.00109013,0,0,1
2632,8.68438,-31.0421,-1.85128,0.958287,1.03139,0.985332,1.01839,0.836313,0.0962411,0.000708034,0,0,1
2633,13.267,-47.067,1.23983,1.08141,0.988059,0.997065,1.02852,0.709122,-0.0281274,0.00194711,0,0,1
2634,18.7109,68.0947,7.94098,1.09752,0.994233,1.00009,1.05933,1.24116,-0.11275,0.000867447,0,0,1
2635,8.90223,31.5141,1.14329,1.36318,0.973725,0.994228,0.995762,0.825267,-0.0544565,-0.00120357,0,0,1
2636,12.3449,-44.2618,-3.77759,1.1085,1.02396,1.01575,0.962968,1.24072,0.105474,-0.000214615,0,0,1
2637,39.7865,-141.112,-0.391766,1.1472,0.986408,0.988696,0.993798,1.30933,0.00109734,0.00047041,0,0,1
2638,2.93432,-10.4714,-1.16594,1.27016,1.00986,1.00515,1.02157,1.00648,0.403296,-0.000131778,0,0,1
2639,15.4532,-55.7463,-5.69034,0.561077,0.971195,0.99481,0.940114,0.991472,0.110758,-0.000644466,0,0,1
2640,18.013,65.0863,6.71094,0.855309,0.988111,0.9909,0.998994,1.12445,-0.0977807,0.000575504,0,0,1
2641,4.38938,-15.6523,-1.49119,1.47222,0.974855,0.993185,1.00516,1.00996,0.264863,-0.000126459,0,0,1
2642,6.07271,21.61,1.28264,1.20414,1.02193,1.00097,1.01594,0.900805,-0.124545,-0.00114036,0,0,1
2643,25.5895,90.778,2.0591,1.24918,0.974468,0.98819,0.97989,1.00385,-0.0130928,-0.000524781,0,0,1
2644,27.3298,-98.5582,-9.50212,1.16558,1.00185,1.00828,0.985066,0.954328,0.0612111,-0.000333233,0,0,1
2645,14.249,50.9076,3.16303,0.7998,1.01361,1.00339,0.996187,0.654631,-0.0651016,-0.000262596,0,0,1
2646,15.9909,56.7024,1.81033,0.958647,0.977474,1.00378,1.02107,0.784134,-0.0284962,-0.000688978,0,0,1
2647,6.40957,22.8784,2.17257,0.773299,0.96625,1.00364,1.02351,0.848701,-0.200349,0.000482832,0,0,1
2648,15.5346,55.8978,5.03386,1.17721,1.01197,0.996461,1.02029,0.888183,-0.0926943,0.000303111,0,0,1
2649,13.6041,49.9151,6.59873,1.13485,0.98221,0.999509,1.00957,0.696191,-0.186114,0.00171394,0,0,1
2650,9.10337,-32.6009,-2.80996,0.951904,1.01659,1.00262,1.02298,1.2739,0.138044,-0.000182658,0,0,1
2651,5.31026,18.9415,1.51179,0.779842,1.00897,1.01542,0.988852,0.835413,-0.188794,-0.000411371,0,0,1
2652,2.79231,-9.9035,-0.997383,0.801367,0.979284,1.00697,0.963664,1.24334,0.36867,0.000545683,0,0,1
2653,12.3716,-44.0337,-2.02726,0.894314,1.02044,0.993411,1.00008,0.793237,0.0541141,0.000688877,0,0,1
2654,21.5325,-76.5935,-2.31304,0.675018,1.0018,0.996951,1.02152,1.00458,0.0212103,0.000542231,0,0,1
2655,7.92032,28.5265,3.15368,1.25929,0.971254,1.00869,0.984982,1.02395,-0.20878,0.00116898,0,0,1
2656,145.098,971.252,-637.754,1.16711,1.02069,1.00597,0.992579,1.13636,-0.0800047,0.00130307,0,0,1
2657,26.6959,95.1048,3.84637,0.796749,0.997319,1.00482,0.975527,0.883729,-0.0227596,-0.000329269,0,0,1
2658,5.43738,19.4446,1.8,0.952382,1.01782,1.01583,0.995379,0.795455,-0.219911,0.00016194,0,0,1
2659,4.34733,15.613,1.49478,0.918462,1.03704,0.994147,1.01449,1.13529,-0.268864,-0.000124776,0,0,1
2660,4.41561,-15.6403,-0.469181,1.12513,1.01356,1.01313,1.00896,1.17096,0.0770458,0.00306865,0,0,1
2661,53.994,-193.085,-12.6369,1.20339,0.977422,0.985696,0.958697,1.32003,0.0202162,1.26256e-05,0,0,1
2662,21.439,77.2234,6.98591,0.821731,0.982236,0.997109,1.0262,0.97266,-0.0699182,0.000294033,0,0,1
2663,10.0302,35.7325,2.23634,1.26208,0.989006,0.997343,1.02289,0.843663,-0.0879568,-0.000418863,0,0,1
2664,67.5153,253.267,34.9291,1.10839,1.00912,1.00551,1.02572,0.817872,-0.0571707,0.00066219,0,0,1
2665,14.3059,51.5199,4.46185,0.596977,1.01647,0.985878,1.07345,1.03954,-0.0959391,0.00022459,0,0,1
2666,11.3241,-40.6976,-3.83343,1.15127,0.999246,1.00541,0.976792,0.669543,0.129206,-0.000488551,0,0,1
2667,8.48675,30.4071,2.58576,0.944656,1.01365,0.990499,0.975802,0.968995,-0.143887,9.47105e-05,0,0,1
2668,3.9928,-14.2586,-1.42611,0.920108,1.01003,0.995219,0.987974,0.906494,0.297776,-7.74076e-05,0,0,1
2669,5.78263,20.6194,1.93013,0.875831,0.969644,1.00222,0.982895,0.881581,-0.212448,0.000353301,0,0,1
2670,7.79531,27.7012,1.76123,0.886471,0.985521,1.00152,0.977768,1.02332,-0.109211,-0.000585611,0,0,1
2671,58.0826,-206.673,3.84191,1.11772,1.02538,1.00902,0.978985,1.4801,-0.00512698,0.000429381,0,0,1
2672,8.00809,-28.9276,-3.35048,1.01856,1.00394,1.02449,0.97994,1.18809,0.221541,-0.00137388,0,0,1
2673,11.7721,-42.2707,-3.89057,1.09973,0.98056,0.995384,0.997107,1.03772,0.121707,-0.000436577,0,0,1
2674,7.62711,27.215,1.89048,0.529748,1.01138,0.998221,0.987245,0.813759,-0.124358,-0.00046269,0,0,1
2675,3.89209,14.017,1.51557,1.179,1.04153,0.995319,1.01942,1.25001,-0.332385,0.00037225,0,0,1
2676,20.1607,72.6359,4.85137,1.16519,1.04731,0.990719,0.99684,0.896656,-0.0529434,-0.000115756,0,0,1
2677,8.32061,29.8013,2.56922,0.818128,1.00399,1.01307,1.02113,1.23968,-0.14743,0.000199494,0,0,1
2678,3.91778,13.9757,1.37624,0.934285,0.979248,0.993349,0.987905,0.698325,-0.296383,0.000105241,0,0,1
2679,7.05143,-25.0585,-1.10828,0.91507,1.0106,1.0033,0.988863,1.02871,0.0817598,0.00137282,0,0,1
2680,3.5285,-12.4967,-1.04745,1.04127,0.979642,1.00935,0.995659,0.707868,0.260841,0.000910201,0,0,1
2681,9.79936,-35.0332,-2.63496,0.927892,0.992417,0.989484,0.961085,0.952137,0.112128,8.53333e-05,0,0,1
2682,28.9426,-102.958,0.717709,1.05521,1.01364,1.0019,0.951413,1.41364,-0.00372065,0.000744954,0,0,1
2683,338.86,1308.75,-60.713,1.08512,0.987106,0.995954,1.01751,0.928291,0.0310667,-0.000630692,0,0,1
2684,7.86046,28.218,2.18584,0.996716,1.04153,1.00109,0.954225,1.1255,-0.137662,-0.000227089,0,0,1
2685,6.74165,23.9168,1.58562,1.04863,0.980724,1.00857,0.926786,1.06376,-0.127445,-0.00061805,0,0,1
2686,9.05267,32.4216,1.73577,0.918588,1.05219,0.998703,1.01503,1.03878,-0.0825689,-0.000847922,0,0,1
2687,10.7554,-38.3998,-2.62759,1.11775,1.0128,1.00078,1.00075,0.914078,0.0928767,0.000242923,0,0,1
2688,38.8078,-139.622,-12.0056,1.41156,0.995344,1.00897,0.985045,0.566352,0.0380793,-0.000155082,0,0,1
2689,4.67644,16.6509,1.28519,0.936251,1.01339,1.00046,1.03984,1.39926,-0.199886,-0.000816487,0,0,1
2690,6.53664,23.2868,1.49809,0.898006,1.01197,1.00718,1.00152,0.886292,-0.128291,-0.000792111,0,0,1
2691,2.06231,-7.32801,-0.875031,1.05859,0.989643,1.00369,1.03329,1.29164,0.524277,0.000529696,0,0,1
2692,8.5119,30.2934,-0.432654,1.05246,1.01717,1.00504,0.987743,1.16594,0.0222078,-0.00269825,0,0,1
2693,56.4435,204.798,-16.5385,1.21373,1.0389,1.00297,0.976309,0.91117,0.0244724,-0.000792572,0,0,1
2694,23.1334,82.369,0.840732,1.19072,1.02128,0.997739,0.953798,1.09335,-0.00656498,-0.000747737,0,0,1
2695,2.89272,-10.2614,-0.920497,0.657555,0.999289,1.02827,1.04687,1.12246,0.314453,0.00115375,0,0,1
2696,195.694,747.732,77.4139,1.11669,1.02028,0.988754,0.963531,0.937208,-0.040807,0.000567067,0,0,1
2697,15.3093,-55.6348,-6.46867,1.08727,0.999782,1.0029,1.04056,0.968136,0.134144,-0.000996365,0,0,1
2698,25.2681,91.4048,9.0041,1.24431,1.00319,0.990331,1.01265,0.832968,-0.0674554,0.000362056,0,0,1
2699,14.4296,51.7397,4.11155,0.954208,1.00557,1.01306,0.986672,0.975669,-0.0844994,0.000108191,0,0,1
2700,49.7329,177.768,7.24557,1.41385,1.00807,1.00911,0.955538,0.964598,-0.0126292,-0.00017161,0,0,1
2701,11.2207,-40.161,-3.15395,1.01874,0.993061,0.994851,0.969293,1.15172,0.105015,-5.65036e-05,0,0,1
2702,39.2482,-139.349,-6.40571,0.946778,0.973277,0.994257,1.00875,0.926754,0.0183676,0.000169246,0,0,1
2703,8.01298,-28.4762,-1.51725,1.37613,1.00296,1.01182,0.990531,1.07695,0.0887695,0.000874752,0,0,1
2704,7.05326,25.3344,2.7252,1.143,0.957889,0.985199,0.986032,0.925717,-0.221546,0.00105056,0,0,1
2705,3.54788,12.5928,1.03207,1.02754,0.986334,1.00287,1.05493,0.94025,-0.253994,-0.00107886,0,0,1
2706,7.80784,27.969,2.50962,1.03871,0.972046,0.97779,1.01451,1.09023,-0.164872,0.000305756,0,0,1
2707,6.7281,24.0469,1.95872,1.37225,1.02265,1.00012,0.960225,0.859344,-0.162892,-0.000185105,0,0,1
2708,8.51153,-30.1075,-0.904696,1.14263,0.982369,1.00853,1.0325,1.15954,0.0465487,0.00141402,0,0,1
2709,7.16209,25.4772,1.27995,1.08324,1.02634,1.02047,1.00715,0.704777,-0.0912585,-0.00114952,0,0,1
2710,7.33501,-26.2707,-2.32773,0.831958,1.01422,0.99232,1.01899,0.775753,0.169467,-0.000161602,0,0,1
2711,5.63417,20.2472,1.86107,0.853949,1.03207,0.996256,0.98235,0.814647,-0.214711,6.29799e-05,0,0,1
2712,154.29,-581.916,76.6983,0.795475,1.01097,1.00295,1.05164,0.902453,-0.0334101,0.000740897,0,0,1
2713,5.29377,-19.119,-2.11046,0.721445,1.0235,0.988648,0.968169,0.846918,0.282588,-0.000953146,0,0,1
2714,20.5931,73.0406,-1.14401,0.82686,0.985884,1.00535,1.02093,0.797852,0.0109387,-0.00111496,0,0,1
2715,51.7814,-183.32,-1.31955,0.799145,0.975167,0.992708,0.987021,0.846297,0.00218855,0.000331419,0,0,1
2716,58.2477,-219.737,30.1674,0.734728,1.02012,1.01261,0.9902,1.27534,-0.0737071,0.00168467,0,0,1
2717,44.4862,167.339,23.0181,0.855985,0.988535,1.00874,1.00689,0.99248,-0.0967047,0.00117588,0,0,1
2718,5.13508,-18.183,-1.20523,0.853478,0.982246,1.00822,0.966395,1.21983,0.156647,0.00100569,0,0,1
2719,16.3848,-58.1155,-2.1957,0.843476,0.976074,1.0128,0.920391,1.01248,0.0333627,0.000561678,0,0,1
2720,15.2948,-54.4537,-2.24033,0.753158,1.01932,1.00121,0.991023,0.93621,0.0398672,0.000608085,0,0,1
2721,7.52119,-27.024,-2.78344,1.19835,0.998555,0.992986,1.00859,0.609861,0.200443,-0.00078462,0,0,1
2722,4.42974,-15.8254,-1.52964,0.635168,1.00834,1.0051,1.02176,0.896978,0.267809,-0.000132677,0,0,1
2723,4.44439,-15.8754,-1.52774,0.926166,0.996159,0.996716,1.08911,1.01054,0.267236,-0.000141233,0,0,1
2724,5.81209,20.6038,0.882633,1.10392,0.982631,0.980204,1.01901,1.04574,-0.0916714,-0.0018043,0,0,1
2725,1082.22,4175.78,-576.008,1.02754,0.968895,1.00154,1.0296,0.750999,0.00288149,-6.95754e-05,0,0,1
2726,9.85899,-35.1759,-2.27739,0.865245,1.00912,1.00524,0.98427,1.56923,0.0936426,0.000375789,0,0,1
2727,4.88111,-17.4262,-1.58747,0.881296,1.01309,1.00394,1.00772,0.983463,0.233986,5.14531e-05,0,0,1
2728,19.4061,-69.3695,4.1688,1.06039,0.990597,1.00182,1.02825,0.844731,-0.0474032,0.00182965,0,0,1
2729,13.6683,-48.5922,-1.13538,1.06267,1.02982,1.01902,0.975522,0.863218,0.0244479,0.00100719,0,0,1
2730,5.51076,-19.7824,-2.09915,0.951406,1.00562,0.992416,1.0019,0.911215,0.259352,-0.00079652,0,0,1
2731,4.21283,-15.0922,-1.61732,0.838492,1.01907,1.00583,0.958251,0.671955,0.310826,-0.000575147,0,0,1
2732,7.94625,28.6862,2.68302,0.873864,1.04442,0.999802,0.97448,0.854635,-0.17111,0.000349063,0,0,1
2733,30.3303,-113.442,-15.7468,0.76046,0.990344,1.0082,0.987612,0.894511,0.117446,-0.00132897,0,0,1
2734,5.44784,19.2842,0.95687,0.813284,0.990869,1.00788,1.0318,1.04871,-0.11006,-0.00161367,0,0,1
2735,11.2896,40.3277,2.60566,0.971467,1.01082,1.00535,0.961625,1.11707,-0.0829865,-0.000309337,0,0,1
2736,22.6663,-81.9282,-8.41874,0.798368,0.984532,1.01182,1.03688,1.06401,0.0792941,-0.000510477,0,0,1
2737,19.8881,-73.4624,-9.74737,0.871141,1.00186,0.992601,1.00158,1.03082,0.140752,-0.00136915,0,0,1
2738,13.967,-49.6728,-0.96565,0.927203,1.02839,0.986279,0.984885,0.806096,0.0202944,0.00110796,0,0,1
2739,4.00807,14.2411,0.990582,0.851668,1.00487,1.00393,0.984294,1.38097,-0.197598,-0.00149194,0,0,1
2740,157.105,561.759,21.2603,0.831477,0.967919,1.00075,0.982051,0.913426,-0.00349959,-5.87653e-05,0,0,1
2741,13.7237,48.7112,0.566273,0.651944,0.972122,1.01475,0.929008,1.0245,-0.0116509,-0.00114469,0,0,1
2742,7.75319,-27.6664,-2.17844,0.921135,0.989724,1.00627,1.00169,0.630624,0.140029,7.62603e-05,0,0,1
2743,9.15808,32.4246,1.26922,1.13627,0.984292,1.00718,1.01973,0.736791,-0.0570835,-0.00108608,0,0,1
2744,16.7983,59.8101,-2.45996,1.11116,0.997374,1.01138,1.02242,1.04191,0.0353468,-0.00175952,0,0,1
2745,251.392,984.014,-11.036,1.46269,0.989796,1.00227,1.00724,1.10078,-0.0510514,0.000764973,0,0,1
2746,5.26829,18.653,0.715932,0.879421,0.985128,0.985093,1.00014,1.22873,-0.0877549,-0.00220536,0,0,1
2747,19.3267,68.8835,-3.24466,1.25557,0.99341,1.00884,1.02224,0.764431,0.035874,-0.00162049,0,0,1
2748,6.78775,-24.2014,-1.74258,1.02186,0.994118,0.99237,1.01752,0.742563,0.142251,0.000452451,0,0,1
2749,18.0412,64.3022,-2.12098,1.19527,0.997717,0.995933,1.01464,1.0818,0.0268233,-0.00155307,0,0,1
2750,11.8908,-42.5895,-3.49405,1.01831,0.998808,1.01522,1.00484,0.589813,0.103745,-0.000165804,0,0,1
2751,24.5836,-87.2751,-0.533204,1.05707,1.00054,1.00129,1.04107,0.838208,0.00374896,0.000725105,0,0,1
2752,10.8462,-38.4077,-1.19271,1.21661,0.980565,1.014,0.958322,0.930502,0.0391837,0.00104705,0,0,1
2753,5.72209,-20.2463,-0.951069,1.04138,0.970896,0.998191,0.991503,0.86496,0.101229,0.00156708,0,0,1
2754,6.60855,-23.8139,-2.63985,0.842547,1.00831,0.999126,0.977027,1.01399,0.241036,-0.0010987,0,0,1
2755,10.8324,-38.912,-3.66266,1.1049,0.996316,0.994125,0.989268,1.11271,0.134549,-0.000480161,0,0,1
2756,8.72178,31.2715,2.81672,0.78459,1.00842,0.999715,1.0486,1.02442,-0.150408,0.000305061,0,0,1
2757,18.2146,64.7287,3.32413,0.889371,0.981958,1.01343,1.01287,0.785731,-0.0412805,-0.000319014,0,0,1
2758,26.561,95.5977,-7.08163,0.849726,0.994878,0.985944,0.987945,0.96589,0.0454817,-0.00155127,0,0,1
2759,27.9841,100.166,5.27409,1.15009,1.02037,0.97899,1.03238,1.25823,-0.0297381,-0.000218329,0,0,1
2760,68.6921,-244.32,-4.11228,1.38819,1.01199,1.00663,1.00161,1.14304,0.00394434,0.000215635,0,0,1
2761,5.00305,17.7596,1.35916,0.949215,0.977265,0.998434,0.976323,0.960738,-0.187244,-0.000619365,0,0,1
2762,5.52761,19.7652,1.7799,1.02703,1.00091,0.995022,0.99361,1.13299,-0.212739,6.33773e-05,0,0,1
2763,7.87849,-28.1621,-2.29385,1.18298,0.999819,0.979082,1.05523,0.908276,0.146758,4.11159e-05,0,0,1
2764,9.54266,34.2173,3.03736,0.926281,0.994045,0.981414,0.975156,0.922829,-0.138977,0.000284212,0,0,1
2765,17.8894,-63.9941,3.44249,1.06539,0.988088,0.976246,0.955661,1.12972,-0.0464981,0.00193133,0,0,1
2766,6.11236,-21.5999,-0.647355,1.02586,0.978384,1.0024,0.967176,1.15374,0.0606162,0.00205668,0,0,1
2767,24.0968,86.546,6.75478,1.16488,0.994461,1.00131,1.00756,1.15546,-0.0522965,9.10571e-05,0,0,1
2768,6.04054,21.6889,2.20212,1.3567,1.01086,0.99215,1.00459,1.00805,-0.229668,0.000596971,0,0,1
2769,194.259,1181.05,-675.895,1.21338,0.991527,0.996857,0.99512,1.28152,-0.0610137,0.0010311,0,0,1
2770,12.7805,46.6202,5.38048,0.89858,1.01789,0.993303,1.03813,0.719628,-0.156265,0.00107408,0,0,1
2771,278.351,1260.56,-165.797,1.09061,1.00252,1.006,0.936451,1.24699,-0.0358913,0.000597717,0,0,1
2772,22.9372,81.7781,5.19844,1.21206,0.98401,1.00918,1.02103,0.941378,-0.0421954,-0.000100587,0,0,1
2773,15.0723,-53.6665,1.33319,1.44232,1.03388,1.0152,1.00476,1.27964,-0.0239443,0.00172846,0,0,1
2774,59.6369,213.753,-10.5363,1.18491,1.00296,0.992885,0.985338,1.02522,0.0130981,-0.000561728,0,0,1
2775,13.9621,-49.748,-3.21739,0.950767,0.983437,0.996827,0.935504,0.941741,0.0689289,0.000195491,0,0,1
2776,7.48139,26.5806,0.804807,0.972825,1.02355,1.01009,1.02268,0.763613,-0.0525921,-0.00172155,0,0,1
2777,16.4419,-58.5313,-2.43443,1.04524,1.02405,0.993198,0.984659,0.737146,0.0379478,0.000569504,0,0,1
2778,41.7402,150.343,12.6513,1.22285,0.982783,1.00115,1.01208,1.06779,-0.0337811,0.000118367,0,0,1
2779,3.3142,11.7271,0.895203,1.03106,0.963903,1.00487,1.01034,0.894436,-0.246234,-0.00143282,0,0,1
2780,5.54948,19.8015,1.6002,0.817294,1.0095,0.99746,1.0006,1.08528,-0.18696,-0.000372187,0,0,1
2781,63.0958,232.308,27.599,1.06328,1.02031,0.997481,0.963078,1.08049,-0.0380005,0.000325133,0,0,1
2782,15.3483,54.6087,0.0790701,0.746124,1.00995,0.998889,1.00365,1.00947,-0.00134884,-0.00125895,0,0,1
2783,5.58847,-20.0817,-1.99267,1.10053,1.01234,0.980674,0.954378,0.880227,0.238051,-0.000415065,0,0,1
2784,6.76409,24.0494,1.16594,0.86376,1.01817,0.994191,1.01689,1.00022,-0.0930987,-0.00135566,0,0,1
2785,10.3649,36.7708,1.89471,0.723416,0.990335,1.01735,1.01989,0.54605,-0.0681233,-0.000644675,0,0,1
2786,5.48269,-19.6132,-1.94301,1.09031,0.985339,1.01147,0.995179,1.09987,0.237195,-0.000572907,0,0,1
2787,26.6212,-96.1916,-9.73133,1.03714,0.987213,1.00574,0.983511,0.889293,0.0673199,-0.000424197,0,0,1
2788,12.0227,42.8159,0.638398,1.34657,1.04026,0.994184,1.02,0.840375,-0.0174613,-0.00139445,0,0,1
2789,7.69971,-27.4749,-1.9757,0.952531,1.00072,0.993194,0.962012,1.46544,0.129182,0.000348081,0,0,1
2790,15.7626,-56.7269,-5.39053,0.918821,1.00055,0.994926,0.949162,1.19599,0.0989414,-0.000436164,0,0,1
2791,19.5202,71.1856,8.10222,0.804454,0.991376,0.97614,0.997379,1.1352,-0.106972,0.000785454,0,0,1
2792,77.7675,295.406,37.7489,1.34295,0.997226,0.998172,0.997526,0.911117,-0.0751063,0.000987671,0,0,1
2793,30.4142,-108.143,-2.9158,1.2801,0.997156,0.994864,0.975681,0.805803,0.0137023,0.000405122,0,0,1
2794,2.85911,10.182,1.01649,1.3256,0.998873,0.994333,0.999227,0.740525,-0.36242,-0.000738203,0,0,1
2795,9.61283,34.147,2.11577,0.949979,0.980797,1.02075,1.03783,1.11631,-0.0884594,-0.000413209,0,0,1
2796,13.1066,-46.8103,-3.15026,1.13453,1.00206,1.00745,1.00404,0.659361,0.0765174,0.00016412,0,0,1
2797,23.4523,87.3366,11.6485,1.06001,1.02152,0.98836,1.0035,1.44774,-0.124019,0.00121883,0,0,1
2798,486.819,1991.25,-312.114,1.09987,1.00807,1.01125,0.993355,1.35225,-0.0362362,0.000562204,0,0,1
2799,44.9671,163.91,-15.3234,0.919709,1.02198,0.982159,1.00333,0.838746,0.037403,-0.00112147,0,0,1
2800,5.40639,-19.1878,-1.4872,0.815705,0.968499,1.00727,0.975588,1.20166,0.17981,0.000385831,0,0,1
2801,11.571,41.4622,3.3619,1.12677,1.02043,1.00771,1.01493,0.795566,-0.104726,8.65081e-05,0,0,1
2802,258.995,-1003.03,17.0003,0.909845,1.01657,0.992665,1.01222,1.0554,-0.0465998,0.000936596,0,0,1
2803,8.40436,-29.9348,-2.07605,1.29941,0.996772,1.01224,1.05448,0.831656,0.113488,0.000331395,0,0,1
2804,77.2702,291.967,39.3746,1.39202,0.978824,0.995775,0.998369,0.883826,-0.0635429,0.000802776,0,0,1
2805,4.96701,-17.7839,-1.76457,1.0968,1.01298,0.993905,0.984976,0.950995,0.25598,-0.000330913,0,0,1
2806,46.5817,167.434,12.5362,1.25268,1.0009,0.992966,1.05024,0.825727,-0.0266864,3.4112e-05,0,0,1
2807,14.7405,52.6318,-2.01612,1.24774,1.00949,0.999256,0.977908,0.824417,0.0378297,-0.00199946,0,0,1
2808,11.1101,-39.6358,-2.4784,0.86498,1.00568,0.999554,1.01885,0.998795,0.0818942,0.00036053,0,0,1
2809,17.79,-63.6853,-4.60706,0.894497,1.01517,0.990055,1.00321,1.33043,0.0642066,2.77795e-05,0,0,1
2810,43.6266,155.553,7.02257,1.18182,0.994046,1.00952,1.05835,1.16112,-0.0157619,-0.000165685,0,0,1
2811,4.16827,-14.9523,-1.62907,0.738368,1.01736,1.00008,1.03052,0.990713,0.319998,-0.000651234,0,0,1
2812,7.27648,26.0278,1.50881,1.32364,1.03906,0.98901,0.974176,1.05842,-0.106949,-0.000987048,0,0,1
2813,54.2325,-194.502,-13.1196,0.793878,1.02812,1.00016,1.0416,0.636232,0.0209296,1.0294e-05,0,0,1
2814,30.4195,111.657,12.1101,1.01087,1.0543,0.997436,1.03908,1.46139,-0.0660958,0.000443848,0,0,1
2815,139.844,502.907,21.7651,1.03375,1.02684,0.987614,0.967744,0.948379,-0.00478497,-6.24334e-05,0,0,1
2816,3.52533,-12.6148,-1.43023,0.985234,0.990695,0.993411,1.02265,0.835711,0.375629,-0.00080622,0,0,1
2817,4.22062,-15.0062,-1.05255,0.733168,1.01474,0.997295,1.00578,0.850718,0.193399,0.00140329,0,0,1
2818,33.2148,124.79,17.4175,0.871897,0.983939,0.999451,0.95405,1.00818,-0.115307,0.00134115,0,0,1
2819,9.32379,-33.3451,-3.21922,0.752648,0.954229,0.998856,1.00362,0.956182,0.154173,-0.000623451,0,0,1
2820,35.3003,128.162,-12.5611,1.22264,1.00841,1.00046,0.988231,0.941403,0.0486672,-0.00142688,0,0,1
2821,4.58349,16.3137,1.22608,1.24172,0.997714,0.990759,1.05303,0.837116,-0.197791,-0.000924757,0,0,1
2822,16.9782,60.1474,0.297658,0.977552,0.976538,0.992036,0.988969,0.842534,-0.00414157,-0.00105748,0,0,1
2823,117.624,452.727,27.6365,0.821052,1.05622,1.01495,0.974305,1.11502,-0.0884257,0.00128063,0,0,1
2824,2.94633,-10.4316,-0.949428,1.29311,0.987687,1.02191,1.02775,0.863462,0.317189,0.000972934,0,0,1
2825,976.464,-14194.9,-3019.51,0.927473,1.01831,1.00776,0.939921,0.656539,-0.0110893,0.000196209,0,0,1
2826,33.8459,-122.71,-12.3353,0.964632,1.01003,0.996084,0.994176,1.11221,0.0538019,-0.00032838,0,0,1
2827,9.88588,-35.238,-2.11909,0.849212,0.997797,0.989498,1.00161,0.958909,0.0869056,0.000503517,0,0,1
2828,5.27732,-18.9463,-1.98195,0.870952,1.01508,1.00071,0.945034,0.895203,0.261078,-0.000676576,0,0,1
2829,40.9954,147.423,-10.2237,1.14235,0.993315,0.982908,1.01204,1.32635,0.0278546,-0.000977155,0,0,1
2830,10.8652,38.6605,2.58834,1.2589,0.978614,1.02566,0.973553,1.02847,-0.0866606,-0.000208187,0,0,1
2831,9.01842,32.2028,2.36755,1.10682,1.0005,1.01291,1.02801,0.891032,-0.114365,-0.000169769,0,0,1
2832,37.2008,-132.553,-5.02966,1.23036,1.02848,1.02762,0.993637,1.01322,0.0159025,0.000244285,0,0,1
2833,7.76934,27.6175,0.853124,0.677091,1.00892,0.993401,1.01285,0.905193,-0.0524662,-0.00164506,0,0,1
2834,106.097,382.592,-27.3539,1.22369,0.979869,0.984128,0.963262,0.907282,0.0110379,-0.000379659,0,0,1
2835,3.40045,-12.0261,-0.829585,0.958148,0.983858,0.998599,0.987935,1.02949,0.216728,0.00195555,0,0,1
2836,4.64425,16.5746,1.45765,1.19848,1.00242,1.00932,0.954197,0.825844,-0.231842,-0.000214912,0,0,1
2837,224.032,-793.81,34.6046,0.906814,0.988266,1.00876,0.96502,1.25308,-0.00325217,0.000142093,0,0,1
2838,8.59623,30.9481,3.21834,1.29265,0.993345,1.0043,1.02468,1.13607,-0.182486,0.000852262,0,0,1
2839,16.7245,-59.8902,-5.4892,0.780169,0.962197,1.01445,0.927989,1.09893,0.0872415,-0.000386064,0,0,1
2840,3.74148,13.3702,1.39369,1.03851,1.01547,1.01414,0.966802,1.16011,-0.323381,0.000274458,0,0,1
2841,11.6229,41.9593,4.50125,1.1626,0.988951,1.02925,0.955247,1.07424,-0.146998,0.00089286,0,0,1
2842,6.75118,24.0655,1.87666,0.849442,0.984972,0.998676,1.01894,0.9531,-0.154119,-0.00021775,0,0,1
2843,65.1797,240.064,29.0382,1.19453,0.995582,0.999518,0.972825,0.65848,-0.0384028,0.000348797,0,0,1
2844,6.06161,21.8373,2.41576,1.05241,1.01176,0.999187,0.972109,1.01873,-0.254854,0.00105245,0,0,1
2845,4.7454,-17.098,-1.86494,1.2198,1.03176,1.00513,1.00988,1.02369,0.29609,-0.000798187,0,0,1
2846,3.335,11.7818,0.812596,1.01002,0.975645,1.00075,1.01152,1.10245,-0.219146,-0.00195713,0,0,1
2847,97.3561,-351.42,-33.4967,0.751288,0.986339,1.01414,0.962634,0.881082,0.0179253,-0.00011074,0,0,1
2848,4.60286,-16.4077,-1.45207,0.860384,0.996381,1.0177,0.988051,1.14528,0.233372,0.000153683,0,0,1
2849,18.1871,66.3621,8.18289,0.911156,0.988241,1.01001,0.968099,0.95819,-0.126677,0.00108698,0,0,1
2850,17.1878,-62.6543,-7.15624,1.05557,1.00658,0.993124,0.953709,0.922473,0.120485,-0.000883259,0,0,1
2851,4.1621,14.7856,1.03613,1.07573,0.994426,0.996747,0.975318,1.03362,-0.194545,-0.00135902,0,0,1
2852,6.98452,24.8783,1.82645,1.47467,0.981297,0.991411,0.98148,1.08052,-0.140738,-0.000364066,0,0,1
2853,14.3937,-52.3974,-5.63569,0.864779,1.0351,0.984764,1.01441,0.545818,0.128275,-0.000745109,0,0,1
2854,23.4671,83.4956,4.06069,0.833121,0.989156,1.00705,0.961227,1.01489,-0.0309576,-0.000279047,0,0,1
2855,2.78812,9.90198,0.884979,1.16313,1.01503,1.00489,1.00842,1.05085,-0.322928,-0.00158808,0,0,1
2856,7.03267,-25.2565,-2.57395,0.88506,0.994285,0.99644,1.0303,0.930568,0.208246,-0.000760817,0,0,1
2857,3.3029,11.6982,0.918585,0.909735,0.989713,1.01152,1.00089,0.969771,-0.252158,-0.0014628,0,0,1
2858,2.92125,-10.3833,-0.963606,1.30287,1.00529,1.00588,0.995001,0.785492,0.329362,0.00108708,0,0,1
2859,7.04929,-25.0323,-0.916062,1.16254,1.01978,0.992258,0.957398,1.19353,0.0677922,0.00167959,0,0,1
2860,16.8273,60.1927,4.01254,0.457109,1.01941,0.996647,0.96459,1.0394,-0.0607931,-0.000143444,0,0,1
2861,14.1623,50.1977,0.485532,1.18313,0.981877,1.01478,0.956364,0.932211,-0.0094556,-0.00115574,0,0,1
2862,14.2582,51.1107,4.05273,1.08238,0.998833,0.983255,0.974348,1.02796,-0.086595,8.28227e-05,0,0,1
2863,20.7076,-73.9173,-4.19576,1.15145,1.00981,1.01222,1.01427,0.925894,0.0422194,0.00020896,0,0,1
2864,10.3311,37.2066,3.70323,0.736886,1.01885,1.01124,0.973778,1.12264,-0.147436,0.000609021,0,0,1
2865,21.0146,-75.4504,-6.33843,1.08706,1.00561,1.00653,0.983253,0.991441,0.0654722,-0.000191968,0,0,1
2866,5.83249,20.9624,2.27658,1.03366,0.99755,1.01007,1.01444,0.690839,-0.256281,0.00104421,0,0,1
2867,6.31962,22.6594,2.19932,0.847489,1.01352,1.00364,0.959225,0.932461,-0.209579,0.000446933,0,0,1
2868,4.74925,17.029,1.83104,1.09862,1.01118,1.00493,1.02356,0.864606,-0.289435,0.000770986,0,0,1
2869,15.7287,55.8747,-1.92973,0.957915,0.971638,0.986898,0.977258,0.856241,0.0316779,-0.00177838,0,0,1
2870,7.392,-26.3896,-2.01642,1.05414,1.00104,1.00432,1.00141,1.00579,0.14165,0.000205845,0,0,1
2871,8.48916,-30.1985,-1.35279,1.23103,1.00894,0.996966,1.01449,0.89957,0.0718601,0.00108726,0,0,1
2872,150.532,539.407,10.6541,0.912501,1.00321,0.99336,1.02603,1.10933,-0.00192078,-9.71857e-05,0,0,1
2873,4.53398,16.0858,0.895641,1.15454,0.99857,0.998873,1.02436,0.970103,-0.143439,-0.00184256,0,0,1
2874,4.3279,15.4021,1.21041,1.06982,0.999991,1.00737,0.974029,0.813856,-0.21401,-0.000815616,0,0,1
2875,15.5053,-56.6791,-7.09113,0.979416,0.995552,1.00733,0.997848,1.24318,0.150781,-0.0012969,0,0,1
2876,6.26571,22.3999,1.92227,0.724167,0.992285,0.989261,0.981906,1.02365,-0.184422,7.37718e-06,0,0,1
2877,16.5039,-58.6362,-2.02005,1.30009,0.998533,1.00125,1.03001,0.738616,0.0306181,0.000646532,0,0,1
2878,6.34792,-22.6246,-1.72722,0.962698,0.996602,1.00745,0.989816,1.05408,0.158028,0.000332607,0,0,1
2879,11.3882,40.4402,1.71471,0.802973,0.973277,1.01691,0.973434,1.10141,-0.0512348,-0.000739225,0,0,1
2880,4.4253,15.7481,1.16928,1.28304,1.01907,0.993444,0.975029,0.975806,-0.198751,-0.00114058,0,0,1
2881,14.3412,51.3532,3.41672,0.80272,1.01878,0.982335,1.02279,0.978322,-0.0705477,-0.000207456,0,0,1
2882,41.1252,151.646,18.7451,0.99378,1.02037,1.00106,1.05934,0.74688,-0.0617719,0.000557575,0,0,1
2883,10.3083,36.4778,0.678704,1.1655,0.985773,1.00258,0.963893,1.15532,-0.0242887,-0.00143199,0,0,1
2884,10.7523,-38.4635,-2.66033,1.39038,1.02537,0.989854,0.986124,0.867029,0.0944779,0.000265902,0,0,1
2885,16.4907,-58.628,-3.60622,0.775621,0.97265,0.99398,1.02615,0.862593,0.056083,0.00019445,0,0,1
2886,9.12106,-32.3996,-2.22262,1.13299,0.969566,0.995499,1.05561,1.19948,0.105106,0.000282013,0,0,1
2887,6.29569,-22.4922,-1.87232,0.966402,1.01455,0.99582,0.934854,0.995205,0.176509,0.000150805,0,0,1
2888,3.9166,-13.9954,-1.38595,1.02298,1.01508,0.998079,0.943788,0.741369,0.297109,3.18279e-05,0,0,1
2889,15.0406,53.2785,0.83085,1.14379,0.987141,1.00155,0.98345,0.872333,-0.0145789,-0.00102016,0,0,1
2890,41.0474,-150.93,-18.2426,1.29081,1.02529,1.00349,0.990719,1.13261,0.0604194,-0.000533905,0,0,1
2891,61.7822,-224.705,22.8435,0.947574,1.00774,0.997542,0.983413,0.858894,-0.0309329,0.00087353,0,0,1
2892,15.6205,-55.912,-4.14558,0.98674,1.01071,1.01346,0.984819,0.963465,0.073307,-1.49655e-05,0,0,1
2893,35.9094,-130.022,-11.6668,0.647472,1.03565,1.00699,0.99631,1.17073,0.0439722,-0.000192261,0,0,1
2894,38.8906,146.095,20.6227,1.022,1.01629,0.999082,0.992813,0.973894,-0.106633,0.00125946,0,0,1
2895,163.145,-651.178,62.3184,1.06267,0.995747,1.00286,0.990703,1.16972,0.0963583,-0.00147689,0,0,1
2896,12.0676,-42.9283,-1.65907,0.896887,0.999979,0.990921,1.00001,1.19601,0.0459853,0.000839696,0,0,1
2897,21.7686,77.5914,3.17049,0.878851,0.996815,0.995611,1.00615,0.961589,-0.0281966,-0.000409805,0,0,1
2898,14.3728,-51.8325,-5.30058,1.17553,0.998373,0.998369,0.946772,0.92212,0.117768,-0.000640247,0,0,1
2899,102.214,-367.937,-32.426,0.853721,0.984925,0.997042,0.959152,0.731647,0.0155929,-7.70373e-05,0,0,1
2900,6.01548,21.5163,1.91549,1.11961,1.0296,1.01752,1.0063,0.904679,-0.194569,4.94197e-05,0,0,1
2901,20.7225,74.235,5.28233,0.91915,1.00251,0.983527,0.999321,0.925616,-0.0546538,-2.78154e-05,0,0,1
2902,3.78541,-13.4839,-1.36046,1.08301,0.97885,1.00623,1.04824,1.31336,0.309251,-0.000237526,0,0,1
2903,20.1756,71.7463,-0.0201395,1.11847,1.01018,1.01172,0.972295,1.04647,0.000198019,-0.000962375,0,0,1
2904,153.722,-588.159,40.335,1.0112,0.990004,0.993264,0.982539,1.37877,-0.060463,0.00124319,0,0,1
2905,8.79446,31.7203,2.94174,1.26432,1.03496,1.00255,0.990731,0.988752,-0.155639,0.00036246,0,0,1
2906,283.284,1521.6,803.76,1.01324,0.992275,0.985239,0.973646,1.22736,0.0418671,-0.000753286,0,0,1
2907,7.90144,-28.065,-1.80753,1.00747,0.986162,1.00763,0.938026,0.889175,0.109497,0.000528933,0,0,1
2908,5.42972,-19.2154,-0.977677,1.03379,0.982649,0.99515,0.994318,0.838116,0.114366,0.00158353,0,0,1
2909,5.95263,21.1696,1.10492,0.87962,1.03578,1.00737,0.973283,1.01189,-0.109813,-0.00147239,0,0,1
2910,4.51248,-16.0971,-1.45903,1.20384,1.01572,1.00724,1.00752,1.14583,0.244837,0.000189534,0,0,1
2911,6.07432,-21.8625,-2.3936,0.796863,1.00364,0.988589,0.993913,0.709109,0.252823,-0.00100632,0,0,1
2912,5.29412,18.8554,1.31868,1.07181,1.00149,0.996884,0.988708,0.984343,-0.164781,-0.00088654,0,0,1
2913,39.6876,141.633,7.05072,1.06012,0.987241,0.998155,0.987165,1.15457,-0.0193673,-0.000151518,0,0,1
2914,5.5695,19.8622,1.07986,0.713547,1.04103,0.995448,1.02356,0.824695,-0.121385,-0.00158178,0,0,1
2915,21.0608,75.3509,5.20578,1.1553,0.985502,0.997093,0.957397,1.44278,-0.0510526,-4.01953e-05,0,0,1
2916,5.12713,-18.2808,-1.52005,1.02418,1.0093,0.987123,0.9906,0.764069,0.204983,0.000415332,0,0,1
2917,50.1214,187.908,26.299,0.39175,1.02118,0.998548,1.00519,1.21798,-0.0771364,0.000885123,0,0,1
2918,5.25689,18.6131,0.44061,1.10587,0.956576,1.00625,1.06592,1.14577,-0.0528334,-0.00258628,0,0,1
2919,3.87116,-13.6564,-0.510419,1.02369,0.98974,1.01271,1.02556,1.2213,0.104892,0.00309249,0,0,1
2920,15.5318,55.1306,-1.50447,0.665535,0.981786,0.993279,1.02227,0.928626,0.0250804,-0.00167982,0,0,1
2921,49.4123,-180.95,-20.7018,0.671175,1.01422,0.991089,1.03701,0.929478,0.0467785,-0.000385267,0,0,1
2922,105.626,394.759,-51.69,0.963102,1.01216,0.998788,0.983061,0.923449,0.0281261,-0.000696417,0,0,1
2923,3.22895,-11.5358,-1.25302,1.08349,1.01481,1.00043,0.994441,1.10792,0.370723,-0.00013336,0,0,1
2924,3.79333,-13.5331,-1.42524,1.09961,0.981189,1.00914,1.01711,1.14735,0.325204,-0.000518155,0,0,1
2925,21.3234,77.1161,7.88922,1.18543,0.993001,1.01278,0.994866,0.92238,-0.0823748,0.000504394,0,0,1
2926,11.402,-40.8386,-3.42499,1.21145,0.985062,0.99719,1.01365,1.17498,0.111315,-0.000208031,0,0,1
2927,17.7884,64.6685,7.34051,1.10061,0.996342,0.994495,1.01169,1.32313,-0.11332,0.000815304,0,0,1
2928,15.6944,56.5221,5.3759,1.02208,0.999382,0.996765,0.989462,1.15074,-0.098701,0.00043136,0,0,1
2929,9.07231,-32.4343,-2.57334,1.00162,0.98044,0.983904,1.01525,1.12762,0.126835,-1.28871e-05,0,0,1
2930,7.11806,25.3918,1.8664,0.749922,0.986557,0.991053,0.978964,0.973029,-0.139465,-0.000349455,0,0,1
2931,7.01972,24.9333,1.09152,1.24015,0.987095,0.978419,1.01465,1.08239,-0.0815583,-0.00141607,0,0,1
2932,28.2692,-101.152,-7.14009,0.995769,0.980227,0.989069,1.02811,0.888743,0.0406252,-1.03324e-05,0,0,1
2933,4.41764,15.6865,0.985431,0.973486,1.00167,1.00629,1.02904,0.808416,-0.165316,-0.00155512,0,0,1
2934,18.5292,66.0094,2.12853,0.826072,1.01457,0.990602,0.99445,1.12185,-0.0259623,-0.000630503,0,0,1
2935,7.38575,26.6969,3.16401,0.589154,0.968113,0.997636,1.00045,1.06782,-0.245917,0.00158439,0,0,1
2936,12.9058,-46.1734,-2.09779,0.592701,1.03409,0.975673,1.01309,1.06797,0.0525326,0.000706523,0,0,1
2937,19.5297,71.524,8.41531,1.09568,1.02085,0.991727,0.98285,0.798336,-0.112452,0.000868842,0,0,1
2938,6.52148,-23.4043,-2.30506,0.922035,1.02096,1.00708,0.99237,0.976647,0.208529,-0.000515655,0,0,1
2939,11.0064,-40.0916,-4.72004,0.723263,1.00451,0.987382,0.9401,0.852566,0.18232,-0.0012681,0,0,1
2940,15.6742,58.3498,8.10553,0.925472,1.01006,0.9858,1.02521,1.55361,-0.187939,0.00186793,0,0,1
2941,24.7239,89.6917,8.13591,0.810031,1.03725,0.988826,0.966321,1.16714,-0.063119,0.000246061,0,0,1
2942,6.27012,-22.4877,-2.26561,0.628714,0.998441,0.997126,0.96855,0.707484,0.222847,-0.000661647,0,0,1
2943,4.60322,-16.4916,-1.75232,0.691971,0.992355,0.985615,0.962453,1.08384,0.294924,-0.000704741,0,0,1
2944,3.44884,-12.2381,-1.12402,0.970272,0.964041,0.988877,1.05583,0.633861,0.295386,0.000514565,0,0,1
2945,8.13213,29.1569,2.63925,1.04022,0.99149,0.996796,1.03831,1.23937,-0.16052,0.000343929,0,0,1
2946,7.74389,-27.5775,-2.28847,0.990549,0.977174,1.01757,1.00437,1.27571,0.147096,-0.000108502,0,0,1
2947,35.4711,-129.789,15.3481,0.626063,0.969892,0.989302,1.0069,0.970273,-0.066743,0.00174411,0,0,1
2948,20.7183,74.856,7.5306,0.828366,0.989656,0.997148,1.00645,0.531615,-0.0832197,0.00047754,0,0,1
2949,10.2121,-36.2329,-1.836,1.06962,0.967341,1.00371,0.933283,0.77357,0.0688229,0.000647971,0,0,1
2950,6.47831,-23.0462,-1.29593,1.18073,1.02027,0.9998,1.00839,1.14062,0.112495,0.00113952,0,0,1
2951,34.9009,128.813,16.314,1.12194,1.01773,1.02146,0.996918,1.20523,-0.075984,0.000724366,0,0,1
2952,16.1275,57.3882,0.49308,0.9367,1.01673,0.996218,1.00434,0.995373,-0.00771424,-0.00109926,0,0,1
2953,17.0299,-62.2131,-7.72203,0.977509,0.985133,0.994746,0.949458,0.720369,0.13815,-0.00118901,0,0,1
2954,355.538,-6128.01,-881.305,0.941506,1.00614,0.987178,1.02968,1.05138,-0.0380728,0.00067624,0,0,1
2955,15.0362,-54.0534,-4.97007,0.847664,0.998313,1.00099,1.01609,0.758939,0.0988019,-0.000388256,0,0,1
2956,111.658,-396.925,-9.09347,1.36756,1.00879,0.994315,0.98693,1.07936,0.00341584,0.000117866,0,0,1
2957,286.619,-1086.41,-119.989,1.23908,0.976768,1.01054,0.966504,0.837048,0.022707,-0.000308765,0,0,1
2958,5.52556,-19.6592,-1.287,0.957642,1.01718,1.00467,0.96503,1.21999,0.148659,0.00102354,0,0,1
2959,18.9291,-67.1413,-0.746006,0.963197,0.993001,0.993484,1.07777,1.37873,0.00866133,0.000878879,0,0,1
2960,26.6383,-94.7864,-2.46829,1.3104,1.01761,0.997724,0.971904,0.95874,0.0151233,0.000484056,0,0,1
2961,7.58631,27.0905,2.07939,1.12411,1.00054,1.01357,1.04549,1.09517,-0.137854,-0.000169723,0,0,1
2962,47.0357,-168.828,-13.6971,1.33096,0.973248,0.991741,0.991322,0.989719,0.0294939,-9.59353e-05,0,0,1
2963,10.4355,37.0157,0.271203,0.86993,0.962052,1.01619,0.966026,0.78107,-0.00923847,-0.00158718,0,0,1
2964,3.64589,-13.0018,-1.28658,1.09746,0.999309,0.984111,1.00346,1.24595,0.312911,0.000163951,0,0,1
2965,4.26005,-15.2137,-1.45599,1.12496,0.992655,1.00645,1.0273,0.608332,0.271089,-9.56452e-05,0,0,1
2966,16.416,-58.5958,2.40474,0.84145,1.00781,0.990988,0.99423,0.827465,-0.0375715,0.00187095,0,0,1
2967,44.4832,158.603,-0.566504,0.957227,1.02354,1.00112,1.04738,0.829094,0.001203,-0.000468007,0,0,1
2968,6.28193,22.3217,0.980031,1.21927,1.00585,1.00261,0.942809,1.15389,-0.0881741,-0.00159038,0,0,1
2969,10.3277,-36.7696,-1.83485,1.12049,1.01232,1.00222,0.963008,0.976344,0.0682895,0.000729306,0,0,1
2970,11.6007,41.0806,1.17334,1.12546,0.988922,1.00781,1.06008,1.14952,-0.0337429,-0.00105675,0,0,1
2971,11.6088,-41.6718,-3.2939,0.921043,1.02377,0.989091,1.00542,0.498528,0.103366,-2.17748e-05,0,0,1
2972,15.3369,-54.2887,-0.73929,1.26803,0.982448,0.992181,0.962406,1.04695,0.012759,0.001037,0,0,1
2973,12.696,-45.3053,-2.82072,0.959241,1.00902,0.991931,0.98122,1.10466,0.0731101,0.000311181,0,0,1
2974,4.64439,16.4484,0.930919,0.981887,0.966529,1.00762,1.00528,0.994836,-0.14252,-0.00156269,0,0,1
2975,23.7319,-84.5252,2.36269,1.02402,1.01354,1.01078,0.963079,0.837489,-0.0178178,0.00113217,0,0,1
2976,31.4852,116.035,-13.9887,0.980155,0.992871,0.994563,1.01969,0.913571,0.0763499,-0.00199571,0,0,1
2977,11.217,40.2181,3.39823,1.13342,0.99459,1.00533,1.03039,0.889201,-0.113084,0.000211988,0,0,1
2978,21.1054,-76.403,-8.20927,0.997631,0.962444,0.976304,0.981286,0.887723,0.0921933,-0.00064227,0,0,1
2979,9.93939,-35.5445,-3.14626,0.58082,0.968633,0.992647,1.00463,1.33637,0.132026,-0.000331313,0,0,1
2980,13.5378,-48.1086,0.638105,1.49144,1.00494,1.00088,1.04044,0.849203,-0.0139653,0.00168682,0,0,1
2981,7.85713,28.1134,2.35138,0.733757,0.993734,0.992806,0.987359,1.43853,-0.150397,7.39253e-05,0,0,1
2982,619.147,2809.71,-1020.5,1.0159,1.01205,0.996941,1.03951,0.870886,-0.0335979,0.000534183,0,0,1
2983,5.79576,-20.6787,-1.60094,0.831037,1.03239,1.00969,0.979317,0.757859,0.171468,0.000502983,0,0,1
2984,10.8251,-38.4472,-0.645715,0.728516,1.00299,0.994733,1.01102,0.833632,0.0215773,0.00144189,0,0,1
2985,2.71572,9.62483,0.789191,1.05805,0.994987,0.999215,1.01404,0.956168,-0.299078,-0.00208314,0,0,1
2986,5.13893,-18.4168,-1.934,1.05952,0.99178,1.0195,1.03528,1.15084,0.266338,-0.000843005,0,0,1
2987,20.3561,72.4047,1.10859,0.761315,0.99949,0.994313,0.985345,0.808858,-0.0110268,-0.000771167,0,0,1
2988,283.655,1570.63,852.28,0.565507,1.01079,0.990132,1.01099,0.949945,0.0424072,-0.000763168,0,0,1
2989,26.0514,-92.5792,-1.24763,1.12025,0.996541,0.98967,0.998286,1.20779,0.00791652,0.000617136,0,0,1
2990,8.34039,-29.9868,-3.06185,0.903794,1.00088,0.998134,0.986713,0.871637,0.18286,-0.000755416,0,0,1
2991,8.65727,31.3835,3.84173,1.09819,0.98875,1.01234,0.996361,0.85274,-0.227998,0.0016499,0,0,1
2992,4.45597,15.8272,1.28819,1.30524,0.984971,1.00675,1.00902,0.938396,-0.216759,-0.000578488,0,0,1
2993,24.5444,89.1102,8.47479,0.860624,1.02088,0.981798,0.987953,0.45973,-0.0677548,0.000322086,0,0,1
2994,12.0035,-42.5306,-1.06973,1.39275,0.97787,1.01543,1.03233,1.19986,0.028943,0.0010487,0,0,1
2995,7.86813,27.827,0.666943,1.0176,0.985061,1.00396,0.934498,0.882075,-0.039297,-0.00174203,0,0,1
2996,8.70643,31.1435,2.42322,1.01092,1.00535,1.00911,0.971124,0.690977,-0.126422,-6.44417e-05,0,0,1
2997,5.8585,-20.8831,-1.8121,0.963491,0.951977,1.01366,1.01354,1.31682,0.192561,-0.000176642,0,0,1
2998,15.4489,-55.5784,-5.05739,1.27848,1.01597,1.00018,0.973131,0.876799,0.0949112,-0.000334127,0,0,1
2999,214.835,830.931,31.1156,0.728225,0.997787,0.999011,0.968199,1.44995,-0.0512513,0.000752184,0,0,1
3000,24.2569,-90.1519,-11.9435,1.00187,1.0213,0.995101,1.03335,0.99202,0.119038,-0.00117176,0,0,1
3001,15.0747,53.3991,1.1574,0.748866,0.971888,0.984851,1.00872,1.01385,-0.0204849,-0.000923787,0,0,1
3002,4.27154,-15.3298,-1.47902,1.25674,1.03459,0.996864,1.0124,0.951805,0.273983,9.32527e-05,0,0,1
3003,31.886,115.846,11.0359,1.11812,1.02091,0.987927,0.985726,1.07753,-0.0529416,0.000266478,0,0,1
3004,16.0424,57.6071,2.5832,0.831645,1.06632,0.987759,0.957237,1.35577,-0.0423991,-0.000582059,0,0,1
3005,7.10833,25.2945,1.41265,0.87441,1.01247,0.987872,1.06793,1.10863,-0.104295,-0.00103145,0,0,1
3006,7.86032,-27.9845,-2.2057,0.72926,0.969033,1.01621,1.02838,1.05927,0.137383,1.60914e-06,0,0,1
3007,15.0618,54.8211,6.55176,0.94267,0.996682,1.00652,0.999471,1.0515,-0.140844,0.00109621,0,0,1
3008,45.168,167.202,21.0508,1.12832,1.0289,1.00718,1.00185,1.18228,-0.0583985,0.000543226,0,0,1
3009,57.4528,-219.772,27.3353,0.949951,1.01513,0.989281,0.97997,0.808732,-0.109477,0.00236554,0,0,1
3010,5.02505,-18.0053,-1.67887,1.08029,1.01088,0.97336,1.00426,0.810383,0.238462,1.49471e-05,0,0,1
3011,10.3132,36.5273,1.27363,0.886238,0.980624,0.993924,1.00347,1.52743,-0.0461726,-0.00106741,0,0,1
3012,79.0523,301.443,35.8506,1.23828,0.983676,0.970974,1.04174,0.957561,-0.0850306,0.00114775,0,0,1
3013,58.3691,-210.458,18.2859,0.87301,0.995335,1.00773,0.971151,1.14575,-0.0261848,0.000796353,0,0,1
3014,30.571,108.56,-2.35918,1.25836,0.99956,1.02249,0.985741,0.79329,0.0103564,-0.000798369,0,0,1
3015,11.0633,39.7243,3.34194,1.03466,1.00967,0.978154,1.03485,0.812292,-0.115439,0.000137425,0,0,1
3016,9.10059,-32.3859,-1.95554,0.776656,0.995956,1.00595,0.982574,1.41635,0.0917572,0.000540679,0,0,1
3017,21.6553,77.0188,4.06011,1.06292,0.972032,0.99997,1.00033,0.831539,-0.0364617,-0.000245132,0,0,1
3018,85.4082,306.691,20.8709,0.59579,0.977156,0.995659,0.944203,0.692624,-0.0127405,-5.38551e-06,0,0,1
3019,5.1083,-18.3221,-1.53561,1.25536,1.03203,0.982985,0.993541,1.20482,0.208983,0.000469455,0,0,1
3020,16.0431,-58.2306,-6.81997,0.821563,0.975126,0.989276,1.04311,0.955166,0.132026,-0.00102498,0,0,1
3021,30.4332,112.079,13.9603,0.714492,1.00423,1.00502,0.981528,1.10303,-0.0841518,0.000776279,0,0,1
3022,6.56806,-23.318,-0.612032,0.780455,1.00466,0.982123,0.989354,1.05273,0.0513591,0.00216504,0,0,1
3023,17.7666,63.9718,5.89939,1.04077,0.974918,0.987748,1.00466,0.825475,-0.0853621,0.000365123,0,0,1
3024,10.2393,-36.3428,-2.12815,1.25543,0.971508,1.00279,1.05257,0.852809,0.0800905,0.000463139,0,0,1
3025,38.9214,-139.172,7.54399,1.23475,1.0104,0.998711,1.05701,0.960987,-0.0225952,0.000905861,0,0,1
3026,6.91071,-24.8747,-2.72897,1.17093,0.98851,0.991132,0.987731,0.791766,0.23252,-0.0011108,0,0,1
3027,5.94881,-21.2776,-1.60567,0.95263,1.03474,0.996131,1.0001,1.11083,0.165081,0.000589611,0,0,1
3028,5.11277,-18.1909,-1.21685,1.10464,1.00877,0.997304,0.994548,0.952868,0.161431,0.00110019,0,0,1
3029,5.00724,-17.8193,-1.2245,0.96346,1.02134,1.00357,1.06613,0.920382,0.167775,0.00108956,0,0,1
3030,27.6772,98.4387,-3.49783,1.35134,0.984719,1.00007,0.949132,1.06493,0.0191208,-0.00102792,0,0,1
3031,6.35599,22.8413,2.38125,1.27946,0.992502,1.00271,0.985053,1.14837,-0.229647,0.000857128,0,0,1
3032,6.90007,24.5888,1.64905,1.14317,1.0019,1.00291,1.0256,1.46698,-0.128742,-0.000615651,0,0,1
3033,29.048,-106.317,-12.2867,1.15879,1.01302,0.995032,1.00013,0.970964,0.0778068,-0.000629308,0,0,1
3034,6.11406,-21.61,-0.813302,1.25158,0.978543,0.992159,1.00179,0.935717,0.0767062,0.00182602,0,0,1
3035,11.9946,42.7621,2.21975,1.21202,1.01959,1.00368,1.03512,1.00084,-0.0622921,-0.000576195,0,0,1
3036,10.4103,-37.2535,2.04534,1.10451,1.00054,0.993799,1.03977,0.838087,-0.075288,0.00321472,0,0,1
3037,4.34984,15.4984,1.25405,1.13971,1.00163,0.991613,1.02901,0.846823,-0.22231,-0.000755231,0,0,1
3038,4.73087,-16.997,-1.97882,1.17357,0.97455,1.00078,0.985132,0.879141,0.324192,-0.0014574,0,0,1
3039,25.7067,95.579,13.0964,0.873298,0.981184,0.97827,1.01312,1.25014,-0.123931,0.0013068,0,0,1
3040,9.42021,33.5144,1.77253,0.983704,0.990363,0.992158,1.00491,1.09436,-0.0776546,-0.000734266,0,0,1
3041,16.7955,-59.5792,-2.43778,1.24604,0.97625,1.01187,0.960616,1.47593,0.0354495,0.000500047,0,0,1
3042,5.10029,18.3597,1.89659,1.06264,1.03038,1.00009,0.998543,1.10491,-0.264079,0.000536196,0,0,1
3043,8.28933,29.4236,1.83979,1.02755,0.981105,1.01376,1.02943,0.845989,-0.101252,-0.000525089,0,0,1
3044,72.0492,-275.661,30.348,0.968821,1.02812,0.995871,0.995154,0.986272,-0.102681,0.00217485,0,0,1
3045,3.37937,12.0076,0.915012,1.16068,1.02512,0.996614,1.0177,0.968303,-0.2422,-0.00182332,0,0,1
3046,17.8208,63.4356,-0.482204,1.4325,1.02726,0.991021,0.963428,1.13251,0.00624426,-0.00124454,0,0,1
3047,13.9332,49.5955,1.71705,1.56111,1.01172,0.979907,0.991827,0.93867,-0.0363136,-0.000825322,0,0,1
3048,4.29291,-15.2256,-0.732394,0.863195,1.01635,0.99906,0.958464,0.83122,0.128675,0.00241572,0,0,1
3049,46.4985,174.768,24.1338,0.955538,0.997289,1.01276,1.01544,1.19156,-0.0913491,0.00110447,0,0,1
3050,39.9019,143.02,8.81684,1.40744,1.00916,1.01192,0.978606,0.405474,-0.0245331,-6.34743e-05,0,0,1
3051,7.01601,-24.8131,-0.939102,1.02349,0.994694,1.01423,1.02447,1.18357,0.0685448,0.00152603,0,0,1
3052,12.1202,-43.3001,-3.70787,1.17952,0.9604,1.01045,1.01595,0.915318,0.106401,-0.000293546,0,0,1
3053,59.4936,211.418,1.3347,1.0181,0.981152,0.996856,0.996314,0.649331,-0.0015524,-0.000294629,0,0,1
3054,4.34257,15.5624,1.66431,0.717001,1.00063,1.01161,1.00316,1.16521,-0.305541,0.00074397,0,0,1
3055,7.58386,27.1723,2.48361,0.978398,0.98209,0.997023,0.985834,0.80091,-0.17053,0.000367034,0,0,1
3056,12.9591,45.9142,1.32801,1.28255,0.989876,1.00581,0.989074,0.985127,-0.031065,-0.000936731,0,0,1
3057,7.33602,26.0589,0.956804,0.860723,0.992032,0.979136,0.98043,0.968845,-0.0658338,-0.00157391,0,0,1
3058,5.86445,-20.8797,-1.72895,1.19664,0.991053,1.01854,0.984629,1.25788,0.181491,0.000119891,0,0,1
3059,4.40896,-15.6843,-1.14318,0.824312,1.02519,0.998825,1.05601,1.06153,0.195124,0.00121334,0,0,1
3060,131.09,502.582,-43.1746,1.14128,0.994308,1.01237,0.999146,1.27988,0.0634657,-0.00131741,0,0,1
3061,6.41225,-22.7984,-1.47005,0.897797,0.97773,0.980096,1.02433,1.32081,0.131455,0.000799438,0,0,1
3062,5.01031,17.8708,1.46683,1.25627,1.00105,0.976455,0.942266,1.158,-0.205868,-0.000513566,0,0,1
3063,27.5251,98.3152,4.86425,0.660981,1.01924,0.996267,0.942788,0.868917,-0.0279337,-0.000243526,0,0,1
3064,228.677,-864.4,-106.469,0.883324,1.00418,0.992714,0.981281,1.03902,0.0263355,-0.000347968,0,0,1
3065,8.73605,-31.1747,-2.12394,1.13893,1.00435,0.999049,0.984578,1.05444,0.109687,0.000365533,0,0,1
3066,6.38432,22.602,-0.100247,1.32859,0.980986,1.00369,0.986532,1.28739,0.00855545,-0.0031197,0,0,1
3067,469.216,-1792.72,-70.4835,1.26351,1.02987,0.999184,1.01728,1.16772,0.0237365,-0.000347678,0,0,1
3068,10.0087,-36.5259,-4.41405,0.844645,1.01767,0.994983,1.01574,1.06716,0.204196,-0.00144883,0,0,1
3069,62.7805,-222.902,-8.17737,0.799678,0.962342,0.995611,0.946798,0.84878,0.00926334,0.000139324,0,0,1
3070,10.0468,35.7146,0.551221,1.20676,1.00896,0.993839,0.994782,0.830713,-0.0210196,-0.00160671,0,0,1
3071,70.56,-261.91,33.7953,0.955294,0.996257,0.996371,0.985917,0.934474,-0.0428763,0.00105367,0,0,1
3072,6.02595,21.483,1.58576,1.18097,1.00079,0.996039,1.03414,0.792845,-0.159341,-0.000534094,0,0,1
3073,15.2036,54.1233,-0.582114,0.725033,1.03063,0.992483,0.988589,1.18568,0.0102099,-0.00151103,0,0,1
3074,12.2486,-44.0911,-4.37841,1.1957,1.00278,0.998711,1.00703,0.692303,0.129495,-0.000599444,0,0,1
3075,16.8151,-59.8098,-1.52455,0.61948,1.01584,0.99972,0.959354,0.971641,0.0224708,0.000787567,0,0,1
3076,6.1745,-21.9938,-1.87226,1.05789,0.979926,1.00449,0.947001,1.14501,0.181554,-1.82824e-05,0,0,1
3077,38.8243,140.595,14.1613,0.993391,0.980895,0.991051,0.983034,1.37969,-0.0465759,0.000291886,0,0,1
3078,16.2056,-57.4949,1.77526,0.987201,0.986961,1.01018,0.986377,0.978169,-0.0274313,0.00164919,0,0,1
3079,29.7453,105.809,-1.05873,0.880936,1.00124,1.00456,0.980105,0.646478,0.00495336,-0.000737297,0,0,1
3080,4.00278,14.3002,1.39712,0.456087,0.994487,0.990603,0.939284,0.986943,-0.290761,2.29994e-05,0,0,1
3081,8.19586,29.2565,2.01886,0.945323,1.00252,0.998147,1.00403,0.731706,-0.116645,-0.000393475,0,0,1
3082,11.9934,42.5499,1.98476,0.884128,0.978833,1.00744,1.02024,0.69292,-0.0544135,-0.000633624,0,0,1
3083,25.803,92.4986,-5.35326,0.935491,1.01505,1.01137,1.02368,0.708083,0.0348373,-0.00137057,0,0,1
3084,17.515,62.1197,1.52512,0.771997,0.985815,1.02151,1.01257,0.835988,-0.0198524,-0.000718434,0,0,1
3085,13.6292,48.2822,1.17741,1.18829,0.995052,1.01329,0.999085,0.840093,-0.024861,-0.000964297,0,0,1
3086,192.428,-1082.92,599.027,1.35962,0.986315,1.02257,1.00619,0.879082,0.0814477,-0.00131436,0,0,1
3087,11.5153,-40.9971,-1.95985,0.979749,1.01646,0.99179,1.01574,1.05492,0.0599142,0.000706885,0,0,1
3088,11.4029,40.4634,0.647377,0.672411,0.998511,0.998683,0.991541,0.943013,-0.0192944,-0.00137239,0,0,1
3089,4.76092,-16.8713,-1.22956,0.905984,0.973458,1.0052,0.992141,0.894604,0.183798,0.000815364,0,0,1
3090,7.04119,-25.0733,-1.72736,0.558967,0.985479,0.988215,1.00697,0.782267,0.131493,0.00052141,0,0,1
3091,4.40765,15.5894,0.943912,0.973811,0.977965,1.00243,0.993832,0.707732,-0.158603,-0.00159184,0,0,1
3092,14.8546,-53.9412,-6.39004,1.17658,0.978946,0.994162,0.972628,1.10799,0.142923,-0.00111524,0,0,1
3093,6.04711,21.4632,1.23081,0.725632,0.961587,1.01285,1.03449,0.982023,-0.118381,-0.00100542,0,0,1
3094,429.137,-2169.72,-1018.09,1.39422,1.00133,1.00034,0.953923,1.33127,-0.0433597,0.000818136,0,0,1
3095,28.2595,-100.238,-1.01465,1.2947,0.98703,0.98734,1.03301,0.974411,0.00547722,0.000595746,0,0,1
3096,41.1947,-154.7,-21.5447,0.638584,1.02127,0.994846,1.01268,1.25769,0.110588,-0.00134434,0,0,1
3097,4.55132,16.1135,1.03379,0.919941,0.985519,1.00637,0.998681,0.841168,-0.164466,-0.00136941,0,0,1
3098,9.23589,32.7779,1.26919,1.03758,0.995812,1.00264,0.997443,0.940502,-0.0564309,-0.00111791,0,0,1
3099,13.2206,47.0748,2.03753,1.08708,1.00019,0.998422,1.02761,1.20225,-0.0470426,-0.000664922,0,0,1
3100,5.18403,18.3641,1.13336,1.08515,0.976662,1.00409,0.981641,0.958762,-0.144126,-0.00117759,0,0,1
3101,20.891,75.9719,8.7976,0.91405,0.983936,0.991237,1.05358,0.889583,-0.101635,0.000786843,0,0,1
3102,75.7295,-283.968,37.9137,1.15783,1.0002,1.00401,1.00831,0.883857,-0.0456052,0.0010851,0,0,1
3103,18.9906,-67.2625,-2.03638,1.16028,0.996091,1.02021,1.01717,1.04702,0.0231486,0.000592468,0,0,1
3104,3.77031,-13.4437,-1.18808,0.997057,1.02883,1.00957,0.983687,1.16878,0.265599,0.000741098,0,0,1
3105,4.81337,-17.0958,-1.00975,1.34058,1.01257,1.01571,0.965959,0.976003,0.145887,0.00151782,0,0,1
3106,3.75097,-13.3735,-1.2877,1.23628,0.992492,0.983582,1.0471,1.08834,0.298868,0.000212431,0,0,1
3107,15.3593,55.0256,4.04445,0.891395,1.00146,1.0016,0.959414,0.985227,-0.0735297,-9.77385e-06,0,0,1
3108,70.9048,255.737,-12.3533,0.772764,1.04568,0.984675,1.0004,0.731437,0.0110954,-0.000488447,0,0,1
3109,3.40323,-12.0535,-0.98916,1.129,0.96189,1.00381,1.02208,0.894731,0.262589,0.00100847,0,0,1
3110,7.47082,-26.6489,-1.85753,0.937553,0.987491,0.979355,1.00179,0.871111,0.128433,0.000450994,0,0,1
3111,10.0329,36.114,3.40342,1.34402,1.02232,1.00315,0.926937,0.765153,-0.141673,0.000431376,0,0,1
3112,8.31718,-29.7027,-1.87136,0.848071,1.0335,0.995351,0.980837,1.118,0.104842,0.000639205,0,0,1
3113,17.8404,-63.8651,-4.77252,0.927628,0.98992,0.998516,1.02113,1.32912,0.0659519,-4.45395e-05,0,0,1
3114,10.425,38.1356,4.92682,1.21311,1.00451,1.01221,0.996276,1.13397,-0.2171,0.00180067,0,0,1
3115,23.1246,-82.2044,-0.515218,1.03027,1.00733,0.999455,0.949122,1.17766,0.00410756,0.000776931,0,0,1
3116,14.8057,-53.9507,-6.70975,0.736094,0.96953,0.97896,0.974348,0.89677,0.156531,-0.00132073,0,0,1
3117,3.50026,12.5805,1.44002,0.701503,1.0059,0.971731,1.06026,0.976705,-0.381059,0.000609489,0,0,1
3118,6.56571,-23.3996,-1.7726,1.19106,0.990417,0.999176,0.949858,1.10848,0.153271,0.000326499,0,0,1
3119,4.69061,16.7688,1.28958,1.24777,1.04093,1.00085,0.998857,0.513841,-0.198486,-0.000937044,0,0,1
3120,15.712,55.9091,1.34162,0.893765,1.00661,0.998169,0.993139,1.04018,-0.022082,-0.00086756,0,0,1
3121,6.25217,-22.1685,-1.13825,0.972462,0.99638,1.00653,0.989674,1.27915,0.103649,0.00129732,0,0,1
3122,22.6602,-81.8707,-8.43567,0.949005,0.98692,0.989697,0.951567,0.713658,0.0803685,-0.000501593,0,0,1
3123,7.11912,-25.461,-2.27845,1.19362,0.990292,1.01138,0.9703,1.21359,0.173517,-0.000282154,0,0,1
3124,7.13543,-25.3886,-1.48724,0.700377,0.996602,0.993905,0.997214,1.13981,0.109143,0.000871748,0,0,1
3125,5.25831,-18.8561,-1.53235,0.929095,1.03877,0.992651,1.01426,1.00824,0.196788,0.000532626,0,0,1
3126,13.2973,-47.7523,-4.30055,1.18844,1.00294,1.00343,0.985431,1.36872,0.106789,-0.000354124,0,0,1
3127,68.9637,-248.719,22.1027,0.838414,1.00217,1.01828,0.998904,1.00182,-0.0227917,0.000683582,0,0,1
3128,32.7768,117.881,9.62065,0.905551,0.974882,0.985883,1.03059,0.801846,-0.0414456,0.000117127,0,0,1
3129,7.92385,28.2744,2.14977,1.09806,0.984665,0.994968,0.990367,0.859804,-0.132694,-0.000171236,0,0,1
3130,10.0227,-36.1572,-3.85695,1.0019,1.00297,0.994821,1.05006,1.43656,0.167718,-0.000876359,0,0,1
3131,4.28138,-15.23,-1.12822,0.669419,1.01081,1.02081,0.980166,1.17174,0.201044,0.00104725,0,0,1
3132,5.68706,20.1203,0.415114,0.936119,0.99064,0.995826,1.04025,0.988939,-0.0438236,-0.00265158,0,0,1
3133,7.53753,26.7872,0.0489867,1.27172,1.01306,0.997707,0.993936,1.39327,-0.00313727,-0.00257032,0,0,1
3134,57.0346,204.886,2.8511,1.11013,1.06064,0.984983,1.0249,0.839019,-0.00383675,-0.000301793,0,0,1
3135,16.0189,-57.5278,-5.06436,0.99441,0.997624,0.994092,1.06266,0.787201,0.0888718,-0.000290238,0,0,1
3136,22.4227,80.6063,6.69461,1.01359,0.992247,1.00511,0.98383,1.08532,-0.060046,0.000168104,0,0,1
3137,4.28617,-15.1841,-1.13874,1.44466,0.976416,1.00893,1.02787,1.1668,0.203494,0.000912518,0,0,1
3138,73.1375,-259.457,4.51484,0.895103,0.999338,1.01228,1.00566,1.28236,-0.00375649,0.000327223,0,0,1
3139,898.628,-7144.9,-2212.19,0.93755,1.00587,1.00707,1.00125,1.22838,-0.0193435,0.000345514,0,0,1
3140,4.18923,-14.847,-1.05233,1.15677,0.963769,1.0085,0.941562,0.940608,0.195057,0.00109417,0,0,1
3141,9.70804,-34.8234,-2.26383,1.03429,1.04331,0.992482,0.993388,0.69506,0.096847,0.000453826,0,0,1
3142,12.8912,46.7153,5.34947,0.896089,0.987379,0.990433,1.02652,1.02165,-0.151133,0.00104073,0,0,1
3143,57.3719,-208.204,-19.9349,0.976004,1.01885,0.993948,1.02826,1.15574,0.0309251,-0.000176827,0,0,1
3144,3.72532,-13.2316,-0.913331,0.68045,1.01498,0.989097,0.947176,0.858277,0.206375,0.00186975,0,0,1
3145,55.206,-202.757,-24.1588,0.914364,1.02233,1.00735,1.03696,1.0541,0.0446955,-0.00039613,0,0,1
3146,28.8252,-102.415,4.25886,1.18137,0.990626,1.01424,1.01825,1.28611,-0.0218855,0.00104124,0,0,1
3147,27.9314,-100.616,-9.24135,1.28758,0.983879,1.00023,1.00451,1.08802,0.0565786,-0.000276165,0,0,1
3148,11.8764,42.7942,3.97527,1.05135,1.02349,1.00211,1.00809,1.35786,-0.12132,0.000389251,0,0,1
3149,3.52911,-12.4718,-0.839103,1.30291,0.977197,1.01107,0.982092,0.813299,0.205699,0.00180235,0,0,1
3150,50.1983,-184.006,-23.013,1.39162,0.955559,1.01554,1.00323,1.38742,0.0545622,-0.000551705,0,0,1
3151,19.8843,-71.3861,-5.90788,1.11637,1.01316,0.994574,0.958923,1.36536,0.0678203,-0.000157117,0,0,1
3152,21.9941,78.5561,3.99919,1.07001,1.00763,0.994836,1.00889,0.702634,-0.0355795,-0.000285835,0,0,1
3153,16.1995,58.0934,4.91348,1.09307,0.990046,1.01801,1.00776,1.01732,-0.0809533,0.000218194,0,0,1
3154,17.063,-60.4257,-1.3724,1.26949,0.990284,1.00497,0.990569,0.855304,0.019245,0.000787557,0,0,1
3155,9.0532,-32.1286,-1.41234,1.18369,0.991944,0.997601,0.945258,1.10741,0.0660147,0.00100287,0,0,1
3156,17.9469,-63.8401,-3.82551,1.0473,0.971791,0.986434,1.02747,0.968143,0.0508104,0.000200665,0,0,1
3157,3.75535,-13.3142,-0.971495,0.852696,0.985948,0.995342,1.02745,0.702727,0.217039,0.00145113,0,0,1
3158,223.972,-857.947,49.1759,0.937195,1.0161,0.999501,1.04454,0.923442,-0.0451138,0.000921523,0,0,1
3159,23.8126,-84.6804,-0.648663,0.926342,1.0216,1.00432,0.984086,0.812953,0.00490077,0.000745104,0,0,1
3160,7.98069,28.4706,2.50532,0.569294,0.969239,1.00324,1.06694,1.06127,-0.154482,0.000275862,0,0,1
3161,7.05765,25.0891,1.26614,1.25029,0.996423,0.99184,0.975902,0.870294,-0.0936852,-0.00117104,0,0,1
3162,28.7546,102.578,-3.20085,1.15863,1.01003,1.0123,0.969307,1.01604,0.0162397,-0.000957662,0,0,1
3163,12.7361,45.5597,3.21338,0.766996,1.00015,1.00119,0.998768,1.11483,-0.0825883,-0.000113917,0,0,1
3164,9.50937,33.9671,2.49445,0.95097,1.00065,1.01289,1.00167,0.669201,-0.109407,-0.000145061,0,0,1
3165,7.92648,28.7849,3.55008,0.845926,1.0033,1.00275,0.976601,1.00555,-0.245294,0.00167424,0,0,1
3166,5.79276,-20.5537,-0.718452,1.3004,1.02119,0.984388,1.00108,0.649404,0.0752344,0.00221205,0,0,1
3167,20.4729,73.2194,-4.65746,1.12383,0.981593,1.0001,1.01715,0.973236,0.0472752,-0.00176953,0,0,1
3168,109.617,-388.311,-2.35051,1.01197,0.9876,0.995715,1.00864,0.971692,0.000916041,0.000160173,0,0,1
3169,19.9601,-71.5796,4.60169,1.08587,1.02901,1.00265,0.976895,1.21683,-0.0504255,0.00189326,0,0,1
3170,5.37453,-19.2114,-1.95402,0.859058,0.975636,1.00639,0.994204,0.94836,0.248212,-0.000698705,0,0,1
3171,16.9567,60.5835,3.57256,0.759088,0.992199,0.987469,0.986028,0.858713,-0.0529024,-0.000250236,0,0,1
3172,9.62263,34.8139,4.01094,0.852072,0.982467,0.999327,0.96713,1.18902,-0.193323,0.00127197,0,0,1
3173,24.2417,-90.7229,-12.7849,1.06634,0.977117,0.996213,0.95457,1.17451,0.151364,-0.0017315,0,0,1
3174,3.65175,-12.9436,-1.09598,0.931951,0.965659,0.986495,1.02021,0.805702,0.260505,0.000817802,0,0,1
3175,15.8477,-56.1678,-1.21629,0.96533,0.986126,0.990511,1.03749,0.926814,0.0198118,0.000882338,0,0,1
3176,122.568,-465.151,57.0805,1.37049,0.992937,1.00828,1.02768,0.862073,-0.0478906,0.00103757,0,0,1
3177,12.2851,43.6987,1.13978,0.850926,1.01621,1.0061,0.994115,0.888612,-0.0298468,-0.00108102,0,0,1
3178,11.0097,39.8327,4.38132,0.957804,1.00128,0.995127,0.963701,1.14128,-0.16154,0.00094955,0,0,1
3179,9.83489,35.6662,3.87878,0.816856,1.01241,0.988091,0.999372,0.963881,-0.176192,0.000944796,0,0,1
3180,52.8777,188.694,2.85467,1.09968,1.01525,1.00983,1.01231,1.21999,-0.00430423,-0.000293812,0,0,1
3181,5.2318,18.5902,1.00228,0.901892,1.01492,1.00944,1.00362,1.19093,-0.125183,-0.00158744,0,0,1
3182,11.5497,42.3848,5.47076,1.22174,1.00746,0.99693,0.965223,1.07157,-0.203772,0.00171816,0,0,1
3183,110.706,428.87,13.1034,0.604938,1.00103,0.982287,1.01034,1.44639,-0.104961,0.00154592,0,0,1
3184,27.5637,99.2661,8.65549,1.1922,0.983619,0.998627,0.97394,0.786961,-0.0527793,0.000202818,0,0,1
3185,3.1486,-11.177,-0.909851,1.3047,1.02273,1.00706,0.972182,0.913319,0.271494,0.00166782,0,0,1
3186,4.65088,-16.4442,-0.816923,0.903862,0.987099,1.00034,0.941871,0.769023,0.124373,0.00199807,0,0,1
3187,8.17732,-29.1569,-1.89773,1.07091,1.01007,1.01248,0.993489,0.976792,0.109035,0.000499331,0,0,1
3188,88.6913,334.53,45.8711,1.01758,0.973401,1.00305,1.00357,1.31181,-0.0448245,0.000532958,0,0,1
3189,13.3088,-47.9687,-4.82357,1.05564,0.987262,1.00049,1.0008,1.03585,0.123315,-0.000646894,0,0,1
3190,361.046,-1354.47,-173.217,1.11993,0.978372,1.01515,1.00051,0.974808,0.013971,-0.000179485,0,0,1
3191,32.645,-116.096,-0.00567209,1.21221,0.999724,0.985504,0.983494,0.569789,2.42631e-05,0.000607263,0,0,1
3192,15.5698,56.3461,5.17167,1.06607,1.03305,0.996591,0.985308,1.2177,-0.096322,0.000341194,0,0,1
3193,9.64861,-34.8034,-3.65129,0.941509,1.01296,1.00365,1.00598,1.1323,0.168236,-0.000814852,0,0,1
3194,6.42039,-22.7748,-1.52385,0.786622,0.980373,1.01153,0.978699,0.82178,0.133926,0.00063384,0,0,1
3195,23.7673,85.5949,-6.66716,1.25227,1.01758,1.00376,1.02359,0.966352,0.0528466,-0.00176913,0,0,1
3196,7.32241,-26.0481,-1.35929,0.99193,1.00968,1.00003,1.01061,1.24934,0.094643,0.0010608,0,0,1
3197,76.9606,-272.656,-7.35614,1.00757,0.968722,0.982686,1.0022,1.18795,0.00562363,0.000152927,0,0,1
3198,32.046,-117.484,-14.21,1.09388,0.99136,0.994864,1.01204,1.13951,0.0768658,-0.000686872,0,0,1
3199,5.02913,17.8852,1.12044,1.13407,1.0059,1.00269,0.994319,1.01818,-0.151375,-0.00129455,0,0,1
3200,15.8985,-56.658,-2.73104,1.15376,1.00348,0.986785,1.01649,0.969346,0.0458166,0.000462332,0,0,1
3201,14.337,52.9635,6.97427,0.935067,1.03425,1.00519,0.983608,0.997079,-0.175374,0.00155234,0,0,1
3202,124.838,-454.513,51.665,1.00156,0.977513,0.998364,0.986376,0.878971,-0.0184674,0.000485765,0,0,1
3203,23.4756,83.5784,3.06575,1.09285,0.979653,0.975268,1.03023,1.02406,-0.0236602,-0.000430637,0,0,1
3204,13.5264,48.4944,4.2411,0.898984,0.979045,1.00436,1.02893,0.937971,-0.0994613,0.000292938,0,0,1
3205,3.48573,-12.3889,-1.13185,1.06145,0.988289,1.00768,0.977084,1.12752,0.290259,0.000548258,0,0,1
3206,12.6093,-44.9097,-2.22541,1.22036,1.01037,0.987476,0.993798,1.02561,0.0577445,0.000593565,0,0,1
3207,240.983,956.317,47.9716,1.1167,1.01232,1.00676,1.03519,0.387708,0.0601428,-0.00118719,0,0,1
3208,4.55348,16.2028,1.12716,1.03602,1.02596,1.02869,0.980765,1.11208,-0.179635,-0.00116151,0,0,1
3209,39.7025,144.418,-13.833,1.0406,1.00032,0.973218,0.988231,0.952086,0.0431958,-0.00128108,0,0,1
3210,19.4139,69.278,3.34812,1.02854,1.01642,1.00089,0.98521,0.83507,-0.0376676,-0.000369634,0,0,1
3211,7.03707,25.2477,2.32389,0.895819,1.02412,1.00361,0.959906,0.709939,-0.181371,0.000261366,0,0,1
3212,22.4047,-82.8122,-11.3489,1.00602,0.935693,1.00997,0.986431,1.04276,0.149481,-0.00168753,0,0,1
3213,14.2351,-51.0014,-3.91213,0.909567,1.02518,1.00281,1.10996,0.738328,0.0829123,-1.93202e-05,0,0,1
3214,3.36852,-12.0224,-1.25304,1.07623,1.00651,1.00569,1.02324,1.09054,0.346213,-6.88614e-05,0,0,1
3215,14.4603,52.6515,6.2435,1.10002,0.997801,0.999026,1.04193,1.33121,-0.144729,0.00109477,0,0,1
3216,340.27,-1373.56,206.484,0.892768,1.0435,0.98933,1.04771,1.20071,0.0548221,-0.000849397,0,0,1
3217,33.9186,120.369,1.44045,1.11154,0.992743,1.01003,0.988792,0.909757,-0.005159,-0.00047161,0,0,1
3218,29.9477,-106.163,-0.41535,0.777798,0.968695,0.999575,1.01088,1.04214,0.00198594,0.000593612,0,0,1
3219,14.2781,-50.7004,-0.963558,0.612866,1.01298,1.01445,0.994753,0.766636,0.018973,0.00102569,0,0,1
3220,14.1425,50.3115,-0.293598,1.31763,1.01437,1.00731,0.992722,0.962058,0.00581774,-0.00148392,0,0,1
3221,8.84075,32.3594,4.1427,0.641561,1.03026,1.00468,0.96578,1.08864,-0.241868,0.00181472,0,0,1
3222,5.54353,19.8176,1.82389,1.00854,0.991358,1.00514,1.02522,1.39991,-0.216312,0.000213064,0,0,1
3223,14.0214,50.1644,3.50923,1.30186,1.00895,1.00508,1.02211,1.00206,-0.075234,-0.000104541,0,0,1
3224,24.5265,-87.6734,4.49507,0.74664,0.999435,0.995984,1.03983,1.49416,-0.0326933,0.00137477,0,0,1
3225,24.6284,-87.9315,4.05627,1.16279,1.01769,0.990307,1.05224,0.920611,-0.0293796,0.00133306,0,0,1
3226,37.9777,-136.568,-11.8196,0.733525,1.0137,1.01252,1.03693,1.23853,0.0390161,-0.000153386,0,0,1
3227,7.57402,-27.0945,-2.20214,0.770443,1.01885,0.99264,1.01132,1.02134,0.149516,9.71209e-05,0,0,1
3228,11.6653,-41.5539,-2.18717,0.724897,1.02935,1.00476,0.973296,0.836853,0.0650432,0.000589763,0,0,1
3229,5.33751,-19.0191,-1.69227,0.813834,0.973281,0.992863,0.979329,0.848392,0.213737,-4.77801e-05,0,0,1
3230,19.8882,72.126,7.90647,1.15072,0.996484,0.999187,1.01948,0.613673,-0.096996,0.000663644,0,0,1
3231,2.94976,-10.4264,-0.843534,1.02079,0.967634,0.994164,1.00303,1.00928,0.281588,0.00165726,0,0,1
3232,13.7218,49.0591,3.23015,1.21557,1.01992,1.02498,1.02716,0.932671,-0.070777,-0.000187784,0,0,1
3233,4.87987,17.4104,1.58097,0.98554,0.990457,1.00902,0.992672,1.06326,-0.231743,2.79379e-05,0,0,1
3234,9.21265,-33.0588,-3.09236,0.802484,1.00027,1.0007,0.990893,1.084,0.151723,-0.000464319,0,0,1
3235,7.482,26.7173,2.04536,1.16261,0.996694,1.00271,0.992414,1.08432,-0.140023,-0.000195993,0,0,1
3236,3.83729,13.7478,1.56009,0.974241,0.993411,1.00915,0.997557,0.96906,-0.355582,0.0010117,0,0,1
3237,8.1862,29.0827,0.521216,1.13754,1.02765,1.00994,0.967646,0.741636,-0.0287872,-0.00191434,0,0,1
3238,7.33572,-26.2901,-2.46999,1.30568,1.01601,1.00761,0.954259,0.840052,0.180664,-0.000397135,0,0,1
3239,6.0397,-21.383,-0.646479,0.845286,0.966836,1.00386,1.03923,0.997528,0.0616459,0.00202814,0,0,1
3240,10.7743,-39.1091,-4.17204,0.641445,1.02425,0.988647,1.00182,0.988332,0.161351,-0.000853089,0,0,1
3241,4.89476,17.4981,1.67902,0.966436,1.01444,1.0096,1.04535,1.42806,-0.24716,0.000203168,0,0,1
3242,3.53633,-12.5989,-1.15471,1.3454,1.01899,1.00889,0.996224,1.29371,0.288782,0.000653709,0,0,1
3243,7.46679,-27.0987,-2.70764,1.24322,1.06258,0.988428,1.02413,1.06865,0.195032,-0.000502784,0,0,1
3244,5.64975,20.0874,1.52095,0.904574,0.983218,1.00113,1.0168,0.796081,-0.169563,-0.000491247,0,0,1
3245,150.788,-592.551,26.3935,0.904141,0.982409,0.988214,1.02977,0.907337,0.0935541,-0.0014158,0,0,1
3246,36.7214,138.294,18.9263,0.982621,0.971757,0.999078,1.0452,1.18923,-0.124656,0.0015479,0,0,1
3247,6.50862,23.2993,1.59276,1.23087,1.04673,1.00632,1.04094,1.04779,-0.137734,-0.000749897,0,0,1
3248,12.416,-44.1684,-1.63465,1.10838,1.02501,1.00126,0.988302,0.693133,0.0428601,0.00086502,0,0,1
3249,18.2262,64.6197,1.48337,1.08969,0.977647,1.00165,0.996709,0.686608,-0.0180793,-0.000726337,0,0,1
3250,70.2527,-263.545,36.0244,0.818329,1.01463,0.996733,1.04607,0.739253,-0.0550815,0.00128778,0,0,1
3251,7.02837,25.2822,2.71047,1.17424,0.996553,0.995044,0.976838,1.1708,-0.221255,0.000962543,0,0,1
3252,4.72394,-16.7828,-1.41136,1.15672,0.980415,1.00721,0.995189,1.07136,0.216204,0.000324492,0,0,1
3253,15.9941,-57.0273,-4.23306,1.07862,0.958685,1.00052,1.05121,0.94966,0.070986,-4.92752e-05,0,0,1
3254,6.04804,21.469,0.742652,1.04668,1.00752,1.00253,1.09529,1.10626,-0.0710222,-0.00200918,0,0,1
3255,13.5874,48.3414,2.11932,0.995598,0.98778,0.987222,0.972852,0.655959,-0.0466355,-0.000635782,0,0,1
3256,4.11389,-14.7128,-1.39634,1.02083,1.02691,0.999531,1.00765,1.05221,0.273993,0.000222934,0,0,1
3257,43.2453,155.118,9.95684,1.26653,0.997997,0.986705,0.930039,1.15011,-0.0241557,-4.29977e-05,0,0,1
3258,9.93517,-35.2903,-0.356959,0.629945,1.01353,0.999602,0.93845,0.993531,0.0139808,0.0017448,0,0,1
3259,10.9219,38.9321,2.40879,1.14552,0.987741,0.99378,0.997513,0.874358,-0.081071,-0.000385199,0,0,1
3260,15.2173,54.2859,-1.96108,0.87212,1.01586,1.01781,0.986088,0.799851,0.0340658,-0.00186744,0,0,1
3261,7.01918,-25.235,-2.51775,0.896046,1.01378,0.99208,0.997828,1.23781,0.202334,-0.000587822,0,0,1
3262,6.65125,-23.6304,-1.06761,1.20424,0.999843,0.988501,1.05712,1.05224,0.0881373,0.00145865,0,0,1
3263,59.0099,210.563,-0.513315,1.14434,1.00536,0.999159,1.01695,0.985434,0.00060847,-0.000342313,0,0,1
3264,12.7341,46.4661,5.51655,1.26044,1.01088,1.00067,0.983843,0.830859,-0.162537,0.00119634,0,0,1
3265,203.202,-1845.86,-595.701,1.15909,1.00101,0.992501,0.974176,0.993188,-0.0547797,0.000967547,0,0,1
3266,2.56378,-9.06464,-0.752038,1.25797,0.990827,1.00868,1.00355,0.920978,0.311038,0.00217995,0,0,1
3267,23.2702,-87.0342,-12.2147,1.16807,1.00602,1.00187,0.988478,1.14109,0.152669,-0.00170335,0,0,1
3268,6.51704,-23.038,-0.830411,1.02492,0.98032,1.00548,0.995165,1.13047,0.0694931,0.00170647,0,0,1
3269,9.48302,-34.0756,-2.91867,1.08613,1.02704,0.997021,0.958678,1.15964,0.133373,-0.000154769,0,0,1
3270,6.14246,-21.9323,-1.84177,1.0026,1.00528,0.987571,0.96189,0.798663,0.182537,0.000135496,0,0,1
3271,7.66282,-27.4608,-2.53731,0.861888,1.00848,0.994173,1.01419,1.09705,0.172298,-0.000344269,0,0,1
3272,45.9398,163.444,6.58514,0.798204,0.976338,1.00039,1.02239,0.59023,-0.0132835,-0.000183319,0,0,1
3273,37.702,138.679,16.4985,1.01045,1.02121,0.987091,1.02829,0.840123,-0.062752,0.00052241,0,0,1
3274,35.3594,-128.102,-13.5758,1.27762,0.979084,1.00589,1.05787,0.979809,0.055452,-0.00040305,0,0,1
3275,5.69412,20.1763,0.78957,0.999489,1.00094,1.0066,1.00799,1.01118,-0.0837219,-0.00195269,0,0,1
3276,34.787,123.646,2.34539,1.15783,0.984197,0.988009,0.999842,1.23513,-0.00815689,-0.00041742,0,0,1
3277,6.7044,-24.1152,-2.58216,1.06751,0.994833,1.01581,0.967177,0.804173,0.227938,-0.00102521,0,0,1
3278,6.5423,-23.2945,-1.46695,1.23386,1.02679,1.00232,1.05666,0.752759,0.12558,0.000897714,0,0,1
3279,19.9628,71.0509,4.27399,1.12747,0.985906,1.01902,0.996832,1.23444,-0.044859,-0.000166315,0,0,1
3280,113.3,440.275,-18.9314,1.21926,1.03139,0.994943,0.997342,0.885791,0.0989801,-0.00200593,0,0,1
3281,2.79982,9.94021,0.876298,0.998562,1.0198,1.01417,1.00322,0.775649,-0.316436,-0.00161497,0,0,1
3282,9.12354,-32.424,0.181915,0.809044,1.01021,0.992433,1.00532,1.04314,-0.00835123,0.00232348,0,0,1
3283,54.0689,-205.914,-19.2821,0.780941,0.969483,0.990661,0.996905,0.903372,0.147193,-0.00206549,0,0,1
3284,8.73567,-31.5004,-3.43621,1.27927,0.99054,1.01949,1.00423,1.01341,0.191558,-0.00108609,0,0,1
3285,10.0584,-35.8077,-1.77701,0.976956,1.03093,1.00054,0.969759,1.28205,0.0693687,0.000802046,0,0,1
3286,28.8963,-103.957,-9.11967,0.910792,0.990916,1.00153,1.05348,0.870767,0.0517292,-0.000214178,0,0,1
3287,8.55645,-30.6291,-2.65334,0.859625,0.987835,1.00325,1.01506,1.12771,0.145554,-0.000239408,0,0,1
3288,15.1331,-53.9343,-2.69744,1.38938,1.00111,0.992067,0.999113,1.1976,0.0495104,0.000450153,0,0,1
3289,46.2007,165.573,-8.60418,0.862547,0.995694,0.979163,1.03902,1.13966,0.0180304,-0.000749949,0,0,1
3290,53.8601,-192.682,-12.7797,1.2667,0.983118,0.992551,1.01488,0.865407,0.0205162,7.23666e-06,0,0,1
3291,4.40912,15.6781,1.15318,1.03158,1.00135,1.01024,1.01101,1.18617,-0.19597,-0.00102429,0,0,1
3292,14.5365,52.2812,4.75537,0.961103,0.997341,1.00617,1.02981,0.990083,-0.0993985,0.000365178,0,0,1
3293,5.72095,20.4278,1.7359,0.632714,1.01228,1.00082,0.921392,0.836507,-0.19322,-0.000156869,0,0,1
3294,10.3621,37.5388,4.37627,1.51513,0.970477,0.991253,0.97848,1.32758,-0.18684,0.00130564,0,0,1
3295,4.45879,15.8379,1.09295,1.26274,0.987989,0.99241,0.997631,0.611398,-0.182554,-0.00124512,0,0,1
3296,9.33924,-33.3095,-2.15071,1.07843,1.0084,1.00414,1.0806,1.16794,0.0976668,0.00041887,0,0,1
3297,22.3944,-79.8994,3.47127,1.22998,1.00108,1.00049,1.01805,1.30219,-0.0296748,0.00139237,0,0,1
3298,9.56898,34.0521,2.37381,1.15172,0.97466,0.993691,1.00855,1.14532,-0.10256,-0.000244438,0,0,1
3299,14.8031,-52.6323,2.33702,0.982671,0.976181,1.00047,1.0001,1.26925,-0.0435065,0.00204678,0,0,1
3300,8.80867,31.2976,1.81504,1.2303,0.962451,1.00077,1.03281,1.32267,-0.0895359,-0.000583642,0,0,1
3301,31.5307,115.225,11.8007,1.0044,1.04479,0.984725,0.982725,0.94295,-0.0589658,0.00034343,0,0,1
3302,7.82406,28.2868,3.0578,1.07956,1.02166,1.00401,1.01456,0.96389,-0.205884,0.0009543,0,0,1
3303,5.2238,18.5888,1.22317,0.928324,1.01929,0.993206,0.998831,1.07508,-0.155578,-0.00117718,0,0,1
3304,7.84367,28.0442,2.23936,0.998724,1.00864,1.00882,1.0377,1.0222,-0.141611,-6.13358e-05,0,0,1
3305,13.9927,-49.6349,-1.96303,1.06507,0.973692,1.01172,1.00579,0.865153,0.0402692,0.00063581,0,0,1
3306,9.53969,33.9783,1.74483,1.22195,1.02433,0.996504,0.981697,0.765852,-0.0749,-0.000813463,0,0,1
3307,4.24655,-15.1777,-1.41244,1.113,1.03269,1.00924,1.01452,1.18342,0.261145,0.00025205,0,0,1
3308,4.14958,-14.8742,-1.55093,1.21547,1.02866,1.01218,1.04133,0.812153,0.30246,-0.000365417,0,0,1
3309,64.1523,-239.836,-32.5386,1.01141,0.994284,0.980559,1.03098,0.767736,0.0593222,-0.000678247,0,0,1
3310,9.45232,-33.8334,-2.30271,0.780751,1.02122,0.976328,0.983744,1.01072,0.104216,0.000388343,0,0,1
3311,18.9282,67.2872,0.722883,1.2732,0.99347,0.987204,1.02092,0.892774,-0.00827524,-0.000894923,0,0,1
3312,31.8433,-113.703,-6.52596,0.657586,0.995842,1.00096,0.965454,1.05324,0.0287457,0.000114206,0,0,1
3313,35.8171,-130.119,-12.9294,0.783838,1.01826,0.992799,1.01263,0.833264,0.0509027,-0.000304886,0,0,1
3314,203.297,1081.27,557.516,1.08717,1.01245,1.01344,1.01839,0.861868,0.0879289,-0.0016543,0,0,1
3315,7.61647,27.4288,2.95018,0.497271,1.00531,0.99998,0.967956,0.784281,-0.208194,0.000951478,0,0,1
3316,80.0307,302.741,39.8027,0.752518,0.993689,1.00505,1.03678,0.988279,-0.0657927,0.000846132,0,0,1
3317,9.81771,35.1626,2.91528,0.981046,1.00434,1.01763,1.07433,0.473936,-0.1227,0.000144706,0,0,1
3318,6.56004,-23.2553,-1.50927,1.06823,0.983889,1.01548,1.03836,1.14871,0.127239,0.00068143,0,0,1
3319,5.8442,-20.6496,-0.413342,1.04826,0.975823,0.987791,1.03779,1.10643,0.0419803,0.0025751,0,0,1
3320,3.98661,14.2399,1.50772,0.926177,0.983566,1.01323,1.03129,1.04022,-0.31655,0.000629332,0,0,1
3321,12.7618,-46.6783,-5.02079,0.837153,1.06062,0.990687,1.02976,0.890885,0.142115,-0.000773633,0,0,1
3322,18.1854,-64.374,-0.434967,1.28221,0.987087,0.999933,0.993773,1.26623,0.00541375,0.000961131,0,0,1
3323,4.09714,14.6189,1.29252,0.851249,1.01422,0.984135,1.04099,0.891409,-0.254397,-0.000608752,0,0,1
3324,122.668,-463.127,-57.8705,1.06458,0.986683,1.00334,1.02135,1.38667,0.0461397,-0.000605376,0,0,1
3325,7.02758,25.1109,1.96347,1.0828,1.02062,0.999873,0.952832,1.45202,-0.150592,-0.000260371,0,0,1
3326,87.0605,-331.136,-35.0309,1.0448,1.03269,1.00406,1.03175,1.06978,0.0878393,-0.00121325,0,0,1
3327,10.3816,-37.5366,-3.9815,0.967433,1.02177,1.00965,1.01047,0.986338,0.161165,-0.000836539,0,0,1
3328,22.4076,80.0477,4.13237,1.16787,1.00581,0.994907,0.950079,0.819256,-0.0354788,-0.00026949,0,0,1
3329,5.17758,18.7203,2.14365,1.03748,1.02435,0.997115,0.997759,0.928223,-0.298617,0.00117371,0,0,1
3330,11.1218,40.0714,4.10766,1.14058,0.983696,1.01329,0.993678,0.900773,-0.144385,0.000754263,0,0,1
3331,10.925,39.063,2.83415,1.06719,1.0019,1.00822,0.984675,1.02075,-0.0966856,-0.000113776,0,0,1
3332,29.5963,-106.238,-8.40142,1.0148,1.00907,0.9874,0.99943,1.06008,0.0448338,-9.0315e-05,0,0,1
3333,11.9109,-42.5269,-3.43225,1.09415,0.97403,0.998633,0.972704,0.644313,0.101211,-0.000132333,0,0,1
3334,47.2152,175.065,22.9019,1.19678,1.00961,1.02077,1.00072,1.14253,-0.062009,0.000634077,0,0,1
3335,14.5357,53.0343,6.68441,0.709329,0.989521,1.01355,1.0009,0.910511,-0.158787,0.00136692,0,0,1
3336,7.43261,26.8486,3.15278,0.873163,0.984247,0.992701,0.968127,0.819516,-0.241339,0.00146527,0,0,1
3337,7.39972,26.5134,2.39219,0.78577,0.987589,0.990834,1.04389,1.12233,-0.172482,0.000300364,0,0,1
3338,53.9542,205.099,-27.5017,0.610753,1.00164,0.990311,1.04155,0.812619,0.0981803,-0.00217095,0,0,1
3339,18.7376,67.4486,5.90679,0.74613,1.02676,1.0135,1.01369,0.973741,-0.0751247,0.000231504,0,0,1
3340,15.5301,-54.9835,-0.918886,0.704866,0.985569,0.99435,0.973266,0.920578,0.0154819,0.000974934,0,0,1
3341,16.7267,-60.7503,-6.45695,0.887155,1.01545,0.995915,1.03748,0.723001,0.110453,-0.000681547,0,0,1
3342,3.57934,-12.669,-0.888844,0.599146,0.951183,0.991564,1.01421,1.00247,0.215629,0.00154976,0,0,1
3343,25.9039,-91.7146,-1.01238,0.997332,0.982901,1.00733,0.996675,1.06688,0.0063579,0.000619512,0,0,1
3344,5.80841,-20.6366,-1.23794,1.01661,0.993421,0.997917,0.983833,1.09484,0.130065,0.0011124,0,0,1
3345,3.98315,-14.203,-1.4199,1.22437,0.981287,1.0041,0.981323,1.20203,0.297161,-0.000257161,0,0,1
3346,54.3047,-196.08,14.8627,1.12291,1.0255,0.985291,1.02693,1.07356,-0.0244462,0.000809788,0,0,1
3347,4.7968,-17.1474,-1.37689,1.01188,1.02474,0.984542,1.00233,0.832471,0.206567,0.000731312,0,0,1
3348,16.5567,-59.0562,2.15531,0.943482,1.00352,0.986881,0.977727,1.26657,-0.0330753,0.00178231,0,0,1
3349,8.13404,29.0236,1.99112,1.13156,0.992164,0.985844,0.965286,0.817114,-0.1172,-0.000416914,0,0,1
3350,11.8523,-42.2487,-2.39035,1.08297,1.03354,1.01624,0.968142,0.682454,0.0688789,0.000479242,0,0,1
3351,12.5257,-45.1992,-5.10624,1.056,0.96558,1.02175,0.973961,1.01468,0.148823,-0.00105525,0,0,1
3352,7.58019,27.0276,1.78196,0.947639,1.01917,1.00741,0.973624,1.3252,-0.117474,-0.000583049,0,0,1
3353,5.98469,21.3159,1.44878,0.79309,1.01465,0.984282,0.967896,1.01752,-0.146575,-0.000868702,0,0,1
3354,16.5337,58.8063,0.710181,1.20049,1.00695,0.999828,1.00748,0.938478,-0.0105143,-0.00100276,0,0,1
3355,241.846,964.611,-555.3,1.2052,1.00762,0.988883,1.00548,1.075,-0.0434137,0.000714882,0,0,1
3356,7.00316,24.8844,0.700662,1.17127,1.03088,0.989488,1.03803,1.00786,-0.0518866,-0.00201203,0,0,1
3357,19.399,-69.8785,-5.15015,1.10601,1.04057,0.992583,1.03687,1.16394,0.0617261,-1.34769e-06,0,0,1
3358,9.62865,-34.202,0.204489,1.42409,1.01284,1.00679,1.02436,1.13959,-0.0084137,0.00217602,0,0,1
3359,7.53697,-26.9794,-2.41085,1.07675,1.01361,1.00445,0.990844,1.12392,0.167042,-0.000235998,0,0,1
3360,28.2093,-105.947,-15.087,0.88196,1.02896,1.00152,1.05341,1.20332,0.161401,-0.00196036,0,0,1
3361,9.56321,33.9437,1.32571,0.915683,0.988375,0.99166,1.07101,0.852299,-0.0556167,-0.00107478,0,0,1
3362,6.72187,23.8838,1.62142,1.3162,0.979147,0.995169,1.00124,0.859173,-0.132107,-0.000594283,0,0,1
3363,4.453,-15.92,-1.76869,1.15478,0.964059,1.00291,0.982627,0.822835,0.314556,-0.00111452,0,0,1
3364,11.3984,-40.3186,-0.619176,1.30446,0.983044,0.995676,0.993598,0.869245,0.0186239,0.00136373,0,0,1
3365,5.23546,18.6126,1.428,1.16743,0.988557,1.00708,1.01939,1.12537,-0.181475,-0.000549314,0,0,1
3366,5.01544,-17.8374,-1.34009,0.951545,0.980463,0.986633,0.998206,0.891712,0.185441,0.000714957,0,0,1
3367,20.2634,-73.1181,-7.34157,0.975724,0.997828,1.00814,1.007,0.954092,0.0849343,-0.000491407,0,0,1
3368,13.2481,-47.3412,-3.30963,1.28499,1.0187,1.00734,0.992031,1.02477,0.0793873,0.000124771,0,0,1
3369,85.0231,820.081,-274.821,0.927888,0.967616,0.996718,0.996754,0.976725,-0.126816,0.00218979,0,0,1
3370,20.6014,-75.3016,-9.38513,1.48063,1.00228,1.03105,0.943543,1.08887,0.116118,-0.00104234,0,0,1
3371,18.6517,-67.2047,-6.41048,1.17592,1.01937,1.01508,0.951784,1.01846,0.084676,-0.00039519,0,0,1
3372,159.691,584.171,66.4375,0.756662,0.978023,1.01714,0.977958,0.712882,-0.0132925,0.000108029,0,0,1
3373,4.59991,16.4342,1.5153,0.957985,1.03443,1.02098,1.07516,0.955787,-0.243747,-0.000125829,0,0,1
3374,3.78573,-13.4865,-1.23947,1.04653,0.997488,0.985942,0.97721,1.19298,0.281252,0.000466468,0,0,1
3375,6.54589,23.5418,2.46452,1.04248,1.00675,0.994012,0.982048,1.20032,-0.225153,0.000793342,0,0,1
3376,9.32491,-33.0032,-0.472087,1.01743,0.972899,1.00037,1.03686,0.62214,0.0205273,0.00166949,0,0,1
3377,6.61397,-23.59,-1.76165,0.933364,1.00926,0.997585,0.965455,0.92176,0.150923,0.000406876,0,0,1
3378,20.0443,72.2104,6.6087,0.984084,0.989152,1.00276,1.02554,1.10391,-0.075363,0.000324266,0,0,1
3379,35.3306,-132.737,-18.5249,0.955239,1.00819,1.01437,0.968684,1.03019,0.125924,-0.00153971,0,0,1
3380,19.8773,70.4756,-0.802126,1.02206,0.993375,1.01231,0.998036,0.819737,0.00816401,-0.00109821,0,0,1
3381,11.0538,-40.095,-4.40746,0.987346,1.01475,0.997552,1.01629,1.05711,0.162836,-0.000960261,0,0,1
3382,7.25646,-25.7634,-1.08454,1.21443,0.994366,0.988871,0.98419,0.87333,0.0762259,0.0013969,0,0,1
3383,16.6749,59.6028,3.90251,1.1892,0.995281,1.00313,1.01383,0.736473,-0.0594812,-0.000137858,0,0,1
3384,7.98141,-28.3591,-1.51018,1.01983,1.004,1.01391,1.01014,0.945845,0.0888769,0.000878446,0,0,1
3385,11.2923,40.4404,3.20416,1.05919,0.992572,0.996379,1.00948,1.0725,-0.104806,6.8092e-05,0,0,1
3386,20.507,72.86,-0.285558,0.957697,0.969985,1.01274,0.969592,1.05804,0.002706,-0.00094895,0,0,1
3387,12.9546,-46.99,-4.88245,1.10352,1.0231,0.996431,0.97328,0.96956,0.133069,-0.000710078,0,0,1
3388,8.65347,31.2619,3.44072,1.04632,1.00934,1.00058,0.958262,1.14331,-0.194968,0.00102696,0,0,1
3389,2.82463,10.0718,1.10224,1.06981,0.995579,0.997607,1.01985,1.02648,-0.40589,-5.38829e-05,0,0,1
3390,2.85127,10.1141,0.800681,0.806203,1.00718,0.973098,1.04254,0.901222,-0.281146,-0.00237381,0,0,1
3391,3.70771,13.2261,1.2525,1.00656,1.00377,0.989536,1.02682,1.26806,-0.293228,-0.000380351,0,0,1
3392,9.98407,35.4193,1.32597,0.835807,0.990966,0.997945,1.01297,1.04717,-0.0510999,-0.00105519,0,0,1
3393,4.3213,15.326,1.22862,1.16575,0.965502,1.00495,0.991495,0.717269,-0.218349,-0.000601279,0,0,1
3394,5.41922,19.409,1.73723,1.00363,1.02188,0.990668,0.958267,1.17276,-0.213566,-9.03898e-05,0,0,1
3395,6.75487,-23.9785,-0.694945,0.79276,0.999164,0.972755,0.992418,1.26765,0.0558297,0.00202583,0,0,1
3396,9.62949,-34.4428,-2.72284,1.19885,0.995734,0.999988,0.975705,0.81296,0.119694,-2.76233e-05,0,0,1
3397,9.98643,36.2457,4.37026,0.933947,0.997053,1.0033,1.0075,1.18647,-0.199141,0.00141985,0,0,1
3398,14.6222,52.4215,4.15969,0.999367,1.01872,1.01711,1.00082,0.914812,-0.0832254,9.40973e-05,0,0,1
3399,13.1902,-46.8737,0.292495,0.976009,0.996541,0.984523,1.00783,1.14283,-0.00679626,0.00161967,0,0,1
3400,8.42947,30.7135,3.69922,1.02989,1.00954,0.982167,1.04481,0.627827,-0.231281,0.00151067,0,0,1
3401,35.9952,-128.091,-5.51816,1.08017,1.00365,1.01673,1.02304,0.830562,0.0185527,0.00021064,0,0,1
3402,9.86523,35.194,2.18173,1.11001,1.00786,1.00606,1.00365,0.946539,-0.0886762,-0.000453816,0,0,1
3403,8.22564,29.6801,2.40883,0.634882,1.0668,0.990844,0.986675,0.972262,-0.140844,-0.000148416,0,0,1
3404,7.50436,27.0706,2.55324,0.939038,1.03424,0.997269,1.01293,1.54037,-0.18031,0.00037071,0,0,1
3405,8.6868,31.1243,2.27807,1.09794,1.02657,0.988359,1.03322,1.0347,-0.119426,-0.000295919,0,0,1
3406,7.51924,26.7446,1.30171,0.934463,1.01576,0.98759,0.988231,0.992341,-0.0863329,-0.00119188,0,0,1
3407,58.028,214.201,-25.2169,0.776152,1.01196,0.972042,1.00289,1.19282,0.0411231,-0.00109291,0,0,1
3408,3.67656,-13.077,-1.1193,0.89064,1.00029,1.0066,0.985007,0.784123,0.262172,0.000806655,0,0,1
3409,23.9035,87.9433,11.0155,1.02681,1.00312,1.00747,0.938745,0.650488,-0.105322,0.000961033,0,0,1
3410,20.5074,72.7171,1.48221,0.981513,0.975831,0.998907,0.996679,0.837784,-0.0143886,-0.000676095,0,0,1
3411,8.5444,-30.248,-1.24831,0.829634,0.982048,0.997789,0.97035,1.12223,0.0645335,0.0011307,0,0,1
3412,8.22681,29.3494,1.97968,0.853225,1.01255,1.00263,1.01235,1.12755,-0.113216,-0.000452384,0,0,1
3413,7.57351,26.9823,1.6377,1.15335,1.00907,1.00612,0.959273,1.00745,-0.107452,-0.000733247,0,0,1
3414,6.09023,21.5676,0.924162,0.882966,0.943555,1.00706,1.01706,1.21666,-0.0857663,-0.00149537,0,0,1
3415,20.1706,-71.4572,-2.19419,1.08954,0.988892,1.0172,1.03418,1.42925,0.022266,0.000546103,0,0,1
3416,5.47535,19.3803,0.477282,1.06936,0.961213,0.995182,1.01434,0.714655,-0.0539874,-0.00249867,0,0,1
3417,13.1587,48.1421,6.16879,0.636311,0.988091,0.998783,1.01428,1.04766,-0.179234,0.00154651,0,0,1
3418,32.9634,-118.006,-7.96829,1.14226,0.999429,0.999032,0.987165,1.01624,0.0335801,1.59663e-05,0,0,1
3419,2.69516,9.55039,0.864844,1.22038,0.989117,1.00712,0.994672,1.22498,-0.333182,-0.00145057,0,0,1
3420,18.3995,66.2745,6.13095,1.25931,0.98216,0.979247,0.958279,1.12038,-0.0837631,0.000355229,0,0,1
3421,2.49619,8.87357,0.934573,0.897079,0.996114,0.995723,0.962855,1.16588,-0.414044,-0.000854124,0,0,1
3422,8.22393,-29.4119,-2.51446,1.29326,0.979964,0.9904,1.06669,1.24196,0.148837,-0.000183261,0,0,1
3423,17.3875,-62.7466,-5.03301,0.903291,1.03463,0.982248,0.97486,0.70743,0.0756169,-0.000105098,0,0,1
3424,4.12906,-14.7029,-1.41551,1.31089,0.974994,0.999546,1.04068,1.24624,0.27774,-0.00010554,0,0,1
3425,3.54556,-12.662,-1.32991,1.04687,1.00138,0.999138,0.943175,0.970039,0.340152,-0.000234791,0,0,1
3426,275.25,1123.78,-164.895,1.19051,0.988733,0.994062,0.991876,0.79604,-0.0629515,0.00097464,0,0,1
3427,5.66794,-20.5769,-2.56145,0.956032,1.02603,1.01333,1.05636,0.948896,0.314269,-0.00182655,0,0,1
3428,9.30647,33.2122,-1.32841,0.595651,1.00714,1.00201,1.01892,1.15081,0.0585728,-0.00312997,0,0,1
3429,134.633,509.048,69.149,1.1528,1.00111,0.998738,1.00878,0.88884,-0.0361198,0.000452379,0,0,1
3430,5.70546,-20.3727,-1.73128,1.06862,0.985959,0.985624,1.03985,0.922378,0.195735,0.000102135,0,0,1
3431,15.5239,56.2034,6.11982,1.06128,0.973401,0.991913,0.95147,1.18946,-0.120832,0.000808559,0,0,1
3432,35.4915,126.989,7.00343,1.30036,1.00618,0.988477,0.964624,1.2496,-0.024741,-0.000135093,0,0,1
3433,54.7236,198.807,-19.9394,1.00204,1.00269,1.00244,0.99971,0.908723,0.0327629,-0.000942683,0,0,1
3434,6.11952,21.7343,1.11101,1.0851,1.00672,1.01075,1.00782,0.733967,-0.104806,-0.00136005,0,0,1
3435,6.88761,-24.488,-1.18741,0.798168,1.00505,0.988451,1.1206,0.555726,0.0925253,0.00129709,0,0,1
3436,14.4197,51.3953,2.52789,0.990516,1.00967,1.0144,1.01688,1.0357,-0.0494168,-0.000486839,0,0,1
3437,3.69318,13.1059,1.03951,1.15315,0.980183,0.994245,0.936678,1.20913,-0.239714,-0.0011316,0,0,1
3438,3.93718,-13.9629,-0.862632,1.2953,1.00299,1.00862,1.02107,1.13338,0.175523,0.00190868,0,0,1
3439,28.9665,106.263,12.5051,0.957871,1.01781,1.00015,0.971029,1.06058,-0.079002,0.000648502,0,0,1
3440,67.3808,-249.208,-32.0245,1.3948,0.99435,1.00116,1.0241,0.706121,0.0444042,-0.000457344,0,0,1
3441,24.1324,-88.2014,-10.2002,1.00971,1.0141,1.00746,1.02475,1.23715,0.0910736,-0.000726227,0,0,1
3442,6.3596,22.5721,1.56203,0.73592,0.97955,1.00339,1.00119,1.1982,-0.1401,-0.000589658,0,0,1
3443,2.74217,-9.78133,-1.08582,1.0986,1.006,1.00245,0.987466,0.916015,0.417186,9.8128e-05,0,0,1
3444,7.28959,-25.9446,-1.54476,1.14649,1.02184,1.00367,0.972374,0.69902,0.109034,0.00084938,0,0,1
3445,13.846,-49.2384,-1.1744,1.12938,1.0105,0.988901,1.0005,0.802738,0.0251142,0.0010071,0,0,1
3446,11.3515,-40.3818,-1.722,0.936099,1.0162,0.98908,0.95853,1.23562,0.0539327,0.000840057,0,0,1
3447,4.67498,16.5361,0.821065,1.10316,0.985224,1.002,1.04247,1.05872,-0.12344,-0.00197261,0,0,1
3448,5.383,19.0819,1.28196,0.783667,0.969317,0.987948,1.00926,1.20741,-0.154755,-0.000916435,0,0,1
3449,32.8306,-119.923,-13.5092,1.06281,1.00584,0.994387,0.980285,1.56003,0.0665265,-0.000522295,0,0,1
3450,11.8455,-42.4718,-3.61521,1.0108,1.01396,0.99836,1.05302,1.03578,0.109852,-0.000200942,0,0,1
3451,3.42038,12.2022,1.25478,1.01402,0.998912,0.99744,1.02457,1.10331,-0.338675,9.54581e-06,0,0,1
3452,116.062,-429.327,54.4327,0.904466,0.979811,0.990703,1.0345,1.14715,-0.026004,0.00063805,0,0,1
3453,11.7428,42.5516,4.1976,1.03989,1.02931,0.99129,0.939825,1.09106,-0.13468,0.000560245,0,0,1
3454,5.53811,-19.6378,-0.782416,1.10621,1.008,1.00888,1.04897,1.18752,0.0876032,0.00199717,0,0,1
3455,3.91662,-14.0638,-1.59821,0.738212,1.01309,0.992045,1.02299,1.27263,0.351364,-0.00083247,0,0,1
3456,11.4597,40.8456,1.50947,0.906405,1.02945,0.983822,1.0146,0.917108,-0.0459218,-0.000994657,0,0,1
3457,3.39637,-12.0546,-0.881942,0.785709,0.988028,0.983976,0.979139,1.22831,0.233891,0.00181355,0,0,1
3458,8.84665,-31.8315,-3.25065,1.08114,1.01467,1.00934,0.950417,0.914483,0.173345,-0.000731378,0,0,1
3459,9.38462,34.0929,3.96363,1.03229,1.00647,0.99133,1.02948,1.00767,-0.20016,0.00126559,0,0,1
3460,5.30426,18.7705,0.987081,0.969798,0.981529,0.998323,0.99508,0.853854,-0.119904,-0.00155333,0,0,1
3461,17.0107,-60.228,-0.996414,1.05733,0.990925,1.00326,0.969402,1.1123,0.0140493,0.000884143,0,0,1
3462,18.2321,64.9719,2.26463,1.55231,1.01003,0.99744,1.01041,1.36025,-0.0283708,-0.000591888,0,0,1
3463,3.7696,-13.5632,-1.60645,1.15319,1.00501,0.977042,1.02672,0.990237,0.3808,-0.0010571,0,0,1
3464,31.9974,118.642,15.7619,1.10589,0.992518,0.995685,0.970491,0.857691,-0.093736,0.000962186,0,0,1
3465,3.94087,-14.1749,-1.68935,1.18876,1.02196,1.01426,0.997283,0.853001,0.368099,-0.00124493,0,0,1
3466,5.78901,20.964,2.39823,0.962695,1.03531,1.00962,0.972629,0.893564,-0.2761,0.00122346,0,0,1
3467,4.55398,16.2331,0.868541,0.906732,1.0502,1.00399,1.03193,1.03155,-0.137199,-0.00211912,0,0,1
3468,5.73836,20.5647,1.77203,0.666054,1.02098,0.983019,1.04563,1.12376,-0.197361,-0.000187988,0,0,1
3469,6.09177,-21.7589,-1.85619,0.927299,1.00944,1.00265,0.99343,0.665951,0.186026,5.24362e-05,0,0,1
3470,9.42187,-34.2116,-4.10593,1.07918,1.00605,1.00605,1.05399,0.823204,0.207636,-0.00143697,0,0,1
3471,10.8467,-38.8517,-1.89293,1.06197,1.05669,0.998345,1.00487,0.89369,0.0649346,0.000782675,0,0,1
3472,155.694,-624.275,67.5544,1.01595,0.987446,0.99152,0.957709,1.26053,0.104129,-0.00160025,0,0,1
3473,7.18808,25.6408,1.819,1.16569,1.00384,0.994086,0.979071,1.17953,-0.133661,-0.000458646,0,0,1
3474,129.704,-459.709,19.1838,0.852678,0.965332,0.99145,1.04297,0.833611,-0.00526063,0.000238974,0,0,1
3475,5.19276,-18.4861,-1.35479,0.883776,0.999348,1.0053,1.00796,0.830508,0.175188,0.000733829,0,0,1
3476,6.22109,22.1132,1.53203,1.0541,0.992631,1.0105,0.981201,1.10521,-0.14255,-0.000627742,0,0,1
3477,12.2174,-43.3621,-1.45046,0.94304,0.997037,1.00049,1.00321,0.97158,0.0386644,0.000919395,0,0,1
3478,8.1312,-29.5973,-3.50885,1.0173,1.03127,1.0053,0.969107,0.845,0.229938,-0.00142748,0,0,1
3479,7.47536,26.5869,1.45127,0.810702,1.00586,1.01155,1.00968,0.635997,-0.096131,-0.000930857,0,0,1
3480,4.13022,14.683,1.26683,0.732736,0.989929,1.01372,0.993274,1.02751,-0.24303,-0.000455605,0,0,1
3481,3.82959,13.5731,0.949155,0.895148,0.987047,1.002,1.02184,0.876062,-0.203324,-0.00153862,0,0,1
3482,26.7048,95.9801,6.99819,1.09804,1.03371,1.00779,1.01686,1.0661,-0.0438363,4.25479e-06,0,0,1
3483,12.3712,43.999,0.221913,1.14733,1.029,1.00716,1.04716,1.00565,-0.005693,-0.0015047,0,0,1
3484,491.454,-7604.51,12.203,0.517758,1.02549,1.00702,1.02736,1.15189,0.0223298,-0.000382703,0,0,1
3485,12.9695,-46.1251,-1.51416,1.00391,1.01781,1.00667,1.04828,0.996737,0.0363565,0.000886552,0,0,1
3486,7.23781,25.8655,2.11269,1.19755,0.98668,0.991512,0.963784,1.29646,-0.155549,-3.52165e-05,0,0,1
3487,356.289,1345.74,190.692,0.971444,0.989342,1.00595,1.03172,0.743311,-0.00977361,0.00010967,0,0,1
3488,7.28452,-26.0589,-2.25449,1.09912,1.00132,0.994535,0.976081,0.947857,0.16624,-0.000131232,0,0,1
3489,6.06733,21.5772,1.19757,0.962614,1.01113,1.0006,1.03588,1.02615,-0.116273,-0.00125127,0,0,1
3490,14.0248,49.7706,2.32092,1.1468,0.984092,1.00743,0.966625,1.2978,-0.0473745,-0.000535098,0,0,1
3491,3.31095,-11.7927,-1.07714,0.935997,1.02547,1.0018,1.00631,1.06638,0.298701,0.00096146,0,0,1
3492,11.9007,-42.3288,-1.61492,0.965826,1.00608,0.998071,0.97503,1.13441,0.0457886,0.000860555,0,0,1
3493,32.1224,-120.266,-16.6635,0.963328,0.985979,0.999073,0.974147,1.49992,0.11228,-0.00127337,0,0,1
3494,18.8808,67.3326,4.79028,1.23662,0.975988,1.00849,1.02444,0.621592,-0.0573082,-1.32805e-05,0,0,1
3495,13.5659,-48.0294,0.461896,0.6794,1.00006,1.01887,0.925197,0.826982,-0.00988666,0.00157069,0,0,1
3496,12.4749,44.1686,0.884954,1.12015,0.988831,1.00927,0.971284,1.32118,-0.0220883,-0.00113915,0,0,1
3497,8.4126,30.0794,2.57102,0.910708,0.982267,1.0016,0.99802,1.26439,-0.144137,0.000185808,0,0,1
3498,4.7411,-16.8613,-1.07515,0.906771,1.01028,0.999806,1.0251,0.982645,0.161517,0.00139159,0,0,1
3499,70.8923,-260.351,-30.952,0.996387,1.00997,1.00336,0.980892,1.0229,0.035449,-0.000320833,0,0,1
3500,7.20714,25.8445,2.43198,0.860099,1.01705,1.01103,0.99161,1.08249,-0.182612,0.000393008,0,0,1
3501,5.97609,-21.4197,-2.11681,1.17813,1.00414,1.01151,0.969914,0.884728,0.223911,-0.000571905,0,0,1
3502,7.86149,27.9125,1.23421,0.693017,1.00562,1.01447,0.94064,1.29599,-0.073612,-0.00117618,0,0,1
3503,34.1255,-121.502,-3.7167,0.82868,1.00655,0.997068,1.05484,1.21394,0.0140725,0.000332815,0,0,1
3504,6.75373,24.2495,2.43093,0.739379,0.999177,1.01017,0.998078,0.721195,-0.208249,0.000686627,0,0,1
3505,3.50422,-12.4918,-1.07482,1.29234,1.02666,0.994049,0.950253,0.884867,0.271165,0.00115342,0,0,1
3506,8.06808,28.5774,1.15134,1.1688,0.979143,0.988324,0.959353,1.21246,-0.0659893,-0.0012617,0,0,1
3507,6.36796,-22.632,-1.41041,1.00993,0.985027,0.988434,1.00284,1.09352,0.126996,0.000885231,0,0,1
3508,9.95139,-35.6767,-3.13888,1.00657,0.998104,0.992495,0.985989,0.883097,0.132838,-0.000287407,0,0,1
3509,29.1542,105.509,-7.43699,0.959992,1.05006,0.992937,1.03604,1.00252,0.0399592,-0.0014161,0,0,1
3510,5.7624,20.517,1.40012,0.785593,1.00116,1.00147,1.01335,1.03328,-0.150424,-0.000808248,0,0,1
3511,9.75979,-34.665,-0.348135,0.986148,1.04074,1.01631,1.02141,0.892601,0.0139875,0.00178912,0,0,1
3512,30.8612,115.213,15.9568,1.23049,0.9796,0.99046,1.00072,0.803014,-0.111537,0.00123514,0,0,1
3513,5.49764,19.7636,2.2126,0.90537,1.0012,1.00441,1.01859,0.855428,-0.277407,0.00115743,0,0,1
3514,12.0319,-42.8675,-2.21962,1.03278,1.0128,1.00486,1.00425,1.15452,0.0623227,0.000557493,0,0,1
3515,27.6197,-100.324,-11.0382,0.93519,0.997856,0.997353,1.02695,1.25661,0.0736014,-0.000538131,0,0,1
3516,18.7208,-66.7822,-4.38494,0.838221,0.996506,1.01704,0.975194,1.27333,0.0534207,9.74284e-05,0,0,1
3517,4.75171,16.8648,0.671799,0.994825,1.01311,1.0009,0.981944,1.06213,-0.0983932,-0.00245817,0,0,1
3518,3.82005,13.7004,1.60496,0.588541,1.00902,1.01245,1.01731,1.21133,-0.368724,0.00114917,0,0,1
3519,29.903,-106.284,-5.22666,0.834843,0.983656,1.00135,0.978098,0.883898,0.0254352,0.000200669,0,0,1
3520,23.5958,86.8596,10.9248,1.49175,0.996551,0.989151,1.04305,1.10586,-0.108592,0.000990693,0,0,1
3521,19.9841,71.589,5.19651,1.00937,0.984076,0.990944,0.972456,0.817463,-0.0571492,7.13458e-06,0,0,1
3522,24.7926,-87.8923,-3.00136,1.03274,0.990623,1.01081,1.00623,0.953753,0.0206018,0.000409723,0,0,1
3523,7.85248,28.1247,2.47307,0.927353,1.01072,1.00265,1.0028,0.77795,-0.158512,0.000198696,0,0,1
3524,4.34829,15.4733,1.16045,0.773787,0.995603,0.99389,0.996562,0.979961,-0.204121,-0.0010209,0,0,1
3525,10.5595,-37.6076,-2.92087,1.12988,0.972053,1.00463,1.01883,1.08927,0.106593,-3.99206e-05,0,0,1
3526,57.0146,-214.818,29.0762,1.18034,0.991103,1.00334,1.04504,1.15574,-0.0688984,0.00159453,0,0,1
3527,8.88617,32.0565,3.50425,0.832133,0.986089,0.986755,0.982871,1.11951,-0.19129,0.00103497,0,0,1
3528,7.34175,26.0822,0.930469,1.06417,1.02321,0.993485,1.01681,0.723305,-0.0636022,-0.00164237,0,0,1
3529,4.91697,-17.4636,-0.956191,0.847707,1.01076,0.994069,0.965147,1.26161,0.134302,0.00173707,0,0,1
3530,5.28435,18.8102,1.2752,0.919772,0.999128,0.995718,1.04506,1.11365,-0.159476,-0.000979716,0,0,1
3531,29.0564,105.097,10.5445,1.29752,0.992,1.00067,0.95004,0.669224,-0.0605635,0.000362934,0,0,1
3532,10.4301,37.1538,2.37195,0.939059,0.988188,1.0001,0.945787,1.14566,-0.0866974,-0.000358478,0,0,1
3533,7.56628,-27.0917,-2.39728,0.966098,0.995631,0.995438,0.996972,1.03295,0.165902,-0.00024261,0,0,1
3534,10.5064,37.3652,0.903563,0.709006,1.02401,1.00622,1.01527,0.743328,-0.0316967,-0.00133322,0,0,1
3535,125.937,-492.26,9.77668,0.836784,0.983283,1.00462,1.0066,0.953581,0.102121,-0.0015333,0,0,1
3536,6.82144,24.2259,1.68391,1.23029,0.971626,0.989471,1.04087,0.637286,-0.134356,-0.000514902,0,0,1
3537,3.60133,12.7657,0.611752,1.1011,1.00296,0.993818,0.986596,0.960747,-0.143646,-0.00301243,0,0,1
3538,164.379,-980.712,580.253,1.25422,0.999861,0.999968,1.03726,1.21622,0.0909204,-0.00147167,0,0,1
3539,25.1921,-90.9044,-8.77676,1.33709,1.00698,0.998659,0.960666,0.941497,0.0662732,-0.000345669,0,0,1
3540,5.27205,19.0636,2.23773,1.15173,1.01971,0.998412,1.0424,1.37156,-0.304353,0.00135801,0,0,1
3541,4.56495,16.2716,1.38077,0.752095,0.995816,0.999166,1.0102,1.01791,-0.226117,-0.000412224,0,0,1
3542,366.433,-1672.97,-599.151,0.767342,0.990498,0.995452,0.996519,1.29729,-0.0538166,0.00102361,0,0,1
3543,13.8072,-50.9404,-6.61694,1.10425,1.03108,0.99387,1.03358,0.621688,0.178249,-0.00153209,0,0,1
3544,23.0965,-82.2229,1.97254,1.04145,1.00918,1.0035,1.00413,1.34797,-0.0157178,0.00112207,0,0,1
3545,6.30305,22.5445,2.26708,0.906231,0.953134,0.978432,1.00597,0.970462,-0.220513,0.000707889,0,0,1
3546,3.9401,-14.1327,-1.58333,1.31707,1.01828,1.0081,0.958558,1.05511,0.341573,-0.000784561,0,0,1
3547,47.5368,-168.551,0.346253,1.08383,0.992658,1.00056,0.983759,1.17119,-0.000679528,0.000417662,0,0,1
3548,7.81367,28.3348,3.53745,1.3939,0.984149,1.00559,1.00498,0.920762,-0.254152,0.0018408,0,0,1
3549,23.7054,-84.8979,-6.91584,0.814557,0.978364,1.004,1.00342,1.01853,0.0556252,-0.000149921,0,0,1
3550,27.751,100.571,9.85042,1.41859,1.01528,0.99964,1.06871,0.960635,-0.0613176,0.000328633,0,0,1
3551,76.5542,-281.063,-33.811,0.600032,0.988689,0.998892,0.989828,1.08687,0.0337218,-0.000315345,0,0,1
3552,4.58872,-16.3102,-1.16187,0.576397,0.993787,0.997058,1.01842,1.09229,0.185666,0.00106918,0,0,1
3553,20.864,73.9446,0.148993,1.10982,0.986741,1.00846,0.978084,0.592356,-0.00137699,-0.000884582,0,0,1
3554,13.0474,-46.9385,3.48883,1.09396,1.00284,1.00431,0.962248,0.744737,-0.0864508,0.00302175,0,0,1
3555,33.5884,124.411,16.5742,0.994837,0.966244,0.999413,0.995397,0.628421,-0.0915987,0.00097084,0,0,1
3556,6.03196,21.4112,0.943544,0.826271,1.00651,1.0105,1.05898,1.00837,-0.0906568,-0.00164506,0,0,1
3557,17.346,62.7174,7.04661,0.817437,0.965705,1.02703,1.01332,0.966671,-0.110731,0.000824891,0,0,1
3558,240.969,-1001.29,-195.805,0.9624,1.0159,0.984972,1.0112,0.919337,-0.0793438,0.00153193,0,0,1
3559,5.93765,-21.187,-1.69603,1.19671,1.00185,1.00688,0.997432,1.19595,0.175882,0.000260947,0,0,1
3560,21.3775,-76.0083,2.7597,0.834394,0.995982,1.00684,1.03963,1.1409,-0.0253279,0.00134349,0,0,1
3561,4.24953,15.1457,1.28581,0.864202,1.02197,1.00138,0.965221,0.667185,-0.235791,-0.000670873,0,0,1
3562,458.901,-2271.6,-359.547,1.30757,1.00125,1.01351,1.00888,0.874809,0.0647912,-0.00108655,0,0,1
3563,10.296,-36.5874,-0.93681,0.816113,1.00946,0.99667,0.950092,0.75993,0.0345434,0.00132006,0,0,1
3564,5.08469,-18.1503,-1.59221,0.707924,1.00547,1.00141,0.935058,1.28404,0.218584,0.000131563,0,0,1
3565,21.6761,-77.0692,0.170014,1.07801,1.01165,1.00397,0.97999,1.11738,-0.00153144,0.000930212,0,0,1
3566,3.90034,13.8939,1.21315,1.23328,1.0032,1.0022,1.00243,1.35,-0.258855,-0.000605464,0,0,1
3567,20.5288,73.2181,-1.96587,0.790431,1.00515,0.983894,1.04641,0.666576,0.01965,-0.00131851,0,0,1
3568,6.14538,-21.875,-1.50702,1.1309,1.00346,1.0111,1.04377,1.06519,0.144372,0.000667419,0,0,1
3569,8.87048,31.623,1.93854,1.11078,0.997118,0.995771,1.03755,0.953096,-0.0959205,-0.00055728,0,0,1
3570,243.499,1269.48,632.112,1.57725,1.00455,1.01636,0.991165,1.30228,0.0743009,-0.00139955,0,0,1
3571,11.0571,39.3864,1.76848,0.64793,1.01577,1.00035,0.980643,0.967271,-0.0574297,-0.000798869,0,0,1
3572,34.6394,-125.321,-13.0069,0.721477,0.974872,0.983425,1.05642,1.04504,0.0554043,-0.000377783,0,0,1
3573,5.61252,-19.931,-0.705754,0.93355,1.04645,1.01217,0.98473,0.856036,0.0769306,0.00224991,0,0,1
3574,12.8687,46.3819,4.62168,0.957072,0.981729,0.993168,1.06923,1.09372,-0.125033,0.00062119,0,0,1
3575,29.1851,109.108,15.3607,0.917001,1.02087,1.00168,0.99276,0.831023,-0.124641,0.00139507,0,0,1
3576,6.4574,-23.3458,-2.49932,1.33394,1.02212,0.983873,1.00822,0.965164,0.238208,-0.000881513,0,0,1
3577,94.5856,361.834,30.1282,0.985084,1.02312,0.995961,0.987535,0.93768,-0.0963569,0.00136993,0,0,1
3578,10.9739,-39.3179,-3.34255,0.568722,0.99913,0.988029,0.997604,0.754421,0.117887,-0.000205871,0,0,1
3579,8.86892,-31.8959,-3.23182,0.769666,1.00088,1.0076,0.982321,1.37729,0.172297,-0.000744175,0,0,1
3580,4.63913,16.5712,1.63351,0.974967,0.979101,0.99751,1.00314,1.09861,-0.265475,0.000372883,0,0,1
3581,207.419,-788.581,-61.5401,0.963018,0.981137,0.997859,1.01045,0.85064,0.0418085,-0.000594816,0,0,1
3582,16.4703,59.8532,6.69037,0.821808,1.00622,1.00146,0.982824,1.26723,-0.118148,0.000809463,0,0,1
3583,74.2285,-263.776,-12.787,0.933734,0.968287,1.00692,1.03401,0.833287,0.0104451,7.10806e-05,0,0,1
3584,8.4169,30.0773,2.30787,1.07228,0.996403,1.00578,0.957123,0.871649,-0.127609,-0.000109778,0,0,1
3585,4.29382,-15.3208,-1.41628,1.22868,0.996473,0.99507,1.09983,1.2966,0.260781,0.000129278,0,0,1
3586,5.9567,-21.1164,-0.804379,0.95964,1.00782,1.0132,1.02636,0.871966,0.0788727,0.00187972,0,0,1
3587,27.7169,103.685,14.3287,0.977451,1.00736,0.999701,0.959558,1.02329,-0.120545,0.00130512,0,0,1
3588,6.97821,24.7347,1.45261,1.07853,0.969772,0.996341,0.955476,0.559036,-0.109637,-0.000836468,0,0,1
3589,9.18603,-32.9268,-2.94878,0.80764,1.0115,1.01202,1.12409,0.665887,0.143246,-0.000325441,0,0,1
3590,9.85385,-34.9828,-0.914884,1.35279,1.00055,0.994972,1.01175,1.33255,0.0364444,0.00135987,0,0,1
3591,6.48056,-22.9572,-0.90532,0.900138,0.992459,0.996958,0.982325,0.86283,0.0770508,0.00166749,0,0,1
3592,4.61313,16.3231,0.848054,0.565095,0.990231,1.00339,1.02756,0.933105,-0.130714,-0.00192121,0,0,1
3593,10.0556,36.1664,3.40069,0.859622,1.01351,0.993724,1.01516,0.843121,-0.141596,0.00042666,0,0,1
3594,8.33201,-29.6014,-1.15794,0.569539,1.01289,1.01143,1.02983,1.24078,0.0626873,0.00125155,0,0,1
3595,16.6413,59.5941,4.1227,0.908597,1.02237,0.99503,0.995575,1.0158,-0.0640485,-0.000107551,0,0,1
3596,8.92524,-32.0767,-2.83414,1.10197,1.02362,0.994745,0.972898,0.989193,0.145283,-0.000223884,0,0,1
3597,11.989,-42.8552,-3.32447,0.910341,0.98311,0.995722,1.01655,0.829015,0.0970868,-5.16469e-05,0,0,1
3598,8.16467,-29.2636,-2.76789,1.20479,0.9696,0.983172,1.03617,1.11696,0.169672,-0.000515606,0,0,1
3599,191.919,-677.697,-8.85283,0.823638,0.987558,1.00758,0.952185,0.800926,0.0011448,7.90104e-05,0,0,1
3600,7.28168,25.8391,1.05753,1.22289,0.991897,0.992957,0.984126,0.844793,-0.073038,-0.0014192,0,0,1
3601,10.4952,37.6923,3.05488,1.21157,1.03728,1.00953,0.975951,1.09322,-0.113836,4.13682e-05,0,0,1
3602,15.5705,-56.1374,-5.52964,1.04874,1.00984,1.00154,1.00393,0.931161,0.10422,-0.000508416,0,0,1
3603,46.2267,-172.491,22.9039,0.855729,0.983959,1.00703,1.0024,1.05103,-0.0714482,0.00170961,0,0,1
3604,8.60374,-31.0059,-3.05868,0.871139,1.02659,1.00604,1.02055,1.21589,0.170317,-0.000584973,0,0,1
3605,26.0589,94.1699,-8.28701,0.894417,0.997288,0.989771,0.989586,1.12171,0.056819,-0.00176897,0,0,1
3606,14.7493,52.6696,3.06441,1.17067,1.02616,0.997371,0.999367,1.0313,-0.0588545,-0.000349024,0,0,1
3607,2.87714,-10.2262,-1.00609,0.725573,0.994189,1.00791,1.02204,1.12984,0.354014,0.000685454,0,0,1
3608,5.16302,18.454,1.70061,1.11539,1.01191,0.996661,0.972793,0.758073,-0.228121,3.66621e-05,0,0,1
3609,3.55565,-12.6632,-1.16258,0.882978,1.0023,0.989356,1.00809,1.367,0.29133,0.000635897,0,0,1
3610,7.69707,-27.3317,-0.655262,1.04578,1.02385,1.01749,0.992193,1.3824,0.0405589,0.00182971,0,0,1
3611,29.4103,-104.181,1.22107,0.943662,0.982483,1.00628,0.98976,0.763487,-0.00600054,0.000748537,0,0,1
3612,13.826,49.1914,1.81777,1.27094,1.00431,1.00558,0.996402,1.09651,-0.0381485,-0.00074469,0,0,1
3613,12.6229,44.9524,2.57684,0.692877,1.00027,1.01569,1.00392,1.22731,-0.0648859,-0.000396389,0,0,1
3614,50.2979,-188.009,-26.1445,1.27412,1.04966,0.991828,0.995715,1.03413,0.0780528,-0.000886436,0,0,1
3615,16.6526,59.2706,2.00385,0.991939,1.00742,1.00731,1.02367,1.33336,-0.0294737,-0.0006567,0,0,1
3616,36.1172,-129.336,7.98629,1.18223,1.02054,1.01061,0.950149,0.96055,-0.0277412,0.00103408,0,0,1
3617,76.3375,273.384,12.0826,0.753598,1.01078,1.01141,1.00672,1.08918,-0.00895272,-9.92158e-05,0,0,1
3618,4.51239,15.9566,0.91628,1.23079,0.981631,1.0068,0.983084,1.01822,-0.147217,-0.00167577,0,0,1
3619,20.3769,-72.7301,-1.7902,1.53899,1.05753,1.01212,1.01833,0.804012,0.0182438,0.000677786,0,0,1
3620,9.72746,34.8777,2.8156,1.21124,1.02522,0.998586,0.975831,0.976349,-0.120931,6.51417e-06,0,0,1
3621,7.28654,-25.786,-1.16433,0.601078,0.984005,1.00814,0.981228,0.921235,0.0801154,0.00122003,0,0,1
3622,6.57607,23.4424,1.60245,1.08278,1.01379,1.00858,0.991484,1.05237,-0.136311,-0.000638841,0,0,1
3623,4.81884,-17.2209,-1.62847,0.937068,0.999814,1.00478,1.01607,1.36491,0.247326,-0.000176926,0,0,1
3624,9.45655,-33.6911,-1.98517,0.97016,1.00901,0.981075,0.984653,1.00056,0.0885992,0.000612136,0,0,1
3625,6.0832,21.7689,1.9797,1.2528,0.990775,0.999522,0.99684,1.02208,-0.200288,0.000228705,0,0,1
3626,3.85328,-13.7914,-1.51977,0.56044,0.992222,0.998687,1.04312,0.872948,0.343692,-0.00077322,0,0,1
3627,10.9772,39.0578,2.55214,1.2205,0.979361,0.998812,1.00807,0.524918,-0.0848007,-0.000285988,0,0,1
3628,3.90658,13.8698,0.884065,1.70361,0.999834,1.00176,1.03981,1.23741,-0.182782,-0.00185346,0,0,1
3629,11.1851,-40.7772,-4.91227,0.576861,1.00779,0.999626,1.01135,0.99316,0.185145,-0.00136467,0,0,1
3630,24.3979,-87.9617,-8.43596,1.15376,1.00154,0.995855,0.947179,0.833477,0.067766,-0.000347085,0,0,1
3631,23.2579,-82.9536,-4.08559,0.689716,1.00131,0.990006,0.980143,1.21123,0.033141,0.000279084,0,0,1
3632,55.5389,212.575,19.301,0.948014,0.943088,0.999797,1.00006,1.44118,-0.1382,0.00194303,0,0,1
3633,8.51498,30.1804,1.4805,1.46478,0.970874,0.989568,1.0005,0.963954,-0.0774181,-0.000916877,0,0,1
3634,3.77878,-13.455,-1.08588,0.904223,1.02051,0.993184,0.992676,0.980085,0.241377,0.00120593,0,0,1
3635,37.4934,-140.541,-19.6892,1.3445,1.01207,1.00721,1.00837,1.01205,0.111033,-0.00132124,0,0,1
3636,4.8392,17.1465,1.07423,0.814957,0.974918,0.983823,0.983638,0.80009,-0.155316,-0.00135337,0,0,1
3637,9.22672,33.1003,3.35809,0.781447,0.970605,1.0108,0.986049,0.92761,-0.164042,0.000762477,0,0,1
3638,507.272,-3316.47,-2653.51,1.34307,1.01052,1.01989,1.05059,1.06009,-0.0639867,0.0011555,0,0,1
3639,7.59995,-27.1291,-2.05203,0.591296,1.00018,1.00476,0.952834,0.877148,0.136945,0.000210055,0,0,1
3640,2.90448,10.3283,0.96776,0.989997,0.997658,0.967465,0.952649,1.00323,-0.335623,-0.00132108,0,0,1
3641,7.78009,28.0493,3.11358,1.00451,0.997346,1.00086,1.00677,0.881484,-0.214391,0.00112901,0,0,1
3642,7.19771,-25.6109,-1.45595,0.807142,1.00923,0.994168,0.999543,0.73799,0.10541,0.000945721,0,0,1
3643,3.78136,-13.4567,-1.36524,1.0803,0.966481,0.999567,0.957887,1.16203,0.311992,-0.000301797,0,0,1
3644,24.7686,-88.4175,3.80561,1.19853,1.0023,0.979801,1.01228,1.11015,-0.0273743,0.00129188,0,0,1
3645,19.4798,-69.2142,2.2746,1.1618,0.992142,1.00174,1.00943,1.14399,-0.024949,0.00142661,0,0,1
3646,32.2238,119.974,16.3798,1.10548,0.982022,0.989822,0.953702,1.17108,-0.101763,0.00109871,0,0,1
3647,11.2622,-40.2302,-2.7826,1.21832,1.01352,0.984443,0.95004,0.783658,0.0910061,0.000232369,0,0,1
3648,8.21565,-29.3301,-2.2622,0.793913,0.999358,1.01288,1.01164,1.23607,0.130724,9.83078e-05,0,0,1
3649,13.1962,-46.9575,2.23454,0.770225,0.980505,0.994139,1.0021,0.773046,-0.0519698,0.00237204,0,0,1
3650,27.1488,96.9109,-3.04594,0.692285,1.00557,0.994716,1.02653,1.24479,0.017585,-0.00103487,0,0,1
3651,6.97827,-24.9648,-2.01621,1.16381,1.02921,1.00107,1.06568,0.816482,0.157481,0.000184777,0,0,1
3652,5.1419,-18.3008,-1.37549,0.843343,0.990664,0.994965,0.957015,0.856029,0.182146,0.000673552,0,0,1
3653,37.8891,136.321,11.0771,1.32152,1.00216,0.988128,0.992699,1.16244,-0.0360198,9.15529e-05,0,0,1
3654,14.3553,50.859,1.42509,1.01513,0.979751,1.00086,1.03538,0.737433,-0.0275294,-0.000848612,0,0,1
3655,102.632,390.217,50.1677,1.09815,1.02328,1.00471,1.01666,0.970402,-0.0576835,0.000757756,0,0,1
3656,10.7223,38.133,1.24408,1.47649,1.01837,0.989782,0.976044,1.07854,-0.0426487,-0.00113847,0,0,1
3657,50.2496,-191.164,-23.311,0.653334,1.03288,1.00589,1.01265,1.03631,0.131384,-0.0017641,0,0,1
3658,30.5191,109.288,-6.15934,1.00609,0.984291,0.986424,0.990938,1.22673,0.0289523,-0.00115106,0,0,1
3659,4.65843,-16.6808,-1.41688,0.735663,1.03293,0.991286,1.03279,1.24277,0.224218,0.000557149,0,0,1
3660,10.5287,-37.3953,-2.40262,1.25269,0.970252,0.99232,0.987177,0.879491,0.0869505,0.000321493,0,0,1
3661,7.74312,-27.5392,-1.35154,0.974663,1.01842,1.00561,1.0153,0.922171,0.0847707,0.00108638,0,0,1
3662,3.98671,14.1155,0.757894,1.20923,0.988565,0.991984,1.04097,0.986228,-0.150651,-0.00230518,0,0,1
3663,10.1293,-36.1134,-2.17806,0.865812,1.01937,0.992771,0.998377,1.00226,0.0852258,0.000517212,0,0,1
3664,12.4665,45.0985,4.52167,0.859106,1.02629,1.00806,1.01139,1.04026,-0.128477,0.00059403,0,0,1
3665,3.18021,-11.3287,-1.10161,1.04029,1.01078,1.00478,0.98322,0.851625,0.32996,0.000574015,0,0,1
3666,3.73642,-13.3579,-1.39839,1.1784,1.01361,1.0049,0.992463,0.576178,0.326142,-0.000261492,0,0,1
3667,13.2432,46.9838,-0.361278,1.18497,0.971382,1.00233,0.991205,1.01961,0.00802721,-0.00155923,0,0,1
3668,93.4157,356.152,41.0809,1.05148,1.03622,1.00062,1.02686,0.735803,-0.0770609,0.00105055,0,0,1
3669,60.5895,231.054,23.9961,0.461714,0.981413,1.00117,0.976546,1.14091,-0.12186,0.00168873,0,0,1
3670,4.42323,-15.7987,-1.40088,0.647176,1.03112,1.00569,1.01736,1.41521,0.241064,0.000414723,0,0,1
3671,229.141,-1358.8,895.348,0.921657,1.0097,0.994009,1.01896,1.16339,0.0468705,-0.000766092,0,0,1
3672,3.75011,13.4943,1.61039,0.538069,1.0233,1.00697,0.994489,0.849398,-0.38083,0.00114551,0,0,1
3673,15.6245,56.7747,6.31317,1.1163,1.00231,0.99184,1.00226,0.836514,-0.123473,0.000824451,0,0,1
3674,11.3917,40.6882,2.68325,1.16797,1.02732,1.00461,1.02725,0.818778,-0.0840699,-0.000305557,0,0,1
3675,164.87,665.384,-77.9512,0.784048,0.977859,0.992253,1.01667,1.24772,-0.0989708,0.00152378,0,0,1
3676,19.5002,69.5268,3.89972,1.07171,0.996117,1.01083,0.982948,0.961585,-0.0429932,-0.000240985,0,0,1
3677,6.3541,22.7461,2.03363,1.07935,1.0107,0.989334,0.99394,1.04455,-0.19032,9.31964e-05,0,0,1
3678,6.51327,23.2495,1.79326,1.12031,1.00249,0.997129,1.02396,1.20495,-0.158004,-0.000315679,0,0,1
3679,8.07793,28.5985,1.14665,1.06348,0.982625,1.00423,0.984429,0.72243,-0.0650123,-0.00123194,0,0,1
3680,44.6677,-158.765,0.75198,0.892054,1.01691,1.01978,1.04031,0.973484,-0.00165406,0.000460367,0,0,1
3681,6.03539,-21.3741,-0.809087,0.917112,0.99018,0.992692,0.980065,1.10112,0.0781813,0.00187988,0,0,1
3682,14.3139,-50.9699,2.56073,0.905261,0.987721,1.00421,0.972756,1.05688,-0.050961,0.00223335,0,0,1
3683,2.85317,-10.1948,-1.19374,0.50977,0.994179,0.995591,1.01496,1.00196,0.437573,-0.00053051,0,0,1
3684,5.07557,17.9266,0.537108,1.18031,0.987561,1.01138,1.01557,0.867148,-0.0690747,-0.00253789,0,0,1
3685,8.79742,-31.2565,-0.315481,1.14663,1.04279,1.00449,1.02139,1.0084,0.0153941,0.00202728,0,0,1
3686,6.32209,22.4787,1.38128,0.784158,0.993384,0.997416,0.999299,0.964922,-0.124993,-0.000930853,0,0,1
3687,4.96883,17.7489,1.37718,0.935169,1.01958,0.979995,1.01495,0.806296,-0.193935,-0.000800924,0,0,1
3688,10.1366,36.3042,3.02011,0.818765,0.990087,1.00515,0.967233,1.37585,-0.120309,0.000161683,0,0,1
3689,5.94447,-21.0572,-0.755935,1.0597,0.950548,1.00011,1.02191,0.962048,0.0739784,0.00182515,0,0,1
3690,45.1455,163.959,15.4346,1.08424,1.01574,0.988789,1.01262,1.24588,-0.0371278,0.000186733,0,0,1
3691,33.0922,-119.088,9.4776,0.971402,0.978783,0.986963,0.991603,0.87816,-0.0406166,0.00130926,0,0,1
3692,17.1103,63.4902,8.52034,0.895541,1.01707,0.9857,1.07004,0.562947,-0.161082,0.00152342,0,0,1
3693,13.725,-49.0036,-3.21935,0.807218,1.00055,1.00777,1.007,0.903151,0.0714505,0.000180983,0,0,1
3694,17.192,63.2277,8.59543,0.815127,0.955913,1.00016,1.05682,0.961158,-0.166952,0.00170875,0,0,1
3695,87.6758,-333.26,-38.3634,1.19495,0.976974,0.992308,1.0056,1.48311,0.0742575,-0.0010038,0,0,1
3696,64.8765,237.475,28.6307,1.00128,0.979589,1.01318,1.01921,1.43155,-0.0372127,0.000337442,0,0,1
3697,41.5412,-149.763,12.8396,0.759651,0.987068,1.00509,0.973517,0.801128,-0.03554,0.00109383,0,0,1
3698,8.86841,31.5428,2.00812,0.970098,0.98712,1.00254,0.995439,0.925567,-0.0985349,-0.000471275,0,0,1
3699,10.6832,38.3741,3.84707,1.05156,0.971088,1.00681,0.997189,0.985409,-0.143955,0.000687921,0,0,1
3700,3.28542,11.6007,0.622764,1.01945,0.967571,1.00454,0.94936,1.35949,-0.170334,-0.00278202,0,0,1
3701,3.94461,-14.1313,-1.41373,1.16215,1.03059,1.00226,1.03555,1.16569,0.299042,1.42338e-05,0,0,1
3702,7.99012,-28.9099,-3.01522,1.07577,1.03337,1.00496,1.00945,0.852256,0.195086,-0.000803752,0,0,1
3703,6.50596,23.1406,1.87274,1.04828,0.972394,1.00192,1.01068,0.471279,-0.164145,-0.000103619,0,0,1
3704,4.86766,17.5219,1.86485,0.692315,1.03304,1.00921,1.00007,0.80784,-0.28116,0.000671466,0,0,1
3705,4.04781,14.4995,1.77492,1.06185,0.957708,1.00681,0.997143,0.73865,-0.378167,0.00180097,0,0,1
3706,11.281,41.0015,5.00324,1.20039,0.996159,1.00932,1.01525,1.25748,-0.184088,0.00140162,0,0,1
3707,299.889,-1581.79,-799.282,1.42544,0.994631,1.01092,1.02164,0.711895,-0.0581712,0.00109505,0,0,1
3708,21.6202,79.4728,10.0794,0.80753,0.991901,1.00267,0.964794,1.22428,-0.117527,0.00108365,0,0,1
3709,7.79802,-27.8402,-2.04495,1.2325,0.995531,0.982053,0.985081,0.960721,0.13168,0.000298038,0,0,1
3710,10.2245,-36.4422,-2.44138,1.04096,0.990508,1.00035,1.03173,0.91214,0.093724,0.000280953,0,0,1
3711,4.21584,14.9131,0.971711,0.870643,0.976738,1.00038,0.962832,1.17388,-0.176961,-0.00148576,0,0,1
3712,5.09366,-18.1152,-1.38273,0.859479,0.99178,1.00637,1.01256,0.95776,0.184897,0.000608942,0,0,1
3713,3.44566,12.2265,0.908874,1.19156,1.00177,1.01157,0.995931,1.22328,-0.232465,-0.00162403,0,0,1
3714,19.3867,70.9036,8.21192,0.971108,1.01346,0.992889,0.977918,1.25711,-0.110673,0.000840484,0,0,1
3715,4.56233,16.3126,1.56224,1.10048,1.00112,0.996424,0.97496,1.2379,-0.260285,0.000118331,0,0,1
3716,13.9318,49.4419,2.35657,1.09934,0.973528,0.997444,1.06003,0.834356,-0.0490537,-0.000518422,0,0,1
3717,21.9153,-78.3329,-4.9049,1.00306,1.00682,0.998763,0.944086,0.85415,0.04514,0.000121874,0,0,1
3718,14.2387,51.4057,5.31853,0.7883,0.99583,1.00014,0.984862,1.19468,-0.119878,0.000669488,0,0,1
3719,7.88689,28.0871,1.60097,0.883514,1.02259,1.00165,1.00032,0.811404,-0.097496,-0.000847568,0,0,1
3720,4.82532,17.2327,1.56648,0.893307,1.01567,1.01545,1.01077,1.20173,-0.234131,-4.39378e-05,0,0,1
3721,4.15123,-14.8788,-1.64006,1.27749,0.998298,1.01365,0.995867,1.07815,0.326726,-0.000915172,0,0,1
3722,2.41334,-8.5705,-0.798966,0.756929,1.00225,1.00383,0.976578,0.996155,0.366729,0.00185809,0,0,1
3723,10.193,36.4138,2.3766,0.983433,1.01865,0.985454,0.975411,1.3487,-0.0922005,-0.000404962,0,0,1
3724,5.33099,-19.0407,-1.67725,0.986526,1.00095,1.00493,1.01713,0.887431,0.212283,2.67262e-05,0,0,1
3725,6.2702,-22.269,-1.11274,0.928602,1.00969,1.01509,1.00516,1.37293,0.100571,0.0013467,0,0,1
3726,9.24625,-33.5655,-3.57341,0.808897,1.03783,0.978526,1.04,0.986128,0.180885,-0.000817818,0,0,1
3727,5.57158,19.728,1.04026,1.01303,0.964119,0.995162,0.95364,1.02266,-0.116474,-0.00138781,0,0,1
3728,7.04287,25.1158,1.77571,0.797354,1.02673,1.0128,0.979484,1.34549,-0.133746,-0.000506935,0,0,1
3729,7.58296,-27.1813,-2.52995,1.08682,1.00698,0.989498,1.00126,1.41436,0.175616,-0.000360016,0,0,1
3730,3.60173,-12.7664,-1.0732,0.99525,0.97123,0.995029,1.0324,1.15811,0.259798,0.000871589,0,0,1
3731,5.8936,21.1247,1.97752,0.959377,1.02661,1.0074,1.04155,1.005,-0.210384,0.000212476,0,0,1
3732,9.10673,-32.5608,-2.58409,0.963523,0.997424,1.00867,1.02678,0.583471,0.124855,-2.12702e-05,0,0,1
3733,15.5429,55.4322,2.8114,1.09231,1.02327,1.00016,1.01336,0.85607,-0.0484697,-0.000447817,0,0,1
3734,2.18685,-7.7758,-0.872713,1.17243,1.00255,0.993026,0.995701,1.20214,0.473328,0.00106865,0,0,1
3735,3.94158,-14.125,-1.68166,1.16014,0.967208,0.998292,0.993127,1.34023,0.372612,-0.00148427,0,0,1
3736,349.405,1712.75,-752.422,0.991449,0.955214,1.01432,1.00704,1.08774,-0.0518579,0.000829446,0,0,1
3737,4.10464,-14.5767,-1.15273,0.976827,0.949176,0.998493,1.00794,0.874228,0.223871,0.000688403,0,0,1
3738,10.6025,37.7388,1.61724,1.04677,1.02981,1.00634,0.97227,0.953904,-0.0564787,-0.000902579,0,0,1
3739,12.0169,-43.4836,-4.1137,1.05473,1.04501,1.00091,0.991746,0.810174,0.125398,-0.00044111,0,0,1
3740,12.4553,-44.5161,-3.10278,0.876819,1.01042,1.00784,1.00296,0.961006,0.0834552,0.000135677,0,0,1
3741,16.6976,59.806,4.34934,0.913662,1.009,0.998872,0.997966,1.10109,-0.0675845,-2.26498e-05,0,0,1
3742,21.4234,76.4176,-2.25423,0.975756,1.01115,1.00516,1.00167,0.658777,0.0204355,-0.00127102,0,0,1
3743,31.3761,-114.287,-11.9274,1.33704,1.02471,0.992017,0.96917,1.24268,0.0619418,-0.00040698,0,0,1
3744,8.99196,-32.2203,-2.61865,0.861403,1.02272,0.993098,1.00438,0.999525,0.130888,3.99519e-06,0,0,1
3745,6.23805,22.2104,1.49738,0.957841,0.988759,0.991855,1.02658,1.09835,-0.140039,-0.000725718,0,0,1
3746,8.93174,32.299,3.72625,1.1468,0.983725,1.02105,1.03167,0.594545,-0.20302,0.00133934,0,0,1
3747,10.8781,38.7303,2.78795,1.09221,0.981795,1.01179,1.01232,0.863847,-0.0944399,-0.000113682,0,0,1
3748,10.5237,37.3666,1.18467,1.13098,1.00599,1.0112,1.0572,1.02842,-0.041086,-0.00112332,0,0,1
3749,8.36697,-29.6761,-0.749527,1.00792,1.00052,0.999808,0.979119,0.988803,0.0400282,0.00163624,0,0,1
3750,2.69167,9.55077,1.00418,0.972253,0.967879,1.00218,0.956783,1.00409,-0.395538,-0.000305909,0,0,1
3751,11.7474,41.6945,1.73607,1.31785,0.993649,1.00666,0.983771,1.07138,-0.0493193,-0.000780892,0,0,1
3752,4.81511,17.2659,1.84158,0.88214,1.00118,0.995969,0.995404,0.951168,-0.285626,0.000757226,0,0,1
3753,10.1131,35.7947,0.655474,0.742869,0.991985,1.01189,0.961,0.614421,-0.0241663,-0.00145802,0,0,1
3754,89.985,321.942,16.1063,1.19886,0.986816,1.00296,0.985123,1.11053,-0.00852565,-6.54132e-05,0,0,1
3755,13.3719,-48.5841,-5.58608,1.14193,1.00413,0.999547,1.04285,1.26059,0.148192,-0.00103849,0,0,1
3756,17.8069,-63.2335,-1.52017,1.16365,0.99229,0.989569,1.02553,1.26853,0.0199724,0.000753526,0,0,1
3757,29.633,108.241,13.0873,0.862117,0.998879,1.02863,0.968101,1.1351,-0.0783209,0.000686321,0,0,1
3758,8.3706,29.6214,1.05454,0.852667,0.977626,0.995843,1.04253,0.980588,-0.0561248,-0.00131567,0,0,1
3759,6.47773,22.974,1.02631,0.67701,0.988257,0.989734,1.01724,1.00039,-0.0877412,-0.00150294,0,0,1
3760,12.0421,-43.0648,-3.17852,0.756208,1.00278,1.00312,0.992591,1.02775,0.0917854,4.66544e-05,0,0,1
3761,30.5229,-110.74,-12.2853,0.810685,0.99807,1.02072,0.969007,1.02297,0.0672128,-0.000515754,0,0,1
3762,12.1515,-43.274,-2.1453,0.830839,1.00822,0.987359,0.969379,1.10461,0.0596518,0.000617586,0,0,1
3763,13.6345,49.0782,4.14696,1.09521,1.03189,1.00508,1.01056,1.04934,-0.0961448,0.000175173,0,0,1
3764,645.159,2475.14,317.755,1.07514,1.0061,0.98903,0.988869,1.26124,-0.0102607,0.000138114,0,0,1
3765,5.45894,19.5228,1.8109,1.14411,1.00987,1.01184,1.02115,1.22134,-0.22053,0.000195111,0,0,1
3766,8.25233,29.5228,2.41919,0.913583,1.01426,1.0306,1.02022,1.05331,-0.138363,5.87772e-05,0,0,1
3767,3.55869,-12.638,-1.23224,0.898422,0.971834,1.01081,1.00868,1.30374,0.308235,2.08159e-05,0,0,1
3768,5.83876,-20.7081,-1.25351,1.16387,0.98018,0.988787,0.931497,1.20075,0.130849,0.00107803,0,0,1
3769,13.804,-49.4115,-3.73022,1.31036,0.991547,0.982156,0.9633,0.862535,0.0848655,-1.699e-05,0,0,1
3770,81.66,299.754,32.7385,1.13477,1.03501,0.991638,0.986067,0.834905,-0.0255005,0.000182676,0,0,1
3771,10.8706,-39.1919,-3.75172,1.11887,1.01515,0.988989,1.03504,0.982749,0.137386,-0.000488374,0,0,1
3772,22.414,-79.7958,-3.88364,1.09997,0.990826,0.997292,1.0069,1.68571,0.0332389,0.00029102,0,0,1
3773,13.5679,48.4545,3.04435,1.07658,1.02642,1.01187,1.00511,1.03953,-0.0683972,-0.000277578,0,0,1
3774,10.2476,-36.7034,-2.51963,0.901703,1.0338,0.993799,1.00696,1.38758,0.0976501,0.000309679,0,0,1
3775,5.46598,19.6764,1.84515,0.989875,1.03837,0.992918,0.950533,0.845369,-0.225767,0.000100019,0,0,1
3776,122.161,-555.941,348.188,1.01365,0.984008,0.997966,1.00838,1.00701,0.0848317,-0.00139328,0,0,1
3777,11.6651,41.4423,2.34534,0.990131,0.978512,0.996424,0.932517,0.87443,-0.0688718,-0.000456974,0,0,1
3778,7.11637,25.3649,1.79829,1.09996,1.00358,1.01886,0.934582,1.30962,-0.131905,-0.00042375,0,0,1
3779,5.1248,18.2774,1.54129,0.936859,0.992879,1.00213,1.02541,0.971694,-0.206765,-0.000246936,0,0,1
3780,3.25873,11.6979,1.24081,0.67943,1.04745,1.01036,1.02329,1.04224,-0.357692,-0.000135695,0,0,1
3781,14.5671,-52.3513,-4.35826,0.864519,1.02133,0.993178,1.04244,1.09188,0.0902297,-0.000160694,0,0,1
3782,4.7306,16.7349,0.848837,1.19731,0.981435,0.993906,1.0108,0.788552,-0.125645,-0.00191699,0,0,1
3783,11.5618,42.6666,5.88558,0.934214,0.999157,1.00297,0.971582,1.07921,-0.232942,0.00222247,0,0,1
3784,17.3699,62.3659,5.10238,1.35482,0.990137,0.998289,0.996786,1.06078,-0.0747015,0.000161673,0,0,1
3785,70.037,251.785,-10.5701,1.16066,1.04842,1.00466,1.02228,1.25594,0.00945174,-0.00045588,0,0,1
3786,36.8136,-131.153,-5.23206,0.991694,1.02964,1.00347,1.00402,1.13114,0.0171863,0.000245298,0,0,1
3787,35.836,127.546,-1.84965,1.13525,1.00708,1.0155,0.955512,1.18064,0.0059619,-0.000639702,0,0,1
3788,4.02919,-14.3583,-1.12281,0.69811,1.01988,0.982202,0.975451,0.910466,0.22491,0.0012245,0,0,1
3789,13.0533,46.2754,1.48646,0.870845,0.973094,0.978172,0.943845,0.782305,-0.0349259,-0.000889454,0,0,1
3790,3.545,-12.584,-1.2087,1.32056,0.965431,0.991352,1.00684,1.1258,0.305463,0.000193102,0,0,1
3791,111.964,415.826,-51.6529,0.595182,1.03009,1.00712,1.00925,0.928273,0.0230875,-0.000594171,0,0,1
3792,22.1004,79.4168,6.56669,1.13467,1.0209,1.02758,1.01253,0.810447,-0.0599266,0.000154647,0,0,1
3793,18.8908,-67.1423,-3.65002,1.05822,0.987063,1.00797,0.979333,0.981832,0.0430981,0.000264816,0,0,1
3794,18.2592,65.3042,-3.11261,1.04058,1.00653,0.985163,1.05761,1.00481,0.0396539,-0.00179381,0,0,1
3795,3.5684,-12.7424,-1.33739,1.01158,1.00358,1.00937,0.946551,1.11449,0.337575,-0.000287732,0,0,1
3796,14.9324,53.8317,5.32038,0.996299,0.964719,0.980221,0.998801,0.856156,-0.109265,0.00056187,0,0,1
3797,6.98474,-25.1651,-2.56069,0.863106,1.02967,1.00923,1.02254,0.725632,0.20709,-0.000673723,0,0,1
3798,161.387,-607.235,80.8567,1.21575,1.00641,0.993459,1.01125,0.948834,-0.0301792,0.000676307,0,0,1
3799,10.7332,39.0458,4.38783,0.901508,1.02226,1.00044,0.98066,0.880129,-0.171883,0.00105199,0,0,1
3800,6.33345,-22.5863,-1.64765,1.26067,1.00937,1.00955,0.971593,0.867169,0.150937,0.000488085,0,0,1
3801,58.0928,211.82,23.3732,0.717782,0.992306,0.993957,1.02743,1.47016,-0.0358724,0.000271268,0,0,1
3802,11.5257,40.8932,1.97861,0.926807,0.99568,1.02439,0.997884,1.25163,-0.0579568,-0.000629007,0,0,1
3803,6.07911,21.5114,0.827964,1.09376,0.988014,1.00297,1.00195,1.10875,-0.0780914,-0.00180441,0,0,1
3804,8.56932,30.8527,3.2279,1.17158,1.01017,1.01565,0.987921,0.870521,-0.182653,0.000844112,0,0,1
3805,142.107,-536.235,-68.1408,1.17563,0.976019,0.994844,0.96499,1.21777,0.0376361,-0.000487045,0,0,1
3806,5.55123,19.8259,1.65249,1.28841,1.0116,1.00832,1.0337,0.883774,-0.192744,-0.000229939,0,0,1
3807,8.13045,-28.7872,-1.29675,1.22889,0.980244,1.01119,1.01907,1.17048,0.0731471,0.00105048,0,0,1
3808,4.69131,16.772,1.4183,1.20773,1.03086,0.998025,0.98719,0.921151,-0.220349,-0.000545645,0,0,1
3809,25.6363,92.0701,4.78222,0.748398,1.03853,0.985997,1.01429,1.1214,-0.0321025,-0.000250617,0,0,1
3810,11.6599,-41.6304,-2.9768,1.23527,0.991778,1.00333,1.01971,0.944208,0.0902531,0.000105474,0,0,1
3811,41.4279,148.225,-6.46063,1.14455,1.02654,1.02362,1.01177,1.34346,0.0161828,-0.000752721,0,0,1
3812,387.457,-1506.49,44.2392,1.25628,1.00556,1.00135,1.03051,0.988369,0.0351005,-0.000528746,0,0,1
3813,11.0602,39.8237,3.16912,0.96381,1.04175,1.00121,0.970354,0.943525,-0.108035,1.34098e-05,0,0,1
3814,5.88515,-21.0121,-1.74664,0.775833,1.00112,0.998386,1.04449,0.881135,0.185637,0.000161406,0,0,1
3815,8.1067,29.1395,2.91101,0.821189,1.00742,1.01044,1.02301,1.21727,-0.180228,0.000669321,0,0,1
3816,12.2584,43.9396,3.56196,0.783585,0.980375,0.98483,1.01164,1.08638,-0.100827,0.000130702,0,0,1
3817,5.39111,19.1702,1.64523,0.775404,0.974249,1.01589,0.987796,1.11695,-0.200747,-2.71582e-05,0,0,1
3818,25.2079,-89.255,-1.1448,1.22207,0.975796,0.98501,1.00304,0.798663,0.00768236,0.000634272,0,0,1
3819,9.82564,-34.9036,-0.614388,0.909001,1.01065,0.98676,0.99468,0.998486,0.0248189,0.00160888,0,0,1
3820,800.333,-12494.7,-4324.41,1.05699,1.00134,1.00661,1.02671,0.852846,-0.0195147,0.000346427,0,0,1
3821,71.7215,270.436,37.107,0.92757,1.01191,0.995603,1.03179,1.33281,-0.0672194,0.000835349,0,0,1
3822,12.8966,-45.7643,-2.07197,0.868978,0.990381,1.00479,1.04092,0.601425,0.0500361,0.000622582,0,0,1
3823,5.03474,18.1158,1.68033,1.05417,1.05097,0.994622,0.969935,1.08544,-0.235365,-9.56493e-05,0,0,1
3824,7.46308,-27.0954,-3.09895,0.787873,1.0213,0.986244,0.980848,0.773194,0.234752,-0.00125115,0,0,1
3825,3.74886,-13.323,-1.02357,0.492503,1.01173,1.005,0.992789,0.957225,0.23024,0.00131,0,0,1
3826,4.17709,-14.8778,-1.19173,1.18833,1.0214,0.992256,0.987954,0.875439,0.224533,0.000994773,0,0,1
3827,36.6587,-134.977,-16.812,0.675004,1.01176,1.00973,1.00862,0.909661,0.0719056,-0.000677922,0,0,1
3828,11.0503,39.6699,3.58572,1.03313,1.00049,0.989917,0.994109,1.01929,-0.125319,0.000344151,0,0,1
3829,50.3197,181.162,14.3693,1.10361,1.00107,1.00514,1.03639,1.17926,-0.0263039,6.45562e-05,0,0,1
3830,26.8778,99.76,13.4649,1.10734,0.978153,0.98816,0.972634,1.47653,-0.116232,0.00122346,0,0,1
3831,11.8315,42.2694,2.88374,1.32602,0.990607,0.993436,0.945061,0.67184,-0.0848113,-0.000193068,0,0,1
3832,21.6042,-76.8124,-3.27921,0.806234,0.993431,1.00138,1.00749,0.839933,0.0298367,0.000378555,0,0,1
3833,3.64968,-12.9606,-0.84641,0.93162,1.01029,1.00437,0.99083,0.96985,0.196676,0.00200788,0,0,1
3834,5.45258,-19.3379,-1.25716,0.919065,0.991943,1.01156,0.975687,0.913799,0.146775,0.000977965,0,0,1
3835,4.63593,-16.5513,-1.5172,0.812814,1.00519,1.0111,0.981482,1.02994,0.243992,2.30812e-05,0,0,1
3836,6.90329,24.7167,2.20836,1.21133,1.00759,1.00381,1.03382,0.703339,-0.178354,0.00020394,0,0,1
3837,8.24624,29.4939,2.40594,0.866508,1.01094,0.999211,0.987423,0.797451,-0.139999,-4.52871e-06,0,0,1
3838,127.369,-480.549,-64.1352,1.31492,1.00542,0.963828,1.01974,1.01783,0.0414794,-0.000524054,0,0,1
3839,10.2977,-36.5131,-1.17587,0.824425,0.959288,0.993455,1.0159,1.169,0.0429141,0.00108249,0,0,1
3840,7.37562,26.3574,2.09492,1.17944,0.993482,0.983919,1.01052,0.846772,-0.149631,-0.000130159,0,0,1
3841,12.2532,43.4974,-0.228316,1.33082,0.961544,0.998948,0.969908,0.777036,0.00585911,-0.00162608,0,0,1
3842,4.95143,17.6438,1.45397,0.989452,0.994171,1.00711,0.979605,1.02662,-0.205461,-0.000377737,0,0,1
3843,11.0249,-39.1643,-0.766844,1.08426,1.01807,0.986089,1.02501,0.926474,0.0250855,0.00139743,0,0,1
3844,96.0003,-341.129,-6.92834,0.955051,1.02359,1.00032,1.01868,0.934182,0.00348676,0.000146852,0,0,1
3845,5.70654,-20.267,-0.936578,1.39648,1.02715,0.998513,1.00838,1.43578,0.100665,0.00178453,0,0,1
3846,21.6462,-77.4446,-5.29224,0.881706,1.00257,0.996685,0.968745,0.930839,0.0503802,4.33711e-05,0,0,1
3847,7.16708,-25.8071,-2.81147,1.23109,1.00417,1.00496,0.942457,1.3208,0.222048,-0.00104437,0,0,1
3848,6.64223,-23.6728,-1.69288,1.07704,1.02581,1.01325,0.958472,0.88386,0.142115,0.000529299,0,0,1
3849,8.75511,-31.0369,-0.964945,1.13777,0.955602,0.993794,0.998952,0.840052,0.0473384,0.00131786,0,0,1
3850,18.1969,64.7066,0.938455,0.804271,1.00591,1.00302,1.0096,0.961152,-0.0115267,-0.000871157,0,0,1
3851,57.6358,-207.311,17.2648,0.814712,0.979473,1.00444,1.02247,0.918377,-0.0248527,0.000772191,0,0,1
3852,10.6866,-38.068,-2.24258,1.10348,1.00351,1.01087,1.00162,1.06639,0.0782654,0.000459456,0,0,1
3853,37.2945,136.717,17.011,1.06884,0.980901,1.00871,0.995292,1.14156,-0.0677978,0.000633098,0,0,1
3854,4.66962,16.5345,1.00413,1.21474,0.980553,0.997825,1.03491,0.548497,-0.152981,-0.00148157,0,0,1
3855,20.9713,-74.89,-4.31251,1.20307,1.0221,0.991674,0.983203,0.859914,0.042987,0.000221173,0,0,1
3856,5.15854,-18.4114,-1.58811,1.16665,1.01655,0.996402,1.00548,1.04872,0.211798,0.000257678,0,0,1
3857,6.16719,21.9873,1.66991,0.694518,0.995515,1.00517,0.971325,1.02522,-0.160265,-0.000388815,0,0,1
3858,16.2535,57.6219,1.37282,0.818199,0.98588,0.995695,0.977696,1.17856,-0.0209431,-0.000823561,0,0,1
3859,4.29563,15.2976,1.22551,1.13196,1.00487,1.0042,1.0237,0.952749,-0.220355,-0.00078378,0,0,1
3860,41.9083,150.289,-8.83196,0.651591,1.02148,1.00842,1.0193,1.13137,0.0222883,-0.000863707,0,0,1
3861,11.96,42.5932,2.19209,1.19676,0.998504,1.00264,0.9793,1.36232,-0.0613261,-0.000565015,0,0,1
3862,9.33244,-33.2302,1.66365,0.68123,0.991691,1.01267,0.992719,1.11784,-0.0729063,0.0033158,0,0,1
3863,5.63277,-20.1327,-1.64193,0.928791,1.02089,0.986383,1.02889,0.96976,0.18759,0.000401383,0,0,1
3864,77.9669,-298.735,27.8998,0.871625,1.01768,1.00517,0.986934,0.938873,-0.10495,0.00219076,0,0,1
3865,15.6861,-55.6926,-3.02779,0.629568,0.97995,1.00375,0.969533,0.931507,0.0510158,0.00033211,0,0,1
3866,3.44044,12.257,1.14521,0.775788,0.988378,0.993566,1.00763,1.09444,-0.30255,-0.000520344,0,0,1
3867,10.8513,39.2583,4.62725,0.719032,0.954322,1.00235,1.06294,1.13835,-0.180024,0.00132847,0,0,1
3868,5.66348,20.0986,1.42684,1.22342,0.970509,0.989753,1.03967,0.837086,-0.158172,-0.000679317,0,0,1
3869,4.64505,-16.4926,-1.1932,1.08294,0.993965,1.00882,0.971368,1.027,0.185506,0.000956043,0,0,1
3870,30.4929,-108.68,3.70564,1.04446,1.02352,0.997511,0.999028,1.20079,-0.0175407,0.000964038,0,0,1
3871,96.9645,-344.7,3.99648,0.789132,1.00807,0.987523,0.931812,1.16671,-0.00199967,0.000240715,0,0,1
3872,6.78501,24.2698,1.9721,0.77353,1.02083,0.992271,1.03336,0.989628,-0.16213,-0.000198262,0,0,1
3873,16.6803,59.0919,0.993739,1.42918,0.991311,1.01338,0.97894,0.962177,-0.0142184,-0.000887939,0,0,1
3874,23.9113,-85.6436,-5.6629,0.787055,1.0118,0.973357,1.01379,1.11841,0.0449628,8.3337e-05,0,0,1
3875,12.1783,-43.2753,-1.25853,0.656296,1.00671,1.00118,1.02331,0.709091,0.0338697,0.00102126,0,0,1
3876,33.1927,-119.999,-11.294,0.873202,1.01815,1.00251,1.03698,1.17044,0.0498159,-0.000251503,0,0,1
3877,10.2396,-37.63,-5.03067,1.03868,0.999183,0.98436,1.05412,1.29846,0.239996,-0.00208631,0,0,1
3878,10.8238,-38.88,-3.60317,1.01133,0.986099,0.998364,0.978462,1.26147,0.131671,-0.000459708,0,0,1
3879,7.52874,-26.7474,-1.70094,0.812488,0.949067,0.986542,1.00565,1.30061,0.113666,0.000546319,0,0,1
3880,29.7943,-106.559,6.08824,1.21473,0.999214,1.00562,1.05124,1.11788,-0.0303437,0.00118474,0,0,1
3881,5.54594,-19.746,-1.39436,1.06625,1.03107,1.00959,1.05431,1.04577,0.159962,0.000845532,0,0,1
3882,90.5517,346.447,26.3261,1.07922,1.01269,0.997885,1.07642,0.566374,-0.10346,0.00148031,0,0,1
3883,7.86855,-27.8115,-0.510361,1.00533,0.989125,1.01068,0.982728,0.76307,0.0301091,0.00188849,0,0,1
3884,31.2229,112.473,9.75984,1.07488,1.00824,0.995771,1.00558,0.794286,-0.0467433,0.000164167,0,0,1
3885,120.909,696.334,-151.042,1.47094,1.02081,1.00296,0.992918,1.07087,0.139538,-0.00253521,0,0,1
3886,8.32854,-29.9745,-3.14274,1.09234,0.990276,0.976326,0.991495,1.0163,0.19115,-0.000845863,0,0,1
3887,8.33063,30.1645,3.62407,0.788805,0.992721,0.998199,0.975897,1.01369,-0.227825,0.00151308,0,0,1
3888,4.86696,17.2698,1.08084,0.920311,0.987449,0.992665,0.997578,1.28853,-0.154458,-0.00135026,0,0,1
3889,9.61153,-34.3873,-2.5946,1.02068,1.01688,0.984866,1.05342,1.19861,0.114341,0.000149787,0,0,1
3890,9.39754,33.8311,2.59402,1.11085,1.04605,0.985074,1.02618,1.4177,-0.119789,-0.00016354,0,0,1
3891,9.57544,-34.0691,-2.03339,1.31955,0.98838,0.996518,0.947641,0.760384,0.0872301,0.00052256,0,0,1
3892,12.7087,-45.3493,-2.75415,0.7774,1.00668,1.00241,0.99238,0.917485,0.0705857,0.000326936,0,0,1
3893,6.23937,22.4884,2.56704,1.2904,0.980265,1.0029,1.02412,1.2247,-0.262211,0.00137789,0,0,1
3894,4.7688,-17.0025,-1.46927,0.816179,0.992332,1.00046,0.967778,0.879533,0.224186,0.00024183,0,0,1
3895,5.75215,-20.5976,-2.00255,1.19974,0.988228,0.994028,1.01148,1.35329,0.227361,-0.000481134,0,0,1
3896,59.7933,-212.166,-0.179379,0.930919,0.963522,1.00458,1.00156,1.32832,0.000227821,0.00030662,0,0,1
3897,11.3069,-40.0035,-1.02247,1.14052,0.992708,1.01347,1.00884,1.10801,0.0309919,0.00114058,0,0,1
3898,41.0154,152.306,20.1175,0.871227,0.995396,0.983277,0.982758,0.788963,-0.0728866,0.00073862,0,0,1
3899,58.094,214.11,-25.0636,0.732944,1.01823,1.00364,1.0103,1.01309,0.0403837,-0.00106727,0,0,1
3900,8.35677,29.6115,1.50246,0.986053,0.975821,0.997517,1.0273,0.476926,-0.0811129,-0.000884584,0,0,1
3901,38.8334,-138.206,3.01398,1.06059,0.993768,0.983631,1.02618,1.16073,-0.00888659,0.000664875,0,0,1
3902,23.8526,-84.8192,-0.20076,0.931301,1.02739,0.986963,1.00981,0.869141,0.00153849,0.000826334,0,0,1
3903,8.15557,-29.0109,-1.40804,0.713787,1.01422,0.98801,1.00138,1.11668,0.081061,0.00106764,0,0,1
3904,5.16938,-18.2738,-0.751992,0.43098,0.982899,1.01347,1.0476,1.01991,0.0945036,0.00200608,0,0,1
3905,24.6399,-87.416,-3.09554,0.817628,0.964425,0.9919,0.968385,0.872474,0.0217605,0.000392461,0,0,1
3906,5.29797,18.9501,1.80776,0.623391,0.990982,0.978272,1.05753,1.08589,-0.236099,0.000252069,0,0,1
3907,5.31138,19.019,1.95338,0.908643,0.977524,1.00356,1.02115,1.05117,-0.253654,0.000728845,0,0,1
3908,5.1902,18.6084,1.92399,0.815456,1.00551,1.00317,0.954506,1.36256,-0.260779,0.00065648,0,0,1
3909,15.3758,-54.5697,-2.86043,1.04175,0.981119,1.00469,1.06231,1.19693,0.0499216,0.000374783,0,0,1
3910,15.2616,-54.5451,-3.63904,0.694442,1.00228,1.00154,1.00848,0.990107,0.0667739,0.000132667,0,0,1
3911,4.45248,-15.8087,-0.901895,0.961262,1.00948,1.01477,1.04736,0.915429,0.14826,0.00179221,0,0,1
3912,25.0838,-89.2398,-4.53726,0.931629,0.984225,0.995464,1.01109,1.1036,0.0312725,0.000229873,0,0,1
3913,165.562,601.705,-57.1472,0.888347,0.978169,1.00668,1.02292,1.0489,0.00974316,-0.000288154,0,0,1
3914,107.53,450.021,273.966,0.961262,0.987342,0.993295,1.00009,0.537313,0.0963735,-0.00177925,0,0,1
3915,5.10126,18.3811,2.21246,0.919869,0.992964,1.00298,0.981135,1.0585,-0.321802,0.00164391,0,0,1
3916,39.5645,-144.359,-17.0994,0.82069,0.99541,1.01879,0.968923,1.17913,0.059058,-0.000516776,0,0,1
3917,2.57137,-9.18523,-1.11424,0.911425,1.00978,0.993654,0.973394,1.10792,0.477645,-0.000296747,0,0,1
3918,8.83285,31.3634,1.65836,1.04275,0.970827,1.01374,1.02647,0.811244,-0.0803796,-0.000715135,0,0,1
3919,5.91353,-21.1723,-2.04833,0.959743,0.997683,0.989946,0.971122,1.0747,0.221638,-0.000427303,0,0,1
3920,9.14267,32.5533,1.70475,0.958653,1.0172,0.991007,1.00154,1.00859,-0.0795076,-0.000827464,0,0,1
3921,13.8826,-50.7029,-6.28161,1.01876,0.997031,1.00206,1.01202,0.859157,0.162618,-0.00134133,0,0,1
3922,7.52126,26.7549,1.16593,1.04634,1.02839,0.992191,1.00129,1.17677,-0.0765999,-0.00137266,0,0,1
3923,5.73348,20.3911,1.38435,0.800384,0.987987,0.995651,0.986512,1.08111,-0.149647,-0.000817702,0,0,1
3924,136.368,-724.799,-0.490899,0.82252,0.982876,1.00602,1.00244,0.954738,-0.0725285,0.00132155,0,0,1
3925,48.6825,-179.484,-21.7805,0.789615,1.01989,0.98546,0.995359,0.954274,0.0524837,-0.000468479,0,0,1
3926,7.03416,25.2683,2.59589,0.975331,0.983001,1.00554,0.990296,1.27144,-0.208313,0.000826599,0,0,1
3927,3.63016,12.99,1.44343,1.36248,1.00939,0.997908,1.01519,0.80739,-0.35647,0.000579445,0,0,1
3928,423.806,1625.17,136.69,0.963595,1.01624,1.00601,1.00489,1.01612,-0.0212675,0.000302874,0,0,1
3929,12.7426,45.4583,2.67864,1.15542,0.999276,1.00299,0.958492,1.04324,-0.0672956,-0.00036591,0,0,1
3930,18.2716,65.1581,-1.67963,0.916109,1.0042,0.982652,0.995067,0.676966,0.0210023,-0.00146317,0,0,1
3931,13.0026,-46.4105,-3.18735,0.924648,0.987944,0.996861,1.02028,1.03845,0.0788297,0.000136251,0,0,1
3932,37.2749,-137.149,-17.0998,1.16347,0.997025,1.01116,0.990145,1.07924,0.071115,-0.000681064,0,0,1
3933,7.87008,-27.9497,-1.97514,0.975023,0.964533,0.990952,0.97134,0.752493,0.122724,0.000315219,0,0,1
3934,417.738,-1793.88,-477.368,0.979895,0.998402,0.98646,0.954719,0.597349,-0.047221,0.000905197,0,0,1
3935,32.8796,116.984,2.56664,0.822175,0.989525,0.99043,0.992341,0.869846,-0.0100148,-0.000419148,0,0,1
3936,13.255,-47.4909,-3.84752,0.90764,0.995327,0.988761,1.04687,1.06439,0.0950614,-0.000136595,0,0,1
3937,4.77511,-17.1496,-1.96878,1.03615,0.980075,1.01205,1.00473,1.21321,0.314311,-0.00136899,0,0,1
3938,7.986,28.92,3.41053,0.9034,1.00842,1.00928,0.997175,0.854068,-0.227216,0.00140414,0,0,1
3939,17.8049,63.3445,0.177747,1.05897,1.04421,1.02045,1.00477,0.916999,-0.00226464,-0.00107168,0,0,1
3940,172.156,67.9104,610.814,1.28079,0.971186,1.01592,0.936908,1.10528,0.0613979,-0.00107185,0,0,1
3941,11.2127,40.1487,3.15728,0.744924,1.0152,1.00058,1.02449,0.820915,-0.104215,1.70692e-05,0,0,1
3942,11.7697,42.646,4.9285,0.844095,0.965541,1.00393,1.04448,1.04015,-0.164816,0.00119166,0,0,1
3943,6.8768,-24.5112,-2.16272,1.01509,0.961727,0.988037,1.00178,1.27808,0.175837,-0.000225741,0,0,1
3944,35.1421,125.09,6.03711,1.09878,0.98154,1.00282,1.0484,0.887462,-0.0208859,-0.000181089,0,0,1
3945,8.47323,-30.6275,-3.27494,1.08335,1.0187,0.999849,0.979124,1.14949,0.192108,-0.000909857,0,0,1
3946,6.53858,23.3308,1.73329,0.926869,0.996495,0.996891,0.973695,1.09135,-0.150698,-0.000408317,0,0,1
3947,5.81327,-20.676,-1.26762,0.718683,1.01579,0.989123,1.01214,1.08049,0.134259,0.00115662,0,0,1
3948,7.12131,25.4348,1.93945,0.840861,0.999495,0.984857,1.01058,1.08372,-0.14651,-0.000289509,0,0,1
3949,20.6125,76.4893,10.495,1.16925,0.99417,1.00337,1.02033,1.03169,-0.148673,0.00155043,0,0,1
3950,42.2349,152.21,13,1.04953,0.994205,0.990773,0.974978,1.31427,-0.0344824,0.000123731,0,0,1
3951,17.4867,-62.9289,-5.8566,1.21139,0.986874,1.00343,1.00321,1.27637,0.087702,-0.000396352,0,0,1
3952,6.80158,-24.3547,-1.52454,0.836059,1.03694,0.978277,1.03562,0.815464,0.123822,0.000935326,0,0,1
3953,8.24822,29.6191,2.84919,0.968162,0.999594,1.00266,0.990613,0.976358,-0.17054,0.000542597,0,0,1
3954,3.26754,-11.5837,-0.703466,1.14979,1.02657,1.00412,1.01977,0.880179,0.194479,0.00277432,0,0,1
3955,10.0174,-35.4938,0.139708,1.16069,0.974894,1.00852,0.919622,1.06327,-0.00528861,0.0019603,0,0,1
3956,3.1659,-11.2709,-1.07538,0.771908,1.01167,0.987482,1.02215,1.52304,0.324311,0.000849001,0,0,1
3957,127.052,572.19,443.971,1.3809,1.0256,0.992681,1.00253,1.00047,0.0909462,-0.00159158,0,0,1
3958,197.577,715.582,58.2701,0.758706,0.991361,1.00228,0.94176,1.14979,-0.00665319,1.64759e-05,0,0,1
3959,8.07142,28.9492,2.42415,0.730733,1.03017,1.00275,0.975593,1.32955,-0.146327,1.6598e-05,0,0,1
3960,4.70595,16.7504,1.24996,1.05435,1.00045,1.00389,0.992718,0.951196,-0.191356,-0.000859124,0,0,1
3961,14.514,53.1333,6.58119,1.12655,0.997826,0.99449,0.974114,0.894061,-0.15744,0.00130057,0,0,1
3962,16.4703,-59.014,-4.57656,1.12069,0.999031,0.995624,1.02999,1.12716,0.0744816,-8.36104e-05,0,0,1
3963,43.9252,164.821,23.1182,1.03981,1.03249,1.00236,0.95577,1.37167,-0.089639,0.00103285,0,0,1
3964,2.79306,-9.92594,-0.936216,0.7644,0.990375,1.00192,1.01703,0.974785,0.343392,0.00108218,0,0,1
3965,20.2217,71.8613,0.398123,1.26768,1.00315,1.0045,1.04254,0.793411,-0.00395378,-0.000890419,0,0,1
3966,6.3872,-22.7989,-1.9073,1.01558,0.989247,1.00407,1.00988,1.02846,0.174568,2.75972e-05,0,0,1
3967,26.4597,-93.8304,-2.27105,0.687306,0.98027,1.01859,0.954452,0.981679,0.0135984,0.000466152,0,0,1
3968,7.66098,27.133,1.13395,1.53069,0.9841,0.998835,0.967531,0.977482,-0.0710445,-0.00127929,0,0,1
3969,1.92984,-6.81945,-0.711934,0.934328,0.951958,1.01157,0.934669,0.6337,0.467576,0.00158408,0,0,1
3970,8.81437,31.857,3.63942,1.22472,0.984968,1.00123,0.984991,1.1579,-0.204071,0.00127195,0,0,1
3971,5.40589,19.2119,1.52439,0.913287,0.98543,1.01294,0.988819,0.829822,-0.183196,-0.000366667,0,0,1
3972,103.739,381.068,44.0258,0.804889,0.992682,0.992252,0.961905,1.12696,-0.0219641,0.00018249,0,0,1
3973,5.62545,-20.0483,-1.50513,1.20992,1.02029,0.996459,1.00646,1.27118,0.170431,0.000643667,0,0,1
3974,4.66298,16.5638,0.903789,0.780389,0.996848,0.990241,0.96438,1.23086,-0.138425,-0.00184715,0,0,1
3975,3.36299,11.9533,1.05378,1.18262,0.987458,1.00275,1.00333,0.81703,-0.285208,-0.000861131,0,0,1
3976,8.24214,-29.3947,-1.97597,0.773377,1.01,1.00231,1.02152,0.984132,0.113074,0.000445106,0,0,1
3977,38.4366,-136.276,3.54854,0.976331,0.980698,1.00535,1.02037,1.3228,-0.0103879,0.000674603,0,0,1
3978,4.97296,-17.8258,-1.50118,1.01517,1.03412,0.987672,1.02139,1.45776,0.213337,0.000488512,0,0,1
3979,8.99337,31.9382,1.33141,0.85131,1.00962,1.02063,1.03187,0.663671,-0.0617944,-0.00106173,0,0,1
3980,28.4264,103.093,-10.0674,0.891174,0.989379,0.9911,1.01826,0.74924,0.0600131,-0.00175981,0,0,1
3981,39.9824,-141.664,-3.59831,0.788759,0.974329,0.994289,0.997245,1.14995,0.00982513,0.000306902,0,0,1
3982,4.52467,-15.9968,-0.945749,1.14003,0.977,1.00641,1.02378,1.03266,0.152055,0.0015644,0,0,1
3983,20.7979,74.4492,4.88381,0.659614,1.00498,1.00244,0.990184,1.01267,-0.0491321,-9.58301e-05,0,0,1
3984,6.93572,24.6425,0.970163,1.0513,1.02182,0.989495,1.0113,1.07986,-0.0736998,-0.00164162,0,0,1
3985,5.52178,-19.7408,-1.39338,1.26429,1.03991,0.996449,1.0083,1.12527,0.162109,0.000917877,0,0,1
3986,8.0819,28.7297,1.05456,0.94316,1.01033,0.99842,1.00169,1.01494,-0.06047,-0.00139741,0,0,1
3987,6.58815,-23.5379,-1.99271,0.98637,1.00618,0.994124,0.970612,1.17622,0.174637,2.67983e-05,0,0,1
3988,56.4336,209.717,-26.9196,1.04242,1.01362,1.00584,1.00699,0.425241,0.0496787,-0.00124604,0,0,1
3989,26.364,-93.5131,-2.63515,1.24277,0.99598,1.00895,1.0126,1.18287,0.0160584,0.000448059,0,0,1
3990,51.6345,-186.743,-18.8672,0.686046,0.999319,1.00234,1.02903,1.33435,0.0359395,-0.000233609,0,0,1
3991,17.3639,-61.6344,-2.96085,0.900108,0.983344,1.00069,0.989531,1.12618,0.0409502,0.000395471,0,0,1
3992,250.793,-951.539,-85.2756,0.77798,1.02236,1.00813,1.00309,0.963197,0.0333248,-0.000468998,0,0,1
3993,8.08907,28.6341,0.977092,0.971007,0.991595,1.01177,1.09975,1.54335,-0.0547752,-0.00140145,0,0,1
3994,39.96,-144.442,-14.2142,0.8104,1.00176,0.994623,1.0305,1.00311,0.0444243,-0.000262254,0,0,1
3995,30.2802,-106.754,0.547634,0.979863,0.937639,1.01741,1.01984,0.805962,-0.0024715,0.000629488,0,0,1
3996,12.9381,-46.5711,-4.39105,1.07368,1.01446,0.999143,0.983033,1.01616,0.115554,-0.000435116,0,0,1
3997,50.7251,183.05,11.4982,0.770484,1.05194,1.00251,1.01989,0.974933,-0.0203893,-5.19511e-05,0,0,1
3998,8.59449,30.4868,0.712009,1.09083,0.95652,0.999186,0.9614,0.989704,-0.0355267,-0.00154547,0,0,1
3999,64.4824,244.79,30.9206,1.32108,0.99208,1.00159,1.02095,1.08527,-0.0918814,0.00121509,0,0,1
4000,4.06915,14.5295,1.38701,0.748531,1.00022,0.982753,1.01413,0.774955,-0.27994,-0.000156019,0,0,1
4001,15.1574,55.154,6.04745,1.04424,1.0299,1.019,0.9767,1.32606,-0.123301,0.000795507,0,0,1
4002,62.2741,-234.485,31.6871,0.748064,0.98287,0.989561,0.979566,0.79902,-0.0621318,0.00144492,0,0,1
4003,63.8873,-236.875,30.2919,1.22665,1.00208,1.00265,1.005,0.896815,-0.0458848,0.00113573,0,0,1
4004,5.08891,18.1497,1.53359,0.933329,0.986999,0.993265,1.03803,0.857976,-0.209148,-0.000255609,0,0,1
4005,537.656,2156.15,-211.91,0.812283,0.988733,1.00095,1.01485,0.725498,-0.0295612,0.000453721,0,0,1
4006,21.963,80.0536,9.638,0.691136,0.988575,1.01616,0.970644,1.39,-0.102865,0.000874024,0,0,1
4007,4.68647,16.7111,1.3856,1.22323,1.01872,0.999197,1.00793,0.740282,-0.215594,-0.000572492,0,0,1
4008,30.3795,-109.912,10.473,0.734191,1.00933,1.01227,0.989555,1.1316,-0.0545355,0.00161201,0,0,1
4009,4.51143,16.1176,1.53604,0.76405,1.01325,1.01409,0.953354,0.786618,-0.2589,9.33479e-05,0,0,1
4010,6.29625,22.4569,2.01456,0.772524,0.971617,0.99914,1.00393,0.758771,-0.190065,0.00022463,0,0,1
4011,38.941,-138.747,-4.72632,1.07045,1.02581,0.987505,1.01463,1.23815,0.0139994,0.000279317,0,0,1
4012,13.0297,46.5044,2.97823,0.602201,0.998127,1.00908,0.983877,0.939145,-0.0718224,-0.000242383,0,0,1
4013,25.0715,89.1534,3.50685,0.798252,0.991105,1.00443,1.0031,1.17449,-0.0233294,-0.000361476,0,0,1
4014,5.95626,-21.2905,-1.87343,1.30761,1.00472,0.99796,0.996674,1.04025,0.196475,-4.52708e-05,0,0,1
4015,17.0104,-60.5929,1.40993,1.43237,1.02825,0.984536,1.01705,1.01583,-0.0204683,0.00155994,0,0,1
4016,4.39474,-15.8328,-1.9464,1.01958,1.00455,0.994946,0.999223,1.11507,0.36227,-0.00161378,0,0,1
4017,11.1,39.4722,-0.0764134,1.33421,1.01465,1.00066,1.06478,0.750991,0.0023979,-0.00181973,0,0,1
4018,10.3433,36.6393,1.28961,0.891759,0.976251,0.996623,0.995353,1.00316,-0.0464368,-0.00104121,0,0,1
4019,30.2292,-108.524,7.68964,1.04646,0.991865,0.998292,0.968922,1.08291,-0.0383369,0.00132113,0,0,1
4020,10.2003,-36.4212,-2.31387,0.686217,1.02193,0.985957,1.01484,0.998474,0.0899664,0.000446448,0,0,1
4021,6.1708,-22.1671,-2.07829,0.760693,1.03391,1.006,0.971208,1.06057,0.205333,-0.000249247,0,0,1
4022,6.37203,-22.6062,-1.57387,1.18073,0.98123,1.00835,0.987918,0.881801,0.140894,0.000555974,0,0,1
4023,51.2962,-182.74,-9.22887,1.17615,0.951436,1.01923,1.05888,0.751162,0.0151778,8.87928e-05,0,0,1
4024,17.2236,-61.0423,0.4679,1.12705,0.9817,0.983963,1.02676,0.948929,-0.00651398,0.0012461,0,0,1
4025,75.1749,-269.383,17.8311,0.911481,1.01712,0.99277,1.00714,1.48889,-0.0149817,0.000531858,0,0,1
4026,13.4396,47.9916,2.94376,1.21056,1.00575,0.988655,1.0379,1.00166,-0.0681423,-0.000310999,0,0,1
4027,19.4731,-69.7132,-6.23694,0.856079,0.964948,1.00843,1.00267,1.17201,0.0740108,-0.000306361,0,0,1
4028,11.0897,-39.2477,-0.0490643,0.669401,0.986633,0.995665,1.01708,1.24848,0.00157033,0.00171278,0,0,1
4029,19.7449,70.9572,6.00552,0.687586,1.00941,0.996971,0.97892,1.20079,-0.0693815,0.000183096,0,0,1
4030,3.79082,13.5156,1.26815,0.93003,1.02152,1.00968,0.969452,0.991437,-0.283473,-0.000381665,0,0,1
4031,27.4001,-98.2717,-7.62388,1.2146,1.00723,1.00672,0.959178,1.0121,0.046674,-8.75326e-05,0,0,1
4032,10.9598,39.235,3.07612,1.07805,1.00593,1.01678,1.00718,1.07465,-0.104951,4.28851e-05,0,0,1
4033,29.3251,104.25,-1.06713,1.52578,0.995501,1.00002,1.02676,1.02936,0.00513761,-0.000749849,0,0,1
4034,8.07673,28.95,2.60541,0.382717,0.998975,1.00376,1.00638,1.06771,-0.15971,0.000318162,0,0,1
4035,11.6012,41.7868,4.05837,1.11852,1.00624,0.989671,1.0082,0.762942,-0.131341,0.000517662,0,0,1
4036,7.85162,27.966,1.27706,1.26648,1.02871,0.986896,0.997801,0.925094,-0.0779206,-0.00125563,0,0,1
4037,11.9304,42.8787,-2.96355,0.528709,1.00466,1.00142,0.985633,0.776086,0.085578,-0.00315215,0,0,1
4038,13.2721,-47.6615,-3.95572,0.679816,1.01183,0.980792,1.0112,0.984893,0.0979485,-0.000146804,0,0,1
4039,6.12768,-21.7802,-1.46844,1.02099,0.944506,0.992471,0.995976,1.0996,0.141325,0.000604933,0,0,1
4040,5.67351,20.2174,1.5386,1.65917,0.991009,0.995631,1.0405,1.26772,-0.171699,-0.000494596,0,0,1
4041,197.324,-1218.15,744.61,1.0832,0.985373,1.00019,0.99408,1.19221,0.0691458,-0.00112119,0,0,1
4042,9.52487,33.9153,1.40325,1.17908,1.03914,1.00329,0.963191,0.981211,-0.0596217,-0.00108802,0,0,1
4043,7.54479,27.005,2.33638,1.08714,1.01833,1.00414,0.962311,1.07187,-0.159922,0.00010714,0,0,1
4044,23.0167,83.5966,-7.03699,0.960483,1.04397,1.00299,0.983181,0.859287,0.0609113,-0.00196361,0,0,1
4045,12.9541,-46.1262,-2.10998,1.03676,1.02075,1.00264,1.0169,0.772562,0.0514287,0.000643346,0,0,1
4046,6.62084,-23.7261,-2.26762,0.879679,1.00071,1.01274,1.0038,0.976887,0.199485,-0.000489916,0,0,1
4047,10.535,37.675,2.77601,1.10284,1.0147,1.02138,0.983783,0.854465,-0.100929,-9.89602e-05,0,0,1
4048,6.38854,-22.8447,-2.03968,1.20808,0.989484,0.999407,0.945009,1.33317,0.189532,-0.000201941,0,0,1
4049,11.8558,-42.4359,-3.28945,0.947136,1.01843,0.996246,0.996023,1.447,0.098484,-9.74807e-08,0,0,1
4050,38.3827,-139.752,15.2942,0.766807,0.97271,0.991556,1.01506,1.46218,-0.0545194,0.00147967,0,0,1
4051,4.64051,16.5407,1.372,1.03127,1.00472,0.996645,0.94891,0.963526,-0.218422,-0.000524039,0,0,1
4052,5.72974,-20.2613,-0.527953,0.865293,0.962904,0.988399,0.990038,1.15321,0.0556815,0.00235518,0,0,1
4053,32.1675,116.485,-10.4435,1.17911,1.01788,1.0008,1.00575,1.05837,0.0473439,-0.00146042,0,0,1
4054,116.225,443.288,-57.3293,1.25177,1.0043,0.989296,0.966447,0.927018,0.0495325,-0.00108248,0,0,1
4055,5.80731,20.7157,1.57437,1.17366,1.01964,0.991895,1.02286,1.10363,-0.16873,-0.000580673,0,0,1
4056,4.47897,-15.9231,-1.11466,0.864656,1.00604,0.992733,1.00463,1.04701,0.186198,0.00124502,0,0,1
4057,164.984,631.188,69.0773,1.11983,0.994333,0.999649,0.98735,1.08049,-0.0433495,0.000595606,0,0,1
4058,10.8388,-38.3727,-0.261279,0.871625,0.969179,0.995118,1.00775,1.06104,0.00862234,0.0015981,0,0,1
4059,11.9292,42.5172,2.68885,0.984836,0.993954,1.00813,0.94746,0.934798,-0.076221,-0.000297975,0,0,1
4060,18.1739,65.0933,4.68276,0.597397,0.989329,0.993783,0.94915,0.990452,-0.0617251,-1.29015e-05,0,0,1
4061,91.677,-344.204,46.2898,1.20675,0.983102,1.00367,1.01046,0.806626,-0.0405355,0.000946437,0,0,1
4062,49.9276,-186.809,-25.3853,1.20468,0.997587,1.01284,0.971968,0.953211,0.0707091,-0.000797432,0,0,1
4063,9.75623,35.4023,4.09179,1.03873,1.00675,0.998179,0.986817,1.08033,-0.191206,0.00121348,0,0,1
4064,13.882,49.668,3.58189,1.22272,1.01649,0.999222,0.979805,0.891918,-0.0786765,-8.19843e-05,0,0,1
4065,140.206,-521.47,67.3678,0.808214,0.988017,0.972774,0.966817,0.825106,-0.0225923,0.000552051,0,0,1
4066,4.80947,17.1459,1.427,1.10972,0.991242,1.00258,1.00222,1.00908,-0.212477,-0.000385195,0,0,1
4067,7.45525,-26.8721,-2.9732,1.117,0.975372,0.985968,0.982359,1.51999,0.223707,-0.00118392,0,0,1
4068,35.2455,-125.642,4.21321,1.12516,1.00915,0.992072,1.01026,1.15201,-0.0150927,0.000828751,0,0,1
4069,7.54824,-26.8961,-1.73079,0.956625,1.01169,1.01041,1.03943,0.790394,0.114966,0.000606954,0,0,1
4070,28.3454,100.993,1.11503,0.96252,1.0141,0.99586,0.962186,1.07084,-0.00585496,-0.00059833,0,0,1
4071,5.79732,20.8555,2.3092,0.867745,1.0082,0.999612,0.914323,0.926564,-0.262912,0.00105312,0,0,1
4072,13.8228,50.0299,-4.62329,0.983682,0.986016,1.00487,0.973912,0.961901,0.105607,-0.00326323,0,0,1
4073,9.13398,-32.5068,-1.71341,1.48268,1.01354,0.986508,0.994074,1.16068,0.0807334,0.000814189,0,0,1
4074,15.0566,55.2053,7.35873,0.760937,0.974767,1.01084,0.95872,1.19802,-0.174023,0.00167243,0,0,1
4075,4.3756,-15.6048,-1.40579,0.787,1.00105,1.00873,0.95308,1.01907,0.248506,0.000189353,0,0,1
4076,5.81188,-20.7523,-1.73348,1.27731,1.00646,0.99394,1.01681,1.16856,0.188448,0.000193042,0,0,1
4077,31.335,111.569,-3.29905,1.20014,0.990306,0.995649,0.987877,0.369504,0.0141557,-0.00086683,0,0,1
4078,26.1125,92.9234,3.68617,1.05365,0.997969,1.01119,1.00152,0.641016,-0.0226023,-0.000342174,0,0,1
4079,5.92325,21.1288,1.65898,0.857595,1.00654,0.991544,1.04914,1.20679,-0.173111,-0.000398488,0,0,1
4080,98.6137,366.279,-46.8214,0.890033,0.994908,0.994823,0.943572,0.857283,0.028702,-0.000717541,0,0,1
4081,2.89458,-10.2435,-0.720529,0.87071,0.988879,0.993526,0.955611,1.01341,0.245078,0.00255024,0,0,1
4082,16.3941,58.9289,5.10152,0.957785,0.999061,1.00495,1.0176,1.26132,-0.0841717,0.000254637,0,0,1
4083,10.929,39.0707,3.31424,0.848623,0.958222,1.01587,0.990114,0.881996,-0.113943,0.000273448,0,0,1
4084,8.83282,-31.4297,-1.52161,1.07588,1.01576,0.999211,1.01989,0.838229,0.0754135,0.000945309,0,0,1
4085,20.3827,-73.0971,-5.77797,1.04524,0.990912,0.999713,0.974316,0.85574,0.0626004,-0.000121497,0,0,1
4086,18.7957,66.9686,-0.689555,0.917006,1.04562,1.00779,1.00819,0.888929,0.00799068,-0.00121106,0,0,1
4087,9.8607,-35.5353,-3.61611,1.22522,1.00816,0.992682,1.01737,0.542642,0.159778,-0.000698142,0,0,1
4088,4.26556,15.1426,0.849146,1.0506,0.998963,0.999076,0.981292,0.952857,-0.150636,-0.00198858,0,0,1
4089,12.6559,45.0553,2.32147,0.911282,0.993955,0.999801,0.970956,0.76433,-0.0584068,-0.000524773,0,0,1
4090,8.41493,-30.4897,-3.63853,1.07472,0.989242,0.981275,1.05684,0.707576,0.226355,-0.00146833,0,0,1
4091,17.3278,-61.7078,-2.62228,0.839037,1.03328,1.00436,0.99855,0.688985,0.0367699,0.000520341,0,0,1
4092,26.9729,96.1082,-3.53536,1.05245,0.968544,1.01245,1.00182,0.985632,0.0200945,-0.00103869,0,0,1
4093,9.02047,32.1299,1.75769,0.792153,1.01219,0.992035,1.00709,0.599401,-0.0842618,-0.00076255,0,0,1
4094,9.85727,-35.136,-2.34558,0.786225,0.985055,0.992034,0.921604,1.21548,0.0966473,0.000311658,0,0,1
4095,47.7348,-174.156,-18.5612,1.24702,1.02863,0.999246,1.01981,0.753561,0.0429312,-0.000307025,0,0,1
4096,184.723,-655.954,-24.0438,0.913241,1.00145,0.991723,1.01005,1.2678,0.00338799,4.80083e-05,0,0,1
4097,10.5095,-38.2473,-4.58896,1.10693,1.00881,1.00522,0.967602,0.715362,0.191775,-0.00137601,0,0,1
4098,6.28855,22.6726,2.47362,0.98306,1.01155,0.99225,0.982361,1.10671,-0.245,0.000977123,0,0,1
4099,26.0257,97.1367,13.1905,1.05969,1.01947,1.00318,1.02667,0.692114,-0.118266,0.00122064,0,0,1
4100,40.177,-144.084,-11.1974,1.09435,0.981409,0.998681,1.00175,0.817329,0.0324411,-7.77303e-05,0,0,1
4101,18.414,-67.5287,-8.56984,0.834804,0.990086,1.00172,1.00588,0.610262,0.135732,-0.00123494,0,0,1
4102,21.2874,75.7046,4.06405,1.00138,0.989002,1.02194,0.979183,1.13405,-0.0372845,-0.000236133,0,0,1
4103,6.23764,-22.1013,-1.16792,1.35717,0.983523,0.993139,1.01854,1.23527,0.107522,0.00125319,0,0,1
4104,45.7864,163.442,-6.42663,1.17465,0.996169,1.00468,1.03622,0.768028,0.0130879,-0.000650993,0,0,1
4105,2.61514,-9.31093,-0.987076,1.26562,1.0084,0.999271,1.00258,1.29564,0.405418,0.00068903,0,0,1
4106,21.724,-79.3823,-10.0041,1.22522,0.965093,1.00266,1.00261,0.786766,0.11652,-0.00109397,0,0,1
4107,6.01072,-21.3735,-1.5276,0.986961,0.988086,1.00132,0.943615,0.689584,0.1527,0.000587941,0,0,1
4108,4.65647,-16.6883,-1.55166,1.15622,1.03558,1.00406,1.05456,1.1289,0.247058,0.000117056,0,0,1
4109,3.52919,-12.5972,-1.29093,1.1568,1.00465,0.990815,1.00964,0.661889,0.330854,2.30826e-05,0,0,1
4110,9.96057,35.6418,2.28564,0.677011,1.03372,0.993829,1.05844,1.08231,-0.0921321,-0.000459033,0,0,1
4111,22.9596,81.5657,2.39115,1.31207,0.975451,1.0141,0.991706,1.02827,-0.0185464,-0.000488347,0,0,1
4112,11.4989,41.3425,3.90819,1.26541,0.999278,0.99966,1.00398,0.78875,-0.127763,0.000476951,0,0,1
4113,12.5014,44.5861,3.00007,0.982607,0.990462,1.00688,0.965856,1.22813,-0.0783706,-0.00018612,0,0,1
4114,32.7544,-116.607,-5.97713,0.694661,0.956803,1.001,0.991389,0.961462,0.0243262,0.000147548,0,0,1
4115,8.87997,32.0846,3.63616,1.36016,0.99726,0.996857,1.03224,0.671047,-0.199498,0.00117322,0,0,1
4116,4.75379,16.9046,1.08958,0.95274,1.0132,1.0093,1.00837,0.889112,-0.161963,-0.00133457,0,0,1
4117,13.792,-48.8433,-0.114235,0.970953,0.97951,1.01054,1.01939,0.988456,0.00238275,0.00131851,0,0,1
4118,4.97004,17.8069,1.51817,0.790095,1.04117,1.00759,1.06139,1.02288,-0.21335,-0.000409834,0,0,1
4119,6.66717,-23.6843,-1.05805,1.11374,1.02131,0.996523,0.997376,1.05576,0.0866927,0.00150768,0,0,1
4120,5.69478,20.1335,0.853749,0.941637,0.980539,1.00017,0.953061,1.19595,-0.0908781,-0.00178654,0,0,1
4121,13.24,-47.1111,-2.89621,1.04708,0.980609,0.994713,1.01,0.474009,0.0681909,0.000281822,0,0,1
4122,4.96305,17.7032,1.45356,1.52146,1.00298,0.98803,1.03603,1.13515,-0.206679,-0.000483133,0,0,1
4123,6.50564,23.2281,1.75935,0.875989,1.01776,0.986367,1.0222,0.84145,-0.154933,-0.000460364,0,0,1
4124,13.8328,-49.1352,-1.7598,1.10354,1.0053,1.01127,0.987799,1.07301,0.0370501,0.00075379,0,0,1
4125,16.2082,57.5275,1.4721,0.959634,0.982139,0.984165,0.972269,1.1089,-0.0227818,-0.000809274,0,0,1
4126,9.17688,32.9348,3.03611,1.09495,0.999677,1.0023,1.05703,0.931258,-0.14881,0.000413583,0,0,1
4127,86.212,-320.319,-41.2363,1.27132,1.01202,0.997844,1.00271,0.953046,0.0350682,-0.000359088,0,0,1
4128,29.9302,106.478,0.0593014,0.982419,0.998394,0.99741,0.983918,1.24295,-0.000273122,-0.000646286,0,0,1
4129,6.50383,-23.7046,-3.01301,1.14816,1.02648,1.00509,0.996538,0.863501,0.298205,-0.00196444,0,0,1
4130,25.5326,91.1183,5.8534,0.48572,0.974674,0.992348,1.01762,1.02313,-0.0390457,-8.05747e-05,0,0,1
4131,12.5607,44.6276,1.54787,0.992605,0.996922,0.999294,1.04559,1.17197,-0.0388951,-0.00087437,0,0,1
4132,214.634,1969.48,668.742,1.10451,0.991482,1.00095,0.975828,0.902213,0.0507449,-0.000896519,0,0,1
4133,5.6465,20.1278,1.6176,1.21357,0.994469,1.00832,0.924844,0.875617,-0.181742,-0.000297033,0,0,1
4134,37.5774,-137.774,16.7178,0.754736,0.977787,1.01441,1.02861,1.09681,-0.0658006,0.00168597,0,0,1
4135,7.24735,25.7341,1.2513,0.879388,0.992773,0.995947,1.02983,0.92238,-0.0876043,-0.00117614,0,0,1
4136,5.25783,18.6826,0.975661,1.07429,1.00997,0.999599,1.03686,0.663054,-0.121216,-0.00166639,0,0,1
4137,3.11989,11.078,1.00957,1.13511,0.989778,1.0081,0.976971,0.651898,-0.308983,-0.000883458,0,0,1
4138,5.12842,18.4199,1.76111,1.53912,1.03291,1.00013,1.00741,0.748278,-0.239508,0.000140641,0,0,1
4139,6.91249,24.6305,1.5931,1.28403,1.03284,1.00954,0.953369,1.20335,-0.12311,-0.000767485,0,0,1
4140,4.55464,16.1618,0.757592,0.699177,1.03365,1.00458,1.04301,0.993626,-0.119238,-0.00235109,0,0,1
4141,273.108,-1370.12,633.383,1.1299,0.980878,0.996471,0.976276,1.36237,0.0679537,-0.00108906,0,0,1
4142,5.24974,-18.5513,-0.677692,1.03131,0.971362,0.980549,0.97874,0.959719,0.0838311,0.00225167,0,0,1
4143,4.88531,17.4016,1.51636,0.908048,0.974141,0.989069,0.989431,0.819868,-0.222037,-0.000166491,0,0,1
4144,14.313,52.4467,6.44244,1.17519,1.01234,0.989551,0.988318,1.28427,-0.157756,0.00126055,0,0,1
4145,7.28337,-26.0982,-2.40284,1.29753,0.98982,0.985196,0.997326,0.780354,0.179981,-0.000357837,0,0,1
4146,5.8056,-20.6285,-1.11207,0.965359,1.00893,1.00354,0.944222,0.907061,0.116548,0.00137193,0,0,1
4147,20.1327,-71.6043,0.393449,1.27121,1.01666,1.00012,0.986291,1.30376,-0.00410471,0.00105449,0,0,1
4148,13.7244,-48.7819,-0.882939,0.753218,1.01294,0.991506,1.06003,0.970656,0.0191392,0.00112156,0,0,1
4149,2.73659,-9.72767,-0.987359,1.02971,0.994992,1.00948,0.986314,0.868619,0.376943,0.000639358,0,0,1
4150,56.9283,-202.394,-0.829979,1.06303,1.02293,1.00174,1.02933,1.2496,0.00117084,0.0003285,0,0,1
4151,12.7958,-45.3937,-2.03011,0.549349,0.989965,1.00404,1.04383,1.30413,0.0497525,0.000640133,0,0,1
4152,157.542,606.342,-38.9681,1.05267,0.999866,1.00592,1.006,1.11921,0.0610527,-0.00125037,0,0,1
4153,31.6499,113.108,-4.31744,1.01255,1.00538,0.987711,1.02875,0.520649,0.0187046,-0.000957755,0,0,1
4154,15.1059,53.7589,2.46457,0.760612,1.00024,1.00898,0.987233,0.96959,-0.0438664,-0.000517729,0,0,1
4155,23.0939,82.0294,1.75222,0.86099,0.992007,0.997884,1.03863,1.20348,-0.01356,-0.000602493,0,0,1
4156,5.25802,-18.992,-2.02618,0.888136,1.04542,0.990989,1.06322,1.02482,0.270851,-0.000667889,0,0,1
4157,11.0006,39.0473,2.14556,1.16629,0.967385,0.992604,1.01294,1.09233,-0.0703539,-0.00051814,0,0,1
4158,24.8982,-91.233,-11.103,1.30284,1.00896,1.0198,1.00432,1.46706,0.0959716,-0.000846121,0,0,1
4159,23.7076,84.2247,-0.0232693,0.939332,0.995938,0.998784,0.947637,0.898719,0.000170312,-0.000821313,0,0,1
4160,37.2177,-132.089,-5.02818,1.121,0.981131,0.995211,0.981951,0.982149,0.0158933,0.000241449,0,0,1
4161,4.99614,17.9219,1.56343,1.25262,1.03526,0.997448,1.03049,1.08417,-0.219395,-0.000318251,0,0,1
4162,3.79086,-13.4685,-0.935479,0.911176,1.00285,0.997272,1.03596,0.940779,0.205447,0.00167076,0,0,1
4163,2.63283,9.37773,0.959899,1.14144,1.02724,1.00386,0.973967,0.94258,-0.384956,-0.00107558,0,0,1
4164,4.38942,15.6328,1.42948,1.25039,0.988529,1.01537,0.942834,1.05267,-0.249345,-6.50761e-05,0,0,1
4165,5.32717,18.9737,1.3482,1.00825,0.989609,0.980594,0.961328,0.727496,-0.168327,-0.00084183,0,0,1
4166,2.53794,9.12503,1.1821,0.944455,1.02602,0.992973,0.977958,0.866364,-0.52014,0.000763962,0,0,1
4167,5.00447,17.9427,1.87185,1.01723,1.01013,0.998032,1.03276,0.730341,-0.269784,0.000622857,0,0,1
4168,26.5539,94.343,2.73714,1.11015,0.963829,0.992709,0.976011,1.24619,-0.0161992,-0.000431113,0,0,1
4169,9.38245,-33.2316,-0.800761,1.05252,0.991691,0.995852,0.968888,1.12952,0.0346555,0.00146882,0,0,1
4170,13.6251,-48.5721,-2.74715,0.979141,1.0005,1.00183,1.00669,1.23824,0.0612918,0.000373738,0,0,1
4171,5.92651,20.9588,0.850061,1.27953,0.983753,0.999655,0.939982,1.12361,-0.0842179,-0.00178254,0,0,1
4172,22.4921,82.6749,10.2071,0.953309,1.01297,1.00537,0.977191,0.930962,-0.108012,0.000946846,0,0,1
4173,28.6449,101.863,4.28611,1.00382,0.985279,1.0011,1.03629,0.982057,-0.0220568,-0.000287269,0,0,1
4174,3.26458,11.6081,1.01791,0.999054,1.00287,0.999717,1.0204,1.15019,-0.290035,-0.00107484,0,0,1
4175,360.617,-1393.43,4.90229,0.999713,0.952524,0.996232,0.993598,1.02719,-0.0320137,0.000641402,0,0,1
4176,16.875,61.5077,6.6635,0.975163,1.03768,0.999934,0.99079,0.659728,-0.111893,0.000697835,0,0,1
4177,4.76425,16.8797,0.606901,1.07009,1.00712,1.01064,1.07269,0.86848,-0.0874406,-0.00255521,0,0,1
4178,165.67,-931.056,614.658,1.07932,1.00311,1.00235,0.9391,0.88184,0.0638669,-0.00104501,0,0,1
4179,10.2192,-36.2339,-1.60304,1.19993,0.98288,0.992989,1.02165,0.89909,0.0600032,0.00085552,0,0,1
4180,4.64678,16.6541,1.74324,0.936405,1.00201,0.988006,0.985179,0.875907,-0.285899,0.000568572,0,0,1
4181,10.5608,-37.6197,-2.04917,1.01699,1.02972,1.0147,1.00844,1.15575,0.0730538,0.000607525,0,0,1
4182,9.16867,-32.978,-2.9856,0.833744,1.02827,1.00236,1.00147,1.24463,0.145989,-0.000306169,0,0,1
4183,5.88368,21.0714,2.02895,0.624656,1.00822,1.0008,0.976471,1.09408,-0.219218,0.000383857,0,0,1
4184,4.34279,15.3513,0.884907,0.987232,0.97536,1.00264,0.995303,1.12837,-0.152238,-0.00175011,0,0,1
4185,8.00101,-29.011,-3.15988,0.917712,1.03297,0.995735,1.00886,1.01431,0.207722,-0.000986971,0,0,1
4186,409.11,-1664.36,-273.235,0.968229,1.01488,0.98373,1.04487,1.38049,-0.0450314,0.000872743,0,0,1
4187,7.99582,-28.5392,-2.52212,0.847547,0.970454,0.996678,1.03529,0.843252,0.156326,-0.000286507,0,0,1
4188,494.271,1895.56,-243.144,0.895033,1.02908,0.98752,0.979281,0.772164,0.0135872,-0.000291924,0,0,1
4189,18.5108,-65.5803,0.850311,0.808769,0.983335,1.00977,1.01264,0.9312,-0.0101549,0.00119609,0,0,1
4190,120.467,-428.178,8.47444,0.89952,1.01193,1.01008,0.954227,1.17872,-0.00270664,0.000208702,0,0,1
4191,7.13204,-25.4132,-1.81956,0.826358,0.996642,1.00823,1.00233,0.930155,0.134354,0.000395918,0,0,1
4192,28.4971,102.264,7.68397,1.15008,0.980377,0.989473,0.998295,0.773252,-0.0427579,5.17615e-05,0,0,1
4193,4.95358,17.5363,0.927861,1.1644,0.991442,1.00624,0.984993,1.01902,-0.126399,-0.00169781,0,0,1
4194,6.61072,-23.5503,-1.55466,1.14442,1.00495,0.991482,1.00741,1.0865,0.132253,0.00073301,0,0,1
4195,73.3852,263.909,-18.0727,0.598002,0.997454,1.01589,1.02342,1.16453,0.014912,-0.000523655,0,0,1
4196,3.81106,-13.5742,-1.2211,1.1444,0.990114,0.995235,0.98443,0.961864,0.272472,0.000474049,0,0,1
4197,4.67498,16.6423,1.21287,1.06599,1.0125,0.986479,0.967181,1.46027,-0.188395,-0.00108436,0,0,1
4198,11.0403,39.1349,0.425278,1.06011,0.976111,1.01305,1.07396,1.07199,-0.0132509,-0.00145651,0,0,1
4199,101.056,-376.22,-49.6323,0.95949,1.03372,1.01122,0.980202,0.982511,0.0328248,-0.000352657,0,0,1
4200,5.22435,-18.5066,-1.15954,0.808557,0.97224,1.01219,0.960091,1.1162,0.145895,0.0010642,0,0,1
4201,12.4575,-45.2394,-4.98057,0.883167,1.00637,0.98501,1.01479,1.12227,0.149358,-0.000920959,0,0,1
4202,27.4827,98.4542,6.54251,0.638579,1.01669,1.0086,0.969176,1.07043,-0.0383341,-5.51665e-05,0,0,1
4203,7.9537,28.1963,1.42076,1.05058,0.968927,0.996887,1.00346,1.08186,-0.0839608,-0.000934444,0,0,1
4204,5.45855,-19.3768,-0.823315,0.944678,1.00058,0.979721,1.05395,0.898969,0.0964852,0.00201227,0,0,1
4205,13.7325,-48.8131,-1.09016,1.2473,1.02032,0.991654,1.00495,1.27784,0.0236413,0.00105325,0,0,1
4206,10.3291,-37.3835,-4.30452,0.818796,0.990631,0.991128,1.00695,1.35592,0.182801,-0.00119589,0,0,1
4207,153.366,-977.675,619.152,0.750414,1.01873,1.0181,1.03744,1.19048,0.0827982,-0.00134535,0,0,1
4208,6.82442,24.3009,1.4001,1.07793,1.00528,0.993802,1.02322,1.18259,-0.110936,-0.000990708,0,0,1
4209,110.118,-415.756,-52.7114,1.40274,0.990933,1.01921,0.999578,1.03954,0.0482757,-0.000626424,0,0,1
4210,21.1867,-75.2557,-4.09296,0.916178,0.971095,0.996634,1.04482,0.930595,0.0390515,0.000223762,0,0,1
4211,16.3528,58.2891,3.47882,1.34398,0.953193,0.998178,0.950823,1.35822,-0.0539901,-0.000207317,0,0,1
4212,5.74256,20.51,1.80484,1.01228,0.987956,1.00237,0.982102,1.01016,-0.199936,5.89548e-05,0,0,1
4213,3.76072,13.5153,1.69416,0.522314,0.990707,1.00006,1.04563,1.09324,-0.409634,0.00175167,0,0,1
4214,6.26185,22.3403,1.69419,0.80456,1.02473,1.00509,0.93403,0.972742,-0.158351,-0.000465295,0,0,1
4215,9.10767,32.3404,1.35397,0.862142,0.966721,1.01692,1.00196,0.880339,-0.060997,-0.000962397,0,0,1
4216,18.4165,65.9805,4.76844,1.0508,0.995413,1.00238,1.01201,0.914986,-0.0610233,-5.12602e-06,0,0,1
4217,44.7151,168.387,23.4346,0.405108,1.00376,0.981759,0.981417,1.18235,-0.104057,0.00127389,0,0,1
4218,258.493,927.993,-5.28723,1.09684,1.01945,0.98899,0.975239,0.715725,0.000287093,-8.25525e-05,0,0,1
4219,5.79504,20.6399,1.40322,1.00036,1.00093,0.986802,0.978751,0.536322,-0.150511,-0.000853311,0,0,1
4220,4.36264,-15.6684,-1.80674,0.960526,0.999184,1.00685,0.994904,0.89502,0.335546,-0.00123813,0,0,1
4221,26.4736,94.6307,4.42941,1.38895,1.03353,0.997659,1.00336,1.29548,-0.0273206,-0.000291468,0,0,1
4222,17.0235,-60.9271,-4.45284,0.798061,1.0114,1.00256,1.00536,0.843211,0.0672414,3.3233e-06,0,0,1
4223,6.93715,-24.9935,-2.47585,0.98683,1.0332,1.00956,1.02083,1.14631,0.201351,-0.000552315,0,0,1
4224,4.33927,15.4434,1.29653,0.920886,0.986896,0.999382,1.03732,1.13562,-0.230094,-0.000523053,0,0,1
4225,26.2493,93.6381,-2.39831,0.871667,1.01273,0.988942,0.930763,1.04827,0.0148432,-0.00102255,0,0,1
4226,15.6588,-55.8282,-2.99893,0.787553,0.992961,0.98733,1.0267,0.892879,0.0518283,0.000364945,0,0,1
4227,12.541,44.8264,2.9732,0.702576,1.00775,0.998501,0.978401,1.1055,-0.078388,-0.000225286,0,0,1
4228,13.7103,-49.6429,-5.57389,1.02279,0.986611,0.986444,0.980718,1.01741,0.14055,-0.000947586,0,0,1
4229,5.37551,-19.1496,-1.4438,1.0286,1.01877,0.997668,1.03933,1.04067,0.176973,0.000687121,0,0,1
4230,6.34174,-22.495,-0.803746,1.04927,1.00727,1.00625,1.00223,0.808483,0.0708578,0.00184719,0,0,1
4231,4.40785,15.6486,0.881672,0.760992,1.00083,0.986945,0.992793,0.491105,-0.149385,-0.00194732,0,0,1
4232,6.5091,-23.1664,-1.44401,1.02886,1.01138,0.997731,1.0109,0.774399,0.125401,0.000890079,0,0,1
4233,12.4588,-44.1267,-0.876292,1.10861,0.972881,1.00247,0.994086,1.25226,0.0222472,0.00112578,0,0,1
4234,7.41349,26.3407,0.679564,1.17349,1.02002,0.994852,1.02589,0.845948,-0.0453894,-0.00191342,0,0,1
4235,7.89911,28.018,0.621505,0.891121,0.993071,0.988148,1.0082,1.19381,-0.0367861,-0.00185009,0,0,1
4236,53.7396,192.509,-9.10856,1.13791,1.00031,0.995979,0.947289,1.30441,0.013837,-0.000608417,0,0,1
4237,6.82015,-24.4285,-2.51004,1.34739,0.974149,1.00995,0.996791,0.583044,0.211564,-0.00083935,0,0,1
4238,29.8057,-109.632,-13.2889,0.852214,1.02185,0.986745,1.03991,0.857334,0.0819238,-0.000701612,0,0,1
4239,51.918,186.174,11.1781,0.810852,1.01094,1.01511,0.966591,1.18275,-0.0183562,-5.62183e-05,0,0,1
4240,138.708,561.973,-72.976,0.657166,0.971932,1.0148,1.02122,0.836468,-0.115241,0.00177822,0,0,1
4241,13.8004,49.5385,4.19297,1.12979,0.989497,0.981235,0.984315,1.04328,-0.0964849,0.000212228,0,0,1
4242,5.02231,-18.16,-2.04761,1.46591,1.04048,0.995576,1.02953,0.954054,0.299302,-0.000998962,0,0,1
4243,14.3126,51.6967,-4.37039,0.973279,0.994353,0.99734,1.02574,0.99796,0.0926517,-0.00300617,0,0,1
4244,8.08123,-28.8434,-2.06006,1.02405,1.00436,0.994136,1.00031,0.930473,0.123361,0.000331625,0,0,1
4245,13.1658,-47.8103,-5.72865,1.11185,0.988926,1.00168,0.944314,0.980483,0.159568,-0.00122884,0,0,1
4246,6.49972,23.0344,0.848281,0.83629,0.997029,1.00206,0.976697,0.971736,-0.0712228,-0.00175157,0,0,1
4247,233.942,1000.85,243.142,1.15478,1.02737,0.995881,0.991465,0.863847,0.0858489,-0.00164865,0,0,1
4248,24.7848,88.9555,6.71164,1.12489,0.996494,0.991321,1.03532,0.950599,-0.0493624,5.17004e-05,0,0,1
4249,34.9656,126.778,13.2768,0.450537,0.986012,1.00624,1.01374,1.00171,-0.0540169,0.000370022,0,0,1
4250,8.79488,-31.4576,-2.76428,0.85154,0.950416,1.02157,1.04433,0.802798,0.141958,-0.000378221,0,0,1
4251,5.06363,-17.92,-0.763064,0.984991,0.964743,0.99872,1.03127,1.33428,0.10017,0.00198541,0,0,1
4252,2.72454,-9.69983,-1.00704,0.87866,1.01112,1.00663,1.03188,0.731462,0.386901,0.000644431,0,0,1
4253,13.7334,-49.8825,-5.61482,0.560884,1.0073,0.998521,0.976021,1.16401,0.14072,-0.000946427,0,0,1
4254,6.73719,23.9332,1.76516,0.430888,0.969021,1.00484,1.03523,0.869536,-0.143959,-0.000321024,0,0,1
4255,6.95917,24.7813,1.53111,1.04232,1.0029,1.0066,0.960835,0.987966,-0.116571,-0.000785303,0,0,1
4256,5.76803,-20.5208,-1.6125,0.656755,0.98059,0.997195,1.03696,1.05112,0.175027,0.000339489,0,0,1
4257,49.2506,181.474,-21.2281,1.37904,1.01529,1.0051,1.00601,1.19549,0.0474362,-0.00125349,0,0,1
4258,6.4557,22.9973,1.55938,0.745389,0.997515,1.00237,0.99799,1.17408,-0.136794,-0.000660542,0,0,1
4259,11.8479,-42.0785,-2.21044,0.616007,0.955332,0.989402,0.980034,0.912684,0.0635028,0.000496924,0,0,1
4260,7.56264,-26.9911,-2.51677,0.986283,0.979962,1.03154,1.06085,1.0045,0.171138,-0.00048943,0,0,1
4261,3.28297,-11.6611,-0.889843,0.931706,1.00793,1.01127,0.982106,1.2116,0.247128,0.00169076,0,0,1
4262,8.25091,29.9489,3.71517,0.778059,0.991425,0.995359,1.04899,1.00061,-0.241097,0.00170399,0,0,1
4263,6.4265,-22.934,-1.68262,1.05913,1.03426,1.00904,0.993859,0.625801,0.149719,0.000541272,0,0,1
4264,2.97126,-10.6191,-1.16304,1.04888,1.01636,0.995026,0.989242,1.28244,0.391787,0.00010327,0,0,1
4265,14.2655,-52.3988,-6.72244,1.21818,1.01287,1.00556,1.0049,0.958763,0.171283,-0.00150526,0,0,1
4266,15.1398,53.8537,2.21349,1.09423,0.957121,1.00676,0.967342,1.13448,-0.0385126,-0.000550227,0,0,1
4267,13.4205,-47.7058,-1.36998,1.12291,1.00565,0.997209,0.978682,0.680066,0.0308454,0.000930868,0,0,1
4268,98.5265,-364.436,45.3478,0.937873,1.02034,1.00674,1.00088,0.794695,-0.0279526,0.000705278,0,0,1
4269,6.10646,21.8398,1.96275,1.21942,0.998073,1.01268,1.01101,1.13079,-0.195621,0.000193778,0,0,1
4270,22.6202,-80.5703,2.30848,0.946376,1.00641,0.999286,0.974649,0.916815,-0.0192392,0.00120457,0,0,1
4271,21.768,-78.1008,3.42881,1.01132,1.04422,0.990168,0.950606,0.66677,-0.0316485,0.00150331,0,0,1
4272,5.52571,19.8372,2.12552,0.716868,1.00489,1.00109,1.02342,1.03083,-0.261198,0.000879211,0,0,1
4273,14.5232,51.5012,0.346677,1.37232,0.984134,0.985743,0.999594,0.790668,-0.00654831,-0.00122918,0,0,1
4274,8.96733,32.762,4.04031,0.738309,1.02942,0.994956,1.01139,0.84891,-0.226296,0.00156449,0,0,1
4275,33.9451,127.257,17.6245,1.11275,1.0004,1.00413,0.976946,0.762013,-0.104703,0.00117499,0,0,1
4276,5.087,18.1652,1.55468,0.95026,1.00093,1.00288,1.03347,1.10138,-0.211834,-0.000215552,0,0,1
4277,53.3443,202.421,26.5544,1.31716,1.0074,0.98995,0.977948,1.22799,-0.107799,0.00140403,0,0,1
4278,19.842,72.3947,8.03162,1.20502,1.03161,1.01981,0.98737,0.909885,-0.0996391,0.000698606,0,0,1
4279,31.5505,111.964,2.39456,0.87074,0.980331,1.00238,0.98247,0.673306,-0.00999891,-0.00042829,0,0,1
4280,2.99526,-10.6577,-1.11299,1.0231,0.988127,1.01068,0.931924,1.33272,0.369919,9.58851e-05,0,0,1
4281,172.875,730.205,-165.196,0.97034,0.995432,0.996692,0.941335,0.993098,-0.110435,0.00172997,0,0,1
4282,4.38245,-15.5439,-0.897221,1.2917,1.01216,1.02014,1.00025,0.671905,0.151344,0.00179299,0,0,1
4283,4.72065,16.8091,1.2612,0.697087,1.00456,0.992082,1.00069,1.21403,-0.193398,-0.000894674,0,0,1
4284,3.79186,13.4924,1.11214,1.27512,0.988729,0.988847,0.979466,1.09345,-0.247995,-0.000943144,0,0,1
4285,26.145,-92.6203,1.25725,1.13686,0.978293,1.00007,1.03151,0.784486,-0.00778425,0.000863032,0,0,1
4286,4.68716,16.7324,1.35399,0.560804,1.02715,0.99587,0.978409,1.52331,-0.209846,-0.000721639,0,0,1
4287,46.981,178.04,23.2577,0.669589,1.00328,1.00617,1.01219,0.776114,-0.121308,0.00158678,0,0,1
4288,13.315,-47.1246,-0.632479,0.553381,0.985568,1.01494,0.993669,1.2037,0.014066,0.00116561,0,0,1
4289,4.8886,17.4029,1.24717,1.24771,1.01158,1.01642,1.00917,0.859061,-0.177324,-0.000918817,0,0,1
4290,34.3546,123.826,10.9118,1.40952,0.993585,0.993379,0.985101,1.01419,-0.0437213,0.00017633,0,0,1
4291,16.1295,-57.3219,-0.955454,1.11825,1.02326,1.02143,0.993071,0.81475,0.0149391,0.000941184,0,0,1
4292,7.72535,27.3308,0.933869,1.38655,0.973769,0.98563,0.971764,0.871032,-0.0577565,-0.00150319,0,0,1
4293,136.979,-521.339,-55.0495,0.784997,0.995309,1.00122,1.02958,0.614379,0.0525655,-0.000723601,0,0,1
4294,2.97278,10.5569,0.867386,1.31586,1.01712,1.0219,1.01382,1.324,-0.282696,-0.00168291,0,0,1
4295,7.09438,-25.6507,-2.62254,0.589778,1.02761,0.980011,0.91232,0.540635,0.210481,-0.000672103,0,0,1
4296,4.09722,14.55,1.27553,1.25059,0.970741,0.996695,0.983039,1.04723,-0.250205,-0.000383148,0,0,1
4297,2.75088,9.77905,0.954319,1.14859,1.00651,1.01385,1.03266,1.18686,-0.358825,-0.000944455,0,0,1
4298,10.3192,-36.7603,-1.98395,0.698388,1.00359,0.995201,1.0205,0.906368,0.0744472,0.00062739,0,0,1
4299,3.98513,14.1739,1.03481,1.36356,0.997725,0.984938,0.962972,1.10146,-0.210862,-0.00138529,0,0,1
4300,28.5153,-101.704,3.8757,0.928824,1.00635,0.999231,1.08942,1.17138,-0.0208219,0.00105415,0,0,1
4301,6.34813,22.545,0.819675,0.892669,1.02617,0.997791,1.0722,0.919352,-0.0724382,-0.00191041,0,0,1
4302,4.24774,-15.218,-1.42064,0.898669,1.03712,1.00531,0.987415,0.950695,0.263177,0.00025894,0,0,1
4303,13.1306,46.9253,3.03817,1.02297,1.00709,1.00387,0.992296,1.19356,-0.0730682,-0.000233873,0,0,1
4304,32.6652,117.095,7.65393,0.839326,1.00104,1.00131,0.983859,1.2324,-0.0319897,-4.71207e-05,0,0,1
4305,4.70124,-16.6458,-1.0851,0.693001,0.979432,1.00068,1.03257,1.12333,0.164416,0.0012417,0,0,1
4306,7.89124,-28.0466,-1.71348,0.730597,0.989374,0.999797,0.986231,0.942646,0.104403,0.000652783,0,0,1
4307,26.45,-100.419,-12.5855,1.41223,0.9922,0.99861,1.05054,1.08949,0.240848,-0.00322891,0,0,1
4308,4.3443,-15.3935,-0.939602,1.15639,0.997337,1.01116,0.990734,0.819671,0.161466,0.00164533,0,0,1
4309,18.6323,66.1989,-2.28284,1.0932,0.986215,1.0073,0.927655,0.675499,0.0267613,-0.00148917,0,0,1
4310,16.8209,-59.7942,-0.579046,0.839837,1.01089,0.998789,1.0378,0.854323,0.00847945,0.00102427,0,0,1
4311,38.866,143.23,18.2376,1.27662,0.990896,1.01859,0.966548,1.12346,-0.0692445,0.000677462,0,0,1
4312,42.642,152.931,9.79822,1.06145,1.01822,0.99228,1.00594,1.17373,-0.024311,-5.25111e-05,0,0,1
4313,3.86809,-13.7847,-1.27217,1.06943,0.988739,0.987428,0.965518,0.704362,0.279121,0.000335503,0,0,1
4314,8.66726,-30.7544,-0.490671,1.04206,1.00579,1.0014,1.01994,0.757771,0.0245338,0.0018296,0,0,1
4315,292.734,-1081.24,-138.499,1.08567,1.00037,1.00122,0.966786,0.936697,0.0106052,-0.000111454,0,0,1
4316,19.599,69.7904,1.89202,0.897449,1.01126,0.981236,1.02022,0.638409,-0.0207654,-0.000670573,0,0,1
4317,36.5307,-130.339,5.48146,1.12907,1.02066,1.00103,0.997288,1.14503,-0.0183352,0.000866355,0,0,1
4318,6.7696,-24.1679,-2.07418,0.936813,0.982238,0.999199,0.975878,1.02283,0.172312,-0.000103868,0,0,1
4319,13.152,-46.7903,-1.58195,0.983057,1.03145,0.994044,0.939611,0.909909,0.0372775,0.000895435,0,0,1
4320,18.3021,-65.0225,0.25192,0.800975,0.997708,0.991104,0.949329,0.65218,-0.00313835,0.00112811,0,0,1
4321,24.2018,-85.9863,-4.08048,1.1612,0.966557,1.00197,1.02781,0.966077,0.0298025,0.000260303,0,0,1
4322,5.6181,20.2808,2.35784,1.15668,1.01118,0.996937,1.03052,1.08531,-0.287284,0.00132687,0,0,1
4323,6.22271,22.186,1.65665,0.607475,0.987296,0.9913,0.975951,0.594877,-0.157243,-0.000442381,0,0,1
4324,6.45164,-23.0275,-1.83284,1.02407,1.00169,1.00356,0.998641,0.972733,0.164669,0.000204386,0,0,1
4325,6.56869,-23.3566,-1.8428,0.898301,0.957376,0.992741,1.00554,1.58614,0.159898,0.000134805,0,0,1
4326,5.11014,-18.2169,-1.46045,1.1402,1.00347,1.00915,0.971243,1.21861,0.195899,0.000444349,0,0,1
4327,4.23696,-15.0709,-1.15584,1.08607,1.00432,0.999848,1.00082,1.12208,0.212787,0.000998588,0,0,1
4328,7.88984,-28.0226,-1.89371,1.14975,0.988605,1.01694,1.03387,0.918268,0.114939,0.000417309,0,0,1
4329,6.63891,-23.5492,-0.998666,0.631322,0.999218,1.00468,1.03776,0.764031,0.0812736,0.00151299,0,0,1
4330,6.50145,23.1528,1.55567,1.28898,0.998262,1.0053,0.99048,1.29168,-0.134445,-0.00067035,0,0,1
4331,48.0257,173.127,14.8365,0.954989,0.99763,0.993139,0.980925,0.961733,-0.0304806,0.000111358,0,0,1
4332,8.45145,29.9835,0.209415,0.916076,1.0056,1.00472,0.952265,1.10809,-0.0108098,-0.00211394,0,0,1
4333,14.046,50.3786,4.05568,0.846212,1.00806,1.01584,1.00959,0.93663,-0.0877454,0.000128454,0,0,1
4334,12.642,-45.0701,-2.99161,1.02076,0.994643,1.01056,0.981683,0.95319,0.0769037,0.000193099,0,0,1
4335,44.782,-161.658,-14.6966,0.790589,1.01414,0.999045,0.972794,0.824426,0.035896,-0.000169219,0,0,1
4336,6.67665,23.9508,2.54261,0.950814,0.972005,1.00785,1.02465,1.29394,-0.223889,0.00098384,0,0,1
4337,103.622,-391.008,51.9885,1.01966,0.963191,0.997222,1.01574,1.04643,-0.0414641,0.000939927,0,0,1
4338,5.83336,-20.812,-1.67611,0.701614,1.01285,1.01032,1.02285,1.07716,0.179256,0.000284098,0,0,1
4339,11.0364,39.465,1.8606,1.24512,1.04459,0.997494,1.01402,0.88192,-0.0609293,-0.000799455,0,0,1
4340,5.23512,-18.6726,-1.63285,1.1247,0.99141,1.00745,1.00662,0.997778,0.211903,5.06964e-05,0,0,1
4341,48.5738,-174.628,-14.645,1.34077,1.0114,1.00233,0.939244,0.870583,0.0298619,-0.000104903,0,0,1
4342,10.9294,-38.9217,-1.9809,1.21605,1.00348,0.998351,0.920504,1.18881,0.0664573,0.000649306,0,0,1
4343,17.4445,62.1437,3.63861,1.11923,0.996113,1.01687,0.984502,1.15818,-0.0495564,-0.00023555,0,0,1
4344,10.4344,37.6641,3.18487,1.27852,1.05812,0.996481,0.975168,0.803022,-0.122161,0.00010126,0,0,1
4345,8.98837,-32.0634,-2.13969,0.906404,1.01528,1.00949,0.999358,1.11476,0.104293,0.000387982,0,0,1
4346,7.92009,28.1662,1.2543,0.962907,1.00213,0.997119,1.01275,0.904261,-0.0748408,-0.00118508,0,0,1
4347,18.5728,66.0037,2.62938,0.858378,0.997256,1.01134,0.972109,1.12592,-0.0311894,-0.000490676,0,0,1
4348,8.83492,31.4358,1.70397,1.14773,0.991162,0.994053,0.992015,1.05477,-0.0839382,-0.000759867,0,0,1
4349,7.55795,26.9688,1.65259,1.08409,1.03815,1.00475,0.951185,1.01379,-0.108639,-0.000796904,0,0,1
4350,30.0929,113.201,16.0002,0.688239,1.00071,1.00589,1.03649,1.37658,-0.149537,0.00183197,0,0,1
4351,9.4698,-34.2196,-3.84793,0.664954,1.00786,1.01064,0.99475,1.07561,0.187151,-0.00111825,0,0,1
4352,6.66125,23.6215,0.529848,1.15113,0.990184,0.984951,0.988734,1.03148,-0.042638,-0.00221498,0,0,1
4353,7.60627,-27.4868,-3.24938,0.864256,0.97894,0.995066,1.02389,1.17488,0.240979,-0.00153856,0,0,1
4354,4.63553,-16.4027,-0.890588,1.11159,0.985276,0.995943,0.971782,1.17355,0.13719,0.00181222,0,0,1
4355,6.00347,21.6453,2.6276,0.921854,0.965382,1.00777,0.961016,0.539607,-0.291342,0.0018074,0,0,1
4356,6.84991,24.6276,2.60309,0.836447,0.994844,0.985045,0.990681,1.253,-0.222001,0.000870944,0,0,1
4357,21.4625,-76.1607,-3.43745,1.07549,0.977615,0.995314,0.994201,0.888063,0.0317061,0.000344878,0,0,1
4358,12.6144,44.6762,-0.21472,1.13219,0.989496,1.01013,1.07338,0.818552,0.00521285,-0.00159485,0,0,1
4359,11.0077,-39.0997,-2.46902,0.939811,0.989436,1.02195,0.973039,0.97662,0.080837,0.000312835,0,0,1
4360,8.07988,-28.8312,-2.06859,0.813013,0.997812,0.998063,0.98812,1.12867,0.123508,0.000301431,0,0,1
4361,2.89268,10.3217,1.13495,1.25723,1.01357,0.996145,0.970263,0.61488,-0.399408,-0.000136477,0,0,1
4362,71.9477,257.663,-10.7638,1.11754,1.00278,0.981856,0.994429,1.07841,0.00916608,-0.000439405,0,0,1
4363,7.66197,-27.2696,-1.53435,0.900543,1.00615,0.999104,0.963969,0.837551,0.0989074,0.000864471,0,0,1
4364,3.94728,14.0497,1.16394,0.958474,1.0151,0.999388,0.992194,0.91002,-0.241556,-0.00091186,0,0,1
4365,7.01002,25.0963,2.16574,1.13429,1.02579,1.00872,0.995599,0.707493,-0.168152,4.47546e-05,0,0,1
4366,20.4015,-73.9561,-8.17903,0.947535,0.997503,1.00307,0.99515,1.08254,0.0968185,-0.000688088,0,0,1
4367,15.9251,-56.3521,-0.314496,0.738097,0.982736,1.00158,1.0155,0.693043,0.00502894,0.00110921,0,0,1
4368,1394.28,-7243.69,6041.36,1.1532,1.01517,1.00253,0.932313,1.13238,0.0279415,-0.00047065,0,0,1
4369,13.9794,49.5058,0.52734,0.983107,0.984306,1.00803,1.01951,0.842293,-0.0105786,-0.00116974,0,0,1
4370,88.442,330.39,43.4852,1.3376,1.02983,1.00106,0.977296,0.723671,-0.0349516,0.000359399,0,0,1
4371,237.577,-939.835,-55.6267,1.00604,0.971825,1.00051,0.987265,1.18371,-0.0591357,0.00116606,0,0,1
4372,14.7507,-52.98,-4.70398,1.07805,0.997005,1.01659,1.00565,1.3518,0.0950303,-0.000329511,0,0,1
4373,10.4989,38.0136,4.16255,1.06138,1.01409,1.00522,0.978786,1.38099,-0.166191,0.000943477,0,0,1
4374,13.1511,47.4279,4.83194,1.04594,1.00489,1.0138,0.996994,0.870156,-0.124789,0.000654073,0,0,1
4375,14.3872,-52.1784,-5.47228,1.18107,1.01557,0.994028,0.970065,1.0606,0.123218,-0.000701689,0,0,1
4376,4.5114,-15.9793,-1.18176,0.873872,0.973074,1.00541,0.942807,0.891096,0.1939,0.000861746,0,0,1
4377,6.44427,-22.882,-0.113628,1.25758,1.01814,1.00146,0.997171,1.36925,0.00970851,0.00290301,0,0,1
4378,38.006,-139.362,-16.4831,0.918481,1.00643,1.00306,0.985407,1.15907,0.0631459,-0.000550238,0,0,1
4379,4.0465,-14.3372,-1.03511,1.29523,0.98304,1.00022,1.00277,1.13481,0.203532,0.00126108,0,0,1
4380,513.298,-2075.3,325.21,1.22651,0.953898,0.984373,1.05489,0.947229,0.0328085,-0.000508516,0,0,1
4381,71.5841,-270.972,-35.4615,1.28984,1.0228,0.988464,0.986467,0.825339,0.0802873,-0.00104141,0,0,1
4382,23.519,-84.8913,-8.38247,1.10429,0.993859,1.02198,1.01452,0.746525,0.0720616,-0.000423014,0,0,1
4383,6.89264,-24.6634,-2.16228,1.2111,1.01178,1.00832,1.01327,1.07889,0.174721,-0.000144503,0,0,1
4384,12.9565,-46.3811,-3.50304,1.25875,1.01704,0.991666,0.997715,0.754592,0.0888837,2.71273e-05,0,0,1
4385,3.67382,-13.0375,-0.851602,0.853622,1.01716,0.997379,1.02689,0.885636,0.196102,0.00207171,0,0,1
4386,10.0944,35.7974,0.20725,0.96534,0.994343,0.995535,0.978249,1.0444,-0.00772327,-0.00179341,0,0,1
4387,28.3727,-101.204,-5.04257,1.08697,1.01946,1.00498,1.03428,0.948101,0.0276958,0.000218202,0,0,1
4388,37.473,133.587,-0.951682,0.877924,1.02355,1.00207,1.02638,1.24788,0.00286454,-0.000580041,0,0,1
4389,54.5698,-200.601,24.3052,1.31573,0.98856,1.00619,1.01719,1.15397,-0.0465417,0.00119092,0,0,1
4390,51.7783,194.615,26.7986,1.24469,0.981157,0.986628,1.00885,1.20547,-0.078673,0.000931588,0,0,1
4391,95.3817,-363.019,-41.8626,1.04199,1.01656,1.01944,1.00015,0.991974,0.0692902,-0.000938608,0,0,1
4392,101.023,-363.136,29.9376,0.998916,1.01057,1.00469,1.00992,1.04953,-0.014388,0.000450179,0,0,1
4393,234.941,923.358,508.863,1.07132,0.991628,0.992121,1.0078,0.985161,0.0439748,-0.000810495,0,0,1
4394,48.4127,175.55,-15.1713,0.400172,1.02105,0.994293,1.04937,1.24288,0.030793,-0.000962922,0,0,1
4395,24.7989,-92.6245,-13.0899,0.743955,1.00649,0.983758,0.976007,1.18999,0.148759,-0.00166759,0,0,1
4396,9.8127,34.994,2.37722,0.873988,0.979929,0.986251,0.969952,1.11869,-0.0986149,-0.000292219,0,0,1
4397,257.977,-1270.83,-416.806,1.16334,1.0461,0.996118,1.05687,1.05414,-0.0460846,0.000827084,0,0,1
4398,120.885,-1135.69,408.93,0.832501,0.965018,0.997415,0.960885,0.826441,0.0882025,-0.00151955,0,0,1
4399,61.1331,-219.932,-15.1701,0.944826,1.03195,0.994165,0.995283,0.958489,0.0194098,-1.36748e-06,0,0,1
4400,6.77084,-24.0859,-1.20766,0.878202,1.01806,0.97465,0.996756,1.05723,0.0974075,0.00135798,0,0,1
4401,164.796,-586.342,29.3922,0.679336,0.957071,1.02513,0.968431,1.05819,-0.00489254,0.000195297,0,0,1
4402,6.36776,-22.736,-1.72578,0.847659,1.0203,0.991047,1.00743,0.653798,0.1579,0.000464057,0,0,1
4403,13.3388,-47.326,-2.45956,1.27032,0.971429,0.99984,0.994005,1.20317,0.0562757,0.000448374,0,0,1
4404,14.2867,50.8043,-0.168665,1.08738,1.002,0.992867,0.99631,0.736237,0.00329645,-0.00143538,0,0,1
4405,13.329,-47.4972,-3.49845,1.07946,0.957294,0.995937,0.940803,0.771095,0.0827785,-1.16168e-05,0,0,1
4406,15.9275,-56.5559,1.01224,1.09991,1.00215,1.00619,1.01761,0.691414,-0.0162005,0.00149753,0,0,1
4407,11.167,39.834,2.66966,1.11779,0.987682,0.997825,1.03333,1.16747,-0.0866182,-0.000243671,0,0,1
4408,9.78198,34.9006,2.4452,0.84152,0.997043,1.01183,1.04296,0.935105,-0.101042,-0.000225212,0,0,1
4409,44.0356,156.413,-0.0122861,1.39428,0.987357,1.02058,0.988397,0.666139,2.48779e-05,-0.000423987,0,0,1
4410,17.8998,63.7175,0.592482,1.01294,1.00833,0.992689,1.00196,1.08862,-0.00758803,-0.000975083,0,0,1
4411,7.39139,-26.2715,-1.1239,1.03112,1.00099,0.976661,0.999224,0.899346,0.077382,0.00139035,0,0,1
4412,35.727,129.967,13.279,0.944673,1.01488,0.998612,1.05905,0.790461,-0.0516177,0.00032122,0,0,1
4413,43.7071,-157.459,-14.284,0.895957,0.981802,1.00616,0.998644,1.00633,0.0363041,-0.000183643,0,0,1
4414,5.92614,21.0578,1.55022,1.11563,0.959508,1.00373,0.988639,0.933572,-0.158772,-0.000420946,0,0,1
4415,18.6427,-68.8106,-9.08049,1.24312,1.01027,0.996851,0.990778,1.35412,0.145488,-0.00138138,0,0,1
4416,4.45136,-15.78,-1.1984,0.867292,0.975973,1.00521,1.02222,1.27701,0.201175,0.000807694,0,0,1
4417,8.40717,30.5208,3.74645,0.869027,1.00051,1.0027,0.979478,0.989499,-0.233157,0.00161716,0,0,1
4418,92.3425,363.164,-13.6914,1.12569,1.00258,0.999995,1.00579,1.00315,-0.153028,0.0023135,0,0,1
4419,14.9835,53.8628,4.82851,0.848377,1.01202,1.01177,1.02382,1.01217,-0.0945903,0.000314693,0,0,1
4420,6.62607,23.5173,0.977708,0.853741,0.9983,0.999477,1.00458,1.19173,-0.0797984,-0.00156209,0,0,1
4421,21.2003,76.8605,7.88427,0.886628,1.01823,1.00877,0.988078,0.911502,-0.0831585,0.00048547,0,0,1
4422,9.97172,-35.3703,0.324167,1.06391,1.00344,1.00619,1.01872,1.01099,-0.0124442,0.00215933,0,0,1
4423,7.67377,-27.5786,-2.83249,0.995391,0.999438,1.00063,0.993574,1.06395,0.19639,-0.000791853,0,0,1
4424,7.77347,-27.6544,-1.32997,1.14639,1.00265,0.986798,1.03749,1.01256,0.0834541,0.00112187,0,0,1
4425,5.09356,18.1846,1.26435,1.11209,1.02243,0.975048,1.0096,0.824218,-0.16976,-0.00114585,0,0,1
4426,12.2795,43.7095,1.99334,0.705053,0.993647,0.992098,0.990395,0.474991,-0.0531043,-0.00067733,0,0,1
4427,441.327,2113.75,-135.378,1.10535,1.01256,1.00118,1.01493,1.08233,-0.0227914,0.000379883,0,0,1
4428,4.2797,15.2903,1.67098,1.33159,0.972856,1.01578,0.995226,1.14012,-0.313671,0.00096734,0,0,1
4429,17.179,62.1746,6.69835,0.976873,0.988589,1.00193,1.00612,0.859865,-0.108055,0.000710116,0,0,1
4430,4.05668,14.4947,1.50368,0.922632,0.974676,0.99342,1.00746,0.93131,-0.308285,0.000493146,0,0,1
4431,10.6576,37.9834,2.93242,1.20188,0.961882,0.987631,0.987105,0.993335,-0.105453,1.59056e-05,0,0,1
4432,8.06293,-29.1469,-3.24297,0.846834,1.01999,1.01331,0.965937,1.1463,0.208294,-0.00110092,0,0,1
4433,40.9119,149.21,15.1717,0.966497,1.03491,1.00161,0.940396,0.858166,-0.0454071,0.000279136,0,0,1
4434,64.3693,-234.271,25.7852,0.538193,0.994278,1.0101,0.984808,0.970667,-0.0330091,0.000890806,0,0,1
4435,7.73193,27.5587,1.76157,0.948921,1.0179,1.00623,0.922311,0.961241,-0.11193,-0.000627282,0,0,1
4436,20.6812,-73.8001,-5.57268,1.13561,0.966285,1.01223,0.991313,0.998112,0.0570399,-8.12653e-05,0,0,1
4437,9.0126,-32.2034,-2.6028,0.810042,0.986938,1.00349,0.972709,1.03878,0.128293,-6.54881e-05,0,0,1
4438,3.67904,-13.0568,-1.22313,0.927283,0.972116,1.00622,1.04417,1.0897,0.288712,0.00020945,0,0,1
4439,187.432,717.488,52.22,0.96925,0.96682,1.00532,1.02179,0.993352,-0.0470077,0.000672875,0,0,1
4440,45.5795,168.654,-18.7355,0.634554,1.03993,0.970035,1.00528,1.01051,0.0481556,-0.00132621,0,0,1
4441,22.19,-78.7811,-3.67526,1.32512,0.974174,1.00776,0.999748,0.973448,0.0316085,0.000299691,0,0,1
4442,6.24346,-22.2248,-1.47861,0.635396,0.997148,1.00246,1.02762,0.430831,0.137741,0.000744094,0,0,1
4443,2.72534,-9.66986,-0.947022,1.12126,0.98325,1.0038,0.99235,0.957343,0.36246,0.000872023,0,0,1
4444,25.2248,-89.7442,-4.37002,0.795519,0.959534,1.00425,0.940185,0.969007,0.0293634,0.000228497,0,0,1
4445,9.16518,32.7698,2.93889,1.05294,0.964826,0.990041,1.03446,1.16698,-0.142626,0.000350182,0,0,1
4446,20.9348,-76.6327,-9.42069,1.00655,0.998739,1.00927,0.995806,1.11559,0.113811,-0.000996798,0,0,1
4447,13.994,49.7919,2.83721,0.914076,0.98578,1.00082,1.07236,0.892891,-0.0591617,-0.00035309,0,0,1
4448,2.36665,8.35514,0.757396,1.06023,0.97891,1.01327,0.977663,1.19285,-0.35761,-0.00187548,0,0,1
4449,30.1511,107.894,-5.02412,0.924972,1.0031,0.995508,0.961497,0.811999,0.0239597,-0.00107403,0,0,1
4450,5.56094,-19.6953,-0.616246,1.00365,1.00054,1.00576,1.02806,0.974117,0.0679881,0.00230343,0,0,1
4451,392.731,-1712.55,500.382,0.662289,0.950187,1.0019,0.984244,1.30974,0.0466868,-0.000736525,0,0,1
4452,12.1705,44.9904,5.99115,1.11064,1.03709,1.00299,0.974612,1.226,-0.204094,0.00177694,0,0,1
4453,9.13278,-32.655,-3.07801,1.09939,0.952107,1.00143,1.01815,1.17343,0.152139,-0.000561435,0,0,1
4454,4.01686,-14.3467,-1.45727,0.880099,0.995441,1.01259,1.0821,1.20915,0.301545,-0.000352072,0,0,1
4455,115.586,-412.996,24.9752,0.996289,0.983786,0.991245,0.996641,1.03299,-0.00887189,0.000324846,0,0,1
4456,8.76842,31.2182,2.36685,0.952428,0.970397,0.99383,1.00132,0.59261,-0.121035,-0.00010443,0,0,1
4457,30.1808,107.708,6.0283,1.23639,0.985975,0.999645,0.986319,0.670553,-0.0285891,-0.000144344,0,0,1
4458,82.108,310.986,-42.6079,0.990491,0.990649,0.990228,0.992478,0.943891,0.0564613,-0.00127325,0,0,1
4459,20.5172,74.7592,7.94314,1.28659,1.02639,0.997795,0.964284,1.15521,-0.0920218,0.000581872,0,0,1
4460,6.33083,22.5935,1.6767,1.03897,1.03795,1.02102,1.02676,0.902829,-0.152069,-0.000509773,0,0,1
4461,52.1202,-184.635,0.537976,1.30437,0.992309,1.00654,0.999854,1.18515,-0.000878053,0.000382265,0,0,1
4462,2.83938,10.1043,1.01992,0.939676,1.00408,0.997811,1.03402,0.924696,-0.36795,-0.000703905,0,0,1
4463,22.1688,78.5757,0.774624,1.00287,0.996366,1.0176,0.984687,0.762428,-0.0063587,-0.000742797,0,0,1
4464,22.7707,82.3102,8.30454,1.2855,0.98928,0.997138,0.963755,0.603139,-0.0766781,0.000450932,0,0,1
4465,6.24328,22.128,1.27839,1.03877,0.98321,1.00237,0.997289,1.06752,-0.116965,-0.00105,0,0,1
4466,10.0844,36.5031,3.92095,0.982794,1.01006,0.991326,0.990776,0.809187,-0.16877,0.000883459,0,0,1
4467,5.50586,-19.5861,-1.14854,1.31402,1.02481,0.992831,1.00338,1.37609,0.132747,0.00138713,0,0,1
4468,5.5997,19.9695,1.33542,1.02168,1.03105,0.995204,0.971282,1.03705,-0.150394,-0.00103927,0,0,1
4469,278.748,-1184.38,293.094,1.03851,0.988744,0.993863,0.968301,1.02748,0.0686466,-0.00107775,0,0,1
4470,4.12413,14.7354,1.22477,0.874881,1.03319,0.994885,0.979688,0.898753,-0.235824,-0.000906512,0,0,1
4471,6.3808,22.732,1.46206,1.00702,1.02596,0.998805,0.977754,0.505198,-0.130693,-0.000900652,0,0,1
4472,17.0224,60.4443,-1.82383,1.00971,0.970338,0.986382,1.00294,1.34617,0.0256733,-0.00157868,0,0,1
4473,17.7176,63.3402,3.89066,1.00661,1.01074,1.00305,0.989986,0.923326,-0.0529074,-0.000198647,0,0,1
4474,3.93475,14.1114,1.39907,0.886499,1.03714,1.00406,1.05764,1.14775,-0.29625,-9.23526e-05,0,0,1
4475,24.38,-86.4755,1.91019,0.871271,0.969715,0.99653,1.0342,1.04209,-0.0135701,0.00101384,0,0,1
4476,27.007,96.2831,3.0068,1.06589,1.00514,0.997581,0.990575,1.17819,-0.0174948,-0.000423992,0,0,1
4477,68.8004,262.535,32.7042,0.967087,1.0162,0.987155,1.02874,1.04783,-0.0937497,0.00125084,0,0,1
4478,4.45206,-15.8132,-1.26167,0.895796,0.989043,1.0084,0.980298,0.75423,0.212556,0.000661527,0,0,1
4479,4.43761,-15.7965,-1.54686,1.14948,0.960996,1.01106,1.02504,0.889117,0.270189,-0.000427387,0,0,1
4480,6.97781,-24.9075,-2.1858,0.757142,0.983383,1.01044,0.965164,0.957251,0.171277,-0.00020845,0,0,1
4481,6.51773,23.4676,2.56124,1.26773,0.995472,0.981596,1.04233,1.06921,-0.239814,0.00100641,0,0,1
4482,11.9865,-42.8922,-3.12945,0.582448,1.02913,1.00406,1.00523,1.06887,0.0906724,0.000112613,0,0,1
4483,5.15111,-18.4419,-1.8332,0.947075,0.994661,0.995267,0.945386,1.09853,0.251836,-0.000480794,0,0,1
4484,6.88661,24.441,1.44207,1.32533,0.965284,1.00468,0.998422,1.21427,-0.111034,-0.00080301,0,0,1
4485,5.27044,18.7091,1.31803,0.948768,0.9683,1.01153,0.995952,0.816586,-0.164171,-0.000712108,0,0,1
4486,8.00847,28.71,2.56682,0.784204,0.999379,1.00153,1.0064,0.844263,-0.159675,0.000290245,0,0,1
4487,7.37653,26.4226,2.34724,0.750082,1.02048,1.00401,1.04136,0.843728,-0.167794,0.000173459,0,0,1
4488,4.68159,16.698,1.37103,0.8156,1.02728,1.0087,1.0028,1.0493,-0.212353,-0.000612179,0,0,1
4489,118.126,489.087,-91.216,1.34861,1.03395,0.992875,0.98298,1.26327,-0.164611,0.00256615,0,0,1
4490,11.6743,-41.5234,0.511342,0.941667,1.02225,1.00716,1.01516,1.14971,-0.0148187,0.00194735,0,0,1
4491,7.69525,-27.5458,-2.34699,0.924373,1.03676,1.0227,1.02536,0.91587,0.153674,-6.98669e-05,0,0,1
4492,5.44152,19.2809,0.20862,1.04647,0.990808,0.983849,0.954103,0.940291,-0.0239369,-0.00320894,0,0,1
4493,8.40563,30.2267,3.05762,1.27705,1.0039,1.00605,1.03524,0.852276,-0.178499,0.000718113,0,0,1
4494,93.9071,360.733,19.8401,0.94066,1.00132,1.00137,0.997798,1.03766,-0.108536,0.00157598,0,0,1
4495,13.287,-47.6596,-4.08285,0.915976,1.00284,1.00037,0.975943,1.00755,0.1007,-0.000245823,0,0,1
4496,33.9634,125.082,15.2692,0.816675,1.02778,1.00236,1.03427,0.664739,-0.0719028,0.000624377,0,0,1
4497,5.24669,18.8578,1.95438,1.3106,1.02544,1.0044,1.01842,0.772983,-0.258757,0.000595247,0,0,1
4498,12.9879,46.178,1.83511,0.85561,0.993512,0.995188,0.987497,1.01217,-0.0435815,-0.000746625,0,0,1
4499,5.73016,-20.5495,-1.88189,0.821221,1.03209,1.0047,0.949838,0.943955,0.210271,-8.54403e-05,0,0,1
4500,32.092,113.953,0.153855,1.09613,0.986473,0.992552,1.04834,1.0385,-0.000600466,-0.000593059,0,0,1
4501,7.11766,25.3471,1.78166,1.11646,0.989857,1.00182,1.00638,1.05816,-0.131505,-0.000453566,0,0,1
4502,6.60373,23.8516,2.57908,0.873582,1.02246,0.999097,0.98993,1.14071,-0.234034,0.000940028,0,0,1
4503,5.51586,-19.6397,-1.58252,0.975834,0.980224,0.996099,1.00341,1.06285,0.186066,0.000307871,0,0,1
4504,34.6667,-130.401,-18.1063,1.13284,1.00323,0.986134,0.994914,1.14555,0.138561,-0.00171626,0,0,1
4505,9.31397,-33.3349,-2.74205,1.08708,0.995481,0.998161,1.00581,1.28791,0.129001,-0.000111533,0,0,1
4506,2.90049,-10.2677,-0.89652,1.37367,0.960869,1.00375,1.02775,1.38284,0.309432,0.001166,0,0,1
4507,19.0937,-68.2017,-5.31737,0.983113,0.971779,0.997545,0.941844,0.876918,0.0642616,-0.000103745,0,0,1
4508,9.44243,33.5673,0.99327,0.665894,1.00691,0.999936,0.960413,0.657141,-0.0425045,-0.00134155,0,0,1
4509,13.7369,49.1182,3.36407,1.14091,1.01878,1.00264,0.986279,1.02551,-0.0748007,-0.000158558,0,0,1
4510,21.6153,-78.0915,-7.11445,1.1131,1.00989,0.977327,1.05285,0.913882,0.0722459,-0.000291391,0,0,1
4511,12.5985,45.9482,5.57824,0.945913,1.00409,1.00517,1.01672,1.16135,-0.168467,0.00129654,0,0,1
4512,17.575,63.3042,5.98863,0.793333,0.989615,1.01843,1.02614,0.981719,-0.0872704,0.000412804,0,0,1
4513,24.1535,-85.5507,1.23044,0.92925,0.988741,1.00863,0.985123,0.869293,-0.0088285,0.000941044,0,0,1
4514,3.53227,12.5504,1.08442,1.02201,0.994727,1.01784,1.00863,1.07037,-0.268597,-0.000796877,0,0,1
4515,4.32975,15.3537,0.863661,1.25388,0.991354,0.989748,1.08929,1.04317,-0.150165,-0.00195353,0,0,1
4516,11.7351,41.5704,0.557301,1.04349,0.985497,0.99144,0.985696,0.918564,-0.0157205,-0.00137919,0,0,1
4517,629.117,-2276.47,-2233.56,1.19294,1.02088,0.997603,1.01322,1.08853,-0.0179317,0.000313666,0,0,1
4518,16.4362,-60.5239,-7.77585,1.14886,1.02541,0.998501,1.00211,0.825308,0.151386,-0.00132862,0,0,1
4519,4.31316,-15.3496,-1.15733,1.14547,0.993471,0.986929,1.00334,0.884546,0.20738,0.00103357,0,0,1
4520,7.04666,25.0306,0.87573,1.11339,1.00592,0.996855,1.00517,1.02778,-0.0641331,-0.00168622,0,0,1
4521,10.5474,37.4753,0.283625,1.18946,0.994949,0.983308,1.04097,1.07063,-0.00987209,-0.00170576,0,0,1
4522,10.7756,38.8411,3.76114,0.717095,1.01508,0.994421,1.01571,0.847123,-0.139012,0.000512492,0,0,1
4523,10.1228,-36.1576,-2.6271,0.966695,1.0141,0.996386,1.06355,1.18316,0.104532,0.000174085,0,0,1
4524,128.701,-636.173,240.054,0.76158,0.975728,1.02512,1.02829,0.891901,0.0841238,-0.00142626,0,0,1
4525,13.4958,-47.9876,-3.11348,0.902778,0.971458,1.00723,1.03338,0.920917,0.0705059,0.000177698,0,0,1
4526,6.76635,-24.2108,-2.1062,0.751531,1.01508,0.99357,1.04852,1.18214,0.176139,-4.95846e-05,0,0,1
4527,23.8602,86.6111,9.56358,0.896826,0.963558,0.996018,1.05183,0.771742,-0.0840031,0.000628782,0,0,1
4528,7.49605,27.232,3.14759,0.960975,1.02704,1.00387,1.02105,0.742296,-0.23435,0.0013035,0,0,1
4529,13.455,48.5197,4.92701,1.41052,0.974016,0.99882,0.986972,1.16128,-0.122514,0.000664931,0,0,1
4530,6.08598,21.666,1.46011,0.930703,0.994456,0.997692,1.02361,0.968865,-0.14238,-0.000758534,0,0,1
4531,100.308,357.371,-0.652049,1.06067,0.978912,0.986886,1.03323,1.27303,0.0002559,-0.000197288,0,0,1
4532,4.86289,17.4494,1.85548,1.1551,1.01381,1.00333,0.942122,1.04338,-0.280766,0.000706067,0,0,1
4533,27.3249,97.2369,3.42107,1.22929,1.0003,1.0106,1.0294,0.98912,-0.019153,-0.000371087,0,0,1
4534,19.9145,-71.1228,-4.35096,0.93195,0.998799,0.978363,1.00868,1.35591,0.0486048,0.000171635,0,0,1
4535,54.3744,-204.63,-27.8606,1.0316,1.00106,1.00763,1.01088,0.414839,0.0857673,-0.00106459,0,0,1
4536,11.1341,-39.5433,-0.491778,1.22276,1.00814,1.00196,0.961736,1.1458,0.0155249,0.00148827,0,0,1
4537,15.4479,55.6873,5.43149,0.785211,1.00994,1.00633,0.99098,0.78456,-0.102604,0.000479623,0,0,1
4538,5.15122,-18.3586,-1.4673,0.87218,0.999873,1.00189,0.958657,0.867729,0.194743,0.000456906,0,0,1
4539,16.8091,-59.7783,-3.52753,1.11698,0.962001,0.998773,0.995241,1.43826,0.0526061,0.000210676,0,0,1
4540,5.6465,20.0541,0.880542,0.996416,1.01921,0.996617,1.01856,0.714069,-0.0961724,-0.0018799,0,0,1
4541,9.88491,35.2034,1.90061,1.1056,0.998749,0.999516,1.02881,0.95099,-0.0761989,-0.000659657,0,0,1
4542,5.43996,-19.3505,-1.35774,1.13632,1.00462,1.017,1.05162,1.12449,0.160335,0.000779222,0,0,1
4543,31.8558,118.989,16.4598,1.08804,0.984136,0.991609,0.974535,1.16899,-0.107256,0.00118203,0,0,1
4544,13.2998,-47.9084,-4.84291,1.21155,0.981236,1.01301,0.964358,0.997451,0.122545,-0.000665416,0,0,1
4545,7.90363,-28.3421,-2.64082,0.773031,0.988815,0.992636,0.991842,1.11968,0.171026,-0.000443883,0,0,1
4546,7.84381,27.9082,2.04336,0.960047,0.980682,1.00409,0.993591,0.902144,-0.126646,-0.000256152,0,0,1
4547,11.2138,-40.0436,-2.75399,1.26346,1.01626,1.00071,1.00835,1.23872,0.0901196,0.000221186,0,0,1
4548,4.55269,16.1149,1.02706,0.854006,0.981254,1.00065,1.0437,0.905735,-0.1637,-0.00139464,0,0,1
4549,28.35,102.291,9.01326,0.834771,1.01552,0.995607,1.00371,1.15294,-0.0523222,0.000189677,0,0,1
4550,8.15959,29.2864,2.2407,1.32573,1.04354,1.00579,0.981928,0.68665,-0.131401,-0.000227958,0,0,1
4551,44.4139,-168.199,23.0059,0.761695,1.01026,1.01092,1.05967,0.757718,-0.10378,0.00233926,0,0,1
4552,12.639,45.8044,5.27372,0.650282,0.984176,1.00191,0.982892,0.79328,-0.154943,0.00110183,0,0,1
4553,9.71787,-34.6158,-1.96498,1.14025,1.02208,1.00198,0.99979,0.998308,0.0823438,0.000629921,0,0,1
4554,15.185,54.3692,-3.20918,0.551859,1.00364,1.0127,1.05404,1.14079,0.0573218,-0.00227805,0,0,1
4555,6.76722,-24.0594,-1.48681,1.35968,0.992356,0.997323,1.031,0.998493,0.119741,0.000815797,0,0,1
4556,24.3591,87.2333,5.71699,1.14095,1.00196,1.00484,0.994692,0.985589,-0.0422261,-7.19213e-05,0,0,1
4557,205.394,748.046,62.2987,0.806268,1.03411,0.996932,1.01292,1.01402,-0.00674875,1.71762e-05,0,0,1
4558,3.57283,12.6262,0.713274,1.06482,0.989552,1.00308,1.04164,0.786975,-0.169464,-0.00247764,0,0,1
4559,9.82898,34.8702,1.53314,0.889498,0.982767,0.990222,1.03949,0.891171,-0.0613551,-0.000914654,0,0,1
4560,4.20829,14.9096,1.13802,0.841939,0.985199,1.0221,1.02108,0.723591,-0.20846,-0.000874312,0,0,1
4561,7.7547,27.5132,1.47779,1.30763,0.991286,1.00765,0.926607,1.05688,-0.0911729,-0.000897351,0,0,1
4562,16.333,59.8136,7.19421,1.0384,1.02081,1.00746,0.984091,0.842376,-0.135434,0.00107749,0,0,1
4563,15.9118,-56.9042,-3.94494,0.964862,0.995078,0.996076,0.973588,1.29865,0.0673136,7.20548e-05,0,0,1
4564,7.96748,-28.4571,-2.13626,1.01676,1.00692,1.00721,1.00219,1.14259,0.130911,0.000202936,0,0,1
4565,7.89487,-28.0281,-1.43955,1.0083,0.998844,1.00861,1.02747,1.2923,0.086403,0.000951084,0,0,1
4566,3.60626,12.7634,0.867042,1.10211,0.994285,1.01323,1.02838,0.591949,-0.204074,-0.001799,0,0,1
4567,46.8135,-168.518,-14.9622,1.14763,0.989654,0.989538,1.05282,1.17953,0.0335847,-0.000154143,0,0,1
4568,227.507,841.415,-91.1103,1.0585,1.0475,0.989283,0.991235,0.952518,0.00877935,-0.000248025,0,0,1
4569,8.25288,29.4796,2.19521,1.31415,0.998375,0.984339,0.988224,0.991219,-0.12723,-0.00023392,0,0,1
4570,4.87095,17.4143,1.67989,1.05581,0.997338,0.985953,0.956074,1.17567,-0.252258,0.000210517,0,0,1
4571,34.8392,-131.63,-18.2206,1.08289,1.03445,0.997935,1.01411,0.95987,0.150053,-0.00189581,0,0,1
4572,5.86172,-21.0671,-2.26348,0.901208,0.992297,1.0105,0.981787,0.92112,0.252385,-0.00101686,0,0,1
4573,5.48801,19.5901,1.58572,1.24204,1.00162,1.00062,0.973521,1.02187,-0.188632,-0.000339444,0,0,1
4574,31.083,-110.796,4.1718,1.26558,1.0021,1.00182,0.955609,0.723642,-0.01884,0.000957586,0,0,1
4575,5.23919,18.5843,1.32601,1.14324,0.957726,0.99115,0.939082,1.3687,-0.168852,-0.00071439,0,0,1
4576,7.0751,-25.0264,-0.917151,1.31853,0.9817,1.00943,1.00406,1.02129,0.0661356,0.00152377,0,0,1
4577,8.99903,-31.942,-0.258386,0.878686,0.996756,0.984422,1.01563,1.02431,0.012178,0.00199046,0,0,1
4578,5.64201,-20.219,-1.95198,1.20029,1.01612,0.994132,1.03471,1.1335,0.227021,-0.000314656,0,0,1
4579,24.3906,-87.0523,-4.7962,1.37899,1.01763,1.00256,0.937647,0.770574,0.0355307,0.000199017,0,0,1
4580,88.608,335.094,-46.2902,1.06736,1.03902,1.01966,1.01338,1.1987,0.0521572,-0.00117927,0,0,1
4581,3.17027,11.2655,0.952349,0.662788,1.00102,1.00295,0.970484,1.14391,-0.282955,-0.00133138,0,0,1
4582,53.6467,-194.634,-18.0706,1.12502,1.02589,0.991444,1.00316,1.55018,0.0318377,-0.000164926,0,0,1
4583,5.43022,-19.3475,-1.45189,0.947776,1.00004,0.992258,0.990735,1.0627,0.175945,0.000626012,0,0,1
4584,9.88958,-35.7336,-4.01821,0.918058,0.98561,1.00619,1.01168,1.04415,0.182967,-0.00116464,0,0,1
4585,38.0172,142.819,20.139,0.884747,1.0242,0.994556,0.98745,0.986925,-0.110531,0.00130432,0,0,1
4586,7.28895,26.1427,2.13743,0.918259,1.02469,0.986764,0.971104,0.938645,-0.155652,-0.000134226,0,0,1
4587,7.46387,27.1596,3.22153,1.24169,1.03289,1.00015,0.96733,1.03341,-0.244405,0.00143041,0,0,1
4588,3.8534,13.6925,1.12443,1.0484,0.987508,1.00516,1.01551,1.18366,-0.241423,-0.000851007,0,0,1
4589,7.80379,-27.7713,-1.93484,0.653426,0.975695,0.984629,1.02105,0.889467,0.122424,0.000391635,0,0,1
4590,102.702,-367.647,-24.8331,0.97471,0.993992,1.00359,0.935582,1.12719,0.0112174,-4.66254e-06,0,0,1
4591,30.5587,-112.64,14.251,0.959464,0.947362,0.998666,0.971499,0.783608,-0.0896577,0.00222886,0,0,1
4592,148.576,682.359,-251.488,0.998805,1.01629,1.00621,0.995965,0.892842,-0.137637,0.00218899,0,0,1
4593,5.693,20.1642,0.858577,0.904995,0.99451,1.00361,1.01757,0.744307,-0.0912622,-0.00181514,0,0,1
4594,5.52616,-19.9307,-2.43744,0.535699,0.976943,1.02108,0.999254,1.04944,0.310717,-0.00188379,0,0,1
4595,8.56958,-30.6206,-2.38955,0.594759,0.989938,0.995699,1.04377,0.726458,0.1295,5.33076e-05,0,0,1
4596,31.7146,-112.801,-2.56468,1.08702,1.02797,1.00497,1.09814,1.00204,0.0111577,0.000433343,0,0,1
4597,69.855,-250.191,-17.0062,1.00119,1.00401,1.01091,0.947391,1.00563,0.0163781,-4.70729e-06,0,0,1
4598,8.60125,-30.4417,-0.535591,1.01009,0.973647,1.00185,1.00222,1.10562,0.0269899,0.00172552,0,0,1
4599,6.1083,-21.8085,-1.01009,1.10081,1.04854,0.996252,1.03457,1.18789,0.0965117,0.00169943,0,0,1
4600,17.0787,61.6267,6.12768,1.1177,0.995539,0.986156,1.04101,1.39055,-0.0974832,0.000497707,0,0,1
4601,76.5911,-286.613,37.732,1.06674,1.0093,1.00105,1.00562,1.34092,-0.042634,0.0010302,0,0,1
4602,2.79725,9.96467,1.06906,0.855718,1.01557,1.01593,0.968498,1.18799,-0.394836,-0.000276431,0,0,1
4603,6.53294,23.2901,1.63256,1.14072,1.008,0.999462,1.03193,1.00941,-0.141551,-0.000589943,0,0,1
4604,7.83069,27.8701,1.56522,0.977016,1.01349,1.02442,1.03588,0.648485,-0.0948078,-0.000812953,0,0,1
4605,11.7297,-41.6104,0.196535,0.906489,0.998197,0.997304,1.00934,1.40454,-0.00562329,0.00175999,0,0,1
4606,69.13,-264.846,26.2598,1.25076,1.00571,1.00742,1.00321,0.830665,-0.110878,0.00232707,0,0,1
4607,15.5517,-56.0389,-5.56029,1.21203,0.96622,0.984491,0.973785,0.761583,0.106557,-0.000571998,0,0,1
4608,9.60091,34.1414,0.0677711,1.15598,1.01833,0.999036,0.998071,0.7912,-0.00279001,-0.00201897,0,0,1
4609,6.47571,-23.0902,-1.7666,1.33216,0.991267,0.999998,1.06576,1.1632,0.156588,0.000309912,0,0,1
4610,14.6251,52.0662,-0.58053,1.06188,1.01633,0.991841,1.03246,0.919051,0.0109759,-0.00155915,0,0,1
4611,9.05067,-32.4882,-2.89503,0.873651,1.01867,0.994001,1.01326,0.918121,0.144926,-0.000256072,0,0,1
4612,4.32615,15.3752,1.27472,0.905755,0.990052,1.0147,0.976357,1.30397,-0.224938,-0.000544261,0,0,1
4613,7.12818,-25.4754,-2.10537,1.10786,1.00244,1.00317,0.974889,0.913261,0.159601,9.93665e-06,0,0,1
4614,31.901,-117.422,13.8527,0.882343,1.00879,1.00408,0.993353,1.18841,-0.0738873,0.00194429,0,0,1
4615,20.1848,71.9506,4.83424,1.1953,0.97649,1.00849,1.00915,0.913649,-0.0505116,-6.46087e-05,0,0,1
4616,20.0587,71.3562,-0.170857,0.8862,1.00136,0.994669,1.01296,0.878323,0.0017374,-0.00100854,0,0,1
4617,5.37765,19.2431,1.83474,1.02836,1.01479,1.00467,1.04322,0.951344,-0.230062,0.00024935,0,0,1
4618,23.7472,-84.3107,-0.883817,1.10197,0.995237,0.993604,0.994064,1.18974,0.00666312,0.00070646,0,0,1
4619,2.72508,9.64227,0.795986,1.51847,0.975812,0.995737,1.03442,0.95578,-0.300063,-0.00192317,0,0,1
4620,5.78379,-20.5703,-1.26387,0.751856,1.02596,1.00848,1.01489,1.11183,0.133954,0.00112496,0,0,1
4621,25.0864,90.7392,9.202,1.12149,0.991447,1.00763,0.950433,1.00756,-0.0703322,0.000430357,0,0,1
4622,7.34538,26.0154,1.26973,1.00817,0.976446,1.00525,0.9891,1.08549,-0.0861797,-0.00108543,0,0,1
4623,7.93506,28.4451,2.89019,1.26974,0.976857,1.01789,0.980872,0.870179,-0.184466,0.000786436,0,0,1
4624,6.06107,-21.6922,-2.11356,0.94943,0.981201,1.00173,0.974043,1.31707,0.217743,-0.000546816,0,0,1
4625,9.26272,-33.4712,-3.84024,1.07352,0.985012,0.993374,1.00424,1.02514,0.198655,-0.00126319,0,0,1
4626,5.91318,21.3807,2.38211,0.762193,1.0131,0.979935,0.998438,1.24629,-0.265792,0.00106416,0,0,1
4627,13.9656,49.7336,1.82724,0.45418,1.01565,1.00191,0.999446,0.516651,-0.0380292,-0.000755993,0,0,1
4628,80.4145,290.945,-25.9176,0.904614,0.971724,0.996188,0.998696,1.14991,0.0189217,-0.000574328,0,0,1
4629,48.9955,-181.553,22.7212,0.757376,1.01692,0.994829,0.985533,1.20357,-0.0554015,0.00140804,0,0,1
4630,13.6686,49.8323,5.57591,0.823469,1.027,0.986427,1.07162,1.0466,-0.141237,0.000899685,0,0,1
4631,12.069,-44.0075,-5.66975,0.867192,0.980834,1.00813,0.992808,0.92105,0.194048,-0.00169231,0,0,1
4632,8.44809,30.3346,2.09211,1.12012,1.05066,0.999664,0.904783,0.888158,-0.114851,-0.000457045,0,0,1
4633,83.8134,-582.984,284.414,0.723096,0.951898,1.00291,0.960585,1.3613,0.125771,-0.00218218,0,0,1
4634,5.39848,-19.241,-1.49233,0.903464,1.01371,0.990819,0.988766,0.895343,0.182578,0.000592453,0,0,1
4635,26.1133,-98.095,-13.8884,1.03168,0.997402,1.00543,0.998309,0.984426,0.172895,-0.00212181,0,0,1
4636,19.5029,-69.3473,-3.49122,0.628416,0.94594,1.01662,0.932002,1.08271,0.0374598,0.000273279,0,0,1
4637,14.8493,-52.9388,-3.05196,0.711112,0.990926,0.992316,1.03623,0.717782,0.0582084,0.000313147,0,0,1
4638,9.01757,-31.9596,0.0352786,1.03756,0.992196,0.992494,1.02163,0.971456,-0.0016472,0.00219077,0,0,1
4639,10.8308,38.4655,0.972786,0.935944,1.0042,1.00426,0.973239,0.637006,-0.0320195,-0.00124037,0,0,1
4640,17.2758,62.0861,5.36358,1.15712,1.01465,1.00564,1.00589,0.760512,-0.0798214,0.000224712,0,0,1
4641,31.5771,-112.443,-4.06099,0.978813,1.01483,0.980632,1.00097,1.13457,0.0181846,0.000327938,0,0,1
4642,8.25041,29.3602,1.5763,0.751326,0.985345,0.977333,0.963975,1.21317,-0.0890026,-0.000869718,0,0,1
4643,8.40718,-29.9843,-2.03758,1.16105,1.00946,1.00066,1.02479,0.962426,0.112739,0.000408595,0,0,1
4644,11.5486,41.484,3.82427,0.689134,0.991109,1.0171,0.948755,1.08583,-0.121405,0.000430593,0,0,1
4645,18.4687,-68.1723,-9.05996,1.17375,0.99287,1.00257,0.968267,1.2032,0.15202,-0.00150267,0,0,1
4646,6.27508,22.2431,1.03019,0.688398,0.970139,1.01419,1.00303,1.20685,-0.091947,-0.00136559,0,0,1
4647,56.5975,-204.972,-20.1294,0.862313,1.00028,0.986191,0.996788,0.781908,0.0321309,-0.000194776,0,0,1
4648,9.16385,32.4944,1.40129,0.678389,0.982762,0.993618,1.01044,0.953185,-0.0635648,-0.00100909,0,0,1
4649,6.6263,-23.4844,-0.531402,0.960666,0.988618,0.982377,0.994167,1.05965,0.0434858,0.00222209,0,0,1
4650,10.1898,37.1233,4.79167,0.843949,0.984335,1.01511,1.02015,1.3737,-0.220077,0.00185197,0,0,1
4651,8.40085,30.1224,2.74262,1.33642,0.991973,0.984118,0.982929,1.36441,-0.158559,0.00034579,0,0,1
4652,149.363,1005,666.282,0.893731,1.00178,1.00941,0.93664,0.933006,0.0715026,-0.00133001,0,0,1
4653,14.1964,50.6126,3.12044,0.874528,0.994741,1.01008,1.00927,1.16456,-0.0635454,-0.000255576,0,0,1
4654,10.9748,39.1874,2.54689,0.924161,1.01058,0.99869,0.950749,0.759373,-0.0859239,-0.00032488,0,0,1
4655,4.05931,14.4457,1.16249,1.06711,0.998771,0.995731,1.0166,0.963629,-0.230791,-0.000898617,0,0,1
4656,3.92417,13.9727,1.21711,1.2036,0.985012,0.991972,1.00858,0.765941,-0.257309,-0.000573782,0,0,1
4657,23.4568,-83.2907,0.828091,0.84685,1.01445,1.02262,0.950347,1.10758,-0.00627882,0.000926353,0,0,1
4658,12.5916,45.0724,3.34432,1.03941,1.00633,0.99735,1.03044,1.10308,-0.0886919,-4.60521e-05,0,0,1
4659,24.9824,-89.6547,6.09542,1.29498,0.999499,1.00091,0.991479,1.20081,-0.0437227,0.00155362,0,0,1
4660,7.78825,-27.8707,-2.35336,0.905278,1.00269,1.00113,1.01329,0.778155,0.153087,-0.000103138,0,0,1
4661,110.631,396.447,18.2116,0.930908,0.991966,1.00045,0.999927,1.06741,-0.00633872,-6.48004e-05,0,0,1
4662,8.55691,30.5422,2.38606,0.642882,0.981553,0.996495,1.02539,0.532471,-0.128284,-5.47893e-05,0,0,1
4663,140.918,1442.18,-458.233,0.924673,1.01064,1.01535,0.996139,0.821057,-0.0778835,0.0013441,0,0,1
4664,45.2544,169.419,23.3198,1.13565,0.984698,1.01428,1.03303,0.78899,-0.0798495,0.000915036,0,0,1
4665,17.649,64.6453,7.97846,1.07747,0.998279,1.00166,1.00624,0.874325,-0.132198,0.00112531,0,0,1
4666,62.8743,223.705,2.87575,0.895883,0.989947,1.00048,1.06819,1.21827,-0.00301718,-0.00025324,0,0,1
4667,6.7287,-24.1904,-2.07608,1.1673,1.0378,0.993299,1.00499,0.914412,0.175863,3.6741e-05,0,0,1
4668,9.51699,34.6359,4.25584,1.09061,0.992954,0.986549,1.07006,0.989053,-0.21534,0.00155755,0,0,1
4669,21.8522,-81.18,-11.2017,0.93273,0.990295,1.00452,0.980501,1.30262,0.147193,-0.00158075,0,0,1
4670,17.6192,62.9746,3.83944,0.755258,1.01118,0.998766,1.00988,0.877293,-0.0528941,-0.000211824,0,0,1
4671,10.1231,36.1599,2.44014,1.29397,1.00528,0.997174,0.98513,0.985996,-0.0958708,-0.00030031,0,0,1
4672,2.4471,-8.67156,-0.838314,1.12297,0.947023,1.00157,0.972852,0.737466,0.382016,0.00104954,0,0,1
4673,2.67275,9.46923,0.921539,1.31268,0.973648,0.99607,0.995306,0.679623,-0.364058,-0.000987031,0,0,1
4674,12.9461,-46.4642,-3.37565,1.47205,1.03605,0.998864,1.00833,1.15232,0.0853847,0.000100346,0,0,1
4675,5465.7,18228.7,-6231.38,1.44314,1.00406,1.00486,1.01296,1.17413,-0.00332316,5.22836e-05,0,0,1
4676,19.0682,67.7998,3.69353,1.01152,0.979405,1.00851,1.08088,1.23497,-0.0422786,-0.000260286,0,0,1
4677,40.9389,153.823,21.6469,0.720015,1.02676,0.995183,0.988721,1.27696,-0.105321,0.00125378,0,0,1
4678,8.41324,-29.8857,-0.350963,1.25158,1.01484,0.984001,0.992343,1.05245,0.0188156,0.00207309,0,0,1
4679,67.5761,-247.146,-27.9784,0.851748,1.00072,0.99574,1.01155,0.709855,0.0340026,-0.000283846,0,0,1
4680,5.6342,-20.2622,-2.27607,0.943075,0.976921,0.98457,0.963732,1.01077,0.278171,-0.00124821,0,0,1
4681,65.6812,-245.578,-32.906,1.03587,1.0061,1.00189,0.977487,0.940179,0.0536221,-0.000597585,0,0,1
4682,72.297,263.264,27.2607,1.10898,1.00091,0.992718,1.0261,1.02821,-0.0262874,0.000173512,0,0,1
4683,372.444,1340.32,-23.4654,0.923438,0.990003,0.995466,1.06948,1.18578,0.000587391,-6.18595e-05,0,0,1
4684,7.88339,-28.286,-2.72458,1.12769,1.00367,1.00512,1.02635,1.41703,0.177191,-0.000544032,0,0,1
4685,16.6179,59.2842,3.5163,0.945006,0.994456,1.00536,0.991738,1.23354,-0.053182,-0.000243508,0,0,1
4686,4.31829,-15.3127,-1.18502,0.941045,0.977317,1.00225,1.03124,1.11447,0.209901,0.000816595,0,0,1
4687,8.55148,30.4948,1.98469,1.04963,1.01773,0.997639,0.980816,0.663032,-0.105633,-0.000517199,0,0,1
4688,174.892,-670.739,40.9967,0.95053,1.00749,1.00141,0.957905,1.17399,-0.0558961,0.0011443,0,0,1
4689,231.656,-889.797,-25.6929,1.16039,0.98092,1.00314,1.01904,0.830384,0.0469249,-0.000690111,0,0,1
4690,23.5788,84.2514,-3.73604,1.21618,0.99011,0.984926,0.996001,1.29226,0.0287234,-0.00134,0,0,1
4691,7.33754,-26.1941,-2.00543,1.14931,1.01172,1.00004,0.986202,1.42164,0.1432,0.000242569,0,0,1
4692,5.25846,18.6042,0.8196,1.05696,0.989118,1.00386,0.995372,1.222,-0.100048,-0.00192227,0,0,1
4693,8.84924,-31.5394,-2.60492,1.19726,0.976508,1.0095,0.995473,1.02878,0.13205,-0.000130538,0,0,1
4694,185.809,-658.429,-4.31516,1.01601,0.99553,0.991432,0.982641,0.978181,0.000625418,9.4424e-05,0,0,1
4695,5.16565,-18.5162,-1.92771,0.810457,1.01638,1.01485,1.02659,0.840459,0.262568,-0.000685039,0,0,1
4696,19.3887,-68.6373,-1.39766,1.04542,0.986314,1.00301,1.03067,0.82722,0.0153667,0.000718558,0,0,1
4697,6.78587,24.1208,1.2095,1.20051,1.00837,1.00952,1.07013,1.00727,-0.0950856,-0.00122476,0,0,1
4698,85.4861,307.78,23.6961,0.7937,0.986036,1.01081,1.01026,0.749702,-0.0146416,2.91682e-05,0,0,1
4699,94.5595,374.293,-21.4202,0.595913,0.995036,0.98375,1.03831,0.924744,-0.159189,0.00241981,0,0,1
4700,10.7283,-38.0361,-1.73329,0.959911,0.991772,1.00937,1.00558,0.745615,0.0588234,0.000763476,0,0,1
4701,5.31843,-19.2099,-2.16527,1.08691,1.02084,0.991122,0.968722,1.00387,0.288804,-0.00109436,0,0,1
4702,9.00524,-32.097,-1.90676,1.02951,1.00958,1.004,1.01426,1.16087,0.0919204,0.000595381,0,0,1
4703,2.79723,-9.96226,-1.05645,0.931017,0.986667,1.00227,1.02873,0.972811,0.392519,0.000230773,0,0,1
4704,8.44026,-30.0394,-1.66424,1.44846,1.00439,1.00564,1.02217,0.741133,0.08947,0.000764497,0,0,1
4705,7.75356,27.7966,2.57437,1.09992,1.00898,1.00788,0.96637,0.808052,-0.170112,0.000381552,0,0,1
4706,14.9267,-53.0227,-0.891364,0.659348,1.0105,1.00742,1.03464,0.537851,0.0162204,0.00102324,0,0,1
4707,15.4113,-54.7668,-0.541978,1.18826,1.03019,1.00071,1.03976,1.03161,0.00939278,0.00113687,0,0,1
4708,15.7045,57.3689,6.2594,0.991643,1.05444,1.00186,0.968884,0.806213,-0.119389,0.000719992,0,0,1
4709,7.52637,26.9081,2.1603,1.30117,1.00653,1.01208,0.999656,1.05802,-0.146828,-6.05653e-05,0,0,1
4710,6.89567,24.6581,2.10457,1.36169,0.99605,1.01224,1.02083,1.24802,-0.167803,8.92636e-05,0,0,1
4711,28.4861,-101.896,-6.60996,1.00102,0.994004,0.988425,1.03699,0.960848,0.0370405,5.51424e-05,0,0,1
4712,20.9944,-74.6906,1.5544,0.53127,1.00027,0.993469,1.03434,0.972204,-0.014915,0.00119657,0,0,1
4713,42.0463,-158.595,21.679,1.13605,0.992655,0.997289,1.01143,0.908873,-0.0943583,0.00218412,0,0,1
4714,21.9158,78.7485,7.48237,0.828367,0.970553,1.01636,1.01288,0.937138,-0.0708235,0.000360323,0,0,1
4715,28.8483,-102.187,0.502438,0.96782,0.977269,1.00222,0.961868,1.00175,-0.00257675,0.000701044,0,0,1
4716,8.47254,30.3534,1.5041,0.742416,1.06742,1.01046,1.00986,1.05931,-0.0800197,-0.00104171,0,0,1
4717,8.20135,-29.197,-1.94924,1.08078,0.985238,0.993358,0.951283,1.18191,0.112045,0.000442625,0,0,1
4718,9.16552,-33.1187,-3.1202,0.946599,1.05256,1.01014,0.946834,1.44833,0.154424,-0.000419408,0,0,1
4719,5.98103,-21.4129,-1.96044,0.533867,1.00626,0.97861,1.03638,1.05161,0.206049,-0.000127481,0,0,1
4720,3.16858,11.2815,1.09179,0.70551,1.00338,0.988853,1.0416,0.962496,-0.330199,-0.000681901,0,0,1
4721,6.21374,-22.3985,-2.34891,1.10953,1.0254,1.00355,1.01769,0.804427,0.234556,-0.000773293,0,0,1
4722,170.305,667.173,-2.32295,0.681566,0.993109,0.997625,1.01705,0.953875,0.0721537,-0.00144369,0,0,1
4723,21.6177,-76.8328,-4.04049,1.31592,0.973641,0.98746,0.982993,0.752264,0.0372291,0.000250502,0,0,1
4724,9.63769,-34.2151,-2.14589,1.09802,0.968838,1.00031,1.05455,1.30515,0.0908823,0.000396189,0,0,1
4725,33.0711,119.571,8.9881,1.09836,1.03544,0.97585,1.03396,0.895005,-0.0385548,3.04858e-05,0,0,1
4726,4.60589,16.4102,1.60396,1.01107,0.959638,0.982805,0.990488,0.999527,-0.26438,0.000329067,0,0,1
4727,5.01838,-17.9424,-1.76508,1.15608,0.988583,1.01009,0.966681,1.18061,0.250559,-0.000460241,0,0,1
4728,3.83678,-13.7036,-1.36631,1.13765,0.996964,0.993602,1.03516,1.28754,0.305654,-6.6967e-05,0,0,1
4729,15.8486,-56.5148,-3.02729,0.326016,1.01033,1.00792,0.987555,0.746511,0.0506398,0.000357953,0,0,1
4730,41.195,-154.861,-21.4691,1.04996,1.01062,1.00293,1.05982,0.875121,0.109207,-0.00133236,0,0,1
4731,7.41122,-26.672,-2.8526,0.828827,1.00579,1.00805,1.03055,1.04166,0.211266,-0.000959791,0,0,1
4732,6.38212,22.718,1.63807,1.19731,0.983326,0.99554,1.02703,1.19509,-0.147266,-0.000501895,0,0,1
4733,7.55185,26.7473,1.24771,0.755137,0.98747,1.0189,0.982044,0.740524,-0.0797811,-0.00110721,0,0,1
4734,3.22384,-11.5548,-1.39467,1.07322,1.00209,0.986774,1.02767,1.24359,0.423706,-0.000961387,0,0,1
4735,10.2901,36.949,3.34463,1.14518,1.0171,1.00183,0.99674,1.18269,-0.13195,0.000324025,0,0,1
4736,21.4087,77.8728,-8.05946,1.23563,0.998973,0.992927,1.01818,1.03508,0.084068,-0.00242309,0,0,1
4737,8.02731,-28.5331,-1.1829,0.646211,1.00769,0.997408,0.962241,0.878913,0.0692619,0.00126068,0,0,1
4738,7.76121,27.5654,1.22252,1.45426,1.00523,1.01066,1.02883,0.75332,-0.0748874,-0.00119769,0,0,1
4739,23.7817,-84.7296,-3.42346,0.47072,1.00825,0.995974,0.987768,0.997981,0.0263023,0.000376055,0,0,1
4740,18.57,-65.8473,-0.246215,1.48857,0.991917,0.993303,0.960895,1.13572,0.00297433,0.000996666,0,0,1
4741,12.5034,-45.2939,-4.98865,0.996562,0.995769,0.98158,1.03667,0.647701,0.148153,-0.00091544,0,0,1
4742,22.1947,80.3081,-7.27937,0.933024,0.994482,0.997748,0.961948,1.00567,0.0682623,-0.00209353,0,0,1
4743,12.1649,44.2575,5.05168,1.14303,1.01136,0.998722,1.02145,0.899352,-0.158347,0.00105297,0,0,1
4744,18.0329,-64.5539,-4.7957,0.999556,1.00906,0.992201,0.970551,0.602909,0.0654,-1.67264e-05,0,0,1
4745,4.21464,15.001,0.943278,1.31814,1.03816,1.00142,0.996961,1.06593,-0.170992,-0.00186919,0,0,1
4746,96.5606,358.831,46.9004,1.14465,0.983786,0.988285,0.949959,0.859558,-0.0312189,0.000321707,0,0,1
4747,14.4846,52.5381,6.07627,0.901447,0.9543,0.991889,0.994187,0.96442,-0.139823,0.00106171,0,0,1
4748,11.3158,40.2334,0.429799,0.854512,1.03186,0.994854,1.01326,0.846491,-0.0131284,-0.00155942,0,0,1
4749,9.53371,-33.797,-1.79524,0.926229,0.981865,1.00656,1.0065,1.05077,0.0763665,0.0006735,0,0,1
4750,3.98158,-14.1568,-1.01129,1.0603,1.00091,0.991402,0.958626,1.00332,0.20582,0.00144647,0,0,1
4751,17.5757,63.6439,6.72635,0.917473,0.999171,0.990556,0.942674,1.3211,-0.103152,0.000625748,0,0,1
4752,15.6284,56.0775,4.59212,0.9727,0.995339,0.980248,1.02166,0.88804,-0.0831318,0.000144431,0,0,1
4753,5.44785,19.3174,0.947501,0.542103,0.999281,1.00627,0.999034,0.688538,-0.109346,-0.0016661,0,0,1
4754,114.053,-405.664,-19.6677,0.916934,0.955839,1.00487,0.997233,1.2523,0.00688625,4.28723e-05,0,0,1
4755,4.75903,16.9739,1.43757,1.08884,1.00278,0.986502,1.01938,1.00953,-0.220352,-0.000433914,0,0,1
4756,65.2863,233.179,-3.33491,1.2192,1.00527,0.996699,0.978446,1.09388,0.0033078,-0.000358694,0,0,1
4757,15.2538,-54.1683,-2.37311,0.86797,0.98847,0.997711,1.01578,0.877779,0.0419603,0.00054153,0,0,1
4758,6.52143,-23.3268,-2.03777,1.14646,0.995274,0.99959,1.01087,0.623067,0.182182,-0.000124577,0,0,1
4759,9.25597,33.7269,4.31849,0.98913,0.991314,0.998926,1.02514,1.0411,-0.233264,0.00183236,0,0,1
4760,6.29605,-22.2742,-0.892712,0.908585,0.975029,1.00608,1.02028,0.67074,0.0796106,0.00161515,0,0,1
4761,20.0368,-71.8983,-5.88688,0.98401,0.990721,1.00185,0.987369,0.915502,0.0662124,-0.000168703,0,0,1
4762,10.5746,-38.8509,-5.14622,1.17668,1.01729,0.99657,0.984699,0.841137,0.22718,-0.00193323,0,0,1
4763,3.4829,-12.5288,-1.47141,0.921013,1.0135,0.984002,1.01666,0.811505,0.39315,-0.000832645,0,0,1
4764,12.1847,43.4779,2.589,1.0966,1.01816,0.996689,1.00344,1.0414,-0.0714178,-0.000409106,0,0,1
4765,13.1057,-47.0592,-4.22864,0.382701,0.997863,0.996398,1.02173,0.660682,0.108248,-0.000351278,0,0,1
4766,20.1001,71.2259,0.216243,0.692583,0.984119,1.00093,0.98507,1.09011,-0.00216089,-0.000912652,0,0,1
4767,8.02093,28.6048,2.08747,1.18643,0.984375,0.995466,1.0393,1.00562,-0.125219,-0.000264002,0,0,1
4768,28.0345,-102.327,-12.3718,1.0813,0.989375,1.01117,0.984996,1.28411,0.0844426,-0.00074401,0,0,1
4769,39.0923,146.465,20.5265,0.724338,1.00856,0.996639,0.967885,0.917365,-0.0997362,0.00115316,0,0,1
4770,6.91491,-24.7119,-2.05005,0.849836,1.00815,1.00232,0.978001,0.833899,0.164021,3.80008e-05,0,0,1
4771,6.79511,24.2984,2.04106,0.769065,0.999774,0.995922,0.970549,0.861971,-0.168697,-9.45153e-06,0,0,1
4772,40.1483,143.86,-8.0316,1.07745,0.996075,1.00086,0.989919,0.778936,0.0218607,-0.000868914,0,0,1
4773,15.1757,54.7041,5.35243,1.35044,0.996895,1.00535,1.04934,0.968222,-0.105203,0.0005153,0,0,1
4774,2.70377,9.56504,0.723605,1.2103,0.992168,1.00269,0.960932,0.766879,-0.273938,-0.00248011,0,0,1
4775,5.00263,-17.7341,-0.55213,1.12701,1.01562,1.01347,0.977275,0.919186,0.073305,0.00262226,0,0,1
4776,10.1557,36.0805,-0.645884,0.892115,0.99899,0.99963,1.02637,1.09835,0.0238467,-0.00233153,0,0,1
4777,20.6743,73.425,-1.59716,1.06829,0.972386,0.998792,0.990013,1.01354,0.0152562,-0.00118194,0,0,1
4778,21.1287,-76.3501,6.92302,0.907548,1.00394,0.993664,1.01602,0.823264,-0.072089,0.00221961,0,0,1
4779,4.56751,-16.2389,-1.05497,1.14542,1.01299,0.998047,0.970494,1.14931,0.169074,0.00144412,0,0,1
4780,4.42993,15.7417,1.27427,1.37961,0.945995,1.0237,1.00365,1.19766,-0.213436,-0.000376446,0,0,1
4781,5.27206,-18.7994,-1.48878,0.841221,1.00297,1.00613,1.02025,0.973872,0.189187,0.000452675,0,0,1
4782,20.5925,-74.9769,-8.01495,0.861771,1.01785,0.988441,0.987407,0.810476,0.0939569,-0.000613272,0,0,1
4783,4.37327,15.4567,0.881624,0.606041,0.972295,0.994933,0.98668,1.04014,-0.15027,-0.00178444,0,0,1
4784,6.59135,23.6077,2.17467,1.17801,0.995154,0.989977,1.04135,1.21445,-0.192932,0.000296725,0,0,1
4785,6.58451,23.6702,2.28051,0.954494,1.01878,0.990151,1.02451,1.03037,-0.203073,0.000393006,0,0,1
4786,9.28616,33.2414,2.86028,1.04066,0.973828,0.988206,1.01229,1.025,-0.135261,0.000229323,0,0,1
4787,5.94969,21.3254,2.19092,0.968992,0.976102,1.00264,0.997009,1.13977,-0.234514,0.000788878,0,0,1
4788,6.39358,23.0396,2.6235,1.00965,0.994214,0.987435,1.07457,0.476897,-0.256746,0.00125448,0,0,1
4789,18.3026,66.2419,7.05822,1.15656,0.95946,0.983344,0.934897,1.02664,-0.101485,0.000673415,0,0,1
4790,8.17231,-29.2065,-1.95936,1.38023,1.02188,0.980852,1.0633,1.19906,0.114654,0.000536214,0,0,1
4791,4.12695,-14.6291,-1.09744,1.09328,0.979001,0.997591,0.987976,1.42785,0.209632,0.00106274,0,0,1
4792,62.3294,231.699,-30.2859,1.16603,0.973034,1.0075,1.00502,0.982062,0.0484352,-0.00118029,0,0,1
4793,17.8069,63.4255,-0.88721,0.80298,1.01144,0.996262,0.979715,0.947688,0.0114759,-0.00131165,0,0,1
4794,9.9153,-35.7095,-2.95852,1.36267,1.03919,0.993722,1.03326,1.05612,0.125214,-7.74414e-05,0,0,1
4795,18.5534,67.7566,8.41866,1.03155,0.981634,0.99925,1.03395,0.741023,-0.127027,0.0011049,0,0,1
4796,3.43848,12.2028,1.06669,1.22449,1.00006,1.02971,0.97222,0.809152,-0.275356,-0.000777164,0,0,1
4797,18.0683,-64.8473,-5.39103,1.12693,0.984979,0.992598,1.03565,0.85983,0.0744219,-0.000196652,0,0,1
4798,16.3297,-59.4708,-7.26313,1.12959,0.958667,1.00726,1.04474,0.86526,0.139676,-0.00121693,0,0,1
4799,32.1562,114.422,5.46598,1.07135,0.971229,1.00161,1.03868,0.713921,-0.0225271,-0.000197361,0,0,1
4800,10.2141,37.4237,4.78026,0.85836,1.01633,1.00137,1.01339,0.712493,-0.218472,0.0017401,0,0,1
4801,18.9536,67.4017,0.964039,1.09159,1.00032,0.995158,1.01821,0.707745,-0.0109938,-0.000842649,0,0,1
4802,790.116,9386.85,-3091.87,0.905446,0.974769,0.997455,1.06206,0.952422,-0.0133712,0.000230162,0,0,1
4803,15.2387,54.7905,4.97863,1.50074,0.983885,1.00368,1.0385,0.941715,-0.0948335,0.000361975,0,0,1
4804,6.25499,-22.2101,-1.28494,1.23135,0.993919,1.0012,1.02093,0.951346,0.118057,0.0010663,0,0,1
4805,5.99676,-21.367,-1.51815,0.980072,1.02265,1.01176,1.02096,1.1285,0.152476,0.000666804,0,0,1
4806,6.03425,21.5476,1.81573,0.933796,0.99051,1.00387,0.989925,0.954711,-0.183311,-6.02184e-05,0,0,1
4807,5.32941,19.1077,1.97083,0.858806,0.984422,0.990424,1.03852,1.13176,-0.257662,0.000716176,0,0,1
4808,3.36506,11.99,1.1625,0.848479,0.999745,1.00077,0.932095,0.970705,-0.319229,-0.000384582,0,0,1
4809,4.58164,16.3115,1.22289,1.45173,0.993402,0.977556,1.00052,0.715266,-0.198462,-0.000972245,0,0,1
4810,9.09679,-32.8472,-3.69294,0.736667,0.992954,0.990155,1.0575,1.06229,0.195064,-0.00114128,0,0,1
4811,3.66152,-13.1391,-1.59675,1.04417,0.999386,0.99832,0.965781,0.914328,0.398246,-0.00136992,0,0,1
4812,15.2458,54.6942,4.51298,1.24821,0.983521,0.994449,1.00202,1.05535,-0.084669,0.000178272,0,0,1
4813,8.96061,32.3254,3.12123,0.671394,1.01581,0.984068,1.01376,0.860677,-0.16218,0.000499334,0,0,1
4814,14.2751,52.6883,7.07046,1.02361,1.01392,1.00023,0.941697,1.06062,-0.184486,0.00171209,0,0,1
4815,30.237,-107.546,-2.67616,1.07044,1.00441,1.00145,0.986058,0.790331,0.0126852,0.000425399,0,0,1
4816,18.6354,66.385,3.68871,0.99753,0.985604,0.998532,0.950969,0.718845,-0.0445835,-0.000264846,0,0,1
4817,93.9209,342.36,37.8948,0.816919,0.975516,0.996119,1.0404,1.04989,-0.0222695,0.000173214,0,0,1
4818,841.236,3239.85,485.093,1.27879,0.988779,0.999299,0.948314,1.06207,-0.00421966,4.76443e-05,0,0,1
4819,8.09271,28.8955,2.10196,1.28542,1.00432,1.00696,1.01649,1.43859,-0.124236,-0.000272704,0,0,1
4820,21.4003,77.4752,8.21191,0.978883,0.99575,1.00214,0.987277,1.18057,-0.0864441,0.000559982,0,0,1
4821,202.789,778.101,56.0762,1.0757,1.01393,1.00238,0.962014,1.08726,-0.0468361,0.000672049,0,0,1
4822,19.5338,70.1598,5.70314,1.05998,0.999506,1.01214,0.933012,1.09909,-0.0661548,0.000148201,0,0,1
4823,32.1415,-117.304,-13.4091,0.888591,1.0018,1.00246,0.909321,0.684915,0.0685207,-0.000551299,0,0,1
4824,4.86998,17.3849,1.46132,0.937437,1.01659,0.99281,1.07742,1.12654,-0.213687,-0.000470087,0,0,1
4825,5.13552,-18.2499,-1.12224,0.96912,1.04225,1.02966,1.00599,1.17699,0.144566,0.00133063,0,0,1
4826,45.9389,-174.189,-22.1278,0.87354,0.996692,0.989921,0.973861,0.949682,0.130832,-0.00172687,0,0,1
4827,8.00735,-28.7469,-2.79638,0.795925,1.0101,1.01849,1.00858,0.955311,0.176173,-0.000591488,0,0,1
4828,13.1287,47.0831,4.4302,1.2432,0.97125,1.00829,0.926526,0.800136,-0.111042,0.000463218,0,0,1
4829,7.93249,28.1548,1.80636,0.86319,0.99897,1.03613,1.0137,1.03319,-0.106608,-0.000510505,0,0,1
4830,10.2685,36.7285,2.7746,0.82751,1.00552,1.00069,1.0112,0.45841,-0.107372,-7.19045e-05,0,0,1
4831,17.3545,-61.6006,1.13736,1.17913,0.973322,1.0127,0.996603,0.728757,-0.0152884,0.00133765,0,0,1
4832,16.9804,60.3135,0.384393,1.20928,0.957934,1.00782,0.998599,0.869847,-0.00522221,-0.000990346,0,0,1
4833,5.90912,21.1161,1.79096,0.877393,1.01465,1.01878,0.979527,1.29006,-0.187113,-7.87741e-05,0,0,1
4834,4.98316,17.8026,1.62637,0.735499,1.00008,1.00546,1.03779,0.757934,-0.231558,4.84427e-05,0,0,1
4835,221.731,1542.5,751.824,1.51558,1.0112,1.02216,0.974158,1.23113,0.0492167,-0.000863099,0,0,1
4836,4.98947,-17.8149,-1.54232,0.763619,1.0234,1.00018,1.00005,1.122,0.217002,0.000307093,0,0,1
4837,9.44046,33.5855,2.1259,0.958063,0.984129,0.999467,1.00804,0.770644,-0.093089,-0.000434856,0,0,1
4838,156.403,-555.898,2.01616,1.44983,1.03069,0.985745,1.00001,1.17096,-0.000413302,0.000137781,0,0,1
4839,9.77817,34.8537,2.15097,0.864323,0.987527,0.98799,1.04119,1.44441,-0.0892867,-0.000467923,0,0,1
4840,5.21695,-18.5406,-1.10426,1.11177,1.00243,0.996643,1.01692,1.1129,0.140436,0.00135719,0,0,1
4841,23.2186,-85.0045,-10.2823,0.747373,0.983862,0.979982,0.987438,1.40594,0.103012,-0.000886489,0,0,1
4842,6.35345,-22.825,-2.27613,1.17575,1.03231,1.01928,0.928968,0.876088,0.214467,-0.000551437,0,0,1
4843,3.60006,-12.8213,-1.35762,0.956885,0.973633,1.01428,0.963913,1.10541,0.336547,-0.000522985,0,0,1
4844,12.2901,-44.2303,-4.36486,1.06594,0.994594,1.0259,1.06532,1.28478,0.12624,-0.000618579,0,0,1
4845,17.9687,-64.1069,-3.60117,1.15345,1.00434,1.00608,1.03665,0.622643,0.0475705,0.000262266,0,0,1
4846,3.36339,-11.9894,-1.20833,1.02757,0.988618,0.992648,1.03458,1.15019,0.33558,0.000114378,0,0,1
4847,4.55602,-16.2823,-1.61393,1.14452,0.993641,1.0114,1.02796,1.13565,0.270106,-0.000389229,0,0,1
4848,4.35821,15.4567,1.11605,0.966922,0.97401,1.02031,0.99211,0.905193,-0.192274,-0.000948638,0,0,1
4849,11.4164,-40.8723,-3.25407,1.09518,1.02467,1.00781,1.02851,0.895034,0.10419,-4.77186e-05,0,0,1
4850,10.3233,-36.5631,-1.51611,1.27426,0.978818,1.00149,0.984833,1.13602,0.0553002,0.00088655,0,0,1
4851,3.78414,-13.4262,-1.15965,0.740954,0.983409,1.01724,0.991622,0.523102,0.257086,0.000576957,0,0,1
4852,11.343,40.4945,2.54241,1.44945,1.00343,0.998308,1.02607,1.29334,-0.0803417,-0.000349676,0,0,1
4853,4.82428,-17.1457,-1.23881,1.23259,0.981065,0.985644,0.985844,1.1985,0.182622,0.000922937,0,0,1
4854,7.85622,28.0691,2.17108,0.957988,1.00948,0.992217,0.964619,0.70468,-0.137284,-0.000186787,0,0,1
4855,15.6656,-56.039,-3.99495,1.0748,0.993228,0.984134,0.97547,1.35488,0.0711175,4.49281e-05,0,0,1
4856,5.01473,17.8932,1.48058,1.34586,1.02478,1.00118,0.995796,1.11511,-0.204853,-0.000489836,0,0,1
4857,4.57925,16.2046,1.02981,1.1485,0.977196,1.00302,0.903396,0.814699,-0.162582,-0.00135735,0,0,1
4858,171.08,-669.398,20.2239,1.26304,1.01551,0.998744,1.02028,0.48675,0.0815045,-0.00122858,0,0,1
4859,166.24,643.081,-32.121,0.869425,1.01073,1.00269,0.925914,1.34155,0.0630887,-0.00128301,0,0,1
4860,3.54584,12.5948,1.05988,1.24149,0.989274,1.00696,1.01112,0.8266,-0.261328,-0.000946024,0,0,1
4861,6.71088,-24.0747,-2.37217,0.841785,1.01665,1.00512,0.998269,1.06801,0.204504,-0.000537344,0,0,1
4862,4.05126,-14.3764,-0.906174,1.07184,1.00775,1.00735,0.963535,1.24701,0.176549,0.00178669,0,0,1
4863,71.3697,-258.716,-27.2271,0.879049,0.997002,1.00365,1.02694,0.920914,0.0279344,-0.000202182,0,0,1
4864,6.7944,24.4128,2.49208,1.06854,0.99696,1.01333,1.01236,1.40672,-0.211967,0.000782708,0,0,1
4865,6.48778,-22.9618,-1.15187,1.26032,0.968719,0.994875,1.00808,0.919665,0.0987103,0.00122823,0,0,1
4866,8.19744,-29.2295,-1.98957,1.42415,0.990394,0.989798,1.02522,0.767098,0.115454,0.000410525,0,0,1
4867,22.7722,81.1379,-1.51195,0.819263,1.0363,1.00782,0.958519,0.883507,0.0121457,-0.00108923,0,0,1
4868,9.80373,-35.0545,-2.7012,0.873736,1.01465,0.994916,0.991713,0.995336,0.114646,7.21246e-05,0,0,1
4869,6.60146,-23.3846,-0.619914,1.0454,0.965745,1.008,0.950685,1.19569,0.0501705,0.00194167,0,0,1
4870,44.4963,162.032,18.182,0.918953,0.991798,1.00413,1.03551,1.02752,-0.0474269,0.000369577,0,0,1
4871,18.5319,-66.0069,-4.33202,1.32502,0.985333,1.01006,0.976937,1.15931,0.0538053,9.86159e-05,0,0,1
4872,13.11,46.7176,2.16869,0.547331,1.02545,1.00043,1.00634,1.17211,-0.0512915,-0.000638789,0,0,1
4873,5.24487,18.7513,1.7166,1.18829,0.999417,1.00397,0.998922,0.822037,-0.224129,0.000112883,0,0,1
4874,10.4844,-37.5156,-2.98611,0.918183,0.998167,1.01089,1.03316,1.03865,0.111513,-7.52167e-05,0,0,1
4875,7.02218,-25.2344,-2.60026,0.961844,1.01552,1.01033,0.988158,0.884589,0.20875,-0.000757936,0,0,1
4876,13.4558,47.7137,1.18936,1.03291,0.978459,0.980034,0.989821,1.03998,-0.0262617,-0.000998153,0,0,1
4877,25.9927,-94.2878,-9.56558,0.77179,1.01998,1.00615,1.00054,1.11366,0.0692857,-0.000417009,0,0,1
4878,46.7496,166.605,5.46196,1.01003,0.997503,1.00692,1.0035,1.00172,-0.0105839,-0.000228004,0,0,1
4879,9.24214,33.2982,3.50959,0.836071,0.996107,1.00162,0.976339,0.941606,-0.175441,0.00087522,0,0,1
4880,27.101,100.606,13.409,0.93857,1.01059,0.995688,1.04213,1.33289,-0.1072,0.00106711,0,0,1
4881,46.5085,165.939,-1.57644,1.10126,1.02008,1.00877,0.990561,0.987543,0.00307034,-0.000475432,0,0,1
4882,5.34123,19.1268,1.58824,0.732218,1.04338,1.01178,0.973907,1.21796,-0.196513,-0.000400886,0,0,1
4883,7.30336,26.2417,2.50468,0.798286,1.02227,1.00234,1.08172,0.898883,-0.184439,0.000414511,0,0,1
4884,15.3014,55.5569,6.4324,0.995644,1.00134,1.01335,1.02242,0.689619,-0.131517,0.000967321,0,0,1
4885,6.32706,22.8333,2.5796,1.07947,1.00845,0.994114,0.944928,0.770093,-0.25486,0.00117618,0,0,1
4886,9.52545,-33.9667,-2.14177,1.24277,1.01847,1.01318,0.941607,0.779006,0.093294,0.000448298,0,0,1
4887,6.0154,-21.3641,-1.03304,0.876904,1.00724,1.00214,1.03508,1.24944,0.10127,0.00151385,0,0,1
4888,7.03508,25.0975,1.76748,1.03157,1.02342,1.00114,0.998286,0.93301,-0.13386,-0.000541377,0,0,1
4889,3.65174,-13.0155,-1.20871,0.980683,1.00357,1.00821,1.01132,1.12528,0.288751,0.000404038,0,0,1
4890,9.91541,-36.0219,-3.97162,0.741529,1.01518,0.977628,0.986946,1.1783,0.181258,-0.00101178,0,0,1
4891,11.0067,39.7383,4.25709,0.691222,0.983551,1.00057,1.00656,0.925314,-0.156524,0.000909056,0,0,1
4892,6.75274,-23.9997,-1.16972,0.761844,1.00805,0.988168,0.999744,1.13774,0.0944626,0.00133235,0,0,1
4893,8.95718,31.9318,1.90718,0.846953,1.0215,1.00296,1.02782,1.01272,-0.0924447,-0.000626957,0,0,1
4894,2.85264,10.1539,1.07281,0.785149,0.985376,0.999401,1.02209,1.00313,-0.386863,-0.000214505,0,0,1
4895,30.721,109.543,-1.74162,1.04809,1.00855,0.987738,0.99672,0.875278,0.00786804,-0.000787173,0,0,1
4896,18.6457,66.4734,2.54104,1.03023,1.00575,0.993481,1.02537,0.93613,-0.0306333,-0.000530285,0,0,1
4897,6.0598,-21.519,-0.910131,0.72819,1.02124,0.98625,1.01344,1.20298,0.0883632,0.00182491,0,0,1
4898,7.43922,26.6052,2.08771,0.927989,1.02855,1.0024,1.03412,0.827451,-0.144462,-0.000220408,0,0,1
4899,7.35101,-26.4414,-2.76826,1.13971,1.01323,1.00562,0.997332,1.30164,0.206403,-0.00083001,0,0,1
4900,92.2885,329.984,-18.4714,1.04669,0.980439,1.01662,1.03465,0.857145,0.00924176,-0.000365308,0,0,1
4901,2.78739,9.91182,0.971917,1.06244,0.996215,1.00557,0.946358,0.843762,-0.358849,-0.000853041,0,0,1
4902,22.0287,80.7788,9.91432,1.17475,1.00472,1.01259,1.06706,1.12716,-0.107615,0.000937385,0,0,1
4903,3.23032,-11.5087,-1.14377,1.02381,0.998596,1.01525,1.06115,0.808022,0.334504,0.000247185,0,0,1
4904,40.1309,143.176,-2.07343,1.00627,0.998693,0.981377,0.980426,1.23253,0.00552211,-0.000593074,0,0,1
4905,12.3283,-43.7552,-0.38846,0.885735,1.0024,0.998499,0.99754,0.604684,0.0101425,0.00140943,0,0,1
4906,5.7057,20.2507,1.50531,0.969075,0.98723,1.02166,0.975084,0.730281,-0.163062,-0.00048967,0,0,1
4907,7.42422,-26.628,-1.9827,0.773224,1.0435,1.00021,0.939865,1.03317,0.13829,0.000374702,0,0,1
4908,7.04943,-25.0879,-1.83358,0.634468,0.992045,1.01282,0.96632,1.03679,0.137682,0.00034179,0,0,1
4909,7.09534,-25.4735,-2.56767,1.07571,0.986005,1.00264,0.986037,1.05317,0.203277,-0.000747481,0,0,1
4910,29.8436,-112.389,-15.416,1.12768,0.959032,0.994505,1.02858,0.763199,0.151421,-0.00187759,0,0,1
4911,10.4509,-37.4356,-3.06391,0.998492,1.00873,0.983807,0.978881,1.1029,0.117227,-7.81193e-05,0,0,1
4912,6.85246,24.6988,2.37996,0.790613,1.03356,0.99861,0.994738,0.87769,-0.197705,0.00041353,0,0,1
4913,5876.17,21149.7,3478.81,0.900524,1.00391,1.02427,1.00285,0.879106,-0.010173,0.000170835,0,0,1
4914,6.71132,-23.9847,-1.98581,0.861865,1.02179,1.00023,0.991803,1.00225,0.1668,0.000124269,0,0,1
4915,4.59086,16.3325,1.31209,1.39684,0.982779,0.995383,0.98259,0.909002,-0.210864,-0.00060511,0,0,1
4916,7.02615,24.8633,0.811229,1.02141,0.976652,0.98195,1.01761,0.844903,-0.0595687,-0.00174327,0,0,1
4917,8.63856,-30.8595,-2.33317,0.99116,1.0137,1.0183,0.995119,0.713621,0.123079,0.000130001,0,0,1
4918,8.7677,31.6903,3.6167,0.679087,0.979114,0.98996,1.02311,1.16769,-0.20559,0.00126675,0,0,1
4919,19.4681,-70.6872,-8.12337,0.732662,0.991806,1.00356,1.01743,0.890058,0.107154,-0.000820767,0,0,1
4920,8.41499,-30.1481,-2.67145,0.901378,1.01408,1.00604,0.97868,0.732011,0.151713,-0.000252978,0,0,1
4921,472.24,-1655.95,-56.9071,0.93871,1.00826,0.984167,0.96642,1.05807,0.00135855,1.8734e-05,0,0,1
4922,6.1826,-21.9744,-1.67101,1.1388,0.952028,0.992267,0.999485,0.706091,0.160872,0.000279585,0,0,1
4923,167.242,642.819,36.6146,0.507819,0.992977,0.99643,0.993652,0.929519,-0.0601549,0.000872216,0,0,1
4924,8.62648,-30.4969,-0.294498,1.09785,0.983901,1.00147,0.999063,1.02521,0.0147551,0.00195719,0,0,1
4925,6.17175,-21.9801,-1.2208,1.2445,1.03541,0.997532,1.06129,0.857032,0.115041,0.001306,0,0,1
4926,4.80649,-17.1143,-1.42114,0.764993,0.984418,0.997261,1.05239,0.695729,0.212545,0.00038771,0,0,1
4927,28.7157,102.631,-4.09751,0.823154,1.01698,1.00133,0.959898,1.53588,0.021353,-0.00106411,0,0,1
4928,5.39452,19.1462,1.16066,0.680787,0.945265,0.997333,0.988466,1.26426,-0.137482,-0.00105775,0,0,1
4929,19.1654,68.24,-0.418016,0.909589,1.03261,1.01873,1.03994,1.49224,0.0046287,-0.00110368,0,0,1
4930,969.091,3785.69,321.218,1.24427,0.990732,0.992094,1.00673,0.818988,0.0162422,-0.00031834,0,0,1
4931,13.8802,49.5608,2.93303,0.568703,1.00669,1.00456,1.01368,0.873565,-0.0629776,-0.000322907,0,0,1
4932,215.363,-812.192,-108.71,0.997339,1.05877,1.01337,1.00357,0.83729,0.0244283,-0.000309641,0,0,1
4933,8.4215,-30.0137,-2.14535,0.857328,0.989373,1.00116,1.04837,0.71401,0.117925,0.000268625,0,0,1
4934,134.891,516.864,-55.9278,0.737044,1.03162,1.00434,0.980834,1.01522,0.0558019,-0.00117871,0,0,1
4935,4.73882,-16.9216,-1.57298,0.850249,1.00003,1.01227,1.00282,1.11989,0.243991,-9.38421e-05,0,0,1
4936,4.55622,16.2511,1.48985,1.08252,0.985853,1.00203,0.961082,1.03644,-0.246133,-2.57976e-05,0,0,1
4937,31.0995,110.931,-2.3606,1.00511,1.00223,0.989972,0.987107,1.01889,0.0103852,-0.000817535,0,0,1
4938,171.189,-642.108,-86.1014,0.920121,1.01287,0.998769,1.01103,1.39674,0.0271924,-0.000335058,0,0,1
4939,50.8594,182.057,-7.99085,0.878394,1.01209,0.998826,0.961077,1.24416,0.0135334,-0.000626559,0,0,1
4940,23.4595,-83.0516,0.242302,1.27409,0.984966,1.00503,1.0042,1.20438,-0.00184911,0.000842695,0,0,1
4941,4.66321,-16.5449,-0.787287,0.851159,1.01777,0.996937,0.962177,0.937596,0.120289,0.00220839,0,0,1
4942,7.5394,26.9994,2.35879,0.599035,0.993109,0.995826,0.946636,0.571141,-0.163265,0.000197438,0,0,1
4943,4.48229,15.9519,1.20441,1.04052,1.01266,1.00514,0.975678,1.03687,-0.200566,-0.000956805,0,0,1
4944,9.71698,-34.6676,-2.29547,1.01195,1.00364,0.992415,1.02027,1.14208,0.0978878,0.000356778,0,0,1
4945,3.95822,-14.04,-1.08707,1.09881,0.986178,1.00345,0.946635,1.0455,0.222773,0.00103959,0,0,1
4946,11.0224,-39.2355,0.851474,1.12137,1.01806,0.994206,0.997091,0.881953,-0.0277319,0.0022976,0,0,1
4947,2.69341,-9.56332,-0.854527,0.714434,1.00381,1.01319,1.0217,1.08993,0.329092,0.00156992,0,0,1
4948,95.5986,365.75,-45.9962,1.21702,1.04785,0.998745,1.02294,1.3186,0.0673899,-0.00145624,0,0,1
4949,10.722,-38.1424,-2.61217,1.06509,0.965127,1.00417,1.02238,1.16333,0.0914328,0.000174695,0,0,1
4950,50.612,194.277,-24.1377,0.896123,1.01337,0.9902,0.986798,1.4266,0.126397,-0.00272384,0,0,1
4951,13.9035,50.8528,6.61325,1.04201,0.989541,1.01804,1.03801,0.831637,-0.174517,0.00157548,0,0,1
4952,59.5071,-215.475,20.9493,0.700184,1.00617,1.00132,1.0341,0.775328,-0.0297969,0.000862367,0,0,1
4953,40.223,-149.539,-20.0938,0.983452,0.998028,1.00793,1.00383,1.40396,0.0802732,-0.00086404,0,0,1
4954,82.7295,313.478,-42.5576,0.887942,0.996761,0.984776,1.03103,1.07699,0.0587078,-0.00131692,0,0,1
4955,17.9521,63.8759,3.52903,1.12656,0.994961,1.01906,0.999473,1.05256,-0.0451633,-0.000274967,0,0,1
4956,23.1738,84.6285,9.766,1.35248,0.997406,0.990385,1.03247,1.00979,-0.0931702,0.000723463,0,0,1
4957,14.2502,52.1278,6.22856,1.32231,1.02261,1.00167,0.967605,1.01466,-0.150328,0.00114077,0,0,1
4958,10.939,39.0012,2.25217,0.809825,1.0056,1.00959,1.01102,1.0451,-0.0748882,-0.000482126,0,0,1
4959,10.1024,36.1644,2.91725,1.14123,1.00446,0.992662,1.01952,1.10382,-0.117788,5.29495e-05,0,0,1
4960,142.321,536.886,-203.104,1.08093,0.99578,0.994601,1.0037,0.842583,-0.0717504,0.00118803,0,0,1
4961,5.58903,-19.9933,-1.88005,0.769205,0.999159,1.00055,0.982901,1.22905,0.222242,-0.000290605,0,0,1
4962,11.1783,-39.7759,-1.71539,1.23908,1.01116,0.992138,0.970191,1.24046,0.0552124,0.000829306,0,0,1
4963,21.4737,76.4112,2.7744,1.0092,0.998783,1.0051,0.964391,1.1548,-0.0249755,-0.000467398,0,0,1
4964,192.644,690.232,-3.59403,0.945168,0.990851,0.992013,1.02803,0.895078,0.000363101,-0.00010712,0,0,1
4965,13.742,50.8854,7.10161,0.899077,0.991863,0.988202,1.00855,1.0677,-0.211304,0.00210619,0,0,1
4966,8.73779,31.6129,3.57376,1.13406,1.00366,0.993894,0.978156,1.07468,-0.201537,0.00114959,0,0,1
4967,29.4144,105.851,8.98178,0.749316,1.01151,1.00663,1.01001,1.2747,-0.0478506,0.000152043,0,0,1
4968,4.12846,-14.6704,-1.11332,1.0676,0.996936,1.00539,0.949777,0.880915,0.212703,0.00104968,0,0,1
4969,88.4219,-315.562,15.3662,0.818555,0.992951,0.975877,0.999143,1.32779,-0.00930298,0.000390157,0,0,1
4970,129.458,496.841,-41.919,1.07301,1.00541,0.99633,0.997019,0.790749,0.0675221,-0.00139957,0,0,1
4971,4.03,14.2989,1.15935,1.05911,0.983434,1.00691,0.998452,1.12245,-0.230727,-0.00078436,0,0,1
4972,6.79057,24.2347,1.85053,0.871728,1.01321,0.999731,1.01375,1.01069,-0.150935,-0.000333177,0,0,1
4973,2.65635,9.43299,0.897487,0.987094,0.997774,0.987542,1.00908,1.34009,-0.357934,-0.00140377,0,0,1
4974,17.0165,62.4935,8.16751,1.22082,0.988534,1.01236,1.00207,0.7165,-0.151114,0.00142163,0,0,1
4975,18.1025,65.5676,5.9085,1.26461,1.04393,1.00316,0.962533,0.652254,-0.0823164,0.000283857,0,0,1
4976,15.7853,57.6316,6.75325,0.653704,0.999449,0.985986,0.976843,0.635054,-0.134294,0.0010092,0,0,1
4977,2.99723,10.7422,1.10709,0.838453,1.04147,0.994223,0.981852,0.990471,-0.364416,-0.000669791,0,0,1
4978,24.32,88.7221,9.67261,1.04238,1.00361,0.977913,1.04523,1.07004,-0.0828218,0.000573502,0,0,1
4979,5.04328,-17.9551,-1.30279,0.739278,1.00383,1.00095,1.00716,1.28304,0.177718,0.000841817,0,0,1
4980,6.76411,24.1939,2.07511,0.840625,1.00077,0.999141,0.954911,1.18119,-0.17319,6.15646e-05,0,0,1
4981,12.0916,44.3687,5.77105,1.07157,0.999974,1.00522,1.00191,0.866987,-0.198237,0.00172904,0,0,1
4982,14.8436,54.524,7.00961,0.809744,0.986066,0.983182,1.05208,0.886346,-0.167305,0.00148669,0,0,1
4983,8.34877,29.6178,0.949399,0.819588,1.00174,1.00653,0.95628,1.10497,-0.0505112,-0.00144335,0,0,1
4984,157.984,1139.28,-510.684,0.389074,0.993915,0.98363,0.989854,0.93325,-0.0710103,0.00121319,0,0,1
4985,11.0677,40.4426,4.85946,1.08735,1.03813,1.01019,1.00808,0.966455,-0.184107,0.00130425,0,0,1
4986,5.94398,21.1761,1.4022,0.862013,1.01084,1.00303,1.04263,1.33291,-0.142409,-0.000863884,0,0,1
4987,13.1475,-46.7572,0.341725,0.849882,1.01825,1.0031,1.00258,1.22213,-0.00795141,0.00164005,0,0,1
4988,18.0291,-65.2564,-5.84082,1.20358,1.04729,0.997472,0.969054,0.97994,0.0828554,-0.000276954,0,0,1
4989,8.38874,29.704,1.27029,1.10593,0.97808,0.996135,1.04036,1.05906,-0.0676748,-0.0011141,0,0,1
4990,8.06971,28.7614,2.30919,1.07169,0.979883,1.00584,1.01064,0.842863,-0.137443,-1.27574e-06,0,0,1
4991,9.76639,-34.8225,-2.16262,0.448526,1.03233,1.0182,0.993767,0.838548,0.0894996,0.000475489,0,0,1
4992,12.0799,43.2823,3.57406,0.983086,0.97268,0.979993,1.01471,1.09583,-0.104324,0.000168107,0,0,1
4993,40.7168,-146.107,10.2197,0.955053,1.01074,1.00886,0.977591,1.12186,-0.0285052,0.000984073,0,0,1
4994,36.4022,133.762,15.3404,1.26916,1.0321,0.987124,0.983028,1.02357,-0.0609235,0.000468646,0,0,1
4995,11.6997,42.2968,4.63645,1.0591,0.978336,0.994541,1.06103,0.984172,-0.154382,0.000969352,0,0,1
4996,4.13529,14.8169,1.65405,0.625381,0.981735,1.00279,1.04123,0.995904,-0.333314,0.00101651,0,0,1
4997,7.27456,-25.7712,-1.02103,1.34492,0.990796,0.999047,1.03426,0.773036,0.070522,0.0014392,0,0,1
4998,148.004,563.56,71.386,1.16362,1.02438,1.01795,0.968843,0.672878,-0.040347,0.000533263,0,0,1
4999,15.4743,-55.0849,-2.33547,0.877656,1.03753,1.02204,1.02261,1.3642,0.0402102,0.000574915,0,0,1
5000,120.095,-553.526,347.509,0.989601,0.978858,0.996306,1.01874,1.10425,0.0862718,-0.0014166,0,0,1
5001,117.025,-417.66,24.0653,1.08841,0.98929,1.00128,1.03858,0.797694,-0.00823897,0.000310109,0,0,1
5002,7.14821,-25.4503,-1.73791,1.07431,0.991859,1.00016,0.997613,1.27724,0.127756,0.000516862,0,0,1
5003,5.27575,18.6726,0.784065,1.02435,0.985373,0.992479,0.939094,1.15749,-0.0956224,-0.00202857,0,0,1
5004,60.3523,-229.729,-25.6331,0.661515,0.996216,0.997249,0.997326,1.26284,0.116548,-0.00159446,0,0,1
5005,11.7115,41.7248,3.02531,0.808162,0.981009,1.00812,1.08281,1.26962,-0.0896256,-7.97866e-05,0,0,1
5006,604.324,2634.69,767.975,0.922764,1.0008,1.0063,1.05184,0.671902,0.0328986,-0.000628902,0,0,1
5007,4.40162,-15.589,-1.14137,0.809754,0.9775,1.00672,0.990426,1.57815,0.194766,0.000963342,0,0,1
5008,23.3002,-86.2131,-11.2426,1.35846,1.01297,0.98608,0.988878,1.14238,0.117929,-0.00111808,0,0,1
5009,9.41506,-33.4353,-1.23529,0.707324,0.993167,0.989506,1.00358,1.14133,0.0538857,0.00115316,0,0,1
5010,4.07818,-14.4938,-1.03705,0.715174,1.00675,1.00493,0.986934,0.631123,0.201883,0.00133978,0,0,1
5011,83.9413,-298.459,15.0212,1.13709,0.982997,1.0099,0.955051,0.952182,-0.00963233,0.000394969,0,0,1
5012,36.3808,-132.603,-14.5098,1.16761,1.00585,0.995618,1.03149,0.950044,0.0574474,-0.000429683,0,0,1
5013,2.99813,10.702,1.19257,0.685757,1.0038,1.002,0.994715,0.906504,-0.399945,0.000229112,0,0,1
5014,5.79127,20.7127,1.85394,1.1047,1.02341,1.00708,0.973468,0.770336,-0.202197,2.55979e-05,0,0,1
5015,34.4303,-123.478,8.45724,0.642293,0.986231,0.992263,0.982783,0.704795,-0.0326852,0.00114365,0,0,1
5016,19.17,68.5932,4.46631,1.21266,1.02559,1.00152,1.04052,1.06109,-0.0524703,-0.000140098,0,0,1
5017,29.984,-107.599,-7.56063,1.10536,1.02094,0.987223,0.97754,1.19251,0.0387828,1.04031e-05,0,0,1
5018,8.5076,30.87,3.8458,1.02643,0.959055,1.00229,0.972334,1.14037,-0.239163,0.00183438,0,0,1
5019,16.0014,58.3322,7.12202,1.30221,0.987364,0.998398,0.953867,1.31522,-0.139482,0.00114399,0,0,1
5020,24.1393,-86.5756,-6.7852,0.949796,1.01554,1.01806,0.9835,0.982393,0.0527216,-0.000100247,0,0,1
5021,7.69736,-27.2132,-0.172946,1.07545,0.986652,1.00806,0.983221,1.06651,0.0106239,0.00228101,0,0,1
5022,39.6304,-147.175,18.4157,1.29646,1.02698,0.997044,0.977972,0.872091,-0.0675201,0.00172577,0,0,1
5023,10.5747,-37.5226,-1.62657,0.747764,0.959194,0.994843,0.984691,0.98826,0.0569611,0.000791857,0,0,1
5024,8.17721,-29.7632,-3.55284,1.08224,1.02562,1.00572,1.00855,1.14857,0.231485,-0.0014797,0,0,1
5025,8.1115,-28.826,-1.88967,0.972548,0.97666,0.989693,0.955092,0.722334,0.110501,0.000484585,0,0,1
5026,10.7011,38.106,1.72696,1.25358,1.00197,0.991941,1.02301,0.97499,-0.0597631,-0.000814065,0,0,1
5027,9.66271,-34.7146,-2.97036,0.960378,1.02683,0.996322,0.975343,0.77416,0.131359,-0.000157755,0,0,1
5028,3.81155,-13.6068,-1.38894,1.02076,0.991373,1.00736,1.00421,1.0147,0.313888,-0.000288723,0,0,1
5029,9.26606,33.0481,2.23726,0.85019,0.977542,0.977171,0.990156,1.24236,-0.103828,-0.000341456,0,0,1
5030,30.8484,110.185,-3.76388,0.928937,0.997033,0.981349,1.01697,0.884493,0.0171094,-0.000945767,0,0,1
5031,4.86432,17.2836,0.974648,0.549906,1.00993,1.00135,1.01975,1.03341,-0.138752,-0.00166253,0,0,1
5032,10.9097,-39.3187,-4.11071,1.18691,0.991768,0.999073,1.04691,0.777605,0.153034,-0.000818424,0,0,1
5033,9.03344,-32.2644,-2.76238,0.904836,0.943607,0.996093,1.02468,1.11946,0.136996,-0.000293217,0,0,1
5034,7.56574,27.485,3.15209,1.1492,1.02803,1.00032,1.02327,1.13695,-0.230934,0.00125641,0,0,1
5035,22.5413,80.517,-2.97223,0.842561,0.992521,0.97375,0.993933,1.1124,0.0250809,-0.00132886,0,0,1
5036,155.17,-627.808,84.5915,0.618345,0.965543,0.991366,0.990156,0.982651,0.106271,-0.00164118,0,0,1
5037,12.2498,43.8531,3.77257,0.88344,0.979469,1.00774,0.990476,0.706137,-0.105672,0.000259981,0,0,1
5038,147.958,-563.394,-56.6083,0.966365,0.974403,1.00508,0.968631,0.68624,0.0486712,-0.000673825,0,0,1
5039,4.02362,-14.3969,-1.51717,0.892997,1.00042,0.996494,0.95218,0.895777,0.316233,-0.000479258,0,0,1
5040,12.0972,-43.6061,-4.51783,1.00534,0.995977,1.00007,0.993146,1.03545,0.138626,-0.000744805,0,0,1
5041,33.5374,125.747,17.5007,1.28592,1.00007,1.0004,1.00141,0.843787,-0.112036,0.00128401,0,0,1
5042,8.77553,-31.1982,-1.33412,0.903985,1.02801,1.01013,0.970936,1.25905,0.0662596,0.00111062,0,0,1
5043,8.85657,-31.5957,-2.16076,0.952158,0.992385,0.990746,0.975015,1.25626,0.109144,0.000342518,0,0,1
5044,4.06745,-14.412,-0.928973,1.00016,0.988264,0.99856,1.02092,0.955339,0.179881,0.0016703,0,0,1
5045,6.33177,22.5896,1.72225,0.927614,1.01501,0.997804,1.03837,1.13752,-0.158804,-0.000423384,0,0,1
5046,4.37415,-15.4705,-0.773092,0.685961,0.993801,1.00869,1.00681,0.893507,0.130137,0.0021416,0,0,1
5047,59.3049,-211.966,-13.016,1.03899,1.01326,0.993025,1.08306,1.17342,0.0173254,3.83312e-05,0,0,1
5048,3.45513,12.3751,1.41685,0.992653,0.99131,0.999362,0.977408,0.82884,-0.383507,0.000868636,0,0,1
5049,7.63287,27.2095,1.74451,1.13109,1.02081,0.991108,1.03082,0.934007,-0.113951,-0.000685464,0,0,1
5050,6.09915,21.7131,1.6549,1.09518,0.980863,0.993404,0.996883,1.09232,-0.162364,-0.000389724,0,0,1
5051,23.5744,-87.2507,-11.6629,0.877329,0.992972,0.990832,0.976872,0.924479,0.125617,-0.00127322,0,0,1
5052,27.8558,-100.754,-9.88051,1.03562,1.01186,0.998933,0.982857,0.896172,0.0619371,-0.00034301,0,0,1
5053,26.3767,-95.76,9.82638,0.650363,0.983772,0.986391,0.999791,0.948921,-0.0700174,0.00199472,0,0,1
5054,2.85244,10.1312,0.860745,1.26852,1.02671,1.00128,0.993852,1.15326,-0.300119,-0.0019215,0,0,1
5055,6.63109,-23.728,-2.16732,0.922635,0.981772,0.991906,0.952234,1.17696,0.189949,-0.000312186,0,0,1
5056,45.0929,160.823,2.15251,0.627923,1.01083,1.00451,0.987172,0.859265,-0.00446818,-0.000355795,0,0,1
5057,14.2508,50.6845,2.51233,0.68453,0.982978,0.990667,1.00479,1.0418,-0.0504991,-0.000489866,0,0,1
5058,14.0674,-51.1434,-5.67222,1.0433,1.01395,0.997948,0.991971,1.05838,0.135793,-0.000888283,0,0,1
5059,9.74781,34.6762,1.77696,1.35456,0.989656,0.990119,1.02398,1.11085,-0.0730942,-0.000746586,0,0,1
5060,58.1105,-220.958,-21.7669,0.967207,1.00164,1.00545,1.05419,1.04486,0.134767,-0.00188077,0,0,1
5061,227.287,-865.325,99.7275,1.08126,1.0181,1.01054,0.984356,0.823788,-0.0290168,0.000620783,0,0,1
5062,7.03134,25.1902,2.33713,0.40323,1.00369,0.998167,1.01458,1.02262,-0.184479,0.000345853,0,0,1
5063,46.9148,-167.216,-4.50592,1.11553,1.03625,0.995506,0.982913,0.680765,0.00921845,0.000272742,0,0,1
5064,25.6728,-94.8615,-12.3241,0.951914,1.00911,0.989904,0.972917,1.29943,0.107476,-0.00102872,0,0,1
5065,89.7591,338.079,46.3414,1.34193,0.976913,0.98591,0.963243,0.656658,-0.0485782,0.000589937,0,0,1
5066,11.5257,-41.0225,-1.84995,1.02688,1.0241,1.00126,0.945206,1.09144,0.0560253,0.000762621,0,0,1
5067,20.2421,-75.4759,-10.7136,1.1949,1.02184,0.992287,1.06034,1.07317,0.170403,-0.00184589,0,0,1
5068,4.1731,14.908,1.4739,1.14967,1.01841,1.00997,1.00205,1.08409,-0.283777,0.000111317,0,0,1
5069,3.34137,-11.8457,-0.731425,0.971463,1.02567,0.995006,0.982909,0.536615,0.195527,0.00269163,0,0,1
5070,16.8955,60.1771,1.93924,1.0802,1.02892,1.01722,0.966312,1.02715,-0.027776,-0.000678656,0,0,1
5071,6.46894,-23.0913,-2.07796,1.50186,0.974415,0.995367,1.01787,1.26015,0.188337,-0.000249997,0,0,1
5072,6.89158,-24.5779,-1.77434,0.878365,1.01073,1.00642,0.945892,1.3352,0.140337,0.000436256,0,0,1
5073,9.35077,-33.2333,-1.35765,0.935578,1.00096,0.995272,0.97667,0.799421,0.0601454,0.00106143,0,0,1
5074,14.8643,-52.8477,-0.678196,1.09757,1.01383,0.990703,0.973148,0.832172,0.0126507,0.00112464,0,0,1
5075,11.0967,39.9558,3.08627,1.14896,1.04311,0.995452,1.00718,1.1282,-0.104694,-5.2697e-05,0,0,1
5076,6.44557,-23.0395,-1.96279,1.23235,1.00478,0.995614,1.07813,0.825137,0.178715,1.26497e-05,0,0,1
5077,14.0355,-49.6968,-1.08534,0.785564,0.984726,1.01523,1.03582,0.939208,0.0218923,0.000956241,0,0,1
5078,39.9681,146.241,17.8451,1.02721,0.97404,0.998285,1.02741,0.908187,-0.0614054,0.000557354,0,0,1
5079,9.17989,33.1626,3.49163,1.11132,1.00115,0.978067,0.958441,1.3563,-0.177775,0.0008238,0,0,1
5080,14.8269,52.792,1.99705,0.993781,1.00372,1.00143,0.980119,0.69712,-0.0368968,-0.000678141,0,0,1
5081,13.2111,-47.3938,-4.05147,1.136,0.997448,1.00934,1.02862,1.22959,0.100291,-0.000256014,0,0,1
5082,13.4752,-48.7861,-5.46396,0.568547,0.977911,1.00809,1.02476,1.11212,0.141707,-0.000994926,0,0,1
5083,9.62328,34.6404,3.5673,1.30205,0.977102,1.00441,0.986516,0.942344,-0.163901,0.000811236,0,0,1
5084,16.3734,58.9487,5.51314,1.16566,1.0144,1.01394,0.990227,0.780704,-0.092049,0.000380319,0,0,1
5085,10.3731,36.8453,0.292165,0.897562,1.00048,0.991177,1.03699,0.732889,-0.010452,-0.00171811,0,0,1
5086,8.24145,-29.1546,-1.09725,1.01943,0.976427,0.992912,0.995096,1.15506,0.0605926,0.00128153,0,0,1
5087,8.03739,-28.6541,-1.73847,0.766781,1.03624,1.00674,1.00534,0.942915,0.102632,0.000729547,0,0,1
5088,5.0856,-18.0463,-1.24056,0.882982,0.991427,1.01162,1.05171,1.27393,0.164008,0.000935386,0,0,1
5089,12.2336,43.3064,0.398688,1.29721,0.971083,0.984094,1.03501,1.19657,-0.0104236,-0.00139478,0,0,1
5090,6.132,-21.8439,-1.43614,1.01116,1.00544,0.968699,1.04645,0.810293,0.140319,0.000931116,0,0,1
5091,107.313,-409.404,47.6686,0.857234,1.00773,1.00532,1.02071,1.27226,-0.0607456,0.00130092,0,0,1
5092,13.2318,47.665,4.53639,0.911262,1.00021,0.980343,0.983622,0.843936,-0.115215,0.000446354,0,0,1
5093,7.07243,-25.1439,-1.26621,0.707942,1.01442,0.982365,1.01008,0.930785,0.0944124,0.00123969,0,0,1
5094,23.9561,-85.9702,-7.13159,0.824692,0.983383,1.00138,0.985083,0.668112,0.0569054,-0.000172467,0,0,1
5095,4.69108,16.691,1.16809,1.08176,1.0035,0.994252,1.05316,0.934125,-0.179804,-0.00113225,0,0,1
5096,5.10891,-18.1573,-1.08703,1.42636,1.02954,1.005,1.03431,0.798086,0.14247,0.00146287,0,0,1
5097,105.809,-397.905,54.1375,1.11314,1.00918,0.993609,0.955139,0.970011,-0.0400796,0.0009206,0,0,1
5098,5.43238,19.3199,1.31006,0.799862,0.981339,0.981781,1.03607,1.31622,-0.156747,-0.000927431,0,0,1
5099,123.761,-460.613,-59.6707,1.45229,1.02396,1.00233,0.989513,0.85283,0.0258373,-0.000272241,0,0,1
5100,14.5638,53.1524,6.38083,0.847062,1.01518,1.02052,1.00351,1.1075,-0.145962,0.0011386,0,0,1
5101,3.82276,13.6103,1.17032,1.20257,1.02523,1.00774,1.03729,0.717358,-0.255485,-0.000836712,0,0,1
5102,5.5724,20.0361,1.87847,0.989353,1.03238,0.993664,1.03401,0.664107,-0.222203,0.000133622,0,0,1
5103,8.45643,30.6067,3.03232,1.07393,1.04166,0.993013,0.977251,1.34628,-0.175615,0.000561823,0,0,1
5104,18.3502,-67.9003,-9.22221,1.27727,0.9895,0.989669,0.968383,0.722306,0.160929,-0.0016282,0,0,1
5105,4.35137,-15.5188,-1.37933,0.689771,0.995654,0.998692,1.01182,0.859534,0.246743,0.000277363,0,0,1
5106,4.20262,-14.9763,-1.52765,1.04057,0.955989,1.01345,1.00779,1.00426,0.29431,-0.00063628,0,0,1
5107,8.64397,-31.0336,-2.95317,1.03257,0.994321,1.01274,1.03126,0.894921,0.161755,-0.000543905,0,0,1
5108,6.57528,-23.3831,-0.948363,1.09438,1.03942,0.998906,0.996575,1.28823,0.0790481,0.00172342,0,0,1
5109,23.3965,-84.8353,-9.3143,0.798682,0.994731,0.998119,0.959603,0.859143,0.085031,-0.0006074,0,0,1
5110,4.93495,-17.4752,-0.491391,1.02664,1.00801,1.01107,0.914968,0.900217,0.0666067,0.00277259,0,0,1
5111,4.85127,-17.2545,-1.5949,1.05758,0.963031,1.00483,1.02844,1.11956,0.237753,-0.00019819,0,0,1
5112,11.8141,-42.3077,-3.45014,1.05675,1.01016,1.00401,0.988769,1.18805,0.104657,-0.000127924,0,0,1
5113,22.9773,-82.3557,-6.94419,1.02577,0.973776,0.999961,0.959821,1.08671,0.0598091,-0.000194601,0,0,1
5114,23.1696,-82.6299,2.59129,1.28847,1.02791,0.985538,1.03461,1.08044,-0.0209262,0.00124791,0,0,1
5115,225.269,-857.927,71.3247,1.12298,1.00192,0.98272,0.999359,1.31947,-0.039211,0.000813002,0,0,1
5116,10.2497,-36.5126,-2.50862,0.923859,0.979108,0.990181,1.00078,0.918738,0.0963807,0.000234951,0,0,1
5117,13.2316,-48.5464,-6.18499,1.06777,1.00995,1.00695,0.940801,1.03964,0.179415,-0.00154255,0,0,1
5118,16.5149,59.2096,4.54685,0.874069,0.999234,0.992317,1.03674,0.827623,-0.0729751,5.61344e-05,0,0,1
5119,6.37203,-22.7214,-1.68303,0.994503,1.01102,1.00268,1.03397,1.44491,0.153429,0.000461624,0,0,1
5120,21.9352,77.9244,0.0857804,1.1259,0.962746,0.999416,1.00448,1.30558,-0.000716452,-0.000839297,0,0,1
5121,5.43705,19.2309,0.649489,1.01573,0.991653,1.00124,1.01855,1.65369,-0.0744821,-0.00226168,0,0,1
5122,9.54047,34.2074,3.0009,1.09713,1.02301,1.03139,0.979226,0.905574,-0.133668,0.000270859,0,0,1
5123,4.7931,17.1542,1.32342,0.717276,1.04223,1.00018,0.972671,0.760365,-0.196498,-0.000885374,0,0,1
5124,3.54995,-12.6753,-1.25976,1.14615,1.01719,0.991166,0.992734,0.952984,0.316924,0.000290121,0,0,1
5125,20.8423,74.446,-2.8467,1.04781,1.00423,0.989414,1.03791,0.924129,0.027744,-0.0014393,0,0,1
5126,7.30466,-25.9334,-1.79594,0.922218,0.979747,1.00709,0.978181,0.96268,0.126115,0.000428818,0,0,1
5127,9.2226,-32.8964,-2.18759,1.14365,1.01243,1.00285,0.973327,1.04926,0.102068,0.000383456,0,0,1
5128,4.34227,-15.557,-1.37564,0.966049,1.03063,0.98611,0.948497,0.869184,0.246532,0.000524212,0,0,1
5129,23.3427,-82.8997,-2.11231,0.855197,0.959055,1.01063,1.0288,0.961431,0.0159921,0.000507861,0,0,1
5130,9.4542,33.7087,2.48236,0.996365,0.979331,0.996638,0.974112,0.789796,-0.110224,-0.000141347,0,0,1
5131,4.92936,17.5155,1.38432,0.962261,0.984546,1.00715,0.996707,0.995509,-0.195435,-0.000522643,0,0,1
5132,77.5851,282.408,25.5577,1.18564,1.03101,0.983322,0.986338,1.13089,-0.0208615,9.10933e-05,0,0,1
5133,5.33558,19.2012,1.93541,1.39927,1.03005,0.998462,0.988798,0.996697,-0.248803,0.000447765,0,0,1
5134,144.19,-1137.11,-419.5,0.707657,1.00291,0.99236,1.00678,1.15745,-0.0768015,0.00136116,0,0,1
5135,16.4791,59.6354,6.39901,0.793163,0.996594,0.997503,0.993045,0.870812,-0.111057,0.000698035,0,0,1
5136,6.31748,22.5688,1.93459,0.803779,0.992967,1.00677,0.98224,0.831446,-0.18067,3.99547e-05,0,0,1
5137,5.11292,18.1232,1.15504,1.18184,0.985684,1.00421,1.00879,1.10667,-0.150578,-0.00115659,0,0,1
5138,10.3795,-37.0894,-2.70475,1.19479,1.0091,1.00321,0.965436,0.715831,0.102642,0.000131556,0,0,1
5139,7.63577,27.991,3.78217,0.85472,1.01428,1.00886,0.950745,1.24427,-0.295497,0.00240002,0,0,1
5140,82.2746,-747.718,162.472,1.09172,1.02454,1.00508,0.927912,1.22084,0.136141,-0.00233158,0,0,1
5141,9.34982,33.315,2.01596,1.25422,0.980904,0.979872,0.988182,1.15076,-0.0909391,-0.000538812,0,0,1
5142,26.7386,95.9062,8.31012,0.835306,0.973197,1.01175,0.971984,0.876013,-0.052421,0.000196014,0,0,1
5143,17.6308,62.764,1.71209,1.12786,1.0112,1.00581,0.989092,0.926582,-0.0225574,-0.000717262,0,0,1
5144,20.3993,72.4363,3.11164,0.893188,0.983508,1.00472,1.06064,1.19119,-0.030939,-0.000397862,0,0,1
5145,4.21863,-15.1148,-1.55232,0.507495,1.01816,0.993408,0.951671,1.23712,0.296505,-0.000272367,0,0,1
5146,4.80606,17.1068,1.25601,0.851253,0.994473,0.994056,1.01277,1.48931,-0.186103,-0.000890308,0,0,1
5147,54.158,-192.205,-0.955274,0.794021,1.00471,1.0132,0.983512,0.992955,0.00144448,0.00032941,0,0,1
5148,12.7896,45.9327,4.07582,0.935156,0.978722,0.990942,1.00714,1.30939,-0.107993,0.00032973,0,0,1
5149,3.69771,-13.0965,-0.670814,1.23269,1.00805,1.00836,0.963597,1.03646,0.150497,0.00268019,0,0,1
5150,11.1152,-39.4271,-1.6475,0.775172,0.976069,0.979334,0.991961,0.940792,0.0531124,0.000841143,0,0,1
5151,5.60787,-19.9141,-0.976404,0.788262,1.0118,1.00422,0.948688,1.23072,0.108265,0.00163784,0,0,1
5152,7.25131,-25.7956,-1.48216,0.955585,1.00027,0.99967,1.02392,1.06937,0.105249,0.000883346,0,0,1
5153,58.6163,214.16,24.0792,0.825689,0.995148,0.997245,1.04416,1.00423,-0.0367212,0.000288645,0,0,1
5154,43.9076,-160.55,-19.6272,0.887047,0.972249,0.997159,0.998553,0.775092,0.0578079,-0.000538982,0,0,1
5155,5.03833,17.8512,0.838989,0.763168,0.963222,1.01123,0.991328,0.837103,-0.110174,-0.00176441,0,0,1
5156,6.35125,22.7327,2.09312,1.03144,1.01101,1.00624,1.02189,1.0233,-0.196291,0.000258411,0,0,1
5157,10.7643,-38.4235,-2.52812,0.994509,1.02035,1.0173,0.997707,1.16785,0.0880932,0.000295698,0,0,1
5158,81.3781,308.905,39.8729,1.29902,0.988362,0.984991,1.0014,0.826488,-0.071154,0.000931832,0,0,1
5159,4.15644,14.7264,0.945876,1.04126,0.990941,1.00612,0.987225,0.536401,-0.175522,-0.0016073,0,0,1
5160,3.82782,13.5443,0.893565,0.91612,0.974434,1.01474,0.980693,1.43241,-0.190819,-0.0015978,0,0,1
5161,15.0373,-53.3288,-2.526,1.05853,0.976091,1.00147,0.977908,0.914706,0.0458447,0.000470149,0,0,1
5162,23.1931,-82.6689,2.64459,0.792397,1.00698,0.984167,1.05015,1.0458,-0.0213613,0.00123862,0,0,1
5163,9.18758,-32.6595,-2.10205,1.18892,0.983186,1.00119,1.02243,0.961105,0.0972422,0.000413366,0,0,1
5164,4.06633,-14.4918,-1.51459,1.23235,0.964804,0.994402,1.04542,1.26708,0.309913,-0.000585193,0,0,1
5165,3.80142,13.4801,0.614432,0.7888,1.03219,1.00208,0.967011,0.870403,-0.130967,-0.00303391,0,0,1
5166,31.4908,116.744,15.5001,0.813383,0.994898,1.00092,1.0138,0.9727,-0.0948531,0.000973917,0,0,1
5167,10.9301,-39.4165,-3.35581,1.15611,1.03273,0.983999,0.942675,1.14369,0.120173,-0.000168977,0,0,1
5168,5.84133,-20.6757,-0.482906,1.12429,0.963124,0.99784,1.03919,1.20899,0.0488556,0.00236594,0,0,1
5169,5.68055,-20.1436,-1.25125,1.21931,0.971509,1.01463,1.05632,1.33323,0.135701,0.000936389,0,0,1
5170,4.22579,15.1611,1.72597,0.766769,0.979398,0.996175,1.03608,0.978712,-0.33846,0.00117029,0,0,1
5171,8.08233,-28.8037,-1.78015,1.11922,1.015,1.00452,0.948843,0.87675,0.104701,0.000637403,0,0,1
5172,5.09439,-18.2737,-1.50517,1.13028,1.03638,0.986112,0.974838,0.897099,0.205095,0.000544225,0,0,1
5173,7.4306,-26.3112,-1.33599,0.935059,0.980325,1.01022,1.01479,0.81969,0.0891335,0.000999707,0,0,1
5174,8.22764,-29.503,-2.74398,0.819825,0.99519,0.993659,1.01069,0.830037,0.165237,-0.000430809,0,0,1
5175,11.7108,41.8323,2.96562,1.32885,0.988577,0.997466,0.997714,0.988587,-0.0888301,-0.000129783,0,0,1
5176,21.3489,-78.0559,-9.08446,0.932439,1.01568,1.00318,1.03254,1.02493,0.102967,-0.000814484,0,0,1
5177,18.7044,-67.3529,5.34921,1.28382,1.01665,0.995889,1.01825,0.477982,-0.0682745,0.00227816,0,0,1
5178,10.3708,37.024,2.63051,1.16862,0.992358,1.00506,0.990671,1.06731,-0.0981334,-0.00017202,0,0,1
5179,42.5436,160.65,21.7473,1.12281,1.00746,1.00422,0.99893,1.02274,-0.12364,0.00158151,0,0,1
5180,9.21409,-32.8656,-2.11949,1.2363,1.00235,1.00068,1.00086,1.00737,0.0986549,0.000426878,0,0,1
5181,2.9583,10.4739,0.925282,0.773207,0.976782,1.00051,1.0304,0.808324,-0.308145,-0.00120787,0,0,1
5182,17.8793,66.3084,9.07729,0.546229,1.02145,1.01793,1.0161,1.24732,-0.160315,0.00159829,0,0,1
5183,7.50744,27.034,2.92606,1.07896,0.998668,1.00533,0.992614,0.891454,-0.212772,0.00102556,0,0,1
5184,4.23398,15.0907,0.990897,1.10656,1.04712,1.01038,0.952892,0.755215,-0.177998,-0.001713,0,0,1
5185,9.48137,33.7506,2.26178,0.924858,0.986524,1.00551,0.991636,1.11266,-0.0984102,-0.000325338,0,0,1
5186,17.3748,-63.9002,-8.0748,0.738636,1.02384,0.996147,1.01269,0.832204,0.140494,-0.00121106,0,0,1
5187,10.1399,-36.4611,-3.28187,1.16444,1.0253,1.00064,1.0074,1.28108,0.13372,-0.000307363,0,0,1
5188,10.4689,37.2993,1.86508,1.40488,1.00764,0.995621,0.997556,0.603561,-0.0674861,-0.00072493,0,0,1
5189,5.64312,20.3617,2.09805,0.990817,1.02669,0.984626,0.963132,1.3583,-0.248346,0.000590533,0,0,1
5190,35.3228,-125.672,-2.83556,0.86221,1.02647,0.990456,0.998869,1.21556,0.0100916,0.000397938,0,0,1
5191,20.8311,-75.1056,-7.33764,1.18698,0.982381,0.985563,1.0463,0.938086,0.0809732,-0.000437733,0,0,1
5192,5.47495,-19.5171,-1.44128,1.06772,1.02393,0.998731,1.05821,1.20123,0.170392,0.000741744,0,0,1
5193,106.427,-993.788,-335.682,1.36935,0.991853,0.999169,0.987637,1.23457,-0.103261,0.00182013,0,0,1
5194,5.63115,19.9401,0.507911,1.1406,0.95988,0.998575,1.00573,0.810368,-0.0545227,-0.00237326,0,0,1
5195,27.4627,-98.327,-5.52624,0.861986,1.03284,0.993222,0.98859,0.979132,0.0328279,0.000174499,0,0,1
5196,16.1319,58.7803,6.98259,0.922218,0.988151,0.986775,1.00309,1.06834,-0.13331,0.00103318,0,0,1
5197,8.40328,-29.9297,-1.79642,1.14591,1.02486,1.0017,1.06951,1.3277,0.0982862,0.000685513,0,0,1
5198,2.98482,10.6575,1.19644,0.761562,1.0003,1.0026,1.00053,1.07073,-0.405153,0.000314705,0,0,1
5199,3.3809,11.9626,0.947638,1.03378,0.97846,1.00384,0.978814,0.882073,-0.251777,-0.00132872,0,0,1
5200,22.8247,82.7882,9.12279,0.781375,0.991781,1.00454,1.02878,0.92342,-0.0863605,0.000618741,0,0,1
5201,3.0099,-10.7393,-1.06771,1.12463,1.02367,0.99541,1.01951,0.893978,0.347976,0.000788489,0,0,1
5202,15.4907,-55.1169,0.796249,0.994696,1.01095,0.985965,0.928921,1.11788,-0.013775,0.00153544,0,0,1
5203,10.5006,37.3653,1.45331,1.14257,1.00705,0.979157,1.00385,1.37438,-0.0523173,-0.00101849,0,0,1
5204,23.8694,-85.1542,-4.56312,0.971749,0.988227,0.985571,0.971057,1.08737,0.0352646,0.000215326,0,0,1
5205,7.86658,-28.0233,-2.20674,1.18771,0.956819,1.00757,0.970536,1.26972,0.137879,-1.24457e-05,0,0,1
5206,151.679,-538.056,10.8864,0.76694,1.02549,0.998845,1.04576,1.06243,-0.00225049,0.000171122,0,0,1
5207,3.00227,10.6697,0.972068,0.996819,1.01443,0.99663,0.97117,1.48986,-0.316605,-0.00125985,0,0,1
5208,3.60961,-12.8023,-1.09431,1.23206,0.987027,1.01527,1.00867,0.985604,0.262118,0.000767557,0,0,1
5209,173.059,-663.375,41.3976,0.865969,1.01799,1.01462,1.01155,0.830056,-0.0557176,0.00114139,0,0,1
5210,8.90649,-31.697,-1.95331,1.16296,0.984103,0.987249,0.986053,1.27026,0.09651,0.000534581,0,0,1
5211,19.623,70.4632,5.77821,1.0718,1.00353,0.993687,0.995792,1.04029,-0.0673949,0.000145273,0,0,1
5212,4.04055,-14.4549,-1.5913,0.870265,0.96983,0.993121,1.0304,1.0831,0.332819,-0.000901851,0,0,1
5213,33.9722,125.065,15.7067,0.958377,0.994001,1.01091,0.997402,0.809912,-0.0766281,0.00072548,0,0,1
5214,109.291,392.21,19.3039,1.02961,1.02655,0.998086,0.996631,1.04339,-0.00703308,-6.18707e-05,0,0,1
5215,24.5632,-89.7981,-11.3067,0.933702,0.965069,1.00259,1.01617,1.26277,0.104505,-0.000991688,0,0,1
5216,159.578,606.846,83.5825,1.31654,1.05998,1.01255,0.945687,1.05968,-0.0331938,0.000420855,0,0,1
5217,11.4941,-40.7027,-1.28742,0.903414,0.991272,1.00458,1.02292,1.06331,0.0381765,0.0010079,0,0,1
5218,8.31942,-29.6149,-2.03703,0.924174,0.984001,0.995797,1.0209,1.1147,0.114128,0.000363711,0,0,1
5219,5.30521,-18.8229,-1.3425,0.78723,0.964495,1.00251,1.01592,0.890282,0.166695,0.000675841,0,0,1
5220,5.87894,-20.9287,-1.6358,1.16393,0.984648,0.998371,1.00131,0.888343,0.171828,0.000340097,0,0,1
5221,4.69311,16.6328,0.85444,0.848836,0.99086,0.992162,1.0313,1.33731,-0.128755,-0.00194966,0,0,1
5222,8.95934,-31.7877,-1.89703,0.789064,0.970297,0.985877,1.0023,1.06202,0.0920973,0.0005682,0,0,1
5223,4.67497,16.6305,1.17871,1.13814,1.00444,0.989422,0.995496,1.20373,-0.183157,-0.00112315,0,0,1
5224,4.05306,14.4939,1.3807,1.40439,1.02847,1.00286,0.984215,0.722832,-0.276763,-0.000235598,0,0,1
5225,44.6764,-158.822,-8.27919,0.810865,0.983716,1.00937,0.996251,1.13112,0.0183722,0.000106725,0,0,1
5226,6.31656,-22.5869,-2.03452,0.81398,0.987101,0.998017,1.00102,1.17757,0.19311,-0.000229595,0,0,1
5227,18.2371,65.2503,3.42119,0.968534,1.02805,0.984478,0.979083,1.31245,-0.0440035,-0.000363507,0,0,1
5228,3.86638,13.7196,1.22642,1.10964,0.969319,0.998389,0.964671,1.0185,-0.265507,-0.000386141,0,0,1
5229,236.23,-1306.48,-706.931,0.544629,0.998055,1.00051,1.02507,0.843624,-0.0709959,0.00133338,0,0,1
5230,5.70206,-20.2587,-1.0937,0.810667,1.00001,0.994334,1.0555,1.10534,0.118649,0.00140799,0,0,1
5231,170.53,613.191,32.2521,1.03736,1.00252,0.99224,1.03066,1.17059,-0.00473884,-3.37317e-05,0,0,1
5232,11.4079,-40.4325,-1.08722,0.811837,0.985549,0.987346,1.04852,0.978956,0.032982,0.00113905,0,0,1
5233,12.3092,-44.3186,-4.03352,0.581571,1.01486,0.987354,0.998074,0.874777,0.116452,-0.000347932,0,0,1
5234,7.12491,-25.4761,-2.16167,1.53114,1.01639,1.00876,0.981928,0.88647,0.163853,-4.27808e-05,0,0,1
5235,16.383,-58.3832,-2.88775,0.958266,1.02851,1.00037,0.981182,1.15869,0.0454188,0.00044024,0,0,1
5236,3.29336,11.676,0.981865,0.974511,0.992065,1.01575,0.995035,0.723185,-0.272129,-0.00112888,0,0,1
5237,123.987,754.014,-455.199,0.952653,0.963587,1.00504,0.966842,0.907958,-0.111533,0.00180705,0,0,1
5238,6.55587,-23.3236,-1.70523,0.909093,0.990457,1.01044,1.03276,1.01917,0.145755,0.000411228,0,0,1
5239,69.7154,265.553,33.064,0.920982,1.04816,1.01277,0.986297,1.21204,-0.0927137,0.00123763,0,0,1
5240,4.82002,-17.1432,-1.3505,0.967632,1.00373,1.02603,0.958334,0.683778,0.197213,0.00056024,0,0,1
5241,14.287,52.2985,6.38325,1.22025,0.999976,0.98547,0.978037,0.793694,-0.156753,0.00125026,0,0,1
5242,6.84932,24.9688,3.00828,0.852172,1.04556,0.993018,0.948227,0.888276,-0.26346,0.00144952,0,0,1
5243,151.278,-566.625,76.5839,0.971143,1.0285,0.997097,1.04099,0.740231,-0.026514,0.000617305,0,0,1
5244,5.64236,20.1126,1.49276,0.798031,0.999072,1.00447,1.03484,1.26282,-0.167073,-0.000577368,0,0,1
5245,8.73177,31.4646,3.27712,1.20985,1.00077,0.986036,0.9954,1.1094,-0.181004,0.000792077,0,0,1
5246,18.5421,-68.4137,-9.25207,0.995339,0.968338,0.996636,1.02605,0.484975,0.157896,-0.00161874,0,0,1
5247,62.8795,-225.39,15.0581,0.88299,0.996945,0.996368,1.005,1.24564,-0.0179572,0.000629023,0,0,1
5248,210.065,773.975,91.5656,0.648555,1.00356,1.01461,1.01325,1.1091,-0.0107359,9.00838e-05,0,0,1
5249,5.00105,-17.7674,-1.48296,1.02706,0.971166,0.994826,0.996351,1.19037,0.207201,0.000281,0,0,1
5250,430.203,2846.27,1872.33,1.29721,0.989265,0.992805,0.995614,0.717823,0.0276285,-0.000514668,0,0,1
5251,8.03568,28.5886,1.61326,0.778058,0.990811,0.993962,0.949143,0.418982,-0.0946493,-0.000795836,0,0,1
5252,27.1772,-96.7196,1.84247,0.975549,1.01717,0.984752,0.998187,1.28841,-0.0109223,0.000934876,0,0,1
5253,13.6876,-48.8143,-3.91614,1.23684,0.959525,0.992477,1.0007,1.33755,0.0893623,-0.000147502,0,0,1
5254,21.6505,79.2456,9.51007,0.821795,1.00469,1.00805,0.957779,1.16003,-0.104943,0.000873814,0,0,1
5255,12.2262,43.7408,3.19652,1.0544,0.991436,0.992671,0.994921,1.2012,-0.0893649,-6.70919e-05,0,0,1
5256,28.9298,104.398,-8.76953,0.576241,1.00532,0.995498,1.02039,1.14599,0.0484003,-0.0015431,0,0,1
5257,3.69025,13.1197,1.32636,0.844689,0.971196,1.01033,0.965852,0.843027,-0.313989,0.000257964,0,0,1
5258,20.8429,74.3571,-3.78051,1.38607,0.965986,1.00347,1.01848,0.886922,0.0363046,-0.0015364,0,0,1
5259,17.9016,-64.4198,-4.58482,1.54977,1.0416,0.994688,1.01649,1.08994,0.0635708,5.26053e-05,0,0,1
5260,13.1164,48.1348,5.89298,1.21618,1.02923,0.981878,1.07601,1.47334,-0.166876,0.00125017,0,0,1
5261,5.2777,-18.8694,-1.77752,1.04984,1.00784,1.00648,0.993502,0.844631,0.230895,-0.000228318,0,0,1
5262,3.95781,-14.1864,-1.21382,0.85269,1.0404,0.984527,0.998208,1.01718,0.252456,0.000935708,0,0,1
5263,3.24668,-11.5214,-0.864215,1.10542,0.993394,0.989284,1.04221,0.781838,0.246452,0.00186075,0,0,1
5264,8.60557,30.7593,2.80557,1.00657,0.962475,0.990664,1.01028,1.04958,-0.153004,0.000397941,0,0,1
5265,7.25434,25.7354,1.46894,0.790165,0.9791,0.992153,0.997255,1.49368,-0.103338,-0.000881948,0,0,1
5266,186.883,758.841,-107.884,0.829049,1.02682,1.00082,1.02589,1.11628,-0.095824,0.0014828,0,0,1
5267,10.1018,36.1438,2.76452,1.22112,1.00631,1.00336,0.999903,0.942426,-0.110225,-4.95092e-05,0,0,1
5268,294.323,-1448.28,648.982,1.12678,1.01234,0.981855,1.02834,0.89504,0.0680462,-0.00108947,0,0,1
5269,4.20562,-14.9601,-1.13882,1.25084,0.997015,0.988164,0.985346,1.06105,0.213104,0.00106549,0,0,1
5270,52.4556,187.251,-9.82074,0.588665,0.984782,1.00995,1.00513,0.863731,0.0153361,-0.000631165,0,0,1
5271,32.9103,-117.582,-6.97259,1.0824,1.01405,0.998104,0.947293,1.12602,0.029174,0.000100592,0,0,1
5272,15.9559,-57.2689,-4.9433,1.18886,0.993098,1.01199,1.00729,0.979642,0.0857863,-0.000268074,0,0,1
5273,5.76431,20.5964,1.75644,1.01901,0.999803,0.988109,1.03101,0.89922,-0.194325,-0.00012666,0,0,1
5274,5.27023,18.807,1.58439,0.616845,0.99607,1.00374,0.995987,0.785899,-0.202547,-0.00021772,0,0,1
5275,38.1647,-138.065,-13.6422,0.654984,1.01685,1.01331,1.02351,1.12018,0.0461834,-0.000274003,0,0,1
5276,19.6355,71.1962,7.84657,0.815039,0.97893,0.997851,0.948254,0.915684,-0.0997924,0.000712724,0,0,1
5277,29.7365,-108.678,-13.3636,1.0281,0.94809,1.00046,0.994195,1.28961,0.0851464,-0.000809546,0,0,1
5278,748.201,2755.76,-323.108,1.19176,0.975354,0.984725,1.0123,0.960366,0.00234383,-6.75895e-05,0,0,1
5279,29.8284,-109.885,-13.9124,0.778691,0.988562,0.988722,1.02475,0.857624,0.0912349,-0.000876316,0,0,1
5280,9.31501,-33.2472,-2.70029,1.04332,0.977896,0.997821,1.00782,0.719576,0.12548,-8.97532e-05,0,0,1
5281,77.0771,277.378,20.2202,1.13447,1.0119,1.01781,1.05873,1.02078,-0.0154129,1.42841e-05,0,0,1
5282,6.03051,-21.4018,-0.221271,1.25979,1.02799,0.997791,1.04898,1.20874,0.0213136,0.00296129,0,0,1
5283,9.09806,32.1964,0.906109,0.877009,0.978103,0.99788,1.00871,1.11934,-0.0411697,-0.00138431,0,0,1
5284,66.4807,-235.718,5.18246,1.14768,0.982349,0.993324,0.992391,1.06099,-0.00524368,0.00038186,0,0,1
5285,7.46081,26.4928,1.71406,0.951332,0.974141,1.01198,1.04811,1.04018,-0.114628,-0.000535119,0,0,1
5286,96.8594,-355.704,39.3241,0.855564,1.04159,0.998736,1.02039,1.08036,-0.022967,0.000622376,0,0,1
5287,3.74864,13.2814,1.04548,1.38652,0.988774,1.01598,1.03689,0.860673,-0.233102,-0.00106408,0,0,1
5288,183.81,-701.477,61.6112,0.928375,0.964305,1.00816,0.982739,0.879379,-0.0421244,0.000878081,0,0,1
5289,5.27546,-18.8866,-1.89121,1.19693,1.00041,0.995772,0.990878,1.01385,0.249528,-0.00051083,0,0,1
5290,12.1484,-43.5941,-4.27407,1.02328,0.969149,1.00668,0.992138,1.02265,0.126056,-0.000600455,0,0,1
5291,7.21059,-25.6124,-1.8391,1.22347,0.96621,1.0012,1.03591,0.853282,0.133264,0.000324055,0,0,1
5292,4.77506,17.0399,1.47974,0.876191,1.01425,1.01664,0.938287,1.01173,-0.223602,-0.000248717,0,0,1
5293,7.33587,-26.5146,-2.9235,1.00723,1.02072,1.0054,1.0435,0.904804,0.222074,-0.00106462,0,0,1
5294,180.31,-638.94,-3.26518,1.28877,1.02483,1.01063,0.963969,1.03341,0.000502439,0.000100197,0,0,1
5295,5.3978,19.1553,1.42685,0.8352,0.977158,1.01156,1.00614,0.967689,-0.171138,-0.000547942,0,0,1
5296,14.6377,53.4716,6.83021,1.271,0.968101,0.984304,0.95477,0.927981,-0.164487,0.00144779,0,0,1
5297,11.1972,39.817,0.902183,1.25163,1.01259,1.00426,0.985934,0.967324,-0.0280173,-0.00126513,0,0,1
5298,40.7168,-150.844,-18.5894,0.847669,1.03486,0.991557,1.04587,0.86574,0.064723,-0.000589761,0,0,1
5299,112.815,-430.669,-31.5461,1.06873,1.01463,1.00148,0.946983,0.875566,0.0829537,-0.0011876,0,0,1
5300,4.65677,16.6411,1.51639,0.801255,1.01761,0.995365,1.01535,1.10966,-0.241159,-0.000189517,0,0,1
5301,3.50233,-12.4475,-0.961758,1.1114,1.0095,0.996183,0.959536,0.839213,0.242253,0.00152678,0,0,1
5302,7.20339,-25.8916,-2.68287,0.887326,0.987086,0.995434,0.977835,0.867971,0.209257,-0.000857782,0,0,1
5303,17.1792,62.6483,7.02136,0.916437,1.02296,1.00847,0.990962,1.43624,-0.11542,0.000804236,0,0,1
5304,4.44445,-15.7254,-0.714189,0.971716,1.00037,1.01097,1.00405,0.853144,0.116699,0.00231833,0,0,1
5305,3.75196,-13.3438,-1.22923,1.18739,0.98514,1.00487,1.00191,0.832803,0.280344,0.000329838,0,0,1
5306,10.0444,35.7664,1.60102,1.23583,1.02624,0.989665,0.976806,0.431353,-0.0623484,-0.00094398,0,0,1
5307,49.1331,184.485,25.8448,1.21123,1.00744,0.997063,1.01783,0.967607,-0.0839051,0.000991952,0,0,1
5308,43.1571,-161.814,-22.1583,0.678925,0.992796,1.00656,0.964218,0.947767,0.0869568,-0.00100411,0,0,1
5309,94.064,33.2249,-333.271,1.12333,0.999756,1.01306,0.947071,1.13241,-0.116719,0.00203669,0,0,1
5310,5.71651,-20.341,-1.44758,0.980529,0.991802,0.997964,0.987341,1.26087,0.158583,0.000681433,0,0,1
5311,6.20664,-22.393,-2.64644,1.03522,0.97658,1.00161,1.02482,0.991854,0.277339,-0.00161662,0,0,1
5312,8.37196,29.7426,0.971011,1.48648,1.00342,1.00068,0.992798,1.15854,-0.0517367,-0.00143778,0,0,1
5313,8.89473,-31.4621,-1.01678,1.19432,0.977946,0.999823,1.01983,0.684097,0.0485604,0.00129966,0,0,1
5314,11.7824,-41.9473,-2.82763,1.08227,0.977053,0.99234,1.04077,1.11346,0.0835726,0.000199656,0,0,1
5315,3.65879,-13.016,-1.11393,0.890972,1.01754,1.00152,1.08902,0.919679,0.262716,0.000951546,0,0,1
5316,9.57714,-34.5874,-3.74475,1.38161,1.02428,1.02403,1.0518,0.876251,0.174768,-0.000939378,0,0,1
5317,43.7654,158.357,-14.201,0.924264,0.985875,0.99589,1.01291,0.819392,0.0353622,-0.00107265,0,0,1
5318,15.629,55.5021,1.05535,0.899926,0.991105,0.990421,0.951193,0.809054,-0.0174269,-0.000947254,0,0,1
5319,14.8917,53.0076,-0.496325,0.956957,1.00739,0.991139,0.999443,0.915825,0.00903601,-0.00149015,0,0,1
5320,114.635,442.512,16.5789,0.821008,1.00253,1.00345,1.03933,0.817029,-0.0958145,0.00140598,0,0,1
5321,13.8227,49.232,2.0201,1.39206,1.0149,0.992077,1.02007,0.627757,-0.0433054,-0.000698229,0,0,1
5322,5.05225,-17.9701,-1.35714,0.901141,0.995562,1.00781,1.01726,1.10579,0.183922,0.000663765,0,0,1
5323,6.12907,-21.8974,-1.77218,1.31445,1.02489,1.00187,1.01037,1.05232,0.173632,0.000290352,0,0,1
5324,5.1857,-18.5082,-1.60286,0.946412,1.00217,1.00397,0.995492,1.26581,0.212333,0.000136751,0,0,1
5325,9.23218,33.0183,2.86936,0.591414,0.931381,0.984168,0.996251,1.19773,-0.137071,0.00033288,0,0,1
5326,7.31206,25.9045,1.32314,0.980698,0.982589,1.00458,1.01809,1.17707,-0.0906394,-0.00104102,0,0,1
5327,23.699,-84.41,-3.23518,1.46045,1.01026,0.999713,1.04353,0.903366,0.0249149,0.000400112,0,0,1
5328,22.1409,79.0914,5.10236,0.783243,0.982947,0.995608,1.00062,1.28918,-0.0449922,-9.75827e-05,0,0,1
5329,17.7664,63.4565,3.68871,1.06777,1.00991,0.985321,1.03511,0.87038,-0.0501839,-0.000267091,0,0,1
5330,39.5826,-148.825,-20.4026,0.959507,0.975043,1.00351,1.00166,0.950688,0.105002,-0.00126612,0,0,1
5331,3.94486,13.992,1.13193,1.00155,0.979211,1.00418,0.995353,0.92078,-0.233566,-0.000832688,0,0,1
5332,7.0324,25.2867,2.50847,1.11752,1.02643,1.0108,0.986761,0.828831,-0.198138,0.000558349,0,0,1
5333,10.9428,-39.3136,-3.69619,0.894458,1.00363,1.01036,0.986643,1.0659,0.132202,-0.000483794,0,0,1
5334,4.33908,15.6086,1.89256,1.06229,0.99418,0.987031,1.00835,0.950663,-0.359876,0.00151661,0,0,1
5335,23.5633,84.2491,-3.37021,1.3172,1.03833,1.00206,1.0297,0.790125,0.0257836,-0.00130906,0,0,1
5336,7.88243,28.1484,1.96324,0.515392,1.03469,1.00911,0.992487,1.43972,-0.120672,-0.000462613,0,0,1
5337,10.5041,37.3728,2.17756,0.982977,0.980052,0.98682,1.03656,1.0917,-0.0784961,-0.000501337,0,0,1
5338,62.2599,-228.68,26.8776,1.15177,0.991649,0.994082,1.01055,1.03341,-0.0393305,0.00102238,0,0,1
5339,11.1259,40.249,4.04943,1.15815,1.02346,0.998732,0.97666,1.1537,-0.142915,0.00062997,0,0,1
5340,12.2315,-43.7594,-3.3088,0.887249,1.00319,1.0066,1.02553,1.24981,0.092921,-3.60212e-06,0,0,1
5341,4.18486,-14.9503,-1.45895,1.30374,1.0024,1.00601,0.977393,0.788435,0.281106,-0.000131567,0,0,1
5342,4.17949,14.8881,1.2394,0.812896,1.02143,1.01581,1.05355,0.962163,-0.232883,-0.000705227,0,0,1
5343,54.0377,205.188,-27.7465,0.779583,0.994688,0.988848,1.0043,1.14308,0.091745,-0.0020482,0,0,1
5344,17.9083,64.7686,6.29431,0.727738,1.02009,1.00305,0.992998,1.09958,-0.0902352,0.000427918,0,0,1
5345,3.73075,-13.3344,-1.35556,1.03726,1.0234,1.00453,0.98225,1.04635,0.314454,-4.60219e-06,0,0,1
5346,32.0309,114.206,2.48875,1.4558,1.01343,0.994451,0.973338,0.782139,-0.0103632,-0.000440562,0,0,1
5347,3.56709,12.8427,1.41197,1.1205,1.03297,0.988582,1.06614,1.03263,-0.357475,0.000311313,0,0,1
5348,2.94718,-10.4478,-0.95276,0.816777,0.953189,1.01106,0.986208,1.00011,0.321541,0.000748277,0,0,1
5349,13.0233,-46.2198,-2.45196,1.07905,0.980689,1.00135,1.00828,0.988451,0.058642,0.000453906,0,0,1
5350,5.30987,18.9736,1.75847,0.81387,0.982311,0.994931,0.947457,0.639518,-0.225621,0.000201665,0,0,1
5351,13.7524,49.4121,4.35741,0.96216,0.999242,1.00042,0.969043,0.675019,-0.100655,0.000299108,0,0,1
5352,10.115,-35.9539,-1.29328,0.836128,1.01326,1.0097,1.0372,1.44819,0.0491095,0.00107829,0,0,1
5353,29.3276,106.441,11.4647,1.01055,1.00252,1.00773,1.01913,0.927224,-0.0659434,0.000457049,0,0,1
5354,9.94603,-35.2787,-1.5374,1.09542,0.996056,1.00801,0.994196,0.751475,0.060041,0.000894372,0,0,1
5355,3.94903,-14.0667,-1.21503,1.08695,1.02163,1.00531,1.03704,1.18878,0.252361,0.000720993,0,0,1
5356,3.70476,13.2367,1.36552,0.921593,1.01704,1.00294,1.01448,0.909657,-0.321286,0.000102527,0,0,1
5357,10.0411,-36.8629,-4.8619,1.0723,1.01615,0.992594,0.96914,1.12327,0.234412,-0.00194783,0,0,1
5358,18.7049,67.345,5.75428,1.17696,1.00876,0.981126,0.977992,0.802049,-0.0744802,0.000192516,0,0,1
5359,9.37695,33.6197,3.06654,1.15456,0.976786,0.993647,0.980648,0.984408,-0.143933,0.000401465,0,0,1
5360,13.2582,-47.2039,-2.72989,0.631614,0.996402,1.00846,1.02512,0.914668,0.0635587,0.000355414,0,0,1
5361,4.03844,-14.3952,-1.27894,1.05504,1.01763,0.995141,1.00432,0.986952,0.257623,0.000571297,0,0,1
5362,8.22235,29.4021,2.50311,1.04493,0.993727,1.01763,1.02454,0.923998,-0.14498,0.000170408,0,0,1
5363,6.70504,24.0158,1.99071,1.06067,1.01325,0.976377,1.03796,0.650325,-0.168781,-0.000163017,0,0,1
5364,10.3752,36.8643,1.41317,0.943546,1.00582,1.01234,0.973677,0.901615,-0.0505218,-0.000984806,0,0,1
5365,27.9961,104.011,14.1199,1.03089,0.994829,1.00481,1.00673,0.944513,-0.111662,0.00117956,0,0,1
5366,10.1617,36.5792,3.65498,1.04175,0.992197,1.01557,0.985447,1.06765,-0.150469,0.000688938,0,0,1
5367,21.9887,78.0578,2.77923,1.24542,0.981412,0.996804,1.031,0.979514,-0.0238523,-0.000459218,0,0,1
5368,5.6896,-20.243,-1.31219,1.02638,1.0078,1.0103,0.981764,0.674291,0.143297,0.000953049,0,0,1
5369,9.30541,-33.4492,-3.28235,0.928264,1.01277,1.00474,0.939896,0.957981,0.158641,-0.000585687,0,0,1
5370,2.84673,-10.1083,-0.847145,0.734605,1.00513,1.00864,0.996343,0.880821,0.297994,0.00175189,0,0,1
5371,18.3982,65.3596,-1.78223,1.47518,0.988858,0.998826,0.97484,0.910253,0.0214276,-0.00142266,0,0,1
5372,41.3682,150.095,15.3134,1.02764,0.986697,0.973518,0.995651,0.816582,-0.0448986,0.000280133,0,0,1
5373,30.64,110.515,10.1395,1.38148,0.999065,1.00417,0.997673,0.967154,-0.0509997,0.000235986,0,0,1
5374,114.934,-434.765,55.8455,0.899602,0.978443,0.988265,1.02774,0.646968,-0.0459498,0.00101274,0,0,1
5375,13.1628,-46.7231,-1.39582,1.13228,0.9987,1.00089,1.02085,1.36899,0.0323136,0.000916162,0,0,1
5376,26.416,94.1484,4.893,0.788235,0.981694,0.991982,1.03856,0.887941,-0.030075,-0.000213155,0,0,1
5377,5.64506,-20.2233,-1.84957,1.1128,1.01605,0.984642,0.962567,1.25445,0.213966,-5.50008e-05,0,0,1
5378,6.87583,-24.5106,-1.72777,1.30422,0.995282,0.990086,0.98763,0.475324,0.13793,0.000501148,0,0,1
5379,8.5868,30.5932,1.66447,0.948054,1.00928,0.992479,0.994781,1.34989,-0.0871521,-0.000815641,0,0,1
5380,8.21925,29.3015,2.06395,1.094,0.984165,0.99122,0.994223,0.878555,-0.118483,-0.000333418,0,0,1
5381,11.8333,-42.004,-0.371207,0.991607,0.997829,0.989658,1.01366,1.04069,0.0105245,0.00148132,0,0,1
5382,5.44287,19.4506,1.69169,1.20224,1.01678,0.995567,0.937215,1.14656,-0.205436,-0.000167422,0,0,1
5383,9.59811,34.4065,2.96405,1.21393,0.985036,0.987028,0.968236,1.17923,-0.133169,0.00023324,0,0,1
5384,22.8586,-82.8105,-9.02465,1.09291,0.98404,1.00629,0.990272,1.04677,0.086138,-0.000624504,0,0,1
5385,46.5691,166.357,-5.37644,1.00318,1.02563,0.998836,0.971599,0.80112,0.0107322,-0.00061792,0,0,1
5386,5.9812,-21.2353,-1.56536,1.03742,0.980484,1.00408,1.00143,1.25074,0.157754,0.000481263,0,0,1
5387,173.275,658.205,86.675,1.08554,1.01015,1.01764,1.02164,0.994212,-0.0315986,0.000410478,0,0,1
5388,9.15332,-32.6418,-2.44311,1.2215,0.992639,1.01144,1.04005,1.10344,0.115313,0.0001102,0,0,1
5389,10.6261,37.7819,2.17158,1.23815,0.978432,0.988249,0.993877,1.16359,-0.0763867,-0.000509095,0,0,1
5390,9.40335,-33.5401,-2.90651,1.09307,0.969891,1.01037,1.06368,0.989436,0.133069,-0.000286531,0,0,1
5391,36.5379,135.378,18.0834,1.3647,0.963072,1.00261,0.939615,0.818462,-0.0854194,0.00091604,0,0,1
5392,12.7887,-45.5506,-2.15559,1.20156,1.00024,0.987556,1.02034,1.20234,0.0542586,0.000614576,0,0,1
5393,6.31366,-22.5894,-1.76731,0.751733,1.0405,1.00943,0.968035,1.1073,0.163352,0.000384851,0,0,1
5394,28.2662,-104.491,-13.9495,0.891131,0.96867,1.00684,1.00138,1.07802,0.108471,-0.00115177,0,0,1
5395,4.32515,-15.39,-1.2325,0.997947,0.993905,1.00034,0.960078,0.982728,0.219631,0.000738865,0,0,1
5396,68.8982,258.252,35.0933,1.28735,0.970725,1.01953,1.01934,1.29828,-0.0548737,0.000646044,0,0,1
5397,5.89812,21.0127,1.42336,1.272,1.00298,1.00057,1.02216,1.26886,-0.146789,-0.000800571,0,0,1
5398,141.529,-544.044,30.7592,0.870643,1.00347,0.987056,0.993421,0.64254,-0.0718969,0.00146818,0,0,1
5399,193.668,-1120.56,-638.285,0.875533,1.02288,1.02325,0.980944,0.941621,-0.0808364,0.0015154,0,0,1
5400,19.3819,69.6079,5.71401,1.12912,1.009,1.01052,0.996755,1.04503,-0.0676623,0.000154289,0,0,1
5401,4.86107,-17.3241,-1.58425,1.1275,0.983281,1.00591,1.04958,0.660116,0.234399,-7.06058e-05,0,0,1
5402,4.17723,14.7676,0.839302,0.875149,0.982175,1.00044,1.00829,0.962204,-0.153848,-0.00194222,0,0,1
5403,11.7305,41.7659,-0.728367,1.01596,1.00921,0.994948,1.02393,1.30531,0.0208034,-0.00204968,0,0,1
5404,9.23828,-32.8134,-0.319346,0.656423,1.01769,0.994012,0.967263,0.948316,0.0143582,0.0019134,0,0,1
5405,18.9962,-68.3654,-5.72375,1.21604,1.02206,0.994135,1.04139,0.770539,0.0719973,-0.000171757,0,0,1
5406,16.5893,60.4881,7.44923,0.72351,0.977973,0.991185,1.02801,1.12793,-0.137983,0.00116015,0,0,1
5407,15.0699,-53.3735,0.433469,1.02331,0.99034,1.02043,1.0373,0.981146,-0.00760587,0.00137511,0,0,1
5408,6.05645,21.6482,2.07563,0.954122,0.973688,0.998016,0.982691,0.749303,-0.212554,0.000468073,0,0,1
5409,11.1504,-39.7413,-1.96074,1.49299,1.0392,1.00635,0.969791,1.15281,0.0630334,0.000715026,0,0,1
5410,7.35575,-26.3537,-2.59254,0.848543,0.976592,1.00357,1.0272,0.825664,0.190351,-0.000655522,0,0,1
5411,83.7697,-298.145,-12.4539,0.68073,0.983732,0.987785,0.984039,1.13391,0.00815795,9.14297e-05,0,0,1
5412,180.589,-721.148,-636.465,1.24043,1.01775,1.00763,1.01696,0.229333,-0.0621349,0.00108724,0,0,1
5413,330.126,-1321.71,-153.581,0.826274,1.02933,0.992074,1.01923,1.13849,-0.0522653,0.00101966,0,0,1
5414,9.29602,33.2588,2.73793,1.09799,0.990385,1.00783,1.02208,1.04466,-0.127135,0.000114472,0,0,1
5415,22.0251,-78.1011,-2.86994,1.26405,0.972668,1.00015,0.945337,1.21562,0.0249496,0.000426966,0,0,1
5416,42.8362,160.896,22.6588,0.883872,1.00501,0.986696,1.03495,0.867484,-0.0974068,0.00115119,0,0,1
5417,4.13739,-14.7089,-1.42652,1.13128,0.96247,0.99694,0.967448,0.942647,0.28007,-0.000199177,0,0,1
5418,14.0486,50.5808,4.85643,1.28873,0.990492,0.986611,0.97349,0.441212,-0.11072,0.00048223,0,0,1
5419,23.7564,87.3038,10.8888,1.10559,1.00535,1.01663,0.986821,0.852906,-0.104041,0.000942827,0,0,1
5420,7.23238,-25.9298,-2.4635,0.960549,0.990287,1.00233,0.991904,0.954552,0.186195,-0.000501982,0,0,1
5421,3.45937,12.2565,0.519895,0.973833,1.0104,0.99464,0.993313,1.02542,-0.130109,-0.00350548,0,0,1
5422,8.90557,31.9639,2.96543,0.756693,1.00787,1.00331,1.05011,0.990573,-0.15311,0.000407827,0,0,1
5423,6.07512,21.7899,1.68721,0.863997,1.04074,0.995645,1.01102,1.19048,-0.167615,-0.000496221,0,0,1
5424,12.1933,43.5215,2.73196,0.971456,0.996381,1.00043,0.979233,0.920754,-0.0750035,-0.00030424,0,0,1
5425,51.418,192.288,26.5774,1.22547,1.02168,0.992195,0.963952,0.666098,-0.0698005,0.00077251,0,0,1
5426,4.22022,15.0449,1.27538,1.0372,1.01278,1.00275,1.002,0.91782,-0.237227,-0.000626065,0,0,1
5427,14.5208,-51.6757,-1.86355,0.727838,0.997496,0.974613,1.0107,0.824381,0.0369782,0.00074554,0,0,1
5428,4.96769,17.7179,1.43882,0.954159,1.00918,0.99669,1.06844,0.818567,-0.203183,-0.000516179,0,0,1
5429,21.865,77.9601,-1.83264,1.14614,1.00643,0.980305,1.02881,0.794928,0.0162373,-0.00120454,0,0,1
5430,5.91273,-21.0562,-1.91414,1.30074,0.9705,1.00472,1.02801,1.0611,0.202113,-0.000259495,0,0,1
5431,16.8046,-59.9064,-3.25466,1.02907,0.994594,0.994768,1.02505,1.20728,0.0489254,0.000319448,0,0,1
5432,7.09409,-25.2212,-1.12119,1.02852,1.01569,1.00041,1.00386,1.23974,0.0820781,0.00137485,0,0,1
5433,3.96184,-14.0544,-1.13952,0.780283,0.980242,1.00371,1.02617,0.886752,0.233855,0.000815355,0,0,1
5434,13.9669,-49.8205,-2.84486,0.962011,1.00881,1.00311,1.00216,1.45936,0.0608505,0.000355987,0,0,1
5435,85.1347,-321.026,43.3355,1.42549,1.01744,0.999714,0.996144,0.820183,-0.0552116,0.00124545,0,0,1
5436,37.1036,-132.963,9.47485,0.909807,0.983755,1.00198,1.02566,0.781112,-0.031398,0.00107247,0,0,1
5437,9.8119,35.6537,3.92084,1.1054,1.03619,1.00824,1.01433,0.897229,-0.178492,0.000985831,0,0,1
5438,7.7775,27.7778,2.0931,0.629864,1.00272,0.990138,1.03431,0.976987,-0.134683,-0.000245711,0,0,1
5439,4.70483,16.8578,1.73314,0.990236,1.0004,1.00736,0.992666,1.20752,-0.276935,0.000585485,0,0,1
5440,9.46809,-33.9288,-2.97222,1.03582,1.01174,1.00164,1.04193,0.989255,0.136559,-0.000247713,0,0,1
5441,10.3368,-37.0954,-3.27559,0.772396,1.01682,0.995939,0.99214,1.31077,0.128623,-0.000262848,0,0,1
5442,100.04,-413.403,-63.8926,0.737515,1.00179,1.00567,0.97241,0.986604,-0.173054,0.00335716,0,0,1
5443,2.41706,8.606,0.96275,0.885634,0.98629,0.980975,0.959358,1.00293,-0.452899,-0.000543744,0,0,1
5444,27.5633,102.881,13.9582,0.874264,1.00763,0.981703,0.95443,0.962094,-0.114386,0.00118485,0,0,1
5445,5.49981,19.6213,1.59329,0.986102,1.0174,1.01275,1.04942,1.07739,-0.187927,-0.000344221,0,0,1
5446,4.7173,-16.683,-0.975525,0.859845,0.981969,1.00473,0.956264,0.944655,0.145849,0.00153014,0,0,1
5447,2.95574,-10.4707,-0.982284,0.760713,0.944073,0.974922,0.95445,0.448293,0.334827,0.000760655,0,0,1
5448,3.00589,-10.7024,-1.10541,0.98097,0.983553,0.992722,0.977829,0.720112,0.367554,0.00023621,0,0,1
5449,15.8861,58.1053,6.80722,0.792198,1.02441,0.988362,1.00045,0.528665,-0.133186,0.00097382,0,0,1
5450,3.42708,12.1514,1.07441,0.938668,0.97815,1.00841,1.03431,1.12598,-0.281669,-0.000717252,0,0,1
5451,73.1333,261.575,-11.7175,1.15533,0.987093,0.997088,0.905564,1.10417,0.00942103,-0.000429673,0,0,1
5452,8.23698,29.4408,2.28319,1.25423,0.999368,1.00447,0.979101,0.460432,-0.131785,-0.000100519,0,0,1
5453,6.37067,22.869,2.32643,0.684003,1.00304,1.00631,1.00758,1.01116,-0.221522,0.000711452,0,0,1
5454,20.383,-72.2908,1.18709,1.06415,0.987094,0.991423,1.01968,0.860472,-0.0119492,0.00116185,0,0,1
5455,81.5227,-293.333,27.6206,1.73872,0.941226,0.980511,0.992823,1.16282,-0.0208376,0.000603606,0,0,1
5456,20.5158,-72.9462,-0.424435,0.796585,1.02397,1.01272,1.0179,0.792707,0.00423906,0.000881522,0,0,1
5457,18.2836,65.8566,5.9202,1.13188,1.01432,0.996861,1.04129,0.996346,-0.0800931,0.000278483,0,0,1
5458,12.3197,43.7699,2.55503,1.08033,0.983887,1.0091,1.01287,1.16386,-0.0673984,-0.000377809,0,0,1
5459,18.8327,-67.3333,-4.41916,0.908543,1.00679,0.973582,0.992732,1.3201,0.0552627,0.000131586,0,0,1
5460,8.14791,-28.971,-1.80084,1.17903,0.994633,1.00773,0.989823,0.914383,0.103292,0.00058284,0,0,1
5461,18.5683,67.1286,6.34731,0.932492,1.02486,1.00565,0.972626,0.980317,-0.0842958,0.000366154,0,0,1
5462,7.79985,27.9603,2.52636,1.09115,0.997539,0.997714,0.970492,1.24327,-0.165408,0.000313494,0,0,1
5463,101.524,-373.575,-45.6386,1.05996,1.00359,0.997193,1.00696,0.989555,0.0264955,-0.000252418,0,0,1
5464,4.22479,15.0882,1.43549,0.958031,0.999411,0.989325,0.964271,0.97933,-0.272134,-6.21778e-05,0,0,1
5465,30.2502,109.594,11.4636,1.0624,0.993886,1.00348,0.993948,0.82915,-0.061668,0.000407632,0,0,1
5466,37.2223,133.539,9.45058,0.970472,0.990083,1.00334,0.953954,0.958393,-0.030589,8.24403e-06,0,0,1
5467,22.6622,-80.5732,2.581,0.888307,0.962361,0.99981,1.01401,1.02952,-0.0210746,0.0011944,0,0,1
5468,42.5799,-157.067,-19.8737,1.0321,0.993308,0.993802,1.01507,1.0876,0.0658708,-0.000647466,0,0,1
5469,3.09697,10.9566,0.886194,0.818672,0.979656,1.0164,1.01982,1.05191,-0.271004,-0.00142112,0,0,1
5470,7.32658,-26.4659,-2.6135,0.953938,1.033,0.990894,0.944543,1.00433,0.195745,-0.000543647,0,0,1
5471,6.78667,24.1984,1.91013,1.20538,0.986944,1.0037,1.00931,0.642851,-0.15515,-0.000171922,0,0,1
5472,7.03183,-24.8607,-0.864863,1.26902,0.985591,1.00156,1.04418,1.64286,0.0631947,0.00163179,0,0,1
5473,4.20505,-15.0345,-1.36503,1.27373,1.03705,1.01181,0.948113,0.937738,0.255448,0.000394736,0,0,1
5474,5.70301,-20.4113,-1.9392,0.744377,0.996807,0.994224,0.978744,0.98887,0.222381,-0.000341535,0,0,1
5475,9.29283,-33.1443,-2.11876,1.19622,1.0097,1.00209,0.95939,1.3102,0.0971616,0.000446117,0,0,1
5476,31.7451,114.643,10.9265,1.12919,0.998505,0.993171,0.988076,0.874268,-0.0520088,0.000265642,0,0,1
5477,26.3391,94.1036,4.97999,0.845122,1.03447,1.02171,1.00846,0.876721,-0.0308253,-0.000212722,0,0,1
5478,23.1855,82.7087,3.54826,0.993019,1.02622,1.00467,1.016,0.98272,-0.0281061,-0.000371554,0,0,1
5479,4.0961,-14.518,-1.12285,1.06037,0.977238,0.996689,1.00129,1.00516,0.217899,0.000957251,0,0,1
5480,18.096,-65.4888,-7.14073,0.841679,0.982675,0.995454,1.08737,1.00625,0.106372,-0.000734343,0,0,1
5481,2.75809,-9.81408,-0.931849,1.13526,1.01678,0.984197,1.01216,1.06251,0.347779,0.00146588,0,0,1
5482,18.5077,-66.3867,-5.387,1.06332,0.990235,0.985056,0.973781,1.12026,0.0712974,-0.000152998,0,0,1
5483,6.2938,22.6328,2.0636,1.1235,1.04732,1.0191,1.01226,0.844988,-0.194481,0.000146618,0,0,1
5484,4.48227,-15.9177,-0.972109,1.1384,1.01682,1.00269,1.01099,1.27639,0.160078,0.00166998,0,0,1
5485,17.1532,62.2618,6.60111,1.21269,1.00714,0.990702,1.00275,1.33114,-0.106522,0.000646367,0,0,1
5486,8.93851,31.8519,2.57225,1.20794,0.977061,1.00909,0.99879,0.908421,-0.127045,6.51262e-05,0,0,1
5487,21.0351,74.9502,2.5068,0.792725,1.01995,0.990642,0.930718,0.995092,-0.0239717,-0.000541443,0,0,1
5488,53.7856,-199.874,-26.0994,1.13019,1.02045,1.01376,0.999457,0.854985,0.0559655,-0.000575512,0,0,1
5489,6.26269,22.2492,1.16559,1.25909,1.00587,1.01215,1.02738,1.02983,-0.105488,-0.00126715,0,0,1
5490,8.64303,30.7205,1.00588,1.27091,1.0293,1.00499,0.968004,1.0152,-0.0508147,-0.00142692,0,0,1
5491,2.88287,10.2445,0.908351,1.04896,1.0175,0.991197,1.01236,1.28337,-0.314229,-0.00164486,0,0,1
5492,9.4217,33.9368,3.20116,1.12329,1.01652,0.989282,0.989088,1.07556,-0.150551,0.000426998,0,0,1
5493,11.2979,40.7862,4.34876,1.33601,1.00269,1.00197,0.968605,0.717208,-0.151059,0.000833115,0,0,1
5494,4.52862,16.1412,1.30744,0.737233,0.999624,0.998768,1.02215,1.16824,-0.215992,-0.000632467,0,0,1
5495,6.9541,-24.8105,-1.84196,1.09159,1.0099,0.988494,0.9578,1.07766,0.144692,0.000402378,0,0,1
5496,5.32411,19.0515,1.47528,0.932182,1.02708,0.982406,0.96985,0.715585,-0.18479,-0.000698048,0,0,1
5497,361.936,-1332.9,167.946,0.928572,0.998756,0.989563,0.987689,1.34473,-0.00837601,0.000206126,0,0,1
5498,6.40247,-22.8292,-1.69696,1.05284,1.0047,1.00878,0.965727,0.893176,0.152877,0.000412938,0,0,1
5499,14.3169,-50.9219,-1.59513,1.1104,1.02218,1.00321,0.959805,0.903149,0.0319067,0.00083277,0,0,1
5500,13.5055,-48.0103,-0.661502,0.948003,1.01111,0.991553,0.989675,1.22778,0.0147499,0.00121798,0,0,1
5501,9.72338,34.5497,0.392343,0.938096,1.00198,0.991986,0.985078,0.677534,-0.0158278,-0.00175242,0,0,1
5502,19.1609,68.7576,5.37197,0.917462,1.00291,0.999872,1.00214,0.911817,-0.0648549,8.81186e-05,0,0,1
5503,14.0811,-49.8693,-1.23243,0.881605,0.968156,0.991021,0.95438,0.811238,0.0250853,0.000917391,0,0,1
5504,122.787,470.988,-42.9351,0.533443,1.00945,0.984534,0.974644,0.972718,0.069937,-0.0014558,0,0,1
5505,35.7151,-129.011,-11.164,0.905726,1.01933,0.98939,0.979361,0.828235,0.0423862,-0.000158603,0,0,1
5506,8.27986,29.5244,2.01344,1.09351,0.991363,0.996501,0.998841,1.11291,-0.113599,-0.00039915,0,0,1
5507,111.432,-407.809,-46.3059,1.24664,1.00856,0.987255,1.0055,0.915975,0.021193,-0.000178589,0,0,1
5508,117.932,-1000.76,-404.3,0.803303,1.00211,0.989249,1.01616,0.921095,-0.0941287,0.00166947,0,0,1
5509,8.40868,-29.9544,-2.24879,1.01498,0.9823,1.00213,1.01403,1.01027,0.124058,0.000148657,0,0,1
5510,3.55579,-12.5988,-0.857901,1.15979,0.999528,1.01504,0.989486,1.0445,0.206733,0.00184354,0,0,1
5511,193.082,-814.362,-175.138,0.781585,0.969857,1.00464,0.939641,1.048,-0.0922586,0.00177799,0,0,1
5512,4.11119,-14.5625,-0.922898,0.708834,0.990624,1.00095,0.993033,0.929048,0.175287,0.00169489,0,0,1
5513,2.14857,7.61515,0.849397,0.669955,0.985141,1.01105,1.0011,1.141,-0.473013,-0.000864308,0,0,1
5514,133.172,-506.894,-50.9355,1.49166,0.994403,1.01016,1.04533,0.895628,0.0555676,-0.000770568,0,0,1
5515,13.2932,48.6943,6.26236,1.17532,0.997345,1.01023,0.980185,1.03855,-0.178552,0.00155772,0,0,1
5516,22.6333,-82.6364,-9.68375,1.33654,1.00541,1.00709,1.0376,0.970742,0.0977994,-0.00079198,0,0,1
5517,4.38563,-15.545,-1.22235,1.21158,0.974516,1.00147,0.996908,1.09221,0.211651,0.000714044,0,0,1
5518,22.9655,-81.9246,-2.74413,0.990445,1.03591,0.99088,1.00456,0.874004,0.022551,0.000498785,0,0,1
5519,9.85901,35.1817,1.27953,0.742867,1.04238,0.994052,0.984983,0.895259,-0.0511758,-0.00119135,0,0,1
5520,4.91308,17.4426,1.25468,0.999605,0.955206,1.00134,1.01907,0.869819,-0.177747,-0.000737539,0,0,1
5521,14.1715,50.8918,4.35239,0.943424,0.997455,1.01332,0.997825,0.720768,-0.0934733,0.000246025,0,0,1
5522,5.06223,18.0389,1.36532,1.04325,1.00096,0.997909,1.00461,0.898487,-0.185461,-0.000701291,0,0,1
5523,9.20376,-32.7958,-2.15806,0.775803,0.985547,0.988421,1.06765,1.09235,0.101064,0.000387569,0,0,1
5524,38.2576,-136.06,1.46964,1.11355,1.01179,0.973366,1.03659,0.943572,-0.00452912,0.000612741,0,0,1
5525,18.1425,66.4941,8.57134,1.09425,0.987995,1.01461,0.97553,1.26996,-0.138435,0.00128326,0,0,1
5526,3.13979,-11.1255,-0.725638,1.20411,1.00709,1.01152,1.06084,1.12839,0.214459,0.00250323,0,0,1
5527,6.76553,-24.3793,-2.74427,0.870986,0.97466,0.993597,1.00323,0.930754,0.244901,-0.00130513,0,0,1
5528,5.72029,-20.3392,-1.61159,1.05922,0.978269,0.999215,1.00145,1.18103,0.177222,0.000312547,0,0,1
5529,7.018,-25.1787,-2.5867,1.02064,0.974281,1.00376,0.9437,0.815639,0.208236,-0.000838537,0,0,1
5530,17.289,61.8396,4.17358,1.07318,0.99923,1.00922,0.993723,1.28464,-0.0593939,-9.41728e-05,0,0,1
5531,6.2195,22.0459,0.035119,1.05842,0.970439,1.01198,0.998095,1.16647,-0.00311591,-0.00292526,0,0,1
5532,51.2187,192.596,26.5272,0.800291,0.991185,1.00546,1.01372,1.14311,-0.0843453,0.00102451,0,0,1
5533,22.2467,81.1068,8.81932,1.18791,1.03157,1.02019,1.02099,1.36897,-0.0871591,0.000595699,0,0,1
5534,3.95569,14.0802,1.12331,0.921672,1.00239,1.0005,1.02247,1.1241,-0.231809,-0.000991065,0,0,1
5535,3.65098,13.0265,1.31423,1.15332,0.992997,1.00706,0.991849,1.21905,-0.317415,0.000117027,0,0,1
5536,5.13427,-18.4524,-2.10168,0.969224,0.976896,1.00107,1.03098,1.16361,0.298854,-0.00134212,0,0,1
5537,6.67098,-24.0936,-2.78607,1.04544,1.01175,1.00491,0.984063,1.00209,0.252876,-0.00133318,0,0,1
5538,3.64297,-12.9633,-1.23487,1.32886,0.986089,1.00742,0.989519,0.954996,0.2964,0.00020128,0,0,1
5539,9.47421,-33.548,-0.541513,0.899487,1.00015,1.00999,1.01961,0.795683,0.0227558,0.00163189,0,0,1
5540,4.44136,-15.6885,-0.646962,0.887846,0.973652,1.00198,0.967524,0.867584,0.106238,0.00242696,0,0,1
5541,4.8602,-17.307,-1.33993,1.49321,1.01143,0.99667,0.973974,0.867951,0.196048,0.000734402,0,0,1
5542,58.082,-206.765,6.58973,1.17076,1.00383,1.00824,0.977695,1.0638,-0.00871039,0.000485809,0,0,1
5543,7.58263,27.0014,1.48696,0.62733,1.03076,1.02298,0.976694,0.802849,-0.0960107,-0.000920646,0,0,1
5544,10.5642,38.4436,4.8012,1.44151,0.984269,0.990104,1.0435,0.564581,-0.203139,0.00157925,0,0,1
5545,157.775,604.684,43.1631,0.642,0.998857,0.993928,0.94319,1.07177,-0.0601227,0.00086311,0,0,1
5546,4.30848,15.4587,1.83751,1.33189,0.984911,1.03144,1.05849,1.0875,-0.346789,0.00157264,0,0,1
5547,14.717,52.322,-1.21039,0.972807,0.96258,0.997801,0.984163,0.707155,0.0221517,-0.0016604,0,0,1
5548,6.24693,-22.4733,-2.22178,0.977895,1.01348,0.981608,1.04165,0.907188,0.219281,-0.000480785,0,0,1
5549,4.79133,17.0679,1.29158,0.813364,1.00753,0.99188,0.981444,0.878543,-0.193021,-0.000851656,0,0,1
5550,69.3051,261.317,35.8715,1.11964,1.00396,0.984563,1.02142,0.735121,-0.0699436,0.000868772,0,0,1
5551,18.5459,-67.5023,-8.1659,0.931732,0.968875,0.986812,1.00757,0.84831,0.123493,-0.00104314,0,0,1
5552,9.11008,32.6931,2.70372,1.14467,1.02126,0.988581,0.989297,0.94773,-0.13208,3.47236e-05,0,0,1
5553,37.7765,-135.235,-9.03127,0.988487,0.995375,0.997822,0.963645,1.23575,0.029133,1.54022e-05,0,0,1
5554,28.527,-101.746,-5.10784,1.02586,1.00781,1.01258,0.98447,0.97039,0.0274435,0.000203964,0,0,1
5555,4.72289,-17.057,-2.01085,0.94807,1.01968,0.996363,1.0009,0.700568,0.329161,-0.0013239,0,0,1
5556,48.2768,-181.72,-24.9138,1.28905,1.00828,0.98592,1.00443,1.08829,0.103826,-0.00130106,0,0,1
5557,7.22243,25.6526,1.49249,0.539663,0.989819,1.00214,0.989323,0.980451,-0.105495,-0.000851195,0,0,1
5558,6.83873,-24.4044,-1.85235,1.10307,0.991146,0.986047,1.04937,1.0256,0.150738,0.000304856,0,0,1
5559,21.869,-77.6053,-0.666867,0.871833,0.968857,1.01716,1.0004,0.921682,0.00571025,0.000740164,0,0,1
5560,27.8452,100.314,8.06902,1.08194,1.03711,1.01741,0.957727,1.05367,-0.047067,9.50219e-05,0,0,1
5561,24.3628,-90.0735,-11.9038,0.611407,1.0002,0.992779,0.966052,1.36717,0.11788,-0.00116877,0,0,1
5562,4.86625,17.348,1.38883,0.865424,0.995327,0.990985,0.999368,1.0832,-0.203571,-0.000567312,0,0,1
5563,6.13059,21.6712,0.765138,0.722246,0.980357,0.999688,1.04625,1.0553,-0.0712056,-0.00188504,0,0,1
5564,5.29652,-18.8752,-1.63323,1.07032,0.978879,0.996604,1.05496,0.881821,0.207836,8.05111e-05,0,0,1
5565,8.22723,29.3781,2.1469,0.773932,1.01663,1.0094,1.00121,1.30348,-0.123278,-0.000271465,0,0,1
5566,45.9888,-170.822,22.0731,0.816859,0.98909,1.00682,1.0209,1.06007,-0.0653954,0.00160133,0,0,1
5567,8.54641,-30.4163,-1.57478,0.635205,1.01522,0.999964,1.00263,1.15518,0.0830839,0.00088664,0,0,1
5568,41.6007,154.517,20.4659,0.436319,1.01079,1.0096,0.990668,1.23639,-0.0715291,0.000731585,0,0,1
5569,36.5494,-130.005,-0.631147,1.04187,1.01188,0.997403,0.959429,1.23739,0.00209549,0.000504256,0,0,1
5570,19.6734,-70.0566,-3.12132,0.966776,0.992366,0.988233,0.994298,0.669399,0.0345425,0.000402227,0,0,1
5571,13.8345,-50.8531,-6.64352,1.212,0.992193,0.992983,1.01371,0.718602,0.183393,-0.00166741,0,0,1
5572,5.80014,21.162,2.79403,1.06192,1.02378,0.99829,0.987656,1.299,-0.339515,0.00225976,0,0,1
5573,6.89669,24.5048,0.0915994,0.910101,1.01982,1.00077,1.02918,0.842978,-0.00689127,-0.00275702,0,0,1
5574,249.578,949.202,-126.444,1.11917,0.959151,0.998036,1.01852,1.25099,0.0206313,-0.000454116,0,0,1
5575,44.7263,-164.714,-20.4426,1.05615,1.00233,0.998624,1.02087,1.07804,0.0599292,-0.00056994,0,0,1
5576,4.06567,-14.5149,-1.39687,0.956056,1.02327,1.00888,1.02108,0.885189,0.279379,0.000113381,0,0,1
5577,6.27577,22.3779,2.10254,1.00627,0.956144,0.991389,0.963689,1.16426,-0.202258,0.000435639,0,0,1
5578,13.4809,-49.4828,-6.45995,0.556132,0.993704,1.00273,1.05694,1.44127,0.185082,-0.00167512,0,0,1
5579,16.7536,59.6351,1.40652,0.909388,1.02081,1.00111,1.01,0.722424,-0.0205571,-0.000828287,0,0,1
5580,8.16549,29.1592,2.32151,1.00538,0.994585,1.01399,0.986919,1.02925,-0.135139,-2.35092e-05,0,0,1
5581,9.97249,-35.5081,-1.81645,1.17559,1.01484,0.994452,0.95439,0.643458,0.072525,0.00075002,0,0,1
5582,19.1125,70.1426,8.63261,0.828503,0.997121,0.98607,0.959216,1.29013,-0.124927,0.00106739,0,0,1
5583,6.07927,21.6106,1.38695,1.36473,0.985252,0.989642,1.0306,1.01389,-0.135215,-0.000887173,0,0,1
5584,5.81762,-20.7993,-1.87954,1.01451,1.00872,1.00715,1.02995,1.23096,0.205304,-0.000141637,0,0,1
5585,38.8192,-140.2,-13.814,1.00117,0.999263,1.0127,0.937591,1.4184,0.0453925,-0.000277132,0,0,1
5586,11.799,-42.1998,-3.1089,0.969834,1.00701,1.00909,1.02172,0.918685,0.092898,5.45333e-05,0,0,1
5587,8.29105,29.4344,1.87527,0.838872,0.967957,0.994519,1.01385,0.933313,-0.104384,-0.00049902,0,0,1
5588,10.0946,36.3844,3.38822,1.01541,1.02117,0.992581,1.03644,0.76888,-0.140207,0.000394174,0,0,1
5589,10.2676,-36.6915,-2.70361,1.05097,1.01152,1.00906,1.00165,0.570282,0.104437,0.000111676,0,0,1
5590,49.4678,176.19,-6.7468,1.24988,0.971982,1.00174,1.04873,0.983471,0.0116973,-0.000586605,0,0,1
5591,275.484,1063.61,51.2424,0.801363,1.00741,1.00005,1.0159,1.23127,-0.0387209,0.000565192,0,0,1
5592,16.1595,57.7998,3.84122,1.05615,1.00192,1.00338,1.07313,0.993941,-0.0625364,-0.000130567,0,0,1
5593,7.73456,-27.5212,-1.48016,1.20075,0.999256,0.992669,0.996311,1.2099,0.0937592,0.000931511,0,0,1
5594,6.36911,-22.6946,-1.66761,0.767747,0.994652,1.00045,0.971795,0.69569,0.151734,0.000450425,0,0,1
5595,52.8218,195.883,25.5633,1.04579,0.982199,0.983198,1.01076,1.3121,-0.0567888,0.000581342,0,0,1
5596,15.851,56.148,0.399177,1.25486,0.97784,0.992087,0.974276,0.93411,-0.0063494,-0.00110111,0,0,1
5597,25.8453,-91.9359,-2.19156,1.17601,1.01259,0.979558,1.0016,0.811359,0.0143838,0.000534615,0,0,1
5598,5.16283,18.3581,1.54055,1.04083,0.952172,0.995213,0.952202,1.00134,-0.204386,-0.000130631,0,0,1
5599,73.584,276.254,38.3588,1.148,1.01655,1.01244,1.01747,0.761283,-0.0539393,0.000631858,0,0,1
5600,19.4075,-69.005,-0.838713,1.26789,1.01657,0.999218,1.04518,1.13143,0.0093876,0.000857628,0,0,1
5601,41.9378,-151.122,-13.7908,0.867004,0.992759,1.00174,0.959881,1.30235,0.0383772,-0.000192654,0,0,1
5602,6.74277,-23.9233,-1.51568,0.76594,0.979738,0.997654,0.962265,0.914627,0.122367,0.000741198,0,0,1
5603,25.4519,-90.6991,-3.93968,0.882457,1.01779,1.00075,1.02537,1.01065,0.0265957,0.000319252,0,0,1
5604,19.4112,-68.8949,-1.36561,0.98174,0.954309,0.992532,1.03183,0.976805,0.0149541,0.000703409,0,0,1
5605,16.9627,-60.5541,-3.72272,0.954764,0.989425,0.989334,0.981348,1.09319,0.0556917,0.000196651,0,0,1
5606,6.23749,22.1218,1.01024,0.884683,1.00483,1.01512,0.972069,0.774732,-0.0912336,-0.00150611,0,0,1
5607,3.72455,-13.2868,-1.30026,1.26993,0.992865,1.00115,0.981386,0.681189,0.303926,4.25717e-05,0,0,1
5608,5.29817,18.879,1.67242,1.17104,0.976421,0.999869,1.00336,0.862244,-0.212256,1.97852e-05,0,0,1
5609,27.8969,-101.182,-10.947,1.21694,1.0033,1.00719,0.971523,1.25601,0.0705559,-0.000499728,0,0,1
5610,6.7221,-23.9896,-1.83305,0.828641,1.01886,0.993355,1.01917,0.985309,0.152674,0.00037454,0,0,1
5611,14.8218,-52.9173,-3.34313,0.987644,1.00985,1.01883,0.969364,0.966883,0.0636246,0.000203114,0,0,1
5612,8.62547,30.5227,0.495804,0.75094,0.993388,1.00867,1.02207,1.02817,-0.0245437,-0.0017884,0,0,1
5613,6.65897,-23.7612,-1.83744,1.19079,1.0097,0.993168,0.975595,0.717594,0.156291,0.000315645,0,0,1
5614,9.24146,-32.8208,-1.0274,0.633977,1.01449,1.01356,1.06285,1.03369,0.0457482,0.00130918,0,0,1
5615,4.71236,-16.7889,-1.37292,0.647262,1.00965,0.98711,1.00963,0.895551,0.213144,0.000621859,0,0,1
5616,11.8872,43.1478,4.7695,1.14264,1.01604,1.00374,0.961102,0.826793,-0.153225,0.000934827,0,0,1
5617,3.06566,10.9077,1.00645,0.750328,1.00339,0.987151,1.05772,1.50638,-0.318959,-0.00108949,0,0,1
5618,26.5097,94.8127,5.57238,1.25489,1.01793,0.999081,0.937208,1.3025,-0.0347884,-0.000151078,0,0,1
5619,11.0707,-39.5088,-2.59019,1.12526,1.0035,1.01141,0.988444,0.815409,0.0854958,0.000273944,0,0,1
5620,11.9488,42.3922,1.75771,0.927047,0.987886,1.00225,1.00842,0.89838,-0.0484387,-0.000768118,0,0,1
5621,8.48959,-31.1444,-4.00336,0.778035,1.03016,0.979564,0.970432,1.08531,0.252428,-0.00182303,0,0,1
5622,55.9382,-207.34,26.4141,0.819704,0.994843,1.0006,1.01985,0.819846,-0.0521582,0.00129117,0,0,1
5623,34.8466,127.052,-13.8657,0.749476,0.97567,0.991244,1.03055,1.01651,0.0583189,-0.00159974,0,0,1
5624,10.0224,36.0327,3.46013,0.848954,0.991919,0.997644,1.01236,1.04237,-0.146244,0.000549065,0,0,1
5625,29.4598,-109.378,-14.1816,1.07764,1.03089,0.984944,0.977302,1.27956,0.097434,-0.000940356,0,0,1
5626,17.1586,-61.3802,-4.85992,0.820521,0.986391,1.01063,0.982789,1.44792,0.0718552,-0.000123167,0,0,1
5627,4.73278,-16.7383,-0.675117,0.742632,0.956922,1.0244,0.948527,0.794227,0.097055,0.00212328,0,0,1
5628,75.4445,288.805,20.1209,0.739571,1.01024,1.00592,0.988801,1.35847,-0.126952,0.00182596,0,0,1
5629,7.02016,-25.4696,-3.13196,1.22151,1.00997,1.00646,0.966406,0.616754,0.266881,-0.00171645,0,0,1
5630,12.3508,44.823,5.18932,1.07087,1.01154,1.01875,0.954299,1.12507,-0.156763,0.00108993,0,0,1
5631,5.88725,-20.8914,-0.98602,0.925632,1.00114,1.00161,1.05081,1.00449,0.100023,0.00158715,0,0,1
5632,5.32778,-18.8874,-0.995031,1.0237,0.984249,0.989529,0.982046,0.747347,0.120813,0.00157484,0,0,1
5633,27.7284,98.6435,-3.41392,1.19979,0.983143,1.01956,1.02681,1.07413,0.0183434,-0.000993366,0,0,1
5634,3.42365,-12.1236,-1.00292,1.09074,0.978108,1.0067,1.05181,0.755441,0.26224,0.00105873,0,0,1
5635,6.29526,-22.491,-1.91001,1.01998,0.995943,0.988453,1.01943,0.999024,0.182087,3.21172e-05,0,0,1
5636,4.11279,14.7141,1.53773,1.1208,1.00657,1.01674,1.01611,1.08651,-0.306701,0.00052077,0,0,1
5637,84.2457,-317.545,-42.0017,0.897376,0.954358,0.996391,0.994881,0.943316,0.053532,-0.000666298,0,0,1
5638,9.41044,33.5996,2.11371,0.997838,1.03115,1.00073,1.00024,1.17953,-0.0938262,-0.000523623,0,0,1
5639,4.86651,-17.4186,-1.75613,1.22179,1.01413,1.00717,0.982513,1.2308,0.263567,-0.000441639,0,0,1
5640,8.17719,29.2664,2.13702,1.27308,1.02253,0.984959,0.947575,1.2612,-0.12505,-0.000347943,0,0,1
5641,5.37917,19.1409,1.51439,1.03227,0.979223,0.993204,1.01204,0.832505,-0.18554,-0.000416142,0,0,1
5642,1.82757,-6.48042,-0.784721,0.987549,0.986584,1.00296,1.03919,0.763056,0.561103,0.00110669,0,0,1
5643,12.3869,43.9051,0.752251,0.930886,0.973443,1.00334,1.02419,0.846499,-0.019053,-0.00118853,0,0,1
5644,9.29727,-33.1628,-2.17097,0.850851,1.00367,0.990557,0.99139,1.17194,0.100327,0.000411816,0,0,1
5645,7.80304,-27.908,-2.32738,1.05627,0.992906,0.99484,1.00024,1.18777,0.151049,-7.66915e-05,0,0,1
5646,5.5836,-19.8072,-1.32406,0.877138,0.996384,1.01929,1.01562,0.950487,0.148177,0.000854192,0,0,1
5647,8.33754,29.6944,1.67695,0.922282,1.02838,1.01367,1.00067,0.940574,-0.0918097,-0.00078416,0,0,1
5648,7.25204,-25.8751,-1.95805,1.02361,0.997733,1.00401,1.05576,0.891307,0.141965,0.000242868,0,0,1
5649,21.4932,78.0331,7.64871,1.44999,1.03097,1.00515,1.02113,0.93506,-0.0782978,0.000402219,0,0,1
5650,4.36149,-15.457,-0.675372,0.991023,1.00621,1.0042,1.04155,1.06432,0.114603,0.00250418,0,0,1
5651,6.83194,24.5498,2.40471,0.958368,1.02589,1.01144,1.01622,0.907991,-0.199137,0.000498899,0,0,1
5652,10.8347,-38.5826,-2.13655,0.922164,1.00356,1.00818,1.03312,1.14699,0.0725417,0.000538217,0,0,1
5653,30.209,108.123,8.1679,1.01049,0.974492,1.00125,1.01412,0.877619,-0.0398414,5.46449e-05,0,0,1
5654,8.00997,-28.5859,-0.0237037,0.646595,1.04307,0.981629,0.991391,1.00582,0.00140497,0.00257289,0,0,1
5655,12.771,-45.4434,-1.86192,1.38733,1.01841,0.993068,0.998662,1.1607,0.046676,0.000762585,0,0,1
5656,5.07018,18.1721,1.549,0.827052,1.03166,0.990248,1.01093,0.847457,-0.212385,-0.000402995,0,0,1
5657,16.0536,-57.1471,-2.25,1.01989,1.01465,0.988953,1.02184,1.07615,0.036754,0.000614715,0,0,1
5658,6.02599,21.3065,0.142825,1.03224,0.982374,1.00086,0.999569,1.20992,-0.0135292,-0.00293119,0,0,1
5659,77.9248,-294.701,38.7966,0.99268,0.965494,1.00517,0.966825,0.993574,-0.0583191,0.00130775,0,0,1
5660,28.5683,103.883,10.085,1.20516,1.0375,1.0002,1.02542,1.26093,-0.0599184,0.000311491,0,0,1
5661,10.7295,-38.5508,-2.64594,0.803614,1.04282,0.98598,0.994407,0.968996,0.0953442,0.000295309,0,0,1
5662,3.61007,12.8253,0.974946,1.17327,1.02653,1.01843,0.98682,0.871771,-0.231049,-0.00148012,0,0,1
5663,44.4455,163.023,-18.1855,1.25851,1.00825,1.00031,1.05595,1.17327,0.0480097,-0.00130492,0,0,1
5664,6.51643,23.1292,0.882474,1.06402,0.992903,0.986919,0.966481,1.20953,-0.0746003,-0.0017348,0,0,1
5665,4.83111,17.1517,1.16561,1.16303,0.955101,1.00372,1.01891,1.06596,-0.168632,-0.000938866,0,0,1
5666,13.3707,48.1129,4.52208,0.952717,1.00465,0.992336,1.01988,0.746685,-0.111679,0.000419731,0,0,1
5667,35.0271,126.071,10.3057,0.856875,0.989837,0.994547,1.01842,0.795191,-0.0390355,0.000111789,0,0,1
5668,15.1108,53.8452,3.78973,0.694107,0.986072,1.02043,0.988134,0.709295,-0.0687879,-5.8221e-05,0,0,1
5669,5.16993,-18.3956,-1.66078,1.17026,0.965968,1.00071,0.993533,1.07529,0.221188,-0.0001263,0,0,1
5670,6.8822,-24.4537,-1.56282,1.09769,0.950928,0.99951,0.97378,0.591938,0.121568,0.000602799,0,0,1
5671,32.443,-117.841,-12.5032,0.679655,1.00177,0.992463,1.03408,0.821886,0.060547,-0.000417558,0,0,1
5672,41.3009,150.989,16.8406,0.929348,1.00484,0.996656,1.00732,0.814119,-0.0515161,0.00039473,0,0,1
5673,376.566,-1336.61,-98.4203,0.957199,0.989737,0.989991,0.973377,1.31494,0.00359024,-9.68739e-06,0,0,1
5674,8.20792,29.4563,2.74321,1.12551,1.00469,0.986468,1.00807,1.16404,-0.165004,0.000376413,0,0,1
5675,3.84268,-13.7392,-1.44843,0.815855,0.999819,0.993232,1.04413,1.13199,0.325684,-0.000388071,0,0,1
5676,22.5569,-79.8688,0.130787,1.00186,0.979538,1.00309,1.00085,0.910196,-0.0010837,0.000859049,0,0,1
5677,3.85103,13.6705,1.16603,0.686597,0.974159,0.994032,0.972706,0.772739,-0.252885,-0.000669761,0,0,1
5678,11.9168,-42.4184,-1.77664,1.27549,1.00353,0.983963,1.03655,0.737049,0.0509348,0.00079742,0,0,1
5679,12.9518,-46.0595,-2.99572,1.03595,0.978166,1.00059,0.925941,0.769816,0.0735266,0.00020846,0,0,1
5680,24.9016,-88.6141,-2.78003,0.832398,1.02947,1.0037,0.963831,0.849301,0.0193703,0.000465876,0,0,1
5681,7.22144,-25.846,-2.25254,1.46246,0.994819,1.00073,1.0107,0.931919,0.168172,-0.000180913,0,0,1
5682,647.188,2868.78,-901.684,1.01453,0.955211,0.989829,0.994387,1.31458,-0.0790858,0.00132961,0,0,1
5683,5.8278,20.7066,1.37797,0.9733,0.987689,0.998751,0.945013,1.08855,-0.144229,-0.000840233,0,0,1
5684,9.28093,-33.2871,-3.03352,1.10039,0.999069,0.999178,1.04804,1.29382,0.146186,-0.000386062,0,0,1
5685,14.8487,53.5955,5.41433,0.783601,0.982677,1.00224,0.982934,1.09373,-0.112067,0.00061509,0,0,1
5686,6.54178,-23.3855,-2.04208,0.852373,1.00024,1.0153,0.994791,1.41241,0.179952,-0.000142156,0,0,1
5687,7.68994,-27.2341,-0.497129,0.938317,1.00055,1.00502,1.00047,1.27073,0.030713,0.00198395,0,0,1
5688,22.8301,-83.3845,-9.64629,1.05828,1.0028,0.994226,0.949736,0.941551,0.0961578,-0.000760216,0,0,1
5689,13.0738,47.3324,5.24649,1.36162,0.998504,0.999203,0.987869,0.725926,-0.141547,0.000904165,0,0,1
5690,3.87868,13.7748,0.982056,0.585984,1.00222,1.00916,1.0173,1.35577,-0.206419,-0.0014564,0,0,1
5691,30.2024,-107.045,-2.0839,1.04986,0.973684,1.00353,0.971226,1.13571,0.00974309,0.000454064,0,0,1
5692,13.8927,50.8256,6.1365,0.977107,1.01043,0.99645,0.961921,0.749222,-0.15662,0.00121632,0,0,1
5693,6.0877,-21.6141,-1.44723,1.32125,0.978057,0.990366,1.02291,0.955332,0.14118,0.000754122,0,0,1
5694,3.51941,-12.5225,-1.09306,0.856163,1.0109,0.98786,1.02097,0.829552,0.276113,0.00100773,0,0,1
5695,4.79952,17.2793,1.70479,1.01155,1.0402,0.992946,1.01355,0.969608,-0.261913,0.000179068,0,0,1
5696,13.4803,-48.2548,-3.69972,0.74905,0.995482,0.996466,1.01263,0.842905,0.0873729,-4.69304e-05,0,0,1
5697,7.42016,-26.6238,-2.5959,0.951564,0.998322,1.00376,1.02955,1.02264,0.18872,-0.000593291,0,0,1
5698,15.4979,55.03,2.69546,0.882575,0.972959,0.990426,0.953851,1.09994,-0.046074,-0.000443457,0,0,1
5699,7.53481,26.7888,1.82876,1.02114,0.979715,0.995746,0.997564,0.827636,-0.121621,-0.000465216,0,0,1
5700,8.41153,-30.0694,-1.86595,0.981268,1.04017,0.999772,1.02208,0.983125,0.102211,0.000657122,0,0,1
5701,12.861,-45.9524,-3.16056,1.26565,1.00936,1.01441,0.961937,0.825673,0.0795355,0.000138419,0,0,1
5702,6.78781,-24.2773,-2.14464,0.88984,0.997282,1.01099,1.0471,0.650563,0.177925,-0.000205069,0,0,1
5703,21.3157,-75.7954,-1.18455,1.26213,1.00001,0.985618,1.00325,1.28403,0.0111316,0.000737581,0,0,1
5704,11.4017,-41.1709,-4.47702,1.27872,0.987696,1.00291,1.05301,0.78424,0.155874,-0.000954866,0,0,1
5705,54.1194,193.626,-7.83794,0.615871,1.01435,0.978659,0.976827,1.16731,0.011826,-0.000583671,0,0,1
5706,6.71412,-24.0064,-2.06038,1.06911,1.01041,0.999191,0.974334,0.898781,0.174376,-3.31634e-05,0,0,1
5707,5.08608,18.065,0.905174,1.04809,1.0257,1.01797,0.955915,0.887729,-0.117876,-0.00181539,0,0,1
5708,8.64913,-31.2679,-3.62597,1.16445,0.991647,0.993421,1.03657,1.31784,0.211626,-0.00131874,0,0,1
5709,5.01006,-17.9166,-1.7155,1.41383,1.00519,0.987209,0.941974,0.891628,0.244872,-0.000176859,0,0,1
5710,8.95244,-31.7483,-1.84232,0.811875,0.970336,0.989189,0.992926,1.35668,0.0892566,0.000608051,0,0,1
5711,6.5157,-23.2454,-1.78898,1.01136,1.00955,0.993765,1.00179,0.935748,0.158,0.000348989,0,0,1
5712,5.78712,-20.602,-1.51872,1.40309,0.993939,1.00622,1.04102,0.806096,0.162421,0.000544818,0,0,1
5713,5.65904,20.2622,1.88122,0.776328,1.03124,1.01911,0.937126,1.25481,-0.213315,0.000161423,0,0,1
5714,16.2598,-58.6199,-5.84741,0.999987,1.00279,1.01455,0.979101,0.811952,0.101834,-0.000548895,0,0,1
5715,13.0191,48.3773,6.95963,0.911688,0.985478,1.00614,0.991991,1.04749,-0.243146,0.00259144,0,0,1
5716,119.134,1332.84,379.459,1.11838,1.00723,1.00125,1.04383,0.850229,0.124755,-0.00223118,0,0,1
5717,5.35739,19.0249,1.48775,1.15841,0.973669,1.00706,1.03048,1.17666,-0.18205,-0.000399304,0,0,1
5718,13.1853,48.8749,6.92058,1.35852,0.978722,1.00494,0.953342,0.592242,-0.231071,0.00241915,0,0,1
5719,8.36408,-29.7883,-1.7004,1.22331,1.00951,0.993734,0.994823,1.01765,0.0940896,0.000756545,0,0,1
5720,3.74169,-13.2955,-0.998424,1.02072,0.989294,0.987742,1.0004,1.12456,0.226009,0.00138956,0,0,1
5721,6.4648,22.9627,0.736031,0.750527,1.01599,0.996939,0.940048,0.955786,-0.0629199,-0.00198887,0,0,1
5722,6.78821,-24.2494,-1.97245,1.16781,0.998695,1.003,1.02673,0.913546,0.162429,8.69221e-05,0,0,1
5723,4.77382,17.1997,1.6622,1.07866,1.04962,0.980159,0.987793,0.814339,-0.256129,-4.67644e-05,0,0,1
5724,31.6959,-113.253,-7.97437,0.905308,0.979296,0.998546,1.01746,1.28277,0.0358952,-1.19853e-05,0,0,1
5725,4.80437,17.0268,1.19829,0.980956,0.975251,1.00064,1.00256,0.968802,-0.17554,-0.000950176,0,0,1
5726,40.6787,-145.763,9.28252,1.12348,0.987269,0.985503,0.986715,0.831507,-0.0259246,0.000941453,0,0,1
5727,13.6176,48.5216,-1.48359,1.17566,1.00024,0.995356,1.013,1.22761,0.0320571,-0.00200077,0,0,1
5728,15.192,-53.965,-1.48226,0.968757,0.999582,0.997503,1.02177,0.997773,0.026281,0.000830071,0,0,1
5729,7.23956,25.8979,2.2193,1.20663,1.0016,0.991917,1.04317,0.949711,-0.164795,8.0152e-05,0,0,1
5730,7.16508,25.6421,2.23382,1.07965,1.00092,0.997949,0.9772,0.952402,-0.168982,0.000145854,0,0,1
5731,24.2305,87.2905,-6.7091,1.16299,1.0192,0.996946,0.997904,0.592778,0.0512608,-0.00173336,0,0,1
5732,25.2426,-90.9523,-7.45957,1.1177,1.02422,0.99366,0.9724,1.0247,0.0544843,-0.000132898,0,0,1
5733,69.6043,264.526,33.445,0.821198,1.01195,1.00369,1.03113,0.897517,-0.0862488,0.00113925,0,0,1
5734,5.36274,-19.2203,-1.69073,1.08372,1.01684,0.976873,0.961897,0.862656,0.213088,0.00018653,0,0,1
5735,17.3352,61.8708,3.40916,0.822821,1.00419,1.00958,0.97427,1.08564,-0.0474068,-0.000298655,0,0,1
5736,7.6312,-27.0164,-0.31228,0.980988,1.00047,1.00606,0.976712,1.17727,0.0195058,0.00219302,0,0,1
5737,61.9243,222.725,19.408,0.770571,0.958914,0.996355,0.989639,0.905399,-0.0235316,9.84121e-05,0,0,1
5738,10.5691,-37.5277,-2.26342,1.11256,0.975761,0.994436,0.996685,0.403332,0.0808408,0.00042318,0,0,1
5739,77.6382,295.964,27.7098,0.967997,0.985759,0.988117,0.981456,0.848395,-0.105516,0.00148203,0,0,1
5740,8.50987,-30.2216,-0.158217,0.708634,1.02198,0.991701,0.992796,1.09184,0.00827752,0.00222117,0,0,1
5741,40.9432,147.583,12.6244,1.10547,0.995577,1.01349,0.984653,0.624338,-0.0350469,0.000132251,0,0,1
5742,90.535,341.567,-46.6504,0.991219,0.975941,0.975796,0.965786,0.988527,0.0415424,-0.000973968,0,0,1
5743,18.4338,65.6149,1.41185,1.16054,1.00434,0.996195,1.01008,1.01846,-0.0170956,-0.000769222,0,0,1
5744,5.36749,-19.226,-1.93082,0.757247,0.991117,1.00683,0.996306,0.750106,0.246618,-0.000612784,0,0,1
5745,5.80566,-20.6536,-1.24993,1.10348,1.0192,1.00574,0.986527,1.07861,0.131719,0.00113886,0,0,1
5746,12.2665,-43.7672,-2.70944,0.815601,0.995339,0.989377,0.978503,0.591298,0.0747821,0.0003208,0,0,1
5747,13.0349,-46.3535,-2.0465,1.00288,0.994061,0.993534,0.999724,0.900632,0.049055,0.00065236,0,0,1
5748,4.39614,15.6898,1.44879,0.824349,1.00116,1.00938,0.997674,1.0899,-0.254484,-6.62794e-05,0,0,1
5749,12.196,43.4118,1.60418,1.16176,1.0119,1.00534,1.02482,1.2244,-0.0428778,-0.000864017,0,0,1
5750,7.54674,27.2554,3.1509,1.15758,1.00263,1.00518,1.04414,1.30327,-0.230897,0.00132702,0,0,1
5751,6.37903,-22.6335,-1.54075,1.22798,0.982043,1.0043,0.988137,0.865535,0.137644,0.000626326,0,0,1
5752,256.578,-1032.51,271.899,1.01525,0.996416,1.00526,0.982113,0.984704,0.0388852,-0.00064572,0,0,1
5753,17.4799,62.9559,-4.84886,1.04027,1.004,0.998323,1.03165,1.1271,0.0694752,-0.00235533,0,0,1
5754,24.9409,-89.6499,-7.79822,1.03066,0.99664,0.984527,0.96367,0.711421,0.0590867,-0.000211802,0,0,1
5755,3.24388,-11.4877,-0.960505,1.02467,0.96799,1.01064,0.995442,1.17468,0.27509,0.00105207,0,0,1
5756,35.3021,126.543,7.54323,1.15207,1.02624,0.994133,1.01129,0.832955,-0.0269741,-0.000106952,0,0,1
5757,3.66186,13.1901,1.49958,1.32019,1.04518,1.0098,0.966798,1.00354,-0.364187,0.000654534,0,0,1
5758,16.6131,59.2493,2.74751,1.12849,1.01024,1.00092,1.00061,1.28021,-0.0414782,-0.000468127,0,0,1
5759,146.745,-558.392,-63.2185,1.14708,1.01113,0.999452,0.939225,1.08267,0.0467086,-0.000634493,0,0,1
5760,33.3467,-118.627,-1.86298,0.824517,1.01803,1.0087,0.991883,1.00374,0.00730368,0.000460521,0,0,1
5761,40.0155,-148.567,-19.5447,0.751374,1.03082,0.975317,0.986277,1.1091,0.0766338,-0.000765563,0,0,1
5762,5.46189,-19.5041,-1.71184,0.703962,1.00958,0.99936,0.991096,0.807875,0.207953,7.02185e-05,0,0,1
5763,6.38034,-22.8664,-2.18927,1.24402,0.994853,0.997225,0.950288,0.810032,0.206959,-0.000463345,0,0,1
5764,13.3303,47.7254,3.64637,1.11096,0.993018,1.00373,0.983903,1.41253,-0.0865081,3.4199e-05,0,0,1
5765,194.335,-1081.98,-676.106,0.958038,1.01135,1.00893,0.996892,1.20929,-0.0572182,0.0010024,0,0,1
5766,12.405,44.0167,1.45325,0.896259,0.968397,1.00459,1.03274,1.05254,-0.0369742,-0.000867384,0,0,1
5767,157.663,773.775,-277.895,1.45299,1.00931,0.990664,1.04528,0.863446,-0.0743634,0.001261,0,0,1
5768,6.64519,-23.8399,-2.3741,1.14053,0.997295,0.992105,0.984622,0.830829,0.210868,-0.000620527,0,0,1
5769,7.35418,26.0407,0.35049,0.724625,0.993184,0.996703,1.01235,0.864208,-0.0233498,-0.00223525,0,0,1
5770,1039.28,8876.54,7101.87,0.863441,1.03,1.00123,1.00582,1.11617,0.0119482,-0.0002153,0,0,1
5771,7.20425,-25.762,-2.20382,1.08703,1.01103,1.00573,1.06001,1.2536,0.164493,-8.63743e-05,0,0,1
5772,12.1726,-43.1264,0.307866,0.809339,0.966519,0.988725,1.0026,0.69146,-0.00821224,0.00170845,0,0,1
5773,21.3134,-76.2402,-5.13626,0.845624,1.00379,1.00745,1.02987,1.04188,0.0498382,5.44131e-05,0,0,1
5774,43.7953,-166.246,-22.0966,0.777444,1.03473,0.993388,1.01299,0.853241,0.134655,-0.00175428,0,0,1
5775,19.6976,-72.0951,-8.51277,0.911488,1.02069,0.992407,1.03374,0.748543,0.113261,-0.000891615,0,0,1
5776,17.703,-65.0369,-8.34193,0.981366,0.993835,1.00316,0.984515,1.03025,0.144042,-0.00132922,0,0,1
5777,4.17998,-14.9295,-1.54256,1.35943,0.971938,0.991936,1.06895,0.786982,0.30153,-0.00052347,0,0,1
5778,3.45806,-12.343,-1.30432,0.606129,1.00826,0.997411,0.959282,0.979013,0.346309,-0.000144625,0,0,1
5779,11.6729,-41.4211,-1.46133,1.22149,0.967863,1.01537,1.01738,1.34777,0.0417033,0.000856095,0,0,1
5780,1497.65,6212.33,-4499.71,1.06815,0.995462,0.996117,0.947855,1.02507,-0.00722017,0.000125625,0,0,1
5781,32.3741,117.67,-12.134,0.91337,0.991286,0.999204,1.01304,1.04245,0.0569915,-0.00161879,0,0,1
5782,10.9145,38.798,2.50581,0.898523,0.978658,1.01535,1.00605,1.04918,-0.0833415,-0.000280235,0,0,1
5783,6.33123,22.4869,1.28613,1.02725,1.00196,1.01301,0.96507,1.32115,-0.1145,-0.00106649,0,0,1
5784,30.0844,108.042,9.15724,1.08695,0.967428,0.9923,1.02394,1.10276,-0.04637,0.000158308,0,0,1
5785,5.6198,-20.0131,-1.42702,0.792571,1.00327,0.999531,1.00676,1.28987,0.161561,0.00072291,0,0,1
5786,3.56987,12.6966,1.08847,1.10796,0.991606,1.00317,1.05231,1.02383,-0.266727,-0.000859798,0,0,1
5787,3.5052,12.4179,0.721748,1.21714,0.992479,0.988102,0.935068,1.127,-0.178842,-0.00255438,0,0,1
5788,5.25515,-18.7716,-1.69942,1.00577,1.01309,1.01008,1.08291,0.599654,0.220578,-3.92984e-05,0,0,1
5789,8.2733,29.5431,2.08247,1.0231,0.993098,0.979784,0.984669,1.2534,-0.11968,-0.000355939,0,0,1
5790,22.6271,81.5027,7.33355,0.817277,0.977919,0.992073,1.02209,0.656009,-0.0662255,0.000276485,0,0,1
5791,7.3436,-26.1579,-1.79597,0.826427,0.985659,0.990886,1.06194,0.637043,0.126438,0.000483088,0,0,1
5792,32.112,-116.73,11.3688,0.775059,1.01936,1.00083,1.01088,0.961146,-0.0541402,0.00158626,0,0,1
5793,49.4314,182.986,-22.5589,1.00076,1.0144,0.992271,1.00332,0.955477,0.0520034,-0.00134233,0,0,1
5794,9.11497,-32.3335,-0.88843,1.25071,1.00167,1.00299,0.979566,1.4045,0.0405515,0.00142947,0,0,1
5795,9.29045,32.8954,1.16963,1.06994,0.987937,1.00518,0.987547,1.15621,-0.051129,-0.00117188,0,0,1
5796,17.1562,61.9977,6.39758,0.917325,0.999036,1.01712,1.00726,1.20367,-0.100958,0.00060189,0,0,1
5797,127.18,-621.93,-40.863,1.04163,0.988285,0.989347,0.998612,0.887548,-0.0790229,0.00144124,0,0,1
5798,9.89296,-35.2525,-2.04083,0.987224,1.03682,1.01646,1.0508,1.27299,0.0821049,0.00058819,0,0,1
5799,42.1873,154.567,18.825,0.65869,0.971402,0.984857,0.989052,0.923952,-0.0585887,0.00052829,0,0,1
5800,36.6485,132.678,-9.85912,1.15751,1.04307,1.00054,1.00664,0.716406,0.033854,-0.00115495,0,0,1
5801,13.9725,49.9561,2.62968,0.958269,1.03949,0.999534,1.05227,0.898974,-0.055588,-0.00049341,0,0,1
5802,42.5863,157.163,19.8158,1.0435,0.989269,0.998897,1.0069,1.01832,-0.0635765,0.000614419,0,0,1
5803,38.7262,-139.972,-13.9505,1.15835,0.973014,0.995795,1.00523,1.18259,0.0467428,-0.000300469,0,0,1
5804,3.88963,13.8209,1.01432,1.31554,0.991901,0.998671,0.98905,0.742675,-0.213223,-0.00134295,0,0,1
5805,17.4928,-62.4833,-4.00004,0.851652,1.01703,0.998321,1.00575,0.983494,0.056661,0.000163429,0,0,1
5806,21.941,-78.8999,-6.96982,0.749417,0.998497,1.00927,0.996041,1.01733,0.0668963,-0.00026313,0,0,1
5807,11.4307,40.6788,2.58085,1.40881,0.959946,0.999486,1.00416,0.832649,-0.0793169,-0.000272944,0,0,1
5808,5.3577,-19.1887,-1.91347,0.917596,0.995706,0.997899,0.948816,0.911953,0.245861,-0.000534496,0,0,1
5809,6.61341,23.5965,1.80444,1.00247,1.00057,0.976421,0.994001,0.905751,-0.155854,-0.000384068,0,0,1
5810,9.56397,-34.4124,-3.50407,0.760502,1.00071,1.00694,1.00562,1.27651,0.16345,-0.000750581,0,0,1
5811,4.28864,15.2421,0.998607,1.62135,0.997974,0.993183,0.95006,0.746306,-0.177856,-0.0015381,0,0,1
5812,123.291,975.101,408.545,1.03331,0.972096,1.00084,1.00947,0.676997,0.0873979,-0.00153536,0,0,1
5813,14.2679,50.7672,1.25432,0.963685,1.0096,1.00268,0.930633,1.17329,-0.0247325,-0.00094401,0,0,1
5814,55.488,-197.275,0.107062,1.13445,1.0032,0.997097,0.978133,1.15211,-0.000157174,0.000355907,0,0,1
5815,12.9514,-46.1228,-2.31218,0.995679,1.01042,1.01485,1.03365,1.17694,0.0558773,0.000528118,0,0,1
5816,12.9691,-46.0412,-1.27399,1.1632,1.0074,1.0111,1.02064,1.0561,0.0301524,0.000968141,0,0,1
5817,9.74089,-34.8428,-2.73209,0.925842,1.00454,1.00827,1.04651,0.953665,0.117053,-1.05768e-05,0,0,1
5818,1531.57,6175.69,3961.49,1.06361,0.990979,1.00152,1.01197,1.14125,0.0066648,-0.000122993,0,0,1
5819,13.3567,-47.5849,-2.53759,1.13904,1.00969,1.01448,0.980023,0.756497,0.0581244,0.000444972,0,0,1
5820,3.73972,-13.3883,-1.22119,1.19926,1.02484,0.978001,1.0051,1.21863,0.280988,0.000733501,0,0,1
5821,3.55084,-12.6165,-0.968703,1.02793,1.01726,1.0065,1.02472,0.908177,0.237538,0.00149615,0,0,1
5822,98.2191,351.993,21.6522,1.03492,0.959289,1.00719,1.0043,0.563642,-0.00967772,-2.14321e-05,0,0,1
5823,5.51322,19.6596,1.55839,1.03486,1.01259,0.992821,1.0526,1.1623,-0.183808,-0.000482022,0,0,1
5824,22.0084,-78.2463,1.41573,1.31736,1.00477,1.00315,1.02183,1.42026,-0.0123096,0.0011002,0,0,1
5825,22.8787,81.3418,-2.37563,1.35695,0.969349,0.9989,0.988113,1.08134,0.018725,-0.00115249,0,0,1
5826,5.61099,-19.9862,-1.45783,0.633448,1.0002,0.999378,1.02088,1.40911,0.165724,0.000648117,0,0,1
5827,30.1647,-112.486,-15.2365,0.478179,1.0302,1.01408,0.919834,1.02288,0.106861,-0.00113341,0,0,1
5828,10.8804,38.7898,2.11009,1.09992,1.0012,0.988782,1.01182,1.13314,-0.0716963,-0.000587664,0,0,1
5829,5.90438,-21.0004,-1.21994,0.947192,1.01498,1.00882,0.993537,0.971343,0.124347,0.00117952,0,0,1
5830,8.70407,31.2995,3.10733,0.937503,0.987519,1.00159,0.935243,0.992541,-0.170236,0.000682061,0,0,1
5831,29.729,-111.068,-15.3934,1.02247,0.978306,0.983872,1.02815,0.58456,0.118551,-0.00132282,0,0,1
5832,8.25937,29.5061,2.23123,0.855014,1.01787,1.01028,0.991788,1.04724,-0.127596,-0.000189986,0,0,1
5833,10.7764,38.9259,4.25019,0.909307,0.991049,1.00497,1.00054,1.13448,-0.162963,0.000976174,0,0,1
5834,33.1987,-122.667,-16.0051,1.15365,0.984545,1.01181,1.00279,1.15909,0.088667,-0.000915837,0,0,1
5835,28.0488,100.032,3.64975,1.00439,1,0.996274,0.978873,0.956179,-0.0197718,-0.000355617,0,0,1
5836,18.7862,-67.8516,-7.00623,1.08533,0.998805,1.01178,0.932693,0.916037,0.0942072,-0.00057652,0,0,1
5837,3.74943,-13.3429,-1.14109,0.877019,1.01275,1.004,1.00458,1.20361,0.258944,0.000841574,0,0,1
5838,39.8158,150.291,21.1406,0.889679,1.02526,0.990347,1.04,0.874887,-0.124037,0.0015411,0,0,1
5839,6.4593,-23.0289,-1.59455,1.07719,1.02058,0.988075,0.957222,0.702142,0.141459,0.000710213,0,0,1
5840,3.94948,14.1125,1.39061,0.525785,1.00327,1.01391,1.02949,1.22341,-0.293578,0.000113229,0,0,1
5841,28.5867,-102.23,-6.65764,0.809441,1.02394,1.00835,0.95376,0.821735,0.0366279,6.18802e-05,0,0,1
5842,13.6242,48.8845,4.03552,0.941699,1.01234,0.991424,0.94488,1.00413,-0.0938146,0.000136114,0,0,1
5843,13.4475,-48.0994,-3.71541,0.772952,0.994597,1.01236,1.01288,0.860668,0.0868211,-6.59554e-05,0,0,1
5844,11.7977,41.9329,2.27616,0.994999,0.992115,1.00944,0.961126,1.25199,-0.0648779,-0.000501227,0,0,1
5845,3.73256,-13.2683,-1.03247,1.22396,1.01815,1.00752,0.964537,1.07658,0.233607,0.00129097,0,0,1
5846,29.8426,-107.364,-7.20649,1.31685,1.05291,1.01448,0.971876,0.758292,0.0368328,4.23713e-05,0,0,1
5847,18.9519,-68.1788,-6.23289,1.0621,0.978831,0.994507,0.964372,1.14773,0.0800779,-0.000348437,0,0,1
5848,5.89941,21.0106,1.67717,0.981995,0.979888,0.996028,0.974186,1.05096,-0.174938,-0.000269799,0,0,1
5849,4.77768,-17.1266,-1.82514,1.05895,0.99725,0.995964,0.96343,1.23834,0.28781,-0.000778062,0,0,1
5850,6.1711,-22.0513,-2.00747,0.870453,0.983979,1.0053,1.00213,0.881498,0.197184,-0.000268003,0,0,1
5851,11.3938,-41.778,-5.31981,0.657048,1.03089,1.00702,1.00654,1.09004,0.198774,-0.00159952,0,0,1
5852,16.9301,60.4079,3.08684,1.11671,0.998338,0.995209,1.02122,0.545651,-0.0451419,-0.000378614,0,0,1
5853,5.21028,-18.6582,-1.88343,1.09275,0.990475,0.98446,0.993415,0.889461,0.255718,-0.000548622,0,0,1
5854,28.1372,-104.68,-13.9608,1.17236,1.01439,0.995383,0.994347,1.13819,0.106794,-0.00108347,0,0,1
5855,6.4447,23.2219,2.63057,1.18784,0.992712,0.996618,1.01022,0.967619,-0.253443,0.00126617,0,0,1
5856,7.41167,-26.2322,-1.06177,0.989818,0.962744,0.985473,1.00589,1.11127,0.0715222,0.00134249,0,0,1
5857,6.2405,-22.162,-1.69975,1.13918,0.965684,0.996774,1.02679,1.08755,0.160452,0.000286313,0,0,1
5858,9.92566,35.1632,0.0414736,0.769977,0.972318,0.996134,1.01418,0.848937,-0.00158515,-0.00188452,0,0,1
5859,17.4931,62.2749,1.84565,1.00896,1.00962,1.00533,1.10929,0.779739,-0.0247164,-0.00068777,0,0,1
5860,13.2808,-47.5272,-3.90151,0.852754,0.970728,0.985527,0.965172,0.921739,0.0953243,-0.000174928,0,0,1
5861,4.97278,-17.6404,-0.852087,0.928082,0.998243,0.992422,1.02514,0.920606,0.116626,0.00195028,0,0,1
5862,4.74936,16.8916,1.48937,1.14258,0.972806,0.997366,0.958534,0.939699,-0.228118,-0.00012614,0,0,1
5863,8.31668,-29.7965,-2.65217,1.36153,1.00136,1.00721,1.04709,0.895576,0.154345,-0.000301913,0,0,1
5864,4.08652,-14.5691,-1.30959,0.989848,0.996024,1.00309,1.00181,0.640699,0.259579,0.000324271,0,0,1
5865,4.15314,-14.7859,-1.19631,1.04203,1.02321,1.00165,1.00657,1.09583,0.227273,0.000925541,0,0,1
5866,17.3842,61.8641,0.993961,0.495225,1.03162,0.997488,1.02151,1.04975,-0.0134998,-0.000924507,0,0,1
5867,3.89213,13.8559,1.12984,0.883375,1.01386,0.99805,1.00669,1.00012,-0.239599,-0.00101514,0,0,1
5868,9.24179,-33.5015,-3.48397,0.969587,1.03783,0.987668,1.07269,1.12736,0.175401,-0.000751937,0,0,1
5869,10.8957,38.7018,0.799163,0.935959,0.998754,0.992238,0.954884,0.684852,-0.0261655,-0.00134965,0,0,1
5870,3.09666,-11.0419,-1.17058,1.06019,0.999223,1.00727,1.03877,1.27757,0.370932,-2.93166e-05,0,0,1
5871,99.9434,-360.575,-30.468,1.02062,1.01572,0.991238,1.00596,0.911048,0.0152856,-6.04672e-05,0,0,1
5872,79.4908,299.077,-41.0173,1.13129,1.00739,0.997743,1.01532,0.918873,0.0474121,-0.00111233,0,0,1
5873,3.6843,-13.1716,-1.43275,0.422236,0.98146,0.993366,0.990675,0.882391,0.348241,-0.000639978,0,0,1
5874,4.02278,-14.3308,-1.27835,0.876128,0.990873,0.993101,0.981368,1.13214,0.261123,0.000414381,0,0,1
5875,14.4128,-51.3279,-2.18858,0.789665,0.994054,0.973347,0.926751,1.23085,0.0442617,0.000628999,0,0,1
5876,6.10154,-21.7171,-1.37984,0.708633,1.01476,1.00846,0.964387,0.968853,0.133666,0.000917277,0,0,1
5877,5.65167,20.059,1.51523,0.740888,0.968634,0.997203,0.990509,0.732505,-0.169216,-0.00046077,0,0,1
5878,15.4785,-56.4314,-6.42579,1.01196,1.02438,1.01072,1.04056,1.32156,0.130214,-0.000928598,0,0,1
5879,5.09566,-18.0826,-1.36219,0.920234,0.970845,0.989392,1.00981,1.36326,0.182783,0.000644899,0,0,1
5880,5.74471,20.5396,1.88215,1.1483,0.986715,0.999158,0.970035,1.18073,-0.210315,0.000222383,0,0,1
5881,4.34745,-15.4467,-1.2338,1.11438,0.986539,1.00398,0.985197,1.03003,0.216623,0.000708836,0,0,1
5882,57.4509,-211.939,-26.615,0.824369,1.01311,1.01096,0.975443,0.943777,0.0479729,-0.000467386,0,0,1
5883,23.8861,-86.9061,-10.2245,0.998213,0.985666,1.02085,1.00329,1.33989,0.0930391,-0.000785645,0,0,1
5884,4.58034,16.2304,1.14551,0.815932,0.977551,0.997056,0.928384,1.11732,-0.182402,-0.00105968,0,0,1
5885,37.5572,-134.106,6.24681,0.626405,1.01898,1.00448,0.981707,1.48152,-0.0198331,0.000875114,0,0,1
5886,12.6434,-44.9301,-0.255615,0.8868,1.01181,0.997646,0.959948,1.14857,0.00640989,0.00145143,0,0,1
5887,18.266,64.8113,0.230693,0.908871,0.993131,0.997709,1.00453,1.35132,-0.00278636,-0.00101213,0,0,1
5888,3.35219,11.9524,1.20498,0.994799,0.983741,0.979218,1.00203,0.873413,-0.337435,-0.000178435,0,0,1
5889,83.7421,-303.88,28.2335,1.18806,1.02142,0.998898,0.964527,0.42235,-0.0205405,0.000605297,0,0,1
5890,12.7234,-45.2246,-0.849903,1.12361,1.01071,0.994686,1.00517,0.78241,0.0211548,0.00119083,0,0,1
5891,401.936,2170.5,-1166.14,1.10187,1.00936,0.995425,0.951327,0.83921,-0.0446585,0.000719804,0,0,1
5892,24.3492,91.2605,12.903,0.662927,0.98576,0.999906,0.978199,0.713626,-0.147652,0.00167158,0,0,1
5893,5.2134,18.5669,1.00203,1.02504,1.03847,0.997055,1.03693,1.27727,-0.126015,-0.00173575,0,0,1
5894,8.11609,29.1396,2.81803,0.711837,1.01065,1.00336,1.06028,0.832659,-0.17305,0.000522605,0,0,1
5895,8.48656,-30.0073,-0.772216,0.740486,0.979304,0.993844,0.931142,1.05882,0.04016,0.00156833,0,0,1
5896,5.11058,-18.1804,-1.22757,0.720465,1.01958,0.99285,1.05115,0.867941,0.162858,0.00114323,0,0,1
5897,148.468,532.085,22.0786,0.642705,0.989767,1.00053,1.03613,0.805892,-0.00415303,-5.75771e-05,0,0,1
5898,9.67846,-34.7197,-3.18274,0.735141,1.01342,1.00604,0.981592,0.873028,0.141397,-0.000380502,0,0,1
5899,11.1424,-39.8928,-3.2131,1.09199,1.00107,1.0016,1.01249,1.00766,0.108522,-0.000104522,0,0,1
5900,4.63073,16.5748,1.63373,0.870148,1.02142,1.00324,1.00913,1.28612,-0.264358,0.000199875,0,0,1
5901,7.24719,25.7183,0.810007,1.05527,0.997727,0.993621,1.04072,1.52032,-0.0561929,-0.00173407,0,0,1
5902,6.36074,-22.9011,-2.55534,1.0328,1.01028,1.0083,0.994029,0.632227,0.248904,-0.00114542,0,0,1
5903,3.40292,12.1272,1.17446,0.681793,1.00754,1.0177,1.00958,0.939511,-0.314621,-0.000313515,0,0,1
5904,15.4858,-54.8742,-1.9351,0.829297,0.974719,1.00239,0.958603,0.797766,0.0328858,0.000651166,0,0,1
5905,7.8656,-28.0184,-1.772,1.15813,0.993553,0.994115,0.998127,1.03264,0.109676,0.000600604,0,0,1
5906,12.3067,43.6934,0.249424,0.964987,0.949233,0.991426,1.01524,1.14492,-0.00631815,-0.00140136,0,0,1
5907,12.0571,-43.3298,-3.76027,0.841837,1.02281,0.999607,0.985252,1.18393,0.110795,-0.000234425,0,0,1
5908,14.7328,52.2788,1.51684,0.907667,0.994165,1.00265,0.990044,1.17008,-0.0279322,-0.0008249,0,0,1
5909,8.50124,30.317,2.03305,1.0629,1.00367,1.01077,1.0272,0.85832,-0.108555,-0.000409125,0,0,1
5910,16.3333,-58.1999,-2.88845,1.19872,1.02229,1.00232,1.01576,1.08211,0.0457146,0.000428436,0,0,1
5911,5.69265,20.4719,2.27105,0.955384,0.996406,1.00515,0.962545,0.948752,-0.268358,0.00114683,0,0,1
5912,87.4039,-328.698,44.8988,0.986339,1.00498,0.99252,1.05644,0.903092,-0.0483464,0.0011105,0,0,1
5913,6.62199,23.6462,1.90321,1.04808,1.01045,0.990233,1.04435,0.852834,-0.163699,-0.000222363,0,0,1
5914,9.25155,33.4438,3.11511,0.952694,1.05509,1.00199,0.990058,0.682736,-0.15082,0.000351943,0,0,1
5915,6.89744,24.4861,0.726026,1.11479,1.00552,1.00082,1.01564,0.780496,-0.0548451,-0.00188889,0,0,1
5916,25.779,91.534,3.33774,1.21261,0.977237,1.00016,1.0376,0.810097,-0.0209901,-0.000373779,0,0,1
5917,3.83502,13.6513,1.15381,0.902949,1.00236,1.00536,1.00193,1.0104,-0.251625,-0.000784172,0,0,1
5918,12.2304,43.7412,3.17487,0.674711,1.0156,1.0028,1.04385,0.897456,-0.0883352,-0.000101037,0,0,1
5919,19.0702,67.9777,4.69295,0.969761,0.972108,1.00719,1.04666,1.1987,-0.0549364,-4.09033e-05,0,0,1
5920,6.27053,-22.3457,-1.57574,0.993324,1.00331,1.00516,1.04127,0.379957,0.146665,0.000589946,0,0,1
5921,5.34201,19.0192,1.73455,0.85533,0.965806,1.00279,1.04044,1.31902,-0.218137,0.000201288,0,0,1
5922,44.9788,-170.582,23.0112,1.08284,1.0192,1.01028,1.02785,1.11514,-0.112082,0.00249396,0,0,1
5923,4.57155,-16.3458,-1.43649,1.38008,1.01885,0.984325,0.981561,0.986887,0.235851,0.000426493,0,0,1
5924,3.9238,-14.1254,-1.49694,1.30135,1.0429,0.99551,0.990698,0.909098,0.323108,-0.0002572,0,0,1
5925,9.05114,32.0384,-0.104962,1.13053,0.985064,1.00567,1.04081,0.998489,0.00474479,-0.00218177,0,0,1
5926,8.50187,30.2926,1.72366,0.763006,1.00723,0.993109,1.00746,0.863831,-0.092145,-0.000748022,0,0,1
5927,7.05427,-25.0859,-1.87171,1.30054,0.981936,1.00382,0.999636,1.38981,0.141202,0.000285331,0,0,1
5928,307.41,-1206.43,-50.4997,0.806879,0.981713,1.00912,1.03258,0.721582,-0.0437209,0.000865315,0,0,1
5929,4.72468,16.9648,1.89895,1.00178,1.0072,1.01533,0.997075,1.10456,-0.30544,0.00108713,0,0,1
5930,3.34666,11.8953,0.948397,0.996284,1.01095,1.00586,0.988886,0.981892,-0.256529,-0.00148328,0,0,1
5931,13.8347,-49.8028,-4.83016,0.831918,0.994614,1.0033,1.01292,1.06873,0.113547,-0.000533197,0,0,1
5932,7.9693,28.8042,2.81652,0.959302,1.04658,1.00543,1.02315,0.960347,-0.179851,0.000515179,0,0,1
5933,53.5731,197.588,-23.3739,0.750185,1.0105,0.997328,0.981202,0.96383,0.0448002,-0.00117629,0,0,1
5934,52.3335,186.871,6.15601,1.05277,0.990457,0.984904,1.04904,1.02976,-0.00972564,-0.000207356,0,0,1
5935,15.5513,55.5381,3.22839,1.08431,0.996925,0.993804,0.997074,1.28909,-0.0560834,-0.000295483,0,0,1
5936,7.52282,26.6831,0.884347,1.13737,0.992335,0.992263,0.975195,1.26635,-0.0572965,-0.00160567,0,0,1
5937,6.93661,-24.8553,-2.54483,1.40718,0.968176,0.99907,1.00794,1.25443,0.209158,-0.000823016,0,0,1
5938,12.0307,-42.9738,-2.94441,1.17058,1.01915,0.994172,0.946226,0.645606,0.0847407,0.00021239,0,0,1
5939,176.504,-699.125,-42.2514,0.88332,1.03274,0.987614,1.00175,0.934883,-0.0883967,0.00174106,0,0,1
5940,5.46039,19.3769,1.23717,0.929856,0.961195,1.00652,0.988991,0.789898,-0.144094,-0.000924772,0,0,1
5941,9.18916,-32.6474,-1.50224,1.28499,1.00097,1.00453,1.01438,0.904818,0.0684168,0.000930881,0,0,1
5942,5.40619,-19.3313,-1.87602,1.03053,0.981051,1.00008,0.968052,1.23157,0.235066,-0.000451853,0,0,1
5943,13.423,-48.2876,-4.64594,1.00991,0.992486,0.989317,1.00643,1.22284,0.115968,-0.00050813,0,0,1
5944,2.80116,9.89068,0.753186,1.2718,0.968521,0.992235,0.991093,1.06047,-0.271607,-0.0021913,0,0,1
5945,18.943,-69.8603,-9.26529,0.786226,0.980098,0.994978,0.997936,0.910854,0.148524,-0.00147277,0,0,1
5946,114.458,-408.268,29.1152,0.827636,0.963937,1.00278,1.02329,0.946276,-0.0104708,0.000349268,0,0,1
5947,9.38978,33.4594,2.1231,1.09784,0.987586,0.99293,0.975737,0.670197,-0.0946788,-0.000445031,0,0,1
5948,14.5282,51.7428,2.08317,0.890811,1.00661,1.00504,1.01209,1.22934,-0.0400281,-0.000649027,0,0,1
5949,147.269,-569.268,-14.1573,1.13622,1.00419,0.992587,0.995134,0.652776,0.0787131,-0.00116116,0,0,1
5950,7.58229,27.0868,2.08359,1.19639,1.01707,0.993331,1.0048,1.14846,-0.139873,-0.000249514,0,0,1
5951,17.1997,61.2239,-0.255654,1.06924,1.0252,1.00756,0.99973,0.676583,0.00350535,-0.00120976,0,0,1
5952,10.8343,38.8225,3.22982,0.777678,0.995638,0.973964,0.968371,0.814741,-0.116232,0.000127481,0,0,1
5953,6.75648,-24.106,-1.81108,0.721439,0.987671,0.975519,1.0293,1.25696,0.151259,0.000362052,0,0,1
5954,13.471,48.0703,3.13455,1.09961,0.98972,1.00051,1.01625,0.81336,-0.0713546,-0.000206561,0,0,1
5955,3.50177,12.4946,1.23449,0.872862,1.00581,1.00068,0.977703,1.08706,-0.317912,-0.000212671,0,0,1
5956,7.8088,-27.8732,-2.17085,1.08431,0.987028,0.998726,1.02251,1.25157,0.138237,0.000106648,0,0,1
5957,5.88567,20.8302,1.12441,1.04627,0.982953,1.01006,1.02109,1.13938,-0.113467,-0.00125985,0,0,1
5958,10.5167,-38.0358,-4.332,0.978537,0.982661,1.00276,1.004,0.791813,0.177947,-0.00119034,0,0,1
5959,8.86915,31.999,3.50935,0.839506,1.00225,1.00893,0.971318,0.927674,-0.190085,0.00103934,0,0,1
5960,12.9119,-46.0753,-3.33615,0.783563,0.982526,0.998413,1.03166,0.996056,0.0836922,5.32177e-05,0,0,1
5961,3.83059,-13.5277,-0.604121,0.946514,0.985414,0.998588,1.00356,1.00404,0.127278,0.0028349,0,0,1
5962,8.32836,-29.6692,-1.79042,1.38314,0.996159,0.986412,0.995273,0.990871,0.100483,0.000650569,0,0,1
5963,3.40354,12.1481,1.07578,1.03717,1.0409,1.00859,1.01538,1.02767,-0.283139,-0.00109222,0,0,1
5964,18.9133,-67.4671,-3.60192,1.12763,1.00381,0.988393,0.993944,0.940446,0.0436853,0.000298676,0,0,1
5965,48.101,-173.312,-14.1318,0.915975,1.02202,0.996977,1.01228,1.11934,0.0294238,-8.6791e-05,0,0,1
5966,9.654,34.3209,0.626823,1.23187,1.01059,0.989113,0.948914,1.03487,-0.0258685,-0.00161979,0,0,1
5967,72.2329,272.04,37.7137,1.21109,1.01673,1.00377,1.00522,1.17723,-0.0599252,0.000720819,0,0,1
5968,18.5701,68.2921,8.78247,1.31551,1.00424,1.02092,1.02552,1.15966,-0.1366,0.00126846,0,0,1
5969,26.427,-93.8655,-1.91413,0.704686,1.00444,1.00824,1.01355,1.0644,0.0116501,0.000529363,0,0,1
5970,34.4355,122.866,-3.25728,1.10746,1.02428,0.99634,0.977096,1.02966,0.0117921,-0.0007887,0,0,1
5971,68.9202,-246.966,12.7121,1.12761,1.02815,0.984723,0.999455,1.3384,-0.0125742,0.000518566,0,0,1
5972,211.868,812.735,-93.8517,0.854963,0.989465,0.992245,0.992979,1.06729,0.0321834,-0.000685365,0,0,1
5973,8.34169,-29.6172,-1.97295,0.663415,0.980094,1.00804,1.01216,0.803981,0.108667,0.000401416,0,0,1
5974,6.41224,22.8109,1.25023,0.834488,1.02096,1.00545,1.00603,0.889194,-0.109769,-0.00119674,0,0,1
5975,8.87072,31.8523,3.00021,0.939283,0.998266,0.993213,1.05661,0.976125,-0.157425,0.000462717,0,0,1
5976,11.5631,41.1681,1.83739,1.1882,0.998937,0.99388,0.986931,1.29556,-0.0548289,-0.000751558,0,0,1
5977,10.3438,36.6766,1.68729,1.30301,0.981394,1.00588,0.953552,1.12509,-0.0609564,-0.000780617,0,0,1
5978,22.6589,82.637,8.96017,0.952265,1.01861,0.995716,1.00086,1.06491,-0.0867596,0.000587889,0,0,1
5979,26.5938,-96.1912,9.16189,1.17462,0.978799,1.00761,0.969323,0.898625,-0.0614463,0.00180835,0,0,1
5980,7.91178,-28.3511,-2.69524,0.783673,0.979353,1.00012,0.974678,1.03213,0.173282,-0.000531703,0,0,1
5981,17.6282,-63.0944,-4.60522,0.966255,1.00514,0.996071,0.967115,0.74696,0.0653604,-1.22578e-06,0,0,1
5982,8.12031,28.8586,0.974675,0.812982,1.01107,1.00466,0.980954,1.40595,-0.0550188,-0.00146043,0,0,1
5983,9.48221,-33.959,-2.896,0.731874,1.02045,1.00953,0.999194,1.14284,0.131464,-0.000169355,0,0,1
5984,4.77645,-17.0748,-1.58531,1.41348,1.02037,0.997991,1.02935,0.879387,0.242477,5.91754e-05,0,0,1
5985,4.16095,14.7229,0.741251,1.10116,1.00374,1.02063,1.02273,1.23374,-0.134874,-0.00225989,0,0,1
5986,9.87219,35.0537,1.40342,1.21764,0.945493,0.9967,0.965228,0.824697,-0.0545741,-0.000922969,0,0,1
5987,40.3258,153.665,19.5038,1.14667,1.02857,1.00708,1.04606,1.31887,-0.15735,0.00209728,0,0,1
5988,23.2103,-82.3622,1.0431,0.769362,0.987024,0.987268,0.970897,0.850751,-0.00821512,0.000985036,0,0,1
5989,6.44909,-22.8695,-1.17676,1.2108,0.951866,0.986394,0.987497,1.0083,0.102288,0.00116217,0,0,1
5990,5.87211,-20.7945,-0.705779,0.822897,0.994098,0.996106,0.998416,0.845995,0.0713036,0.00208537,0,0,1
5991,9.77474,34.6884,1.91618,0.791727,0.973288,0.989027,1.02521,1.1074,-0.0783228,-0.000620779,0,0,1
5992,7.21095,-26.1808,-3.35708,1.14665,0.996221,1.00768,1.01666,1.03694,0.27877,-0.00202325,0,0,1
5993,11.3917,-40.6944,-3.26792,1.04161,0.947752,1.00624,1.02393,1.15944,0.103974,-0.000171876,0,0,1
5994,114.569,-407.023,6.02268,0.862108,1.0062,1.00353,1.01937,0.954666,-0.00213411,0.00020738,0,0,1
5995,24.0148,-87.7545,-10.9411,1.09792,0.987187,1.01844,1.02794,1.11523,0.102515,-0.000941337,0,0,1
5996,3.60827,-12.8747,-1.28902,0.734488,1.00172,1.00395,1.02856,0.784962,0.31781,6.94659e-06,0,0,1
5997,21.5732,-78.3018,-7.66414,1.00332,1.02683,0.987915,0.986699,1.02843,0.0797818,-0.000413154,0,0,1
5998,32.3139,-117.508,-13.4971,1.06197,0.970048,0.997051,0.991534,1.42709,0.0689277,-0.00057523,0,0,1
5999,7.3206,26.1146,1.77574,1.24956,1.00585,0.996044,0.967607,0.957247,-0.125618,-0.000541901,0,0,1
6000,233.18,-864.978,-113.599,0.937259,1.01899,0.988176,1.04057,0.921944,0.0144964,-0.000156164,0,0,1
6001,4.70505,16.7703,1.31562,1.00406,1.0106,1.01264,0.992045,0.671334,-0.201737,-0.000678521,0,0,1
6002,9.8378,35.2213,-1.91223,1.11567,1.02288,1.00128,0.970795,0.966674,0.0775143,-0.00338764,0,0,1
6003,8.9565,-32.163,-3.11217,1.09196,0.998916,1.00019,1.00126,0.29945,0.161833,-0.000574443,0,0,1
6004,9.46764,-33.6183,-1.65949,1.05846,0.99483,1.00425,1.05248,0.996985,0.0715503,0.000803451,0,0,1
6005,3.54793,12.6677,1.31647,1.05668,0.984374,0.983839,1.05864,0.87968,-0.338001,0.000183765,0,0,1
6006,11.9166,-42.2902,-2.40213,0.972154,0.97815,1.00279,0.995673,0.93531,0.0680741,0.000421739,0,0,1
6007,15.3355,54.3486,0.933906,0.947011,0.990236,1.00081,1.03615,0.897018,-0.0158199,-0.000979789,0,0,1
6008,10.5138,37.7229,3.32777,1.01624,0.990587,1.00472,1.05364,0.934237,-0.125609,0.000314586,0,0,1
6009,15.383,-54.5709,1.69483,1.10797,0.989782,1.00905,1.01336,1.18283,-0.0289327,0.00174383,0,0,1
6010,13.0015,-46.1105,0.214045,0.923786,1.00085,1.00528,0.984514,1.18955,-0.0050139,0.00157431,0,0,1
6011,29.3517,106.156,10.5607,1.44081,0.983202,0.993568,1.01347,0.74105,-0.0596261,0.000353584,0,0,1
6012,14.2237,50.6763,2.88997,0.800853,0.976837,0.98042,0.984387,1.15319,-0.0592733,-0.00035412,0,0,1
6013,8.2519,29.3841,2.32494,1.14517,0.962905,0.989758,1.03411,1.31139,-0.133724,-1.98127e-05,0,0,1
6014,37.8457,-134.213,-0.651495,1.30656,0.988293,0.991404,1.05203,0.742691,0.00199799,0.00047893,0,0,1
6015,10.3275,36.9935,3.05704,0.742641,1.01137,1.00701,1.02124,0.926362,-0.118134,0.000123801,0,0,1
6016,11.0524,-39.2078,-1.06293,1.05654,0.993861,0.993199,0.993025,0.952128,0.0341804,0.00117494,0,0,1
6017,23.1943,82.7456,-2.39458,1.23498,1.01679,1.01037,1.00388,1.3215,0.0185737,-0.00116756,0,0,1
6018,17.5237,-62.5009,2.26334,1.14415,1.00692,0.995604,0.987547,1.25795,-0.0309806,0.00166973,0,0,1
6019,8.58164,-30.4676,0.0407742,1.03608,1.01188,1.00648,1.05194,1.07357,-0.00207019,0.00231182,0,0,1
6020,4.9582,17.7288,1.65903,1.1186,1.00703,1.0051,1.00188,0.910507,-0.238709,0.000120825,0,0,1
6021,7.38337,-26.3112,-1.99351,0.743005,0.990388,1.00638,1.00321,0.828236,0.139171,0.000214727,0,0,1
6022,16.758,60.4979,5.09255,1.08876,1.02408,0.984108,1.03069,0.661229,-0.0814579,0.000173935,0,0,1
6023,11.9556,42.4408,-0.403381,1.14937,1.00476,1.00916,1.01824,1.1152,0.0108899,-0.00180537,0,0,1
6024,10.8535,38.5305,2.12708,0.891124,0.982427,1.01333,1.00061,1.00702,-0.0706739,-0.000514851,0,0,1
6025,17.6779,64.6185,7.54082,1.19491,1.0147,1.00232,0.963828,0.758954,-0.120543,0.000919535,0,0,1
6026,45.9935,-170.122,-22.0118,0.973796,0.990536,1.00225,0.994179,1.23387,0.0649997,-0.000670705,0,0,1
6027,46.5254,176.275,22.1314,0.797192,0.974497,1.00555,0.970089,1.16222,-0.123686,0.00163377,0,0,1
6028,5.79504,20.7652,2.01608,1.16237,1.0133,0.996452,1.01391,0.924934,-0.223585,0.000369488,0,0,1
6029,6.06871,-21.5968,-1.33871,0.912156,1.00243,0.99778,0.997584,1.27319,0.131198,0.000981571,0,0,1
6030,8.39347,30.4933,3.57238,1.11552,1.01374,0.999403,1.0001,0.779237,-0.219504,0.00135053,0,0,1
6031,2.74416,-9.753,-1.04048,1.1033,0.971457,0.996445,0.951372,0.899333,0.398914,0.000199793,0,0,1
6032,41.7549,-150.309,12.1898,0.72511,0.991372,1.00666,1.0046,1.06624,-0.032995,0.00104623,0,0,1
6033,2.95333,-10.4942,-0.978134,1.16279,0.984635,0.994222,0.923805,0.874986,0.329478,0.0009713,0,0,1
6034,5.80044,20.6984,1.66249,1.07777,0.996628,0.992963,1.0035,0.89537,-0.180396,-0.000306735,0,0,1
6035,4.294,15.2507,1.10091,0.575485,0.998152,1.00976,0.971676,0.866732,-0.195149,-0.00114359,0,0,1
6036,71.2045,255.111,4.64803,0.952792,1.04337,0.996565,1.00233,0.935049,-0.0039322,-0.000217911,0,0,1
6037,8.09705,-28.7675,-1.8734,0.757511,0.983179,1.00041,0.980424,1.17763,0.109195,0.000492703,0,0,1
6038,19.5177,69.9689,-4.07786,0.939451,1.00008,0.989338,0.999787,1.0624,0.0461062,-0.00182711,0,0,1
6039,7.49955,26.6479,1.50461,1.0606,0.958758,1.01743,0.960658,0.6561,-0.0976954,-0.000746555,0,0,1
6040,5.90823,-21.1251,-1.92139,0.892473,1.01024,1.00719,0.999352,0.657046,0.204462,-0.000173199,0,0,1
6041,7.81667,27.8966,1.94681,0.834003,1.00409,0.998945,1.0184,1.12873,-0.122622,-0.00040941,0,0,1
6042,10.1186,-36.0821,-2.79786,0.910281,0.987055,1.0126,1.05125,0.681746,0.1101,-1.20731e-05,0,0,1
6043,45.267,-165.504,-18.7911,0.810326,0.998302,0.989756,1.00087,0.75621,0.0501199,-0.000410516,0,0,1
6044,48.6916,178.26,-20.5961,1.00614,0.991884,1.00578,1.00767,1.09438,0.0457258,-0.00121736,0,0,1
6045,12.8534,-45.7396,-2.51346,1.14327,0.985304,0.989735,0.948001,1.20892,0.0624945,0.000439268,0,0,1
6046,4.8897,-17.2842,-0.822834,1.41939,0.975014,1.00502,0.966829,1.21971,0.114893,0.00188025,0,0,1
6047,7.37546,-26.4852,-2.27156,1.01368,1.02796,0.991185,1.0102,0.801225,0.163469,-3.65425e-05,0,0,1
6048,8.5963,-30.7283,-2.03733,0.910176,1.02831,0.988138,1.01281,1.14389,0.108414,0.000511169,0,0,1
6049,93.2224,355.889,35.7764,1.21528,0.991564,0.999462,1.00943,1.07028,-0.0820598,0.00114144,0,0,1
6050,4.74076,16.9152,1.43368,1.12991,1.00183,0.998076,0.993604,0.782675,-0.220415,-0.000379812,0,0,1
6051,5.99025,-21.2667,-1.57495,1.28564,0.979209,1.01444,1.01845,1.18751,0.157646,0.000428122,0,0,1
6052,8.56362,-30.3786,-1.84861,1.04393,0.97284,0.99746,0.970479,1.11307,0.0969749,0.000554656,0,0,1
6053,32.5978,119.731,14.356,0.664425,1.0135,1.01256,1.00977,1.1835,-0.0728634,0.000631909,0,0,1
6054,5.83344,-21.1235,-2.48206,1.10702,1.02093,1.00152,1.01789,1.09759,0.285509,-0.00141538,0,0,1
6055,19.8184,-70.2291,-2.39514,1.06154,0.972711,0.983663,0.987914,1.09212,0.0257057,0.000531301,0,0,1
6056,3.78349,-13.4508,-1.0645,1.04489,1.00338,0.992425,1.01056,1.30033,0.237547,0.00118338,0,0,1
6057,16.7513,-60.3556,-5.8762,1.16688,0.981561,1.0005,1.03048,1.04144,0.096759,-0.00050169,0,0,1
6058,2.93142,10.4005,1.02213,1.22514,0.979663,1.00601,1.01659,0.816581,-0.348562,-0.000568088,0,0,1
6059,36.181,-128.88,3.9335,0.718677,1.03318,1.00522,0.985257,1.35239,-0.0132678,0.000785197,0,0,1
6060,6.75845,-24.0529,-1.36916,1.12594,1.00962,1.00698,1.0526,0.991465,0.109894,0.000998175,0,0,1
6061,11.3996,-40.9759,-2.86771,1.06491,1.0506,0.998355,1.00347,0.644819,0.0920377,0.000222607,0,0,1
6062,7.5394,-26.7708,-0.593385,0.889585,1.02758,1.01056,0.989519,1.01848,0.038323,0.00195495,0,0,1
6063,4.28325,15.3787,1.69958,1.06315,1.01589,0.999636,1.00557,0.728775,-0.319835,0.00077848,0,0,1
6064,6.93112,-24.8706,-2.46589,1.15865,1.01165,0.999929,1.00594,1.10308,0.201769,-0.000578062,0,0,1
6065,22.5989,81.0294,5.92454,0.864523,1.0024,0.993549,0.996539,0.734429,-0.0517971,1.46467e-05,0,0,1
6066,166.45,806.535,-348.38,1.13333,1.00647,1.00722,1.01985,0.783917,-0.118142,0.00188883,0,0,1
6067,4.15355,-14.7107,-0.989129,1.13923,0.987523,1.00923,1.05579,1.10646,0.184276,0.00142531,0,0,1
6068,7.27235,-26.1007,-2.59312,0.53811,1.00582,1.00936,1.00122,1.01078,0.195332,-0.000650792,0,0,1
6069,18.9957,-68.3459,-6.25797,0.696362,1.01697,1.00965,0.986522,1.09017,0.0792862,-0.00031917,0,0,1
6070,4.92109,-17.5307,-1.72042,0.721136,0.979817,1.02998,1.00117,1.09624,0.249712,-0.000508694,0,0,1
6071,3.17904,11.3156,1.06862,1.01829,1.01831,1.0025,1.00665,1.23822,-0.318188,-0.000840136,0,0,1
6072,11.1285,-39.9325,-4.04537,0.898517,0.966059,1.00845,0.995594,0.851957,0.141328,-0.000725307,0,0,1
6073,4.41192,-15.7371,-1.42711,0.972073,0.978541,0.980686,0.975001,1.09153,0.251913,0.000159698,0,0,1
6074,126.557,481.576,-61.7201,1.0456,0.967992,1.00938,0.9833,1.30225,0.0423741,-0.000926207,0,0,1
6075,8.09862,-28.7966,-1.35189,0.912546,1.02397,0.991929,1.01205,0.588496,0.0784499,0.00114056,0,0,1
6076,5.29694,19.0838,2.12498,0.949356,1.02224,1.00848,0.99755,1.03528,-0.280668,0.00102568,0,0,1
6077,3.96785,14.1787,1.2632,0.983332,1.01128,0.970814,0.952658,0.999797,-0.263383,-0.000694826,0,0,1
6078,8.75496,-31.4793,-3.15943,0.9517,0.991079,1.00955,0.98203,0.966782,0.171915,-0.000737002,0,0,1
6079,22.6982,82.4897,9.39976,1.08376,0.980735,1.0033,0.972819,0.95349,-0.0919852,0.000714708,0,0,1
6080,16.6562,-59.6726,-5.21418,1.24307,0.980968,1.01327,0.985386,0.954832,0.0827833,-0.000283257,0,0,1
6081,19.6215,-70.5198,-6.2683,1.17571,1.00579,1.00118,0.994795,0.998733,0.0747354,-0.000275235,0,0,1
6082,34.3368,-122.867,7.1384,1.03209,1.01161,0.992238,0.990739,1.3418,-0.0275249,0.00106678,0,0,1
6083,4.69321,-16.8285,-1.6122,0.769595,1.03036,1,0.99438,1.22072,0.254825,-4.3801e-05,0,0,1
6084,16.708,-59.1531,-0.321488,1.12618,0.978534,0.983817,0.96382,0.687759,0.00474723,0.00108119,0,0,1
6085,4.39078,15.5914,1.06578,1.18882,0.991093,0.998719,0.956474,0.973475,-0.181943,-0.00129844,0,0,1
6086,12.7079,-45.0499,-2.0047,1.30507,0.984885,1.02032,0.955798,0.877157,0.0492957,0.000617069,0,0,1
6087,5.50726,-19.6567,-1.76115,1.07653,0.978072,0.992189,0.970523,1.09287,0.211545,-9.93589e-05,0,0,1
6088,3.96285,-14.1078,-1.16414,1.2619,0.99548,0.996435,1.00566,0.720973,0.241134,0.000818869,0,0,1
6089,6.84735,24.592,2.28684,0.691367,1.02673,1.0024,1.0459,0.950565,-0.187776,0.000279354,0,0,1
6090,13.8018,49.1995,2.36041,1.14901,1.02872,1.00219,0.96252,1.01313,-0.050681,-0.000574508,0,0,1
6091,24.8432,88.5753,3.25116,0.871204,1.00573,1.00443,1.00565,1.20895,-0.0222142,-0.000399367,0,0,1
6092,14.0143,-50.423,-4.80707,0.870524,1.00705,1.00077,1.00308,0.849405,0.109478,-0.000461685,0,0,1
6093,122.022,450.269,-53.317,0.56987,1.022,1.00817,1.01277,0.922233,0.0193302,-0.000509642,0,0,1
6094,6.29649,-22.4771,-1.784,0.924146,0.989707,0.985838,1.05155,1.3618,0.168565,0.000247528,0,0,1
6095,839.058,6978.37,2514.73,1.03431,1.02609,1.01012,0.959222,1.07728,0.0130128,-0.000230624,0,0,1
6096,3.3171,-11.7319,-0.731687,1.09642,0.977246,0.979931,1.04214,1.01334,0.199524,0.00249518,0,0,1
6097,15.7504,-56.3029,-4.47125,0.845818,0.97956,1.00327,1.00642,0.644967,0.0779552,-0.000125322,0,0,1
6098,7.63069,-27.5605,-3.21979,0.850341,0.994944,1.00777,1.05028,1.11686,0.23398,-0.00143318,0,0,1
6099,7.11838,26.118,3.61438,1.05704,1.00762,0.997814,0.992519,0.767575,-0.323975,0.00266455,0,0,1
6100,6.33375,22.5509,1.84034,1.20342,0.968899,1.02451,1.02328,1.12598,-0.167986,-1.60382e-05,0,0,1
6101,7.24125,25.8278,2.00148,0.921589,0.983138,0.994366,1.00475,1.14301,-0.145437,-0.000182671,0,0,1
6102,10.0142,35.4309,0.276713,1.20952,0.994212,1.01378,1.0218,1.13283,-0.0103446,-0.0017156,0,0,1
6103,5.36178,19.165,1.73725,1.02047,1.00355,1.00761,0.988813,1.08956,-0.217848,8.96962e-05,0,0,1
6104,27.4634,-102.298,-13.7632,1.12142,1.02776,1.00385,1.0025,1.06617,0.113133,-0.00116836,0,0,1
6105,2.91175,-10.3312,-0.863371,0.861565,0.993619,0.998212,1.01602,0.986046,0.294253,0.00168036,0,0,1
6106,5.52965,19.6795,1.26236,1.01287,1.00758,1.004,1.074,1.25308,-0.14498,-0.00105172,0,0,1
6107,223.386,-906.484,-118.833,1.12895,0.994911,0.999908,1.00885,0.771395,-0.0747165,0.00145477,0,0,1
6108,23.5589,83.6315,0.470714,0.905252,0.972766,1.00553,1.01507,1.14939,-0.00343938,-0.00073553,0,0,1
6109,3.7208,13.2123,0.923768,1.15204,1.00736,1.00397,1.00309,0.965013,-0.20864,-0.00169537,0,0,1
6110,18.656,66.736,5.52424,1.06823,0.975726,1.01295,1.01003,1.2748,-0.0690609,0.000177793,0,0,1
6111,21.3422,-75.8621,1.2895,1.08865,1.00433,1.00406,1.02248,0.918666,-0.0118672,0.00111832,0,0,1
6112,7.54418,-26.8263,-1.90567,1.01537,0.996844,1.02309,1.01295,0.940293,0.125674,0.000346997,0,0,1
6113,5.26201,-18.8023,-1.6878,0.916772,1.00887,1.01606,1.00497,1.13891,0.217813,-4.36865e-05,0,0,1
6114,7.15116,-25.4022,-1.58905,0.753354,1.0027,1.02277,0.950889,1.35586,0.114275,0.000692097,0,0,1
6115,7.89625,-28.1081,-1.5918,1.38852,1.01094,0.999616,0.980379,1.13067,0.0973404,0.000825774,0,0,1
6116,27.8909,101.043,10.4913,0.85968,1.00413,1.00497,1.0028,0.879249,-0.0655965,0.000415091,0,0,1
6117,14.2165,51.9243,6.43494,1.16888,0.995087,1.0028,1.04348,0.783822,-0.158008,0.00130101,0,0,1
6118,5.55538,19.7455,1.36165,1.17789,0.956692,1.00902,1.01035,1.0923,-0.15429,-0.000666178,0,0,1
6119,3.20926,11.3625,1.00173,0.98937,0.971567,1.00244,0.943461,1.29079,-0.293032,-0.000907894,0,0,1
6120,6.63681,-23.9307,-2.67084,0.834205,1.0055,0.992781,1.05961,1.07553,0.243189,-0.00113009,0,0,1
6121,3.29078,11.7191,1.21137,0.942384,0.952028,1.01493,1.00053,0.976939,-0.347681,0.000366846,0,0,1
6122,13.3274,-47.2167,-0.802177,1.17629,0.968432,0.99723,0.9543,0.883321,0.0179855,0.00110401,0,0,1
6123,7.31862,25.8903,0.801867,0.64957,0.984477,0.997772,0.977401,0.659591,-0.0542316,-0.00168869,0,0,1
6124,31.0127,111.632,9.2044,0.959137,1.01791,1.00087,1.01024,0.706689,-0.0440583,0.000113444,0,0,1
6125,4.67867,-16.7022,-1.65269,0.983113,0.9723,0.992653,0.971213,0.879118,0.265786,-0.000415117,0,0,1
6126,18.6041,66.2095,-1.90593,0.930829,0.986305,0.985002,0.979774,0.86787,0.0227163,-0.00145085,0,0,1
6127,23.2876,85.7861,10.9698,0.759296,0.984552,0.987043,1.04805,0.95407,-0.113888,0.00107405,0,0,1
6128,28.025,104.639,14.5311,0.983629,0.975425,1.00624,1.01911,0.8806,-0.12694,0.00144258,0,0,1
6129,7.7595,-27.7923,-2.52908,1.24855,0.994849,1.01443,1.07912,0.958298,0.166027,-0.000372204,0,0,1
6130,4.95411,-17.8128,-1.72275,1.03665,1.02972,0.984891,1.01238,1.0152,0.25149,-0.000133777,0,0,1
6131,3.22015,-11.4109,-1.03658,0.999444,0.978691,1.00664,1.00943,0.791429,0.301836,0.000753793,0,0,1
6132,19.3943,69.4074,4.60021,0.670378,0.997233,0.998441,1.05499,0.746701,-0.0529725,-9.55629e-05,0,0,1
6133,5.82432,20.8676,1.83343,0.720537,1.02997,1.00192,1.00013,0.868778,-0.197603,-7.54179e-05,0,0,1
6134,9.91859,35.2529,0.980244,0.853915,1.00976,1.00284,0.960291,1.32111,-0.0382442,-0.00131352,0,0,1
6135,6.91138,-24.444,-0.805215,0.651117,0.984664,0.994599,1.03905,0.816219,0.0608204,0.00174334,0,0,1
6136,21.4253,-77.5575,-8.35654,0.9291,0.994936,1.00104,1.02425,1.02595,0.0893289,-0.000608142,0,0,1
6137,103.74,709.279,-309.705,1.38063,0.98915,1.01107,0.96948,0.98249,-0.104065,0.0017784,0,0,1
6138,5.90337,-21.0546,-1.71611,0.89485,0.991212,1.00032,1.01306,0.98936,0.180289,0.00019925,0,0,1
6139,400.715,1603.33,127.278,0.924754,1.00086,1.00059,0.950883,0.925097,0.038647,-0.000758393,0,0,1
6140,7.96557,28.3662,1.60172,0.886604,1.02083,0.999422,0.989609,1.51322,-0.0958754,-0.000853236,0,0,1
6141,11.854,-42.7136,-4.3832,1.40684,0.993056,0.998844,1.00411,1.1439,0.139451,-0.000728604,0,0,1
6142,221.43,873.29,20.3566,1.12636,1.02862,0.979465,1.0032,1.08934,0.065026,-0.00129077,0,0,1
6143,22.6419,-85.0074,-12.0364,0.960844,0.97987,0.99462,0.999292,1.01738,0.187068,-0.00225148,0,0,1
6144,2.71018,9.63294,0.932448,0.691512,1.00075,0.987378,1.02271,0.720013,-0.360682,-0.00123108,0,0,1
6145,7.45207,26.5018,1.66976,1.39031,0.986596,0.995957,1.04704,1.33856,-0.112705,-0.000661351,0,0,1
6146,9.52863,-34.4775,-3.5246,0.685847,1.01368,0.977648,1.03265,1.09195,0.168385,-0.00072012,0,0,1
6147,8.77936,-31.3735,-2.03808,1.23764,1.0298,0.990459,1.05545,0.898308,0.10413,0.000530599,0,0,1
6148,16.727,62.2051,8.78773,1.12903,0.994625,1.00214,1.02213,1.17288,-0.188768,0.00199719,0,0,1
6149,297.804,1140.28,98.5371,0.875461,0.990407,1.00925,0.97968,1.36165,-0.0283882,0.000402384,0,0,1
6150,5.39681,-19.0823,-0.567054,0.908557,0.990949,0.997307,1.03618,1.13307,0.0661555,0.00244745,0,0,1
6151,7.8899,-28.3582,-2.88193,1.13284,1.00753,0.99756,0.982242,1.25703,0.189169,-0.000710685,0,0,1
6152,4.65703,16.5493,1.30333,0.811966,0.999592,1.02391,1.01902,1.50013,-0.201412,-0.000620723,0,0,1
6153,7.42044,26.4986,2.00113,0.977205,1.02263,1.00133,0.985392,0.873707,-0.138789,-0.000310853,0,0,1
6154,5.20813,18.5496,1.34083,0.734917,1.0122,0.996257,0.997837,0.855401,-0.172814,-0.000856669,0,0,1
6155,180.362,-710.65,39.8149,0.850319,1.00045,0.996925,1.01487,0.853225,0.0812041,-0.00123295,0,0,1
6156,11.6474,-41.6313,-2.98348,1.06475,0.995083,0.985784,0.951802,1.26842,0.0922715,0.000118341,0,0,1
6157,6.42322,-22.9105,-1.68547,0.893788,1.01016,1.00099,0.998378,0.636967,0.151491,0.00047323,0,0,1
6158,4.2846,15.3005,1.53926,0.911799,0.989319,1.01402,1.02951,1.15668,-0.284637,0.000403001,0,0,1
6159,20.0799,71.2701,1.98352,0.859046,0.980137,0.985619,1.02769,0.951683,-0.020337,-0.000615612,0,0,1
6160,2.44236,-8.69125,-0.944941,1.42379,1.00766,1.00289,1.00818,0.937166,0.431947,0.000741241,0,0,1
6161,5.28373,18.8271,1.72553,0.837331,0.981359,1.0143,0.958327,0.921386,-0.219736,0.000184617,0,0,1
6162,31.3692,112.905,9.42441,0.931377,1.00878,1.02124,1.0134,0.945063,-0.0438282,0.00013852,0,0,1
6163,15.7812,-56.7642,-5.24663,0.816202,1.01057,1.00065,1.01041,1.50204,0.0949677,-0.000368768,0,0,1
6164,8.45615,30.13,1.83131,1.22143,0.995168,0.995403,0.962804,1.05368,-0.0987157,-0.000614033,0,0,1
6165,5.01863,-17.9371,-1.68547,0.985297,0.982822,0.992746,0.955229,0.755577,0.239378,-0.000210313,0,0,1
6166,7.13941,-25.402,-1.12621,0.799688,1.02662,0.984152,0.994879,1.20051,0.0818934,0.00145161,0,0,1
6167,4.64034,16.4572,1.10046,0.977745,0.984566,0.99587,0.883053,1.00595,-0.170805,-0.00123867,0,0,1
6168,10.595,-38.3219,-3.90243,0.756598,1.01496,0.985873,0.958265,1.19894,0.152935,-0.000691971,0,0,1
6169,11.9079,-43.0736,-4.56853,1.03339,1.00488,0.987692,1.0488,0.937348,0.145889,-0.000799491,0,0,1
6170,6.37687,22.7589,1.66394,1.22411,1.00985,0.976037,1.00581,1.05972,-0.151985,-0.000590094,0,0,1
6171,3.73277,13.2861,1.26903,1.16073,0.983355,1.00518,1.01254,0.879941,-0.292627,-0.000139706,0,0,1
6172,4.14807,14.7686,1.17975,1.3038,0.998602,0.989183,1.02449,0.875297,-0.226278,-0.000910159,0,0,1
6173,27.9574,103.034,13.6465,1.02705,0.96901,1.00998,1.00719,0.859884,-0.103001,0.00105795,0,0,1
6174,2.79129,9.9157,0.914349,0.713182,1.00179,1.00742,1.09058,0.889106,-0.334481,-0.00127106,0,0,1
6175,4.05841,-14.5133,-1.49974,1.18623,1.00756,0.987263,1.01443,1.01267,0.306651,-0.00026498,0,0,1
6176,5.43276,-19.2725,-1.24657,0.901783,0.983378,0.994653,1.02859,1.42506,0.147689,0.00102489,0,0,1
6177,6.21847,-22.0757,-0.882811,1.11496,1.02769,1.00261,1.01751,0.954811,0.0812682,0.00181037,0,0,1
6178,18.6163,-66.6219,-5.28808,1.19224,0.983679,1.00632,1.01549,0.77757,0.0671989,-0.000127044,0,0,1
6179,24.1297,85.6388,0.26911,0.99625,1.00561,1.01903,1.00833,0.866366,-0.00186816,-0.000757651,0,0,1
6180,43.993,157.331,-6.06042,1.06169,1.00847,0.996027,0.9841,1.40639,0.013627,-0.000688438,0,0,1
6181,17.0412,62.3248,7.44663,1.07612,1.01351,1.0113,0.996389,1.15005,-0.128345,0.00102217,0,0,1
6182,83.4142,-311.708,-42.4868,0.692335,1.0488,1.00281,1.01427,1.31687,0.0462645,-0.000525716,0,0,1
6183,6.9933,25.2832,2.80871,0.774907,1.02186,1.0059,0.996567,0.935008,-0.231623,0.00109165,0,0,1
6184,9.77295,34.8104,2.05711,1.22812,0.990668,0.994149,0.966676,1.29545,-0.084805,-0.000534519,0,0,1
6185,3.69337,13.1646,1.19537,1.18112,1.01075,0.982464,0.988572,1.31013,-0.280037,-0.000713621,0,0,1
6186,12.7209,-46.1076,-4.51458,0.977733,1.05054,1.00249,1.01976,1.14027,0.12454,-0.000514112,0,0,1
6187,2.74741,9.74238,0.864859,0.880511,0.991458,1.00995,0.984752,0.656047,-0.322197,-0.00148371,0,0,1
6188,4.51573,16.046,1.19788,0.896369,0.996129,1.01087,0.98323,1.02235,-0.195402,-0.00090559,0,0,1
6189,167.51,641.913,-61.8891,0.638336,1.00178,0.994596,1.01192,1.46559,0.0482938,-0.00100944,0,0,1
6190,10.8044,38.5384,2.22945,1.19152,1.00089,0.98555,1.01927,1.34818,-0.0772505,-0.000513713,0,0,1
6191,335.948,1304.05,33.1383,1.30746,0.989569,1.00456,1.00812,1.05494,-0.0338625,0.000500171,0,0,1
6192,5.17435,-18.3636,-1.39775,0.581449,0.989547,1.01858,1.02444,1.2914,0.180487,0.00055562,0,0,1
6193,10.6032,39.0966,5.38887,0.871528,1.00273,0.996289,1.04074,1.0747,-0.246367,0.0022759,0,0,1
6194,246.726,-1017.21,184.783,1.12499,0.994643,1.00807,0.936793,0.883836,0.0719234,-0.00111929,0,0,1
6195,66.9563,-239.621,-15.1523,1.19705,1.00922,0.97779,1.02238,0.83677,0.0160842,2.63402e-05,0,0,1
6196,134.815,-525.692,5.54289,1.26249,0.990632,1.00657,0.941879,0.669258,0.093345,-0.00139699,0,0,1
6197,9.04426,-32.2013,-1.69831,0.974745,1.0128,1.00751,0.97865,0.756565,0.0804804,0.000776786,0,0,1
6198,100.543,-358.174,-15.5389,0.774582,0.997962,0.999864,1.0211,0.936242,0.0071181,7.0351e-05,0,0,1
6199,6.03741,21.3461,0.298793,0.979736,0.981183,0.99203,0.998724,0.851914,-0.028385,-0.00270294,0,0,1
6200,47.6037,178.984,24.6535,1.11735,0.98502,0.997432,1.01315,0.911347,-0.0850994,0.00100965,0,0,1
6201,21.5629,-76.9948,-4.4788,1.08877,1.01527,0.983514,1.01408,0.939001,0.0425875,0.000205915,0,0,1
6202,2.56536,-9.12467,-1.04237,0.98583,0.97843,1.00238,1.01121,1.29609,0.447827,-0.000121156,0,0,1
6203,6.74362,-24.0039,-1.41426,0.922908,1.00851,1.00759,0.982388,1.54599,0.114111,0.000927734,0,0,1
6204,25.2393,89.7141,1.15556,1.17856,0.98692,0.983465,1.0614,0.978424,-0.00757166,-0.000645988,0,0,1
6205,15.3558,-54.4546,-1.58709,1.14388,0.991079,0.996971,1.01956,0.939457,0.027452,0.000785943,0,0,1
6206,13.944,-49.7717,-1.42692,1.12441,1.03776,0.983011,1.02112,1.02707,0.0303627,0.000956441,0,0,1
6207,63.5533,-241.758,-25.6187,1.19662,1.02973,0.999354,1.03401,1.07756,0.121937,-0.00168666,0,0,1
6208,4.31087,15.3422,1.19127,0.845612,1.02165,1.00654,1.06502,0.813998,-0.211644,-0.000976093,0,0,1
6209,8.96919,32.1559,2.847,1.04853,0.986861,0.994602,1.01088,0.891379,-0.14455,0.000300826,0,0,1
6210,505.182,1824.68,-61.1798,1.13809,1.01367,0.999242,1.00975,0.909992,0.000826325,-5.31813e-05,0,0,1
6211,8.32524,-29.6699,-1.87148,0.675175,1.00378,1.00044,0.96752,1.01662,0.104629,0.000555314,0,0,1
6212,5.34595,19.2293,2.12014,1.16281,1.00744,0.991974,0.973026,1.00976,-0.277286,0.000975134,0,0,1
6213,9.06756,-32.5874,-3.19151,1.00948,0.991252,0.995673,0.95943,0.72194,0.163258,-0.000628214,0,0,1
6214,7.03249,-25.0613,-1.64861,0.338406,0.996137,0.987355,0.974548,1.13111,0.125832,0.000653023,0,0,1
6215,8.547,-30.4127,-1.64186,0.840709,1.00495,1.00392,1.01791,1.0484,0.086317,0.000796213,0,0,1
6216,30.7317,110.162,7.43621,0.86478,1.00809,1.00084,1.01726,1.25851,-0.0352561,-3.39067e-05,0,0,1
6217,29.2993,-104.583,0.33044,1.09531,1.04826,0.996407,1.00138,0.745228,-0.00169431,0.000728983,0,0,1
6218,8.34922,-29.5698,-0.778843,1.07082,0.995779,1.00158,0.93547,0.986227,0.0416202,0.00159706,0,0,1
6219,11.9592,-42.405,0.976305,0.827003,0.982442,0.990102,0.988131,1.1203,-0.0269572,0.00209068,0,0,1
6220,5.91515,-21.0424,-1.65751,0.837603,0.977476,0.99658,1.04379,0.939777,0.172094,0.000297801,0,0,1
6221,5.90996,21.1256,1.52037,1.03883,1.03484,0.995532,0.972364,0.966756,-0.157015,-0.000750383,0,0,1
6222,4.85843,-17.284,-1.29581,0.770834,0.991347,0.996729,0.991566,0.978765,0.18873,0.000775332,0,0,1
6223,6.74966,-24.1737,-2.21597,0.978952,1.00238,1.01213,1.00941,1.10023,0.186956,-0.000330013,0,0,1
6224,12.3689,-44.1952,-3.18334,0.985906,0.994779,1.00364,0.939881,0.579357,0.0867857,7.47385e-05,0,0,1
6225,12.2358,43.9343,3.92315,1.00068,1.01469,1.01234,1.00142,0.768414,-0.112011,0.00031704,0,0,1
6226,19.4377,69.4071,4.87094,1.1665,0.976772,0.996815,1.00833,1.04423,-0.0554848,-3.20496e-05,0,0,1
6227,38.1681,137.588,11.0133,1.16898,1.01652,0.989357,1.00454,1.12295,-0.0352067,7.53524e-05,0,0,1
6228,9.41805,-33.7854,-3.08594,0.919658,1.01972,1.00932,0.986426,0.584864,0.143479,-0.000356405,0,0,1
6229,22.4716,-81.1954,-7.66033,0.956649,1.02009,1.00177,0.95893,1.0036,0.0716026,-0.000335141,0,0,1
6230,3.82759,-13.7252,-1.59844,0.902502,0.990428,1.00135,0.966344,0.90501,0.369355,-0.0011906,0,0,1
6231,5.8838,20.9595,1.39707,0.93585,1.02305,0.999078,1.01227,1.15136,-0.144337,-0.000922957,0,0,1
6232,7.80855,27.972,2.50572,1.23775,1.00719,0.998447,1.02926,1.21498,-0.163142,0.000256434,0,0,1
6233,3.61953,-12.8457,-0.813139,1.2166,1.00566,1.0028,0.994607,1.24284,0.191098,0.00213182,0,0,1
6234,6.34522,22.5795,1.7174,1.18149,0.987914,1.01097,0.989685,1.18025,-0.1555,-0.000333417,0,0,1
6235,7.08572,-25.6168,-2.88583,1.28621,1.01343,0.998349,0.966666,0.946684,0.235012,-0.00117928,0,0,1
6236,20.0475,72.3827,6.93212,0.904322,1.02749,1.02217,0.992678,0.815645,-0.0788023,0.000369753,0,0,1
6237,4.22551,-15.0757,-1.39224,1.09512,1.0093,0.992663,0.969547,0.796177,0.262242,0.000252324,0,0,1
6238,13.2117,46.8502,-0.753291,0.896196,0.974735,0.996851,1.00803,0.914931,0.0169486,-0.00173541,0,0,1
6239,26.6836,-95.4921,-6.17155,0.961103,1.02184,0.992506,1.02859,0.780632,0.0390924,8.2758e-05,0,0,1
6240,11.9197,-42.4968,-2.51102,1.03553,1.01268,0.987394,1.03761,0.9809,0.0730129,0.000430088,0,0,1
6241,9.4752,34.2907,3.54093,1.25089,1.01812,0.988085,1.06067,0.813753,-0.169426,0.000745608,0,0,1
6242,22.0341,79.2411,6.78843,1.05169,0.991002,1.00863,1.02082,0.880934,-0.063152,0.000210281,0,0,1
6243,5.68724,-20.1905,-1.11436,1.11529,0.989219,0.98682,1.04519,0.683873,0.121751,0.00136175,0,0,1
6244,5.56154,20.0371,2.33562,0.901726,0.99595,1.00254,1.0244,1.28546,-0.2907,0.00142771,0,0,1
6245,161.456,639.479,23.8561,1.15817,1.01879,0.989452,0.995149,0.797869,0.0898785,-0.00177868,0,0,1
6246,67.7429,-252.119,-33.4632,0.872856,0.973597,1.01226,0.980491,1.08949,0.0514946,-0.00058368,0,0,1
6247,11.2983,-40.1847,-1.49591,1.01884,0.996651,0.980986,0.991703,1.06605,0.0471736,0.000948247,0,0,1
6248,7.08047,25.146,0.776416,0.809546,1.01709,0.985938,1.0177,0.622877,-0.0567168,-0.00187298,0,0,1
6249,12.3258,43.7563,1.17233,1.02653,0.996393,0.998852,0.944239,0.86763,-0.0303391,-0.00105054,0,0,1
6250,24.6438,-88.371,5.73235,1.11663,1.00077,0.994198,0.972709,1.06588,-0.0422719,0.00154612,0,0,1
6251,5.98928,21.3575,1.58215,0.908702,1.00204,0.994539,0.954627,1.14318,-0.160861,-0.000538612,0,0,1
6252,32.4515,118.508,13.0532,0.891985,1.00152,0.98564,0.993643,0.87939,-0.0639497,0.000468765,0,0,1
6253,10.3717,-36.8968,-1.54025,1.14944,1.02148,0.983764,0.961954,1.47408,0.0569979,0.000978246,0,0,1
6254,4.14569,-14.7303,-1.31925,0.814522,0.980856,1.01232,1.03339,1.37376,0.252943,0.000236067,0,0,1
6255,4.97238,-17.6459,-0.882025,1.52878,1.0018,0.993679,0.966943,1.08505,0.120971,0.00188495,0,0,1
6256,8.04654,28.9938,3.0266,1.16097,1.01674,1.00725,1.00315,0.848032,-0.191313,0.000803539,0,0,1
6257,3.59127,-12.7514,-0.908933,1.14083,1.01933,0.999843,1.00677,0.94126,0.217942,0.00182281,0,0,1
6258,21.0961,-75.0818,-2.33135,1.22993,1.00894,0.996797,0.982104,1.15662,0.022366,0.000548255,0,0,1
6259,41.87,-154.017,-18.7935,1.49794,1.00775,0.986655,0.960452,1.1899,0.0612835,-0.000554577,0,0,1
6260,13.6763,49.5122,4.9351,1.04544,1.02192,0.997963,1.02614,0.9554,-0.118915,0.000559006,0,0,1
6261,19.6301,-71.601,-8.65678,0.908851,0.988316,0.998364,0.982032,1.21351,0.116353,-0.000976563,0,0,1
6262,12.1767,-43.3031,-2.88693,0.971425,0.972926,0.995742,1.00952,0.951856,0.0798836,0.00019505,0,0,1
6263,3.13745,-11.0919,-0.873515,0.948915,0.98195,1.02562,0.970472,0.941325,0.260974,0.00145396,0,0,1
6264,4.48175,15.9546,1.23653,0.884148,1.01035,1.00248,1.03886,1.35947,-0.20668,-0.000860339,0,0,1
6265,5.00436,-17.9148,-1.81835,0.605517,0.977804,0.993134,1.02907,1.10243,0.262995,-0.000612883,0,0,1
6266,367.879,-1392.61,-148.975,0.829207,0.999299,0.998534,0.992254,0.46081,0.0192617,-0.000264129,0,0,1
6267,20.9079,76.2646,9.01821,0.85038,0.993143,0.998438,1.02885,0.751392,-0.105001,0.000843299,0,0,1
6268,6.36564,-22.6331,-1.26557,0.994548,0.998495,0.991916,0.956846,1.11734,0.113621,0.00114081,0,0,1
6269,3.3664,-12.1463,-1.48438,1.00602,1.03622,0.988574,0.95653,1.30279,0.420428,-0.000987271,0,0,1
6270,4.55818,-16.1774,-1.28201,0.789817,0.978382,0.9995,0.99826,0.63819,0.208095,0.000639024,0,0,1
6271,11.8692,-42.1006,-1.15761,1.22082,0.993525,0.995473,0.939765,0.800565,0.0325286,0.00107613,0,0,1
6272,7.8777,28.3048,2.44552,0.896179,1.02119,0.984895,0.970086,0.814519,-0.156524,8.89791e-05,0,0,1
6273,15.374,-54.5125,-0.32325,1.27549,1.00535,1.01195,0.969814,0.839524,0.00550788,0.00115639,0,0,1
6274,241.396,939.764,5.87164,0.953902,1.01573,0.986609,1.01537,1.23399,-0.0534031,0.000795538,0,0,1
6275,5.29303,18.838,1.31827,1.3463,0.99447,0.994448,0.998966,1.19699,-0.16483,-0.000873455,0,0,1
6276,10.7636,38.37,2.06376,0.900977,1.00924,0.999127,1.05139,0.964267,-0.0710936,-0.000606744,0,0,1
6277,73.7498,269.968,-27.8337,0.790255,1.01014,0.981282,0.96708,0.932019,0.0262981,-0.000745009,0,0,1
6278,10.5948,37.6057,2.08758,1.09815,0.995794,1.02893,1.00393,0.813418,-0.0719452,-0.000523732,0,0,1
6279,4.77298,16.974,1.09489,1.26816,0.997209,0.9791,1.01238,1.03218,-0.16387,-0.0013866,0,0,1
6280,12.8393,-45.5848,-2.66561,0.908396,0.983475,1.01316,0.975666,1.14425,0.0654659,0.000340286,0,0,1
6281,8.00756,28.7624,2.85331,1.11019,0.994831,0.98403,1.00226,0.654761,-0.18241,0.000621308,0,0,1
6282,6.43644,22.9925,2.1912,0.943444,0.964332,0.990432,0.956425,1.12097,-0.202064,0.000475801,0,0,1
6283,22.9722,82.0044,4.2017,1.03629,0.995776,0.997654,1.01626,1.38376,-0.0340271,-0.000260725,0,0,1
6284,7.58361,-26.8661,-1.40421,1.05108,0.984559,1.00704,0.995386,1.33011,0.0904299,0.000948579,0,0,1
6285,2.98565,10.5544,0.781872,1.13738,0.988661,1.01078,1.00963,1.24696,-0.251694,-0.00208089,0,0,1
6286,10.7086,37.9431,1.52106,1.02793,0.980656,1.00792,1.0507,1.29097,-0.0512525,-0.000877745,0,0,1
6287,11.4363,40.6714,2.40439,1.07308,0.98924,1.00796,1.00857,0.940816,-0.0730851,-0.000411213,0,0,1
6288,6.06967,-21.6333,-1.60044,1.3523,1.01029,0.995841,0.988487,0.7977,0.159291,0.000543024,0,0,1
6289,8.2894,-30.1172,-3.42428,0.866445,1.03633,1.01232,1.00258,1.0501,0.212849,-0.00120183,0,0,1
6290,6.41285,-22.763,-1.64177,1.107,0.97135,1.00433,1.02533,1.27534,0.146227,0.000431294,0,0,1
6291,10.2192,37.071,4.27771,1.13702,0.998456,0.989945,0.962036,1.10574,-0.184437,0.00118562,0,0,1
6292,5.20968,18.5477,1.31433,1.35427,1.00876,1.00522,1.0189,1.03327,-0.168595,-0.000869747,0,0,1
6293,5.2577,18.6274,1.24561,0.976374,0.97072,0.999526,0.987509,1.0855,-0.155997,-0.000928342,0,0,1
6294,24.2825,86.5777,2.95257,0.928526,1.01788,0.978867,1.04438,1.09283,-0.0215233,-0.000467257,0,0,1
6295,10.7561,38.3348,2.25226,0.974257,0.992437,0.996285,1.01691,1.20371,-0.0776741,-0.000472263,0,0,1
6296,7.35443,26.1076,1.20576,1.14779,0.939905,0.985989,1.00834,0.957679,-0.0814464,-0.00112301,0,0,1
6297,20.1579,-72.2287,4.47176,0.984739,1.01733,1.00773,0.988873,0.713795,-0.0479153,0.00182092,0,0,1
6298,4.89465,17.3732,1.37138,0.784156,0.963126,0.999968,0.979688,0.905632,-0.197266,-0.000466632,0,0,1
6299,13.4883,48.0144,1.51919,1.02205,1.01354,1.00277,0.95266,0.579388,-0.033568,-0.000877394,0,0,1
6300,3.39839,12.0823,1.00293,1.11555,1.01541,1.00526,1.00859,1.25633,-0.2656,-0.00127499,0,0,1
6301,7.76746,27.5781,1.7209,0.774457,0.968087,0.979242,0.984926,0.696516,-0.108449,-0.000636332,0,0,1
6302,16.0598,-59.3281,-7.98343,1.03622,1.00582,0.99258,0.975393,0.852684,0.171497,-0.0016433,0,0,1
6303,4.77263,16.9688,1.07771,1.08765,1.01243,1.00475,0.96413,0.941312,-0.15931,-0.00138485,0,0,1
6304,4.23215,15.0192,0.924811,0.998324,0.990072,0.989765,1.01189,1.19236,-0.16775,-0.00175319,0,0,1
6305,5.08777,-18.174,-1.67362,0.74281,1.00701,0.992746,0.992022,0.889203,0.231315,-3.1976e-05,0,0,1
6306,3.90889,13.9354,1.3365,1.12372,0.985788,1.00288,1.01405,1.19494,-0.286472,-4.03815e-05,0,0,1
6307,4.38939,15.6163,1.19844,1.06527,1.00376,1.00965,1.02746,1.20288,-0.206362,-0.000885501,0,0,1
6308,44.5843,-160.059,-12.6365,1.14366,1.01395,0.999803,0.987702,1.242,0.0301729,-7.22593e-05,0,0,1
6309,83.4395,311.543,41.2145,0.862034,1.00934,0.999509,1.02575,1.17359,-0.036843,0.000381905,0,0,1
6310,4.82645,-17.2077,-1.42423,1.16042,0.996057,0.997412,0.960015,1.05969,0.212383,0.000421982,0,0,1
6311,3.71269,-13.2285,-1.22236,1.17768,0.986307,0.993311,1.00664,0.812091,0.28565,0.000381264,0,0,1
6312,32.3918,-121.422,-17.1636,1.08578,1.02437,1.00659,1.03822,0.880634,0.125757,-0.00147601,0,0,1
6313,11.4034,40.9706,3.7556,1.21767,1.00995,1.01169,1.0323,0.766574,-0.122913,0.000391688,0,0,1
6314,3.57349,12.6889,0.901794,0.41748,0.992483,0.994631,1.0214,1.15214,-0.217924,-0.00173631,0,0,1
6315,9.53114,-34.1104,-3.2136,0.919342,0.967264,0.997851,1.02243,1.08802,0.146977,-0.000515773,0,0,1
6316,3.61004,-12.7738,-0.769811,1.20788,0.988557,0.99519,0.962988,0.967944,0.1815,0.0022717,0,0,1
6317,12.8712,-46.3733,-4.15164,1.31258,1.02194,0.992617,0.9326,1.1486,0.109872,-0.000308534,0,0,1
6318,4.11421,14.7301,1.5579,0.994774,0.989527,1.00253,0.923629,1.26158,-0.312953,0.000620888,0,0,1
6319,6.91407,24.7542,2.22386,0.76966,1.0044,0.990201,1.00143,1.14567,-0.18012,0.000195253,0,0,1
6320,59.6172,212.745,-1.42319,1.14453,0.988961,0.978757,0.936437,0.945989,0.00168952,-0.000361448,0,0,1
6321,6.56465,-23.3045,-0.744731,0.958751,1.01389,1.00817,1.00608,1.06213,0.0616989,0.0019112,0,0,1
6322,5.32976,-19.0602,-1.82596,0.770588,0.982307,0.991506,0.955417,0.901258,0.235437,-0.000361113,0,0,1
6323,2.9345,10.4223,0.982642,1.00238,0.993992,1.01582,1.00894,0.954231,-0.331439,-0.000854754,0,0,1
6324,7.59355,-26.9534,-0.80713,1.49817,0.999817,0.991568,0.991587,1.08912,0.0518867,0.00169723,0,0,1
6325,84.1068,-305.035,-32.7305,0.765352,0.996502,1.01209,0.983351,1.00445,0.0244204,-0.000185979,0,0,1
6326,8.03103,28.9028,3.00622,0.679084,0.986376,0.997132,1.0066,0.911687,-0.193054,0.000867528,0,0,1
6327,3.63356,-12.9049,-0.940541,1.10258,1.00316,1.00534,1.04051,1.04731,0.221483,0.00157128,0,0,1
6328,3.57853,-12.7822,-1.30735,1.11226,1.00842,0.992116,0.945045,1.28137,0.326887,2.14424e-05,0,0,1
6329,7.08543,-25.5682,-2.96347,0.995626,0.981954,0.996462,0.990681,0.835959,0.246245,-0.00144173,0,0,1
6330,23.0118,-82.2772,5.66329,1.17647,0.959447,0.998458,1.00122,0.834445,-0.0469456,0.00164465,0,0,1
6331,6.22361,-22.2434,-1.9413,0.879719,1.00325,0.983225,1.02601,0.963821,0.189257,-6.66266e-06,0,0,1
6332,4.94702,17.5456,0.554292,1.04571,1.0104,0.971835,1.04775,1.2759,-0.0763748,-0.00281929,0,0,1
6333,9.31416,33.3857,1.82367,1.13182,1.04884,0.988834,1.02013,0.750153,-0.0830142,-0.000798669,0,0,1
6334,7.30631,26.0996,1.98945,0.755661,1.00282,0.998922,0.997547,0.743608,-0.142651,-0.000242987,0,0,1
6335,4.09957,14.7203,1.53925,1.12725,1.02832,0.998384,1.003,0.844039,-0.308151,0.000313259,0,0,1
6336,8.98905,32.1163,2.39444,0.740351,0.99202,0.996217,0.976083,1.36293,-0.117788,-0.000148463,0,0,1
6337,13.2822,48.0564,5.04297,0.905043,1.01169,1.00147,0.980995,1.1509,-0.129334,0.00071077,0,0,1
6338,17.9613,65.0189,6.97044,1.06939,0.988791,1.00369,0.970345,0.787223,-0.103104,0.000677713,0,0,1
6339,816.521,-3829.02,-1479.91,0.965902,1.00321,1.00603,1.0169,0.848701,-0.0235647,0.000446829,0,0,1
6340,137.701,-529.298,25.7046,0.935387,0.973324,1.01084,0.959218,1.30045,-0.070964,0.00144524,0,0,1
6341,36.5166,-129.968,-4.01062,0.786452,1.01676,0.984216,1.01638,0.841907,0.0134785,0.000320406,0,0,1
6342,17.7433,-62.8553,0.727614,1.21382,1.00035,1.01628,0.995526,1.10687,-0.00938509,0.00123693,0,0,1
6343,4.1445,14.7669,1.42356,1.11713,0.984696,1.01328,0.976563,0.992543,-0.275428,0.000122018,0,0,1
6344,7.48474,26.6782,1.75032,1.11305,1.01813,1.00145,1.00358,1.13486,-0.118314,-0.000620198,0,0,1
6345,11.9745,-42.6064,0.841687,0.928985,1.02556,0.997057,1.00562,0.879502,-0.0234619,0.00208461,0,0,1
6346,16.7013,-59.387,-1.99253,1.29558,0.999026,0.994525,0.992997,1.26535,0.0297473,0.000658905,0,0,1
6347,13.5725,-48.3175,-2.11647,0.914868,1.007,1.00298,1.02267,0.513202,0.0469811,0.000629247,0,0,1
6348,2.49336,-8.84725,-0.841441,0.879276,0.996578,0.995294,0.966526,0.815451,0.369854,0.00160224,0,0,1
6349,31.4342,117.13,15.6458,0.904795,1.0321,1.00086,1.01449,0.84871,-0.0969873,0.000985783,0,0,1
6350,4.48501,-15.9039,-1.27501,1.2236,0.975125,1.01546,0.939283,1.46194,0.21212,0.000533802,0,0,1
6351,6.34969,-23.14,-3.24293,1.05624,0.957955,0.992129,1.02019,0.681475,0.360935,-0.00306929,0,0,1
6352,5.38135,-19.244,-1.77659,1.0908,1.01017,1.00314,0.987336,0.756953,0.222377,-0.000134681,0,0,1
6353,4.65627,-16.692,-1.73268,1.10134,1.00993,0.989042,1.00671,1.12534,0.28258,-0.000493713,0,0,1
6354,3.88215,-13.8209,-1.18901,0.856092,0.999507,0.993489,0.970243,0.684175,0.256494,0.00070781,0,0,1
6355,16.3302,58.0933,1.24248,1.26396,1.01434,1.01183,1.04607,0.738037,-0.0187946,-0.000864188,0,0,1
6356,260.471,997.515,-132.06,0.840311,1.03181,0.983716,0.998694,0.915695,0.0231152,-0.000504551,0,0,1
6357,5.79635,-20.5615,-1.43976,1.00088,0.973473,0.999584,1.03106,1.099,0.152889,0.000656784,0,0,1
6358,10.2312,-36.4326,-1.89385,0.807576,1.00141,0.993041,0.989968,1.18065,0.0721275,0.000684633,0,0,1
6359,6.3847,-22.8638,-2.16196,1.31557,1.00344,0.998091,0.950769,1.01302,0.203324,-0.000381541,0,0,1
6360,45.7463,164.605,-12.3461,1.25064,0.998584,1.02212,0.977672,1.13587,0.0264266,-0.000882526,0,0,1
6361,34.7773,130.348,18.1725,0.727884,1.00634,1.00525,0.969668,1.05134,-0.109681,0.00126449,0,0,1
6362,8.00634,28.559,2.21905,0.57608,0.980192,0.995904,0.991679,0.900839,-0.134347,-0.000103807,0,0,1
6363,7.4052,26.6931,3.01822,1.07976,0.973945,1.00764,1.02017,1.18142,-0.22755,0.00130692,0,0,1
6364,26.9118,96.3336,5.92425,0.858435,1.00623,1.00022,1.04571,0.877882,-0.0360201,-0.000109595,0,0,1
6365,12.2851,44.5577,4.94352,1.4572,1.00709,0.997461,0.946509,1.24023,-0.149842,0.00093171,0,0,1
6366,10.8544,38.7158,2.25284,1.34771,0.999036,0.978996,1.02817,1.11596,-0.0777269,-0.000510051,0,0,1
6367,14.5863,-51.7538,-0.148337,1.16764,1.00192,1.00187,0.984309,0.854826,0.00281919,0.00128423,0,0,1
6368,9.12918,-32.5284,-1.90254,0.645439,1.02113,1.00825,0.971219,1.1724,0.0892603,0.000623681,0,0,1
6369,4.35305,15.4914,1.09003,1.25089,1.01507,1.01057,0.940243,1.02235,-0.189018,-0.0012549,0,0,1
6370,7.22716,25.9068,1.65871,0.986208,1.04225,0.984238,1.01079,0.885164,-0.120531,-0.000803647,0,0,1
6371,11.5099,40.7868,1.39751,1.028,0.993832,1.0111,1.04035,0.777051,-0.040883,-0.000948875,0,0,1
6372,4.85266,-17.1854,-0.708123,0.98513,1.0023,1.00735,1.01365,0.948886,0.0995714,0.00227327,0,0,1
6373,29.8899,-106.448,2.46459,0.907937,1.01312,1.0007,0.951182,0.559215,-0.0120144,0.00086986,0,0,1
6374,58.3841,-207.141,5.16768,0.858365,0.965951,0.996346,0.975556,0.645695,-0.0067142,0.000440671,0,0,1
6375,26.1848,97.7053,13.5928,0.992891,1.0008,1.01718,1.0013,0.937016,-0.127203,0.00139552,0,0,1
6376,3.10094,-10.9965,-1.04272,0.852277,0.980648,1.00905,0.993884,0.919332,0.324035,0.000603778,0,0,1
6377,3.39118,-12.0947,-1.23031,0.927642,1.0008,1.00978,0.977718,1.07201,0.335387,1.04391e-05,0,0,1
6378,5.71085,-20.4071,-1.93154,1.1546,0.974203,0.994511,1.04848,0.64897,0.219346,-0.000377275,0,0,1
6379,7.79015,27.8933,2.25153,1.0078,1.03577,1.01343,1.00561,0.791279,-0.143185,-0.000102321,0,0,1
6380,14.0888,-51.8024,-7.02619,1.04192,0.972819,0.999522,0.979975,1.13463,0.193605,-0.00189477,0,0,1
6381,8.38872,30.1392,2.65701,0.817955,1.02667,1.00004,1.05854,0.957948,-0.151046,0.00018794,0,0,1
6382,6.88812,-24.5146,-1.48247,1.00436,1.03057,1.00562,1.03139,0.975032,0.11543,0.000915797,0,0,1
6383,43.8825,159.339,15.7239,1.11439,1.01119,0.99649,1.00968,0.74327,-0.0401683,0.000231245,0,0,1
6384,13.0403,-46.2878,-0.655106,1.03087,1.00687,1.00532,1.03143,0.83339,0.0153523,0.00122574,0,0,1
6385,8.38434,-29.8471,-0.914353,0.936637,1.04543,1.00138,1.01628,1.39299,0.0490366,0.00157655,0,0,1
6386,7.41435,-26.5063,-2.20645,0.985404,1.00832,0.98975,1.03839,1.02353,0.156704,1.63578e-05,0,0,1
6387,9.14793,-32.7886,-2.91781,1.07814,1.00059,0.997245,1.01829,0.977766,0.143761,-0.000307118,0,0,1
6388,67.79,251.77,-32.5024,0.865079,0.974906,0.998826,0.996929,0.837126,0.0432732,-0.00106532,0,0,1
6389,20.7663,74.2752,4.65963,1.21746,1.00102,1.00642,1.00426,0.520219,-0.0464729,-0.000133279,0,0,1
6390,65.0482,-231.651,-7.92883,1.00685,1.0191,1.00774,1.01136,1.16798,0.0085102,0.000154668,0,0,1
6391,4.0154,-14.2863,-1.15453,0.873597,1.01654,0.999861,1.0146,1.17529,0.232774,0.000977685,0,0,1
6392,7.62166,27.0919,1.25211,1.20438,1.00276,1.00429,1.04824,1.03791,-0.0796992,-0.00117584,0,0,1
6393,7.72973,-27.5872,-1.79601,1.05543,1.03409,1.00014,1.01469,1.0914,0.114682,0.00064226,0,0,1
6394,3.19887,-11.3874,-1.08519,1.21017,0.991566,0.983103,0.992943,1.33064,0.324622,0.000687937,0,0,1
6395,8.98804,32.1446,2.52534,1.48986,1.0173,1.01379,0.982414,0.679402,-0.124371,-4.3053e-05,0,0,1
6396,3.48778,-12.3869,-1.01687,1.4454,0.988454,0.99344,1.03421,0.765998,0.259554,0.00116467,0,0,1
6397,10.9549,39.1846,2.92714,1.32632,1.00849,0.999537,0.994914,1.13491,-0.100495,-7.74017e-05,0,0,1
6398,4.43722,-15.7368,-0.96677,0.529637,0.993142,1.00072,0.928938,0.929667,0.161226,0.00159907,0,0,1
6399,20.6747,74.6539,6.78263,1.41529,1.01719,0.993945,1.02185,0.629154,-0.073073,0.000277872,0,0,1
6400,24.1,86.0447,3.08335,0.907778,1.03465,0.993725,1.00932,1.22197,-0.0226512,-0.000451134,0,0,1
6401,37.234,140.113,19.6658,1.1174,1.01673,0.99653,1.00343,0.869497,-0.121808,0.0014816,0,0,1
6402,5.97058,21.2602,1.32029,0.640287,1.01442,1.00426,1.04153,0.670099,-0.132423,-0.00102392,0,0,1
6403,8.50908,30.7269,3.44074,0.970216,0.982881,0.994187,0.991919,1.21928,-0.204344,0.00118526,0,0,1
6404,6.98879,24.831,1.79336,0.848298,0.970236,1.00621,1.03293,1.05637,-0.136585,-0.000343679,0,0,1
6405,8.12898,-29.101,-2.529,1.02131,1.00255,0.980392,1.00943,0.964097,0.154138,-0.000156804,0,0,1
6406,4.88103,17.4721,1.74038,0.652954,0.984365,0.993104,1.04577,0.989913,-0.261583,0.000465807,0,0,1
6407,10.3631,-37.0023,-2.56526,0.633742,0.995725,0.980178,0.995278,1.07436,0.0983659,0.000239452,0,0,1
6408,35.9518,131.923,15.1827,1.20084,1.03992,1.00846,1.0259,1.05503,-0.061262,0.000478523,0,0,1
6409,195.106,-792.005,-102.404,0.754269,1.00777,1.01046,0.996946,0.956864,-0.0853924,0.00166296,0,0,1
6410,23.4463,84.5583,7.24785,0.854413,1.01598,0.988618,1.01561,1.08121,-0.0607421,0.000178741,0,0,1
6411,6.76088,-24.0356,-1.65534,0.740524,0.984469,0.998504,1.02073,0.974922,0.134093,0.000548008,0,0,1
6412,9.75617,-34.8071,-2.40863,0.825855,0.983062,0.983714,1.00855,0.924469,0.102312,0.000255477,0,0,1
6413,29.2264,107.549,13.2325,0.95319,1.00812,0.986897,1.04418,0.965037,-0.0852246,0.000751366,0,0,1
6414,15.6632,56.1892,4.23934,1.05438,1.01592,0.986234,0.963389,1.01177,-0.0750213,-4.06129e-06,0,0,1
6415,24.2892,-87.582,-7.42762,0.932051,1.0228,0.993612,1.03091,0.588458,0.058774,-0.000175119,0,0,1
6416,58.5403,223.266,24.5461,1.10453,0.990487,0.990937,1.05913,0.871097,-0.123732,0.00170076,0,0,1
6417,141.12,575.646,-86.1655,0.843759,1.00165,0.99864,1.046,1.0453,-0.124561,0.00192962,0,0,1
6418,16.2467,-57.5908,-2.14832,1.1031,0.983839,0.996952,0.968094,0.64332,0.0334905,0.000604512,0,0,1
6419,5.63208,-20.0726,-1.62166,1.26238,0.98941,1.00138,0.927187,1.04883,0.184197,0.000278339,0,0,1
6420,10.4795,-37.4344,-2.65406,0.9674,1.00237,1.00125,1.02073,0.753736,0.098672,0.0001728,0,0,1
6421,69.4146,249.749,9.93733,1.28393,1.05878,1.00722,1.00175,0.601611,-0.00907627,-0.000136877,0,0,1
6422,11.0998,-39.7664,-3.35195,0.367264,1.01466,1.00164,0.974637,0.712201,0.114514,-0.000174505,0,0,1
6423,11.8773,-42.6951,-3.89443,1.03551,1.01425,0.99429,1.03448,1.03136,0.119462,-0.000356027,0,0,1
6424,5.17453,18.3826,1.08363,1.19635,0.997484,0.997999,0.965901,1.20776,-0.13882,-0.00138865,0,0,1
6425,7.09671,-25.4069,-2.07726,1.28823,1.02319,0.992525,0.962847,0.874364,0.158355,0.0001374,0,0,1
6426,5.21159,18.5649,1.37029,0.749244,0.992904,0.988439,0.985373,1.24239,-0.177523,-0.000742204,0,0,1
6427,206.842,-765.751,99.075,1.2855,0.991317,0.994556,1.05511,1.30956,-0.015271,0.000371053,0,0,1
6428,4.43689,15.8161,1.34046,0.94458,0.987092,0.981299,1.03366,0.724168,-0.232277,-0.000498216,0,0,1
6429,9.18006,-32.4689,-0.271236,0.76064,0.98405,1.00802,1.03252,0.998123,0.0120824,0.00185115,0,0,1
6430,21.3916,-76.3952,-4.52653,1.21447,1.00796,0.996727,0.989804,0.963105,0.0435057,0.000174795,0,0,1
6431,58.5455,209.048,7.94043,1.00195,0.997362,1.00443,1.00639,1.03976,-0.00990535,-0.000158184,0,0,1
6432,2.3754,8.43688,0.84998,0.77213,0.989194,1.00074,1.00013,1.29391,-0.40275,-0.00131416,0,0,1
6433,253.238,1359.55,-718.184,0.925819,0.997726,1.0142,0.97725,1.47806,-0.0685503,0.00110407,0,0,1
6434,16.744,-60.8405,-6.76656,1.02403,0.996503,0.983413,0.986731,0.89395,0.117954,-0.000808676,0,0,1
6435,36.6914,132.327,-10.7153,0.84524,1.00082,1.00194,1.04922,1.21146,0.0368054,-0.00118528,0,0,1
6436,10.3311,36.9576,2.83224,1.24651,1.00996,0.997101,1.0069,1.1868,-0.10869,-5.55673e-05,0,0,1
6437,21.302,-75.9976,-4.1116,0.947052,1.02089,1.0045,0.947109,0.797635,0.0393949,0.00025042,0,0,1
6438,7.31858,26.1044,1.87617,0.724755,0.999749,1.00855,0.987786,1.15243,-0.132109,-0.000373366,0,0,1
6439,2.58853,9.18692,0.941645,0.921339,0.968623,0.988466,0.985038,1.30395,-0.393856,-0.000756678,0,0,1
6440,6.12798,-21.7526,-0.53704,1.11253,1.01834,1.00457,0.968462,1.1262,0.0502837,0.00234876,0,0,1
6441,16.9564,-60.4184,3.14746,1.21634,0.961569,0.991834,1.01065,0.62187,-0.0458687,0.0019231,0,0,1
6442,22.722,-83.6899,-10.3213,1.09252,1.03136,0.994861,0.983409,1.19128,0.107092,-0.000914679,0,0,1
6443,12.893,45.8255,2.68787,1.03512,0.976727,1.01252,0.99459,1.07608,-0.065046,-0.000331617,0,0,1
6444,27.7703,98.8684,2.35805,1.04013,1.00227,1.00276,1.03554,0.9598,-0.0127948,-0.000477709,0,0,1
6445,54.2073,-192.248,5.50571,0.94963,0.981256,0.996952,1.0091,0.876799,-0.00828723,0.000498958,0,0,1
6446,80.6318,338.102,-206.884,1.19531,0.980468,1.01028,1.00923,0.772814,-0.126597,0.00208147,0,0,1
6447,12.8109,46.7847,5.4947,1.12027,1.01504,0.987834,1.01667,0.965005,-0.160707,0.00114411,0,0,1
6448,6.64418,-23.6528,-1.56838,0.812499,0.991978,0.994368,0.9356,0.764397,0.131528,0.000680116,0,0,1
6449,12.5671,-44.5126,-1.19101,1.01157,0.9902,1.00125,0.957911,1.36965,0.0298709,0.00101303,0,0,1
6450,12.2959,44.6431,5.17872,0.964664,0.989447,0.983377,1.01704,1.24854,-0.160825,0.00111208,0,0,1
6451,4.93555,17.4855,1.06029,1.25991,0.985334,1.00073,1.0084,1.07157,-0.146664,-0.00137328,0,0,1
6452,3.23803,11.5249,1.03988,1.16768,1.01586,1.0011,0.961593,0.948759,-0.299497,-0.0010298,0,0,1
6453,13.1772,47.041,3.01054,1.11063,1.00082,1.01154,1.03768,1.08281,-0.0710358,-0.000238512,0,0,1
6454,290.138,1110.97,92.6965,0.735833,1.00063,1.01468,1.01996,0.601108,-0.0297075,0.000422106,0,0,1
6455,12.9218,-45.8842,-2.36119,0.850298,0.975785,0.985326,0.991057,0.7327,0.057791,0.000504605,0,0,1
6456,17.8516,63.5455,-1.2721,0.882931,1.00405,1.00165,1.003,0.8881,0.0162441,-0.00137634,0,0,1
6457,6.30474,22.4541,1.50516,0.898457,0.992496,0.992635,0.986926,0.633611,-0.138316,-0.000731427,0,0,1
6458,98.249,-349.657,13.0775,0.999092,1.0038,1.01337,1.00157,1.19885,-0.00615888,0.000303745,0,0,1
6459,5.84474,-20.9661,-2.16875,0.797853,1.00344,1.00855,0.997925,0.983956,0.240914,-0.000771019,0,0,1
6460,11.4702,41.0963,3.3406,1.06379,0.99996,0.990524,0.973189,0.748718,-0.107104,0.000106822,0,0,1
6461,7.0169,-25.1406,-2.37388,0.678501,0.98333,0.995198,0.996283,0.723435,0.189518,-0.000470085,0,0,1
6462,5.6908,20.5363,2.47572,1.03447,0.998216,0.997538,0.974165,0.759776,-0.299184,0.00161314,0,0,1
6463,18.9871,67.7688,4.84591,1.38054,0.984587,1.01421,0.977059,0.806885,-0.0572361,-1.05496e-05,0,0,1
6464,32.808,-117.132,-7.16595,0.994746,0.985183,0.995043,0.998947,0.691849,0.0298986,7.51836e-05,0,0,1
6465,3.02873,10.8951,1.40915,0.811,1.01449,0.998458,1.00479,0.959322,-0.475008,0.00142974,0,0,1
6466,22.258,79.3823,3.35173,1.25284,1.0177,0.990591,1.02257,1.1195,-0.028955,-0.000401931,0,0,1
6467,20.1636,71.9158,3.00969,1.2091,1.01058,0.995402,0.962377,0.596287,-0.0313485,-0.00044109,0,0,1
6468,16.7406,60.0819,-4.57965,1.21227,0.982536,1.00731,1.00411,0.747674,0.0695555,-0.00236609,0,0,1
6469,16.0275,57.0164,3.077,0.826338,0.995695,1.01626,1.02474,1.15621,-0.0489536,-0.000341288,0,0,1
6470,4.12572,14.7926,1.60228,0.939547,1.01399,0.999049,0.95731,1.41569,-0.319231,0.000600377,0,0,1
6471,43.3791,154.139,-1.79651,0.743317,0.985705,0.996944,0.978712,0.927048,0.00397406,-0.000512918,0,0,1
6472,8.09838,28.8459,-0.741156,0.779259,1.0267,0.99043,1.02214,1.24207,0.0421859,-0.00323858,0,0,1
6473,3.04793,10.8637,1.1381,1.02628,0.994355,1.00291,0.96739,0.673986,-0.369571,-9.88998e-05,0,0,1
6474,53.7837,199.616,25.9335,1.24759,1.0116,1.00079,1.03383,0.947441,-0.0533965,0.000530406,0,0,1
6475,4.49237,15.996,1.23966,0.791293,1.00457,0.998969,0.987023,0.828948,-0.206649,-0.00084479,0,0,1
6476,3.01772,-10.6692,-0.870549,0.736967,0.97132,0.998196,0.955513,0.905727,0.279866,0.00153219,0,0,1
6477,339.411,-1563.57,-575.335,1.16191,1.00635,1.01448,0.923256,1.17732,-0.0576272,0.00109525,0,0,1
6478,8.75381,31.172,1.60527,0.760535,1.00498,0.999031,0.974278,0.895878,-0.0804749,-0.000855885,0,0,1
6479,17.8364,-63.5368,-4.44718,1.06576,0.962493,0.999799,1.00244,0.769332,0.0602083,1.87418e-05,0,0,1
6480,27.8375,98.739,-0.676555,1.25839,0.976643,0.992349,1.00474,1.36343,0.00360003,-0.000751484,0,0,1
6481,131.306,-500.108,57.8976,1.45729,1.00569,1.01861,0.971584,0.592358,-0.0482766,0.00103496,0,0,1
6482,7.1886,25.4916,1.08187,0.600095,0.994398,1.00086,1.07316,1.21178,-0.0761802,-0.0013788,0,0,1
6483,8.58576,31.1835,3.44431,0.918825,1.03011,0.998493,0.975376,0.947987,-0.199907,0.00104118,0,0,1
6484,9.04942,-32.9341,-4.13211,1.34055,1.00415,1.0113,0.992492,0.699982,0.228804,-0.00172097,0,0,1
6485,4.57379,16.3518,1.60112,1.18137,1.00001,1.00936,0.963093,0.676128,-0.265729,0.000294023,0,0,1
6486,7.32268,-26.3891,-2.58013,1.21899,1.02626,0.994326,1.01273,1.19297,0.192281,-0.000512672,0,0,1
6487,4.59206,-16.295,-0.696905,1.0371,1.01004,0.988193,1.02435,0.678107,0.109308,0.00247681,0,0,1
6488,5.68048,-20.7314,-2.75983,1.10888,1.02706,0.993439,0.988447,0.681529,0.348204,-0.00229912,0,0,1
6489,8.26638,-29.5321,-2.1798,1.07211,1.02267,0.996594,0.982081,0.891134,0.125032,0.000284591,0,0,1
6490,21.8705,-78.6493,-6.44411,1.06455,1.01619,0.988629,0.967928,0.982983,0.0618852,-0.000137202,0,0,1
6491,8.61646,30.8346,2.51836,1.32059,0.994289,0.984569,1.02159,0.965407,-0.136629,3.41481e-05,0,0,1
6492,4.37934,15.7092,1.75816,0.688879,0.994503,1.00696,0.994743,0.912695,-0.32249,0.0010585,0,0,1
6493,5.66383,20.2444,2.09938,1.09036,0.971286,1.0142,0.969315,0.905846,-0.243278,0.000843526,0,0,1
6494,34.4046,-126.597,-15.6854,0.912961,1.00207,0.992435,1.00271,0.770591,0.0760663,-0.000705972,0,0,1
6495,8.72404,31.1234,2.63879,1.24095,0.972388,1.00187,1.01763,0.969719,-0.137809,0.000183655,0,0,1
6496,12.6141,45.9495,5.33988,0.946096,1.00987,0.998188,1.0093,0.980367,-0.158286,0.00110864,0,0,1
6497,5.27987,18.7801,1.20926,0.871878,1.0048,1.00613,1.01007,0.94984,-0.150066,-0.0011114,0,0,1
6498,28.0345,-99.9871,-6.6921,0.963286,0.976605,0.997258,1.00925,0.923695,0.0379146,3.06034e-05,0,0,1
6499,8.89191,-31.7116,-2.09159,0.659257,1.01205,1.01464,0.983957,1.22002,0.103361,0.000405062,0,0,1
6500,5.11682,-18.0879,-0.61986,0.971888,0.967822,0.992473,0.993324,0.964473,0.0797791,0.00233931,0,0,1
6501,28.0891,99.8252,3.12939,1.2713,0.962708,0.990992,1.02626,1.08757,-0.016639,-0.000385506,0,0,1
6502,14.4716,51.4636,0.21972,1.00604,0.996171,0.982193,0.997768,0.700312,-0.00421967,-0.00129859,0,0,1
6503,8.60659,30.8331,2.66872,1.10925,0.993566,0.995706,1.03443,1.30617,-0.14554,0.000215541,0,0,1
6504,9.22886,32.8501,1.54043,1.13055,1.0147,0.9919,0.982703,1.15762,-0.0702644,-0.000955834,0,0,1
6505,4.85171,-17.3581,-1.73887,0.908426,0.998658,0.996906,1.02767,1.16657,0.264283,-0.000447761,0,0,1
6506,2.94609,-10.4619,-0.95464,1.11339,0.998156,1.01673,1.02399,1.13675,0.319255,0.00105152,0,0,1
6507,3.17664,-11.2909,-0.973497,0.748214,0.998342,0.99576,0.988208,1.21257,0.290025,0.00124329,0,0,1
6508,596.158,-2283.88,5.12166,1.20794,0.957426,0.991604,1.02782,0.936264,-0.0196309,0.00039313,0,0,1
6509,21.1079,75.3057,-3.33727,0.846337,1.00827,1.02198,0.95535,0.703015,0.0309175,-0.00144745,0,0,1
6510,7.89403,28.0856,1.8926,0.706253,0.997118,1.01829,0.98695,0.888494,-0.114366,-0.000443214,0,0,1
6511,19.6141,70.0935,4.18088,1.14321,1.02846,1.01324,0.995651,1.5053,-0.0463947,-0.00020677,0,0,1
6512,3.21371,-11.375,-0.966753,1.00046,0.964885,1.00116,0.968862,1.05304,0.282318,0.00104234,0,0,1
6513,341.595,-1395.87,241.374,0.822983,1.00121,0.992051,1.01565,1.14022,0.0531004,-0.00082541,0,0,1
6514,7.22422,-25.7665,-1.87275,1.09605,1.01084,1.00003,1.02674,0.594238,0.136833,0.000389235,0,0,1
6515,9.23056,32.8639,1.58196,0.890132,1.01774,1.01202,1.02986,1.00794,-0.0713535,-0.000886036,0,0,1
6516,3.77988,13.4598,1.18376,1.27756,1.00615,1.02136,0.982528,1.08505,-0.263487,-0.000570275,0,0,1
6517,3.57672,-12.7615,-1.26646,0.731093,0.992557,1.00535,1.03366,0.994397,0.315667,2.56418e-05,0,0,1
6518,8.8707,-31.5522,-1.5094,0.637258,1.01441,0.988824,1.02174,0.748231,0.0746076,0.000978045,0,0,1
6519,4.76707,17.0963,1.84426,0.709036,0.999846,0.994201,1.02843,1.18409,-0.29167,0.000812313,0,0,1
6520,5.20003,-18.6244,-1.85945,0.917166,1.00706,0.986772,0.992636,0.867427,0.250722,-0.000407421,0,0,1
6521,8.35801,-30.2601,-3.27135,0.65844,1.02028,0.994873,0.983526,0.849249,0.198385,-0.000963247,0,0,1
6522,4.04232,-14.3615,-1.09152,0.708136,0.989275,0.998626,0.963124,0.652341,0.216259,0.00109267,0,0,1
6523,24.5864,-87.42,0.224216,0.992334,1.02463,0.992856,0.977089,0.993496,-0.00161265,0.000847116,0,0,1
6524,5.16385,-18.3322,-0.730285,1.09204,1.0309,1.0164,0.961768,0.842443,0.0923349,0.0022175,0,0,1
6525,45.973,163.653,2.4016,0.543761,0.995116,0.999121,0.981917,0.848133,-0.00476309,-0.000338604,0,0,1
6526,14.7066,-52.2086,-2.48483,1.10231,0.979,0.989105,0.99153,0.800521,0.0474162,0.000497808,0,0,1
6527,9.86547,35.8386,4.07914,0.745706,1.02621,1.01587,0.999633,0.673935,-0.184788,0.00113805,0,0,1
6528,51.1364,-189.067,23.4914,0.506967,1.01348,1.00538,1.00305,0.874667,-0.0526043,0.00133413,0,0,1
6529,4.12676,14.7542,1.50686,0.86148,0.998651,0.999836,0.974425,0.821001,-0.299636,0.000351951,0,0,1
6530,93.0624,-349.316,-47.2227,1.19935,0.99282,1.00424,0.987654,0.810232,0.047706,-0.000584446,0,0,1
6531,5.46764,-19.591,-1.99977,1.00109,1.0002,0.995469,1.03655,0.905774,0.24918,-0.000633327,0,0,1
6532,13.6762,48.8594,3.11826,0.954826,1.01461,0.993687,1.01392,0.859066,-0.0697937,-0.000260516,0,0,1
6533,12.3708,-43.981,-1.20822,1.06361,1.0098,0.991992,1.00958,0.962671,0.0318798,0.00105519,0,0,1
6534,7.83012,27.8271,0.895532,0.873463,1.02725,0.991688,1.02805,1.38734,-0.0543815,-0.00164514,0,0,1
6535,27.7764,-99.9774,-8.82145,1.06152,1.0027,0.984447,0.937313,1.31089,0.0544221,-0.000208866,0,0,1
6536,24.2108,-87.3635,-8.54911,0.862108,0.981079,1.00196,0.963388,1.03878,0.0701441,-0.000403015,0,0,1
6537,7.84021,-28.0482,-2.38594,1.03429,0.988148,0.994778,0.981684,0.997334,0.153712,-0.000144994,0,0,1
6538,7.95913,-28.1561,-0.293176,1.48987,0.975369,0.997307,0.976268,0.921596,0.0170335,0.00209387,0,0,1
6539,16.5149,59.4035,5.35984,1.22443,1.0093,1.00196,1.02907,1.19021,-0.087874,0.000308253,0,0,1
6540,28.3857,105.463,14.2717,1.02076,0.972399,0.998849,0.984578,1.6015,-0.113375,0.00122533,0,0,1
6541,441.656,1788.95,-236.694,1.28668,0.989872,0.974721,1.00886,1.0647,-0.0398071,0.000615045,0,0,1
6542,9.91372,-35.3999,-2.89966,0.970464,0.976024,0.995947,0.967664,0.949968,0.120568,-0.000128489,0,0,1
6543,4.79296,-17.1343,-1.64487,1.26534,1.00357,0.989454,1.00614,1.00383,0.253131,-0.000155011,0,0,1
6544,14.2291,-50.3931,-1.69701,1.08827,0.98581,1.00514,0.962282,1.1548,0.0337407,0.000755004,0,0,1
6545,3.79768,-13.4981,-1.08806,1.20181,1.00228,1.01473,1.02131,1.03782,0.239152,0.000978203,0,0,1
6546,6.333,-22.6417,-2.12044,0.874596,0.981558,1.0058,0.953728,1.30252,0.199992,-0.000401414,0,0,1
6547,19.5771,69.4995,0.732358,0.88975,0.996949,1.00256,0.955669,0.868454,-0.00774436,-0.000852355,0,0,1
6548,4.37363,15.5226,1.26399,1.14169,0.984526,1.0124,0.981434,0.625157,-0.218922,-0.000586556,0,0,1
6549,5.36719,-19.0424,-1.37984,1.11432,0.97182,0.987734,1.01089,0.980097,0.168968,0.000700114,0,0,1
6550,16.882,60.2046,2.77687,0.722055,1.02974,1.02168,0.988418,1.38022,-0.040224,-0.000461166,0,0,1
6551,13.9219,49.5401,1.25478,1.14227,1.01937,1.00314,1.02366,1.0327,-0.0260506,-0.0009686,0,0,1
6552,11.9968,-43.2712,-3.76902,0.814003,1.03523,0.99785,0.996053,0.596878,0.113166,-0.000242853,0,0,1
6553,9.91738,35.3807,2.50386,1.15014,1.00094,1.02012,0.983578,0.925157,-0.100472,-0.000195098,0,0,1
6554,5.33466,-18.9174,-0.761112,0.956306,0.999392,0.994192,0.992415,0.943365,0.0916763,0.00210188,0,0,1
6555,29.362,104.256,-1.64668,0.992747,0.982269,1.01179,0.961423,0.913464,0.00784323,-0.000776807,0,0,1
6556,6.81445,-24.3818,-2.12266,0.682547,1.00114,1.0031,1.06562,0.841038,0.175459,-0.000135201,0,0,1
6557,22.3037,82.7855,11.2476,1.16453,1.00569,0.999485,0.962906,0.926585,-0.133109,0.00135013,0,0,1
6558,17.5269,64.1314,7.54144,1.13933,1.0223,1.00251,1.00745,0.863634,-0.123064,0.000944388,0,0,1
6559,22.2152,-79.611,-6.01782,1.28745,0.995902,1.00353,0.998097,0.955699,0.0548348,-6.80549e-05,0,0,1
6560,48.5706,174.808,13.9695,1.06408,1.00899,0.998315,1.01116,1.06065,-0.0275408,6.49827e-05,0,0,1
6561,5.61476,-20.0042,-1.47752,1.16136,0.982339,0.978357,1.00085,0.993238,0.169378,0.00061845,0,0,1
6562,82.2606,308.834,41.8741,0.769738,1.00629,1.01228,0.960265,1.01477,-0.0414454,0.000458216,0,0,1
6563,5.03128,17.9226,1.64571,1.02048,0.969577,0.994661,0.983626,1.01465,-0.230075,0.000128476,0,0,1
6564,5.10395,-18.1608,-1.34461,0.605965,1.00251,1.01333,1.03682,0.813596,0.178551,0.000714877,0,0,1
6565,2.47483,8.7757,0.73895,1.06251,1.00847,0.992734,0.985303,0.905268,-0.323811,-0.002542,0,0,1
6566,9.09293,32.8293,2.9818,0.801755,1.05781,1.01825,1.00383,1.38128,-0.147361,0.000296626,0,0,1
6567,9.901,35.2898,1.97674,0.783057,1.00097,0.993114,0.956652,0.91654,-0.0798047,-0.000617235,0,0,1
6568,11.3394,-40.9849,-3.92494,0.89307,1.02042,0.984053,1.01321,0.982633,0.134202,-0.000490103,0,0,1
6569,19.8862,-71.5359,-4.73429,1.22852,1.04481,0.992462,0.967829,1.15595,0.0535102,0.000115648,0,0,1
6570,15.8342,56.4659,4.12264,0.890644,0.9661,0.994875,0.993109,0.695958,-0.0697915,-1.03834e-06,0,0,1
6571,86.541,325.454,-44.3956,1.01859,0.972777,0.97588,1.01675,1.19439,0.0410945,-0.000973929,0,0,1
6572,24.0777,-85.4601,-3.7915,1.10233,0.976275,1.00976,1.01189,0.595581,0.0277708,0.000298936,0,0,1
6573,8.19969,29.225,1.97732,1.0792,0.991792,0.998918,1.00184,1.20359,-0.113226,-0.000421746,0,0,1
6574,32.2714,114.942,-0.340841,0.897161,1.00242,0.99671,0.981946,1.12543,0.00136388,-0.000630689,0,0,1
6575,4.75262,16.9298,1.33956,1.22909,1.00609,1.01158,1.00699,0.720362,-0.202246,-0.000618846,0,0,1
6576,105.254,403.443,-45.2957,1.26597,0.982682,0.995939,1.02954,1.0304,0.0642982,-0.00136809,0,0,1
6577,12.672,45.1886,3.48785,1.30438,0.974271,1.01041,1.02238,0.990537,-0.0897834,5.87008e-05,0,0,1
6578,16.7476,-60.8569,-7.19581,1.08141,0.96459,1.01239,0.967092,1.20495,0.128368,-0.00105902,0,0,1
6579,344.455,1304.88,-184.734,1.2514,0.988438,1.00802,1.01726,0.838135,0.0106534,-0.00024939,0,0,1
6580,14.6232,-51.9695,-0.510195,0.626099,1.0273,1.00188,0.985283,1.19187,0.0097549,0.00119476,0,0,1
6581,8.90661,31.7847,2.03371,1.39818,1.02173,0.989528,1.02005,0.952784,-0.100589,-0.000542779,0,0,1
6582,4.39247,15.5931,0.951784,0.848714,1.00843,1.01162,0.939271,0.809637,-0.1608,-0.00165692,0,0,1
6583,301.831,-1319.87,391.515,1.50498,0.988897,1.02012,0.982038,1.15584,0.0624872,-0.000986426,0,0,1
6584,25.0048,88.9565,1.81346,0.852754,0.994329,0.992258,0.994621,1.13781,-0.0121124,-0.000571466,0,0,1
6585,8.4663,-30.047,-1.26365,1.25465,0.997818,1.00227,0.993105,1.20777,0.0665651,0.00114124,0,0,1
6586,3.79294,-13.4951,-1.1308,0.799386,1.00731,0.998723,1.00919,0.979866,0.251948,0.000906404,0,0,1
6587,3.34112,11.8186,0.816681,0.875376,0.976662,0.991695,1.01265,1.14505,-0.21984,-0.00200997,0,0,1
6588,82.6948,313.418,-42.4798,1.37784,0.996528,1.01357,1.00583,1.19616,0.0571466,-0.00127891,0,0,1
6589,3.03749,10.8048,0.995492,0.817794,1.00219,0.997148,0.983139,0.941198,-0.319727,-0.00104358,0,0,1
6590,3.73477,-13.2651,-0.922843,1.1034,1.01542,0.982455,1.03303,1.11089,0.207959,0.00188172,0,0,1
6591,22.1464,-78.4313,-1.67254,0.885039,0.973459,0.994931,0.99091,0.771391,0.0143254,0.000611446,0,0,1
6592,5.18104,-18.4038,-1.41161,1.14904,0.975708,0.990813,1.02266,1.1496,0.184461,0.000568502,0,0,1
6593,10.1497,-36.2014,-2.27129,0.592649,1.00963,0.997982,0.948814,0.847611,0.0887547,0.000421729,0,0,1
6594,11.4769,-40.8346,-1.7028,1.02299,1.01661,0.999857,1.0407,0.987386,0.0519133,0.000830807,0,0,1
6595,9.34905,-33.1001,-1.36197,0.993973,0.98152,1.00148,1.02838,0.91988,0.0596075,0.00101044,0,0,1
6596,3.7152,-13.1974,-0.988752,1.01207,1.0041,1.00391,0.992589,0.999739,0.225338,0.00140638,0,0,1
6597,7.01679,-25.0087,-1.72465,1.00637,1.01595,1.00788,1.01344,1.34484,0.131509,0.000543671,0,0,1
6598,8.71046,31.2073,2.72003,1.01524,1.00216,0.996667,1.00964,0.601038,-0.145278,0.000221208,0,0,1
6599,4.60199,16.3422,1.0125,0.974623,1.00417,1.01257,1.02037,0.918793,-0.157738,-0.00148224,0,0,1
6600,19.6256,70.0389,-2.27177,0.884289,1.01919,1.00496,1.05723,0.83718,0.0245557,-0.00143549,0,0,1
6601,9.61858,-34.2246,-2.19885,0.87602,0.982938,0.993901,0.956569,1.30021,0.0941286,0.00039332,0,0,1
6602,5.94577,-21.4755,-2.21,0.913999,1.04356,0.998158,0.964466,1.01011,0.238354,-0.000614228,0,0,1
6603,6.71884,23.9328,1.75788,0.845508,0.988691,1.00102,0.98965,1.37043,-0.144496,-0.000394664,0,0,1
6604,4.35834,15.511,1.15518,0.686317,0.998458,0.981535,0.993695,0.972474,-0.203462,-0.00110941,0,0,1
6605,19.896,70.7518,-1.53306,1.01512,0.968268,1.00779,0.960968,1.01274,0.0156197,-0.00120784,0,0,1
6606,7.75711,27.5183,1.56464,0.799212,0.962859,0.994105,0.977952,0.704801,-0.0975974,-0.000757326,0,0,1
6607,60.5477,-228.982,-28.1979,1.20675,0.97335,0.998076,0.976713,1.10617,0.0966962,-0.00128025,0,0,1
6608,22.1453,79.5393,6.57837,1.53184,0.986917,1.00622,1.04287,1.08738,-0.0600285,0.000163392,0,0,1
6609,5.50737,-19.7104,-1.90244,1.0379,1.00031,0.996259,0.954755,0.971109,0.231904,-0.000376146,0,0,1
6610,119.349,456.025,53.5416,0.915108,1.01154,0.997893,1.01369,1.15859,-0.0567846,0.000768888,0,0,1
6611,2.96489,10.5786,1.16515,1.34701,0.986425,1.00358,0.980776,0.902015,-0.397599,0.000249321,0,0,1
6612,3.77384,-13.4639,-1.2786,0.983012,0.99514,1.00209,0.979112,1.08937,0.290941,0.000193009,0,0,1
6613,35.3715,-129.328,13.4555,0.647183,1.0348,0.995803,0.988135,1.00136,-0.0550231,0.00155891,0,0,1
6614,4.72812,16.9202,1.75183,1.15684,0.984037,1.00695,1.03197,1.09599,-0.277402,0.000677387,0,0,1
6615,8.30113,29.7926,2.78898,1.21907,0.993682,0.989431,0.956001,1.15483,-0.165107,0.000440237,0,0,1
6616,4.44325,-15.8231,-1.26349,0.964824,1.01493,1.00031,0.984207,0.983737,0.215035,0.000789267,0,0,1
6617,149.687,-580.664,-3.20447,0.900435,1.01106,1.00481,1.02324,0.770223,0.0823755,-0.00122591,0,0,1
6618,2.86102,-10.1382,-0.839929,0.975225,0.995713,1.0074,1.02375,1.3255,0.292839,0.00175424,0,0,1
6619,48.3012,172.783,8.52984,1.07207,1.01569,0.995697,0.999359,1.16007,-0.0161702,-0.000133104,0,0,1
6620,29.8819,-107.078,6.87499,1.08974,1.00946,0.993315,1.06998,1.21457,-0.0349813,0.0012837,0,0,1
6621,3.77302,-13.4361,-1.35433,0.795681,0.978737,1.00713,1.02742,0.851588,0.30949,-0.000231531,0,0,1
6622,37.569,133.938,1.92169,0.802184,1.01909,1.0006,1.02017,1.17447,-0.00578934,-0.000426813,0,0,1
6623,10.8175,-38.8181,-3.47786,1.06171,0.994502,1.00397,1.0083,0.931321,0.126081,-0.000363449,0,0,1
6624,9.76217,35.1978,3.74162,0.906948,0.998577,1.00165,1.03662,0.857731,-0.169656,0.000883822,0,0,1
6625,6.25789,22.2728,1.3595,0.829087,1.00944,0.99819,1.02474,0.99693,-0.125847,-0.000995791,0,0,1
6626,6.96014,-24.87,-2.04902,1.06997,1.01171,0.990271,1.01544,1.2548,0.162279,0.000104124,0,0,1
6627,4.20868,14.9551,1.04937,0.980345,1.00322,1.00377,1.05171,1.17302,-0.193029,-0.00133105,0,0,1
6628,63.4772,228.36,-16.7753,0.641279,0.97622,0.992123,0.998918,0.95565,0.0189112,-0.000638568,0,0,1
6629,4.46296,-15.86,-1.0265,0.60696,0.998046,0.994457,0.962917,1.03933,0.171121,0.00146604,0,0,1
6630,5.92921,21.1021,1.45665,0.61365,0.995231,1.00219,0.966784,1.02768,-0.148576,-0.000721579,0,0,1
6631,13.0357,47.662,5.69786,0.789606,1.0152,0.991404,1.03103,1.10732,-0.162648,0.00120909,0,0,1
6632,29.4393,104.917,0.0353702,0.794814,1.02327,0.978327,1.02066,1.05604,-0.000174521,-0.000693261,0,0,1
6633,3.5812,12.8152,1.43875,0.972602,1.00442,1.01697,1.05399,0.780591,-0.36404,0.000793662,0,0,1
6634,4.95408,-17.7197,-1.59414,1.05216,1.02017,0.991748,1.04627,1.19933,0.228767,0.000170251,0,0,1
6635,8.58993,-30.8052,-2.84169,1.34178,0.989192,1.00011,0.995138,0.979015,0.157489,-0.000433479,0,0,1
6636,4.30196,15.3033,1.26272,0.987226,0.9835,0.992917,0.977989,0.913942,-0.227655,-0.000625322,0,0,1
6637,4.59919,-16.3445,-1.11999,1.3603,0.99626,0.996813,0.972349,1.10136,0.177921,0.00120206,0,0,1
6638,4.14406,-14.7359,-1.19649,1.12415,0.995848,1.00856,0.980594,0.829231,0.228246,0.000748001,0,0,1
6639,19.5643,69.9087,3.94409,1.22838,1.00988,1.00821,0.934533,0.92213,-0.0438354,-0.00024101,0,0,1
6640,21.9924,79.2122,7.08646,0.857637,1.00952,0.995906,0.927951,1.24813,-0.0673264,0.000247388,0,0,1
6641,9.0417,-32.2883,1.39279,1.00532,1.03001,1.01747,0.974493,1.08202,-0.0650845,0.00331158,0,0,1
6642,233.88,1039.25,-334.251,1.03384,1.0063,0.991984,1.02386,0.897025,-0.0880315,0.00139387,0,0,1
6643,1204.11,4342.68,484.371,1.16334,1.02047,1.00667,1.05421,1.04844,-0.00136979,7.35152e-06,0,0,1
6644,14.7546,-52.4748,-1.34351,1.04773,1.02246,1.01146,0.984967,1.15856,0.0251535,0.000893206,0,0,1
6645,9.66969,-34.5812,-3.12821,0.972884,0.952619,1.01147,1.03612,0.810908,0.137474,-0.000452746,0,0,1
6646,3.09224,11.0448,1.22124,1.29375,1.01505,1.00968,0.996989,0.963125,-0.387217,0.000211937,0,0,1
6647,8.42299,29.7982,0.766108,0.904232,0.987695,1.01188,0.947418,0.79514,-0.0397468,-0.00155683,0,0,1
6648,44.5313,-158.31,-8.30086,0.927554,0.968144,0.985552,1.01988,0.741641,0.0188274,0.000107081,0,0,1
6649,2.98079,10.5368,0.763107,1.18291,0.983039,0.998695,0.963749,1.21452,-0.247168,-0.00223525,0,0,1
6650,69.5043,-251.136,-23.6988,0.812937,1.00781,0.998638,0.976092,0.784737,0.0247078,-0.00013703,0,0,1
6651,4.88793,17.3607,0.924613,0.811154,0.991834,0.980255,1.0056,0.871216,-0.131257,-0.00180957,0,0,1
6652,43.6531,155.708,-1.86715,0.807642,1.02447,1.00321,0.975656,1.16629,0.00416001,-0.000527446,0,0,1
6653,5.09773,-18.0934,-1.1163,0.791536,0.996367,1.00383,1.00833,0.794023,0.146931,0.00127485,0,0,1
6654,3.87864,-13.8487,-1.37783,0.816567,1.00651,0.9896,0.974628,0.927012,0.301802,1.95972e-05,0,0,1
6655,104.734,382.724,44.1053,1.07206,0.982529,1.01253,1.0112,1.12435,-0.0210927,0.000176344,0,0,1
6656,3.81499,-13.545,-1.17857,0.97338,0.92986,1.00616,1.01651,1.02907,0.258242,0.000295478,0,0,1
6657,8.98069,32.3933,3.5003,0.906766,0.987988,1.00072,0.987427,0.717697,-0.186082,0.00100689,0,0,1
6658,13.4514,-47.6677,-0.763007,1.04557,0.999948,1.00709,1.00235,1.00898,0.0167703,0.00114179,0,0,1
6659,19.1736,68.1264,-2.07283,0.808235,0.985919,0.996976,1.01291,1.11549,0.0230823,-0.0014091,0,0,1
6660,9.52551,-34.3013,-3.41145,1.0171,1.01811,1.00325,0.995227,0.908125,0.158664,-0.000618883,0,0,1
6661,19.9137,-71.6808,-6.61626,0.89617,0.985655,0.993211,0.962997,0.941779,0.0779389,-0.000352051,0,0,1
6662,5.14081,-18.2266,-1.26937,1.22883,0.988637,1.01211,1.00924,0.99732,0.164896,0.000868755,0,0,1
6663,21.7524,-77.2303,-0.98547,1.09936,0.987386,0.981135,0.959271,1.20361,0.00885994,0.000751864,0,0,1
6664,6.48376,-23.2584,-2.26848,0.81881,1.02203,1.00728,0.98868,1.16528,0.206809,-0.000467124,0,0,1
6665,44.7963,-158.869,-5.27611,0.872288,0.991011,1.01214,0.998961,1.09523,0.0114504,0.000225209,0,0,1
6666,9.81923,35.0008,1.86346,0.630983,1.01891,1.01594,1.00233,0.888078,-0.0752519,-0.000685373,0,0,1
6667,11.1981,40.2092,2.71552,0.758119,1.03425,0.984691,0.973782,0.642417,-0.0895544,-0.00030175,0,0,1
6668,4.11975,14.625,1.14804,0.710006,0.979407,0.9917,1.03131,1.33355,-0.221192,-0.000918607,0,0,1
6669,29.2509,-108.006,13.1331,0.767708,1.00897,0.99927,1.03118,0.909077,-0.0850199,0.00220636,0,0,1
6670,8.60056,-30.5969,-1.39921,0.840578,1.02039,1.00551,1.00691,1.06693,0.0723671,0.00104839,0,0,1
6671,50.3974,-188.648,-25.6637,0.882992,0.989839,0.983673,0.981898,0.903616,0.074869,-0.000856152,0,0,1
6672,23.5732,-86.256,-10.3412,1.03818,0.995488,0.99484,1.01217,0.708629,0.0992219,-0.00084294,0,0,1
6673,11.1927,-40.5741,-4.74526,0.916049,1.00231,1.00869,1.00596,0.988573,0.174013,-0.00121166,0,0,1
6674,28.3413,-101.264,-7.81292,1.13813,0.959449,1.00793,1.01583,1.17108,0.0438579,-9.82138e-05,0,0,1
6675,3.27811,11.6623,1.21354,0.887468,0.967876,0.991867,1.00714,1.20419,-0.351208,0.000118188,0,0,1
6676,5.71557,-20.3314,-1.09619,1.36547,1.03192,0.99771,1.02418,1.15464,0.117946,0.00150494,0,0,1
6677,15.3851,54.8288,2.61599,0.943775,1.00463,1.00713,0.982288,1.00075,-0.0453275,-0.000478728,0,0,1
6678,26.9018,100.507,13.7552,1.00556,1.02294,1.01493,0.956067,1.10281,-0.117668,0.00124197,0,0,1
6679,6.83983,24.533,2.37822,1.41374,0.986753,0.993805,1.02568,0.831516,-0.199407,0.000549119,0,0,1
6680,10.531,37.7809,3.31291,0.702599,0.990693,0.990754,1.00106,1.14012,-0.125922,0.000287979,0,0,1
6681,7.1814,25.5392,1.20984,0.930361,1.01578,0.999695,0.942247,1.34342,-0.0865601,-0.0012688,0,0,1
6682,4.45412,15.8553,1.19866,0.792719,1.00252,1.00409,1.02012,1.00236,-0.201653,-0.00092618,0,0,1
6683,3.85503,13.7746,1.38654,0.861027,1.00775,1.00627,0.999985,0.791665,-0.305913,0.000125714,0,0,1
6684,5.58715,19.9323,1.61256,1.0291,0.996564,1.00269,1.01512,0.979141,-0.185645,-0.000300732,0,0,1
6685,7.14753,-25.4848,-1.78655,0.696578,1.00893,0.999445,0.986196,0.947907,0.132562,0.000486573,0,0,1
6686,11.4019,-40.5005,-0.531577,1.05576,1.02748,0.996673,1.02112,1.21641,0.0162197,0.00148114,0,0,1
6687,6.72235,24.0936,2.24665,1.03375,0.994496,1.00536,1.01776,1.1518,-0.191385,0.000389707,0,0,1
6688,23.857,89.684,12.8193,1.10879,0.989369,0.996215,0.984372,0.952335,-0.189451,0.00232191,0,0,1
6689,42.0422,-152.535,13.9652,1.1134,1.03004,1.00882,0.962038,1.40711,-0.0386556,0.00116226,0,0,1
6690,14.1221,-50.3201,-2.49755,1.23187,1.00135,0.9917,1.02705,0.818619,0.052202,0.000498072,0,0,1
6691,29.8671,106.71,-4.67955,0.979464,1.00616,1.01202,1.00453,1.02903,0.0222839,-0.00103792,0,0,1
6692,13.8525,-49.9189,-4.1928,0.749847,1.04406,1.01301,0.984165,0.911271,0.0949614,-0.000176693,0,0,1
6693,8.05685,28.7545,2.15831,1.10188,0.992419,1.00619,1.01329,0.983529,-0.128277,-0.000187976,0,0,1
6694,13.3594,-47.3014,-0.0309183,0.884481,0.984375,0.988824,1.01854,1.3402,0.000717201,0.00144224,0,0,1
6695,92.8385,469.896,-159.888,0.894857,0.976395,1.00245,0.978253,0.939045,-0.120441,0.00204307,0,0,1
6696,26.9774,-96.0564,1.94464,1.18712,1.00227,0.985517,0.964598,0.696371,-0.0116477,0.000941367,0,0,1
6697,42.5538,-150.777,2.38941,1.06176,0.971835,0.991196,0.973427,0.95601,-0.00578112,0.000550175,0,0,1
6698,15.5736,-56.1258,-5.55153,1.26176,0.984928,1.0095,0.997028,1.05367,0.104677,-0.000559395,0,0,1
6699,3.62923,12.9817,1.12465,1.1049,1.03262,0.985531,1.01564,0.836514,-0.269128,-0.00108533,0,0,1
6700,4.09144,-14.5101,-0.734718,0.793006,1.02178,1.01509,1.00705,0.966722,0.139169,0.00238871,0,0,1
6701,11.9277,-42.3957,-0.257053,1.17629,1.01009,0.990743,0.987426,0.943069,0.00722349,0.00154355,0,0,1
6702,50.5968,-189.699,-25.8761,1.46075,0.97922,0.990681,1.05043,0.868175,0.0739733,-0.000851353,0,0,1
6703,13.2143,-47.3347,-3.76726,0.763226,0.998529,0.990951,0.992438,0.882348,0.093227,-0.000101169,0,0,1
6704,11.0935,-40.4378,-4.62218,0.948191,1.04111,0.99829,0.940241,0.998186,0.171633,-0.0010711,0,0,1
6705,5.03372,-17.9666,-1.70262,0.882187,0.932875,1.00241,0.999525,1.05254,0.238571,-0.000465535,0,0,1
6706,190.35,-739.42,11.6547,0.869409,0.990547,0.996018,0.962003,1.40814,-0.0612789,0.00123157,0,0,1
6707,132.577,-522.378,-14.3216,1.5647,1.03464,0.999785,0.979159,1.19428,-0.106327,0.0021094,0,0,1
6708,10.2826,36.8967,3.28727,1.26597,1.01236,1.0062,1.01984,1.1365,-0.129498,0.000301922,0,0,1
6709,14.873,53.6497,5.03561,0.940974,1.012,0.989277,1.01494,0.980008,-0.102149,0.000392354,0,0,1
6710,11.9292,-42.6286,-3.07071,1.0081,1.00503,0.987804,1.02186,0.694089,0.0907764,0.000115982,0,0,1
6711,7.99705,-28.4444,-2.0915,1.16573,0.976846,0.997577,0.979014,1.15318,0.126281,0.000228179,0,0,1
6712,3.63588,-12.9173,-0.971379,0.942647,0.997936,0.998364,1.00613,0.936848,0.229734,0.00145148,0,0,1
6713,4.00231,14.1671,0.80547,0.598444,0.989735,1.0031,1.00854,1.07353,-0.158274,-0.00208655,0,0,1
6714,11.8419,-42.2346,-3.02932,0.92416,0.985042,1.00145,1.01765,0.605458,0.0890225,9.37874e-05,0,0,1
6715,65.1081,-242.351,-32.2648,0.899953,1.00186,1.01205,0.995308,1.08363,0.0502302,-0.000545138,0,0,1
6716,19.8869,-70.7125,0.315187,0.86068,1.00753,0.994868,1.01489,0.987965,-0.00336678,0.00105162,0,0,1
6717,3.87233,13.8475,1.45682,1.09259,0.99657,1.01452,0.957418,0.949415,-0.321409,0.000512291,0,0,1
6718,4.56684,-16.3013,-1.47532,0.837752,1.00511,1.00465,1.04331,0.892257,0.243331,0.00013121,0,0,1
6719,4.47224,-15.8775,-1.37414,0.908095,0.977722,1.02112,0.951079,0.697131,0.231057,0.000209851,0,0,1
6720,5.78367,20.4736,1.101,1.13045,0.98367,1.00426,0.956051,0.891332,-0.114762,-0.00132266,0,0,1
6721,5.0842,18.109,1.34635,0.959334,1.01499,0.992224,0.994453,0.850119,-0.181284,-0.000839403,0,0,1
6722,12.2891,43.9593,3.14378,0.51052,1.00552,0.998154,1.03306,1.14797,-0.0868407,-0.000112307,0,0,1
6723,6.21773,-22.2498,-1.75439,0.874177,1.02921,0.994671,0.992332,0.968292,0.167724,0.000386816,0,0,1
6724,7.71636,-27.4293,-2.03153,1.34879,0.983305,1.01259,0.935222,1.21108,0.129837,0.000221464,0,0,1
6725,10.2802,-36.7438,-2.93285,0.993598,0.98456,0.998829,1.0063,0.91023,0.11395,-7.59436e-05,0,0,1
6726,9.77777,-34.7506,-1.03354,1.32917,1.01665,0.986077,1.00596,0.909654,0.0423069,0.00133154,0,0,1
6727,5.62486,20.1361,1.87566,1.05503,1.01382,0.990762,1.06626,1.08352,-0.217752,0.000141934,0,0,1
6728,5.09282,-18.2123,-1.75429,1.18741,1.02058,1.01332,0.992071,1.14481,0.241305,-0.000255386,0,0,1
6729,33.8434,-120.011,-0.217383,0.900057,0.979803,0.978898,0.986968,1.39694,0.000834416,0.000564733,0,0,1
6730,25.5183,-90.3721,0.982679,1.10928,0.989399,1.00951,0.991039,0.608954,-0.00633903,0.000854899,0,0,1
6731,37.6565,134.311,-1.80459,1.05398,1.00825,0.993582,0.987504,0.994066,0.00541319,-0.000620174,0,0,1
6732,129.291,472.549,46.4039,0.937134,1.03735,0.995412,0.97023,0.83329,-0.0136563,7.52765e-05,0,0,1
6733,50.1946,-187.059,-24.8379,0.701904,1.01692,0.990052,1.0055,1.05852,0.0653608,-0.000693472,0,0,1
6734,42.3925,-150.731,-1.76046,0.795238,1.03548,1.01087,0.988484,0.90336,0.00434339,0.000393092,0,0,1
6735,19.7324,72.8218,9.52522,0.988014,1.0095,1.00214,1.02322,0.754056,-0.135394,0.00127893,0,0,1
6736,22.7404,-80.7852,-2.19748,0.998103,1.00138,1.00458,0.984564,1.1406,0.0179492,0.000540924,0,0,1
6737,36.4319,135.963,18.1896,1.08764,1.00185,0.979012,1.0547,1.21816,-0.0854115,0.000880334,0,0,1
6738,6.32834,-22.6853,-2.15317,0.797864,1.01362,0.994374,0.995372,0.790752,0.204951,-0.000336128,0,0,1
6739,3.95948,-14.0581,-0.923401,0.560021,1.00583,0.992905,1.01128,0.911879,0.188614,0.00178073,0,0,1
6740,6.04621,21.4955,1.59805,1.32788,0.986241,1.00733,0.963021,0.690139,-0.15743,-0.000458152,0,0,1
6741,13.0225,-46.4284,-2.61048,0.940442,1.00599,0.978847,0.935326,0.918447,0.064508,0.000439894,0,0,1
6742,5.87812,20.9713,1.64263,1.28205,1.02309,1.01086,1.00477,0.89258,-0.171831,-0.000413461,0,0,1
6743,6.53103,23.3488,1.95082,0.640613,0.992263,0.990916,1.00251,0.913147,-0.173053,-4.88345e-05,0,0,1
6744,5.65946,20.1451,1.34939,0.967743,0.995189,0.995783,1.01107,0.912624,-0.14952,-0.000888698,0,0,1
6745,24.8965,-89.6924,-8.43925,0.95578,1.00485,1.01368,1.00541,1.0863,0.0644242,-0.000322713,0,0,1
6746,5.63968,20.0843,1.34412,1.06684,0.994417,0.990439,0.929287,1.03472,-0.150414,-0.000907728,0,0,1
6747,11.571,41.3197,2.69706,1.29699,1.02271,1.0056,1.028,0.980394,-0.0820996,-0.000302112,0,0,1
6748,36.2753,-131.21,-13.891,0.848441,0.964521,1.01263,0.973077,1.13025,0.0529992,-0.000387756,0,0,1
6749,7.37882,-26.2683,-1.51564,0.3574,1.01945,1.00822,1.02684,0.772168,0.104285,0.000873832,0,0,1
6750,10.7523,-38.5307,-3.69575,0.817565,0.961438,0.992171,0.993382,0.81233,0.136667,-0.00056236,0,0,1
6751,5.27627,-18.8173,-1.55929,1.09593,1.00055,0.988559,0.964896,1.25365,0.200722,0.000337044,0,0,1
6752,9.74165,35.1112,3.64025,0.940921,0.997333,1.01782,0.991383,1.35141,-0.163587,0.000823566,0,0,1
6753,107.317,386.84,28.324,0.950114,0.988664,0.992865,1.01454,1.24064,-0.0111884,1.06086e-05,0,0,1
6754,6.03968,-21.5335,-1.61439,0.839807,0.998136,1.00272,1.01249,1.30482,0.161412,0.000453257,0,0,1
6755,9.79683,35.0252,2.54064,1.11962,1.00154,0.998086,0.95536,1.23527,-0.106713,-0.000172115,0,0,1
6756,15.1431,54.04,2.8788,0.819545,1.01647,1.00442,1.04215,1.2295,-0.0521948,-0.00040204,0,0,1
6757,10.4528,-37.3149,-2.55366,1.26033,0.997133,0.996699,0.995216,1.10491,0.0951302,0.000238451,0,0,1
6758,20.3381,-75.0988,-10.0656,1.12365,0.968727,0.990002,0.994699,0.949338,0.144693,-0.0014803,0,0,1
6759,33.0378,118.184,-5.51006,0.884677,1.01876,0.991856,0.978975,1.12986,0.0220908,-0.000996456,0,0,1
6760,25.8282,-91.8631,-1.39513,0.801232,1.00233,0.985706,1.00461,0.983314,0.00908571,0.000612195,0,0,1
6761,3.48658,12.4071,1.28776,1.28592,0.968939,1.00095,1.00992,0.971675,-0.336444,0.000282764,0,0,1
6762,18.61,67.1756,6.63552,0.978503,0.978487,0.994054,1.03064,1.22923,-0.0895764,0.000487655,0,0,1
6763,12.5443,-45.4547,-5.164,1.06237,0.99098,0.986913,0.955911,1.39951,0.15375,-0.00103114,0,0,1
6764,30.5077,-110.227,-9.8888,1.01015,1.02344,0.999853,1.01238,0.918441,0.0509508,-0.000213956,0,0,1
6765,13.6691,-48.9945,-4.05988,0.972632,0.992995,1.00675,0.984083,1.13206,0.0937314,-0.000195697,0,0,1
6766,33.6845,-119.288,0.130095,1.27546,0.985482,0.99863,1.01356,0.733147,-0.000505734,0.000578568,0,0,1
6767,4.91643,-17.3887,-0.952095,1.21487,0.986989,1.00776,1.00813,1.14287,0.13192,0.00160727,0,0,1
6768,24.1165,87.6371,8.52459,0.79123,1.02233,0.981443,1.01002,1.28943,-0.0710269,0.000360708,0,0,1
6769,13.649,48.5004,0.370263,1.38116,1.00345,0.998665,0.997209,0.813879,-0.00786762,-0.00129649,0,0,1
6770,12.2961,-43.51,-0.388426,0.88199,0.971204,0.986563,1.01445,0.970954,0.0101941,0.00138541,0,0,1
6771,48.3109,-181.802,24.6452,1.04256,1.01517,1.0308,0.994313,0.871428,-0.0736168,0.00173333,0,0,1
6772,9.15045,32.5221,0.999699,1.0206,1.03264,1.00379,1.01806,1.08607,-0.0454506,-0.00140185,0,0,1
6773,13.9553,49.5414,0.7283,0.914456,0.953485,1.00226,1.05415,1.21436,-0.0145072,-0.00106751,0,0,1
6774,4.51661,15.9827,1.04027,0.785791,0.968166,0.990761,0.990816,0.717679,-0.169363,-0.00133012,0,0,1
6775,63.2345,226.277,10.5741,1.2229,1.02906,1.00789,0.996355,0.566811,-0.0115641,-0.000113982,0,0,1
6776,18.1393,64.8785,5.30469,1.37115,0.978732,1.01516,0.950886,1.05526,-0.0697362,0.000160967,0,0,1
6777,6.05873,21.562,1.33081,0.899923,1.00993,0.993367,1.00359,0.637079,-0.130773,-0.00103831,0,0,1
6778,13.3194,-47.7338,-4.0235,1.31057,0.979187,0.992419,1.01766,0.912003,0.0982926,-0.00022884,0,0,1
6779,4.51661,-16.0748,-1.27191,1.3986,0.982825,0.98228,0.964651,0.810763,0.21229,0.000728629,0,0,1
6780,5.34756,-19.1175,-1.7826,1.08516,1.00074,1.01229,0.948062,0.983799,0.225555,-0.000240596,0,0,1
6781,7.44083,-26.6302,-2.34512,0.810399,1.01246,1.01286,1.02105,1.15951,0.165566,-0.00021004,0,0,1
6782,75.5343,268.81,-5.54087,0.983771,0.977019,0.993655,1.02024,0.6544,0.0040446,-0.000324224,0,0,1
6783,19.1937,68.74,5.17685,0.770006,0.991713,1.01141,0.986236,1.04431,-0.0608368,4.92496e-05,0,0,1
6784,15.1633,-54.2206,-3.53922,0.970487,1.01621,0.980135,1.00574,0.673365,0.0663637,0.000203046,0,0,1
6785,6.7152,-23.8792,-1.74359,1.19299,0.99238,1.01559,0.991295,0.739574,0.142426,0.000385905,0,0,1
6786,19.8402,-71.1335,-5.60377,1.32154,1.00757,1.00772,1.04383,1.23869,0.0638148,-0.000110419,0,0,1
6787,10.9642,-39.2085,-3.01173,0.877022,1.01331,1.00342,0.998081,1.45305,0.103934,1.76078e-05,0,0,1
6788,6.14077,21.842,1.49321,1.05129,0.992566,1.00548,0.976104,1.37788,-0.142459,-0.000689297,0,0,1
6789,9.15356,32.5256,0.474595,0.861138,1.02246,0.993838,1.04433,0.577023,-0.0215313,-0.00181979,0,0,1
6790,5.40446,19.3323,1.80574,0.819019,1.01574,1.00114,1.01324,1.17718,-0.22384,0.000143672,0,0,1
6791,24.9508,88.7836,-0.505619,0.936824,0.996315,0.990757,0.905581,1.00088,0.00336522,-0.000845266,0,0,1
6792,11.8258,42.4664,3.5349,0.852661,1.03496,1.01531,0.927262,0.974272,-0.105658,0.000131346,0,0,1
6793,7.52023,-26.9556,-2.48151,1.06708,0.999578,1.00566,1.00942,0.851198,0.173918,-0.000385502,0,0,1
6794,6.42806,-22.8732,-1.32071,0.74912,1.00858,0.994518,0.945746,1.07053,0.116861,0.00107616,0,0,1
6795,10.5209,-37.8711,-3.82765,0.987862,0.985945,0.991353,0.944667,0.973721,0.151422,-0.000719976,0,0,1
6796,13.7204,48.6259,1.66236,0.875113,0.985095,1.01138,1.01872,1.10469,-0.0349271,-0.000771177,0,0,1
6797,12.9376,-46.399,-3.95376,1.27356,1.02042,1.0083,1.01541,0.942967,0.101551,-0.00021088,0,0,1
6798,3.41968,-12.1058,-0.954539,1.00856,0.967331,0.998231,1.00762,1.324,0.250227,0.00126109,0,0,1
6799,3.75259,13.3374,1.0156,0.79406,1.0062,0.988025,1.05864,0.866209,-0.228803,-0.00141869,0,0,1
6800,4.24326,15.3626,1.9001,0.516437,1.01976,0.990606,0.976173,0.97194,-0.374954,0.00157383,0,0,1
6801,8.34199,-29.9385,-2.41473,0.752137,1.02789,0.988644,0.987404,1.18516,0.138677,7.16311e-05,0,0,1
6802,26.523,98.4661,13.3218,1.10633,1.0038,1.00866,1.00261,1.0241,-0.114375,0.00118546,0,0,1
6803,16.5781,59.6519,5.40481,0.907767,1.00406,1.00763,1.0034,0.980611,-0.0880243,0.000329966,0,0,1
6804,15.5886,-55.6866,-4.19444,1.17566,0.959544,1.02211,1.05803,1.27207,0.0727941,-8.35652e-05,0,0,1
6805,6.43547,-22.9683,-1.82762,1.20015,1.0059,1.01292,0.9961,0.889858,0.164068,0.000197389,0,0,1
6806,55.2977,-195.797,1.45198,1.28846,0.979847,1.00127,0.982708,0.873846,-0.00210254,0.000380446,0,0,1
6807,9.8426,-35.3337,-2.77466,0.831715,1.02761,0.989642,1.00224,1.19782,0.117713,5.20186e-05,0,0,1
6808,9.60437,34.1624,1.90802,0.969481,0.988312,0.995638,0.947327,0.998313,-0.0805962,-0.00063104,0,0,1
6809,17.1835,-61.0046,-2.48497,1.11691,0.968738,1.0068,0.976849,0.897541,0.0346427,0.000487051,0,0,1
6810,497.601,-2433.83,-1183.43,0.936182,1.02825,1.00083,0.995612,1.25771,-0.0237284,0.000426794,0,0,1
6811,8.29174,-29.4104,-1.47647,0.782181,0.988669,0.999641,1.02033,1.06394,0.0812224,0.000926099,0,0,1
6812,23.1456,-82.4595,-4.08943,0.989583,0.999428,1.00569,1.01588,1.07298,0.0328779,0.000268197,0,0,1
6813,13.4869,48.5767,4.76653,0.970877,0.975481,0.996955,1.04657,0.717665,-0.116885,0.000569411,0,0,1
6814,31.1815,-114.147,-13.6785,1.14174,0.986637,0.988951,1.02226,0.805667,0.07733,-0.000676626,0,0,1
6815,8.10548,-29.0817,-2.77321,0.946693,1.003,0.997,1.0344,0.89476,0.171664,-0.000494807,0,0,1
6816,17.2854,-61.6874,-3.61739,1.24086,1.02194,1.00011,0.951263,0.518722,0.0519595,0.000259032,0,0,1
6817,137.124,531.585,-15.6712,1.01361,0.960872,0.996554,0.9893,1.11063,0.0785027,-0.00158505,0,0,1
6818,11.4626,-41.377,-4.47624,1.05132,0.993735,1.00214,0.971866,1.05448,0.153663,-0.000915328,0,0,1
6819,262.757,-1025.11,28.9054,1.38861,0.999039,0.99441,0.978371,0.655441,0.0518283,-0.000780404,0,0,1
6820,25.6189,91.9964,7.20803,0.694112,1.01153,1.00936,1.05998,0.963128,-0.0494908,8.58809e-05,0,0,1
6821,15.4403,-55.1405,-3.40819,1.03821,1.01579,1.0143,1.01807,1.26206,0.0603718,0.000221571,0,0,1
6822,31.0041,115.811,15.9687,1.05033,0.988235,0.986347,1.03211,0.850218,-0.107904,0.00117057,0,0,1
6823,13.0695,46.4846,1.18323,0.911219,1.00816,1.00024,0.998309,0.549814,-0.0275947,-0.00102346,0,0,1
6824,6.88329,-24.6758,-1.97197,0.961211,1.03879,1.00223,1.00639,0.89923,0.157904,0.000238518,0,0,1
6825,108.883,-402.89,50.2839,1.08661,1.01993,1.0066,1.01011,1.0173,-0.0255701,0.000643249,0,0,1
6826,10.5732,38.0503,2.77148,1.35468,1.0499,0.991078,1.02795,1.08519,-0.102366,-0.000204766,0,0,1
6827,3.77299,13.5032,1.45399,1.18054,0.985266,0.991375,1.02216,1.0389,-0.338933,0.000578093,0,0,1
6828,191.608,686.648,-2.71111,1.03997,1.01521,0.996756,1.03342,1.02506,0.000278003,-0.000108074,0,0,1
6829,4.29519,15.2041,0.70489,0.987584,0.95305,1.00059,0.993973,0.412122,-0.122156,-0.00220682,0,0,1
6830,41.8328,-150.258,-12.3355,1.04019,1.00645,0.998635,0.97713,0.873255,0.0336571,-0.000104727,0,0,1
6831,4.98576,17.8121,1.6214,1.22883,1.01175,0.994777,1.00006,0.916551,-0.230422,-6.90668e-05,0,0,1
6832,111.163,-422.738,-44.9277,0.878284,1.02626,0.996941,0.996932,0.910021,0.0683294,-0.000942264,0,0,1
6833,8.29846,29.6755,2.32423,1.05712,0.99782,0.992624,1.00834,1.19706,-0.133612,-8.58623e-05,0,0,1
6834,401.664,-1879.72,-730.179,0.986947,0.995422,0.994718,0.962847,1.23366,-0.0491518,0.000932686,0,0,1
6835,3.12683,11.1704,1.11463,0.650471,1.02393,0.994509,1.01769,1.09342,-0.34177,-0.000650408,0,0,1
6836,12.4951,-45.043,-4.60192,1.09229,0.995527,1.00622,0.976365,1.00521,0.132292,-0.000703003,0,0,1
6837,5.45117,19.3306,1.0555,1.21505,0.99853,1.00991,0.962472,0.833189,-0.121951,-0.00143039,0,0,1
6838,6.80958,-24.25,-1.46394,0.925577,1.02353,0.993912,0.993728,0.940003,0.116894,0.000948505,0,0,1
6839,8.96004,-31.9478,-2.21524,1.07834,0.994284,1.00326,1.00729,0.624318,0.1086,0.000294307,0,0,1
6840,10.0302,35.6687,0.319262,0.592224,1.02395,0.977453,0.960951,1.29727,-0.0122998,-0.001835,0,0,1
6841,10.8502,-38.5385,-2.43217,0.926876,0.976518,1.00018,1.004,0.907136,0.0827761,0.000331729,0,0,1
6842,7.21527,25.6695,1.24687,0.830932,1.01382,1.01281,0.962951,1.15748,-0.0876648,-0.0011831,0,0,1
6843,37.1763,-139.291,-19.565,0.823751,1.01863,1.0037,0.989657,1.04047,0.108921,-0.00127718,0,0,1
6844,3.13577,11.1948,1.17452,0.75506,1.00058,1.01114,0.986936,1.12599,-0.363187,6.87974e-06,0,0,1
6845,11.8969,-43.2463,-4.8072,0.842417,1.01305,0.989804,1.03858,1.17803,0.157323,-0.000979021,0,0,1
6846,360.098,-1374.66,68.8733,1.47887,0.994198,0.995322,0.982065,1.34018,-0.0283037,0.000576604,0,0,1
6847,37.6939,134.837,-5.73527,1.02586,1.00623,1.00051,0.993948,0.823867,0.0174882,-0.000827349,0,0,1
6848,107.455,-406.206,53.8942,0.81505,1.01198,0.997586,0.996525,1.36063,-0.0481929,0.00106948,0,0,1
6849,3.80738,-13.5765,-1.0686,0.783615,1.0349,0.999905,0.972927,1.2647,0.232973,0.0013336,0,0,1
6850,24.824,88.4061,1.53595,0.927739,1.02902,0.995345,0.921504,1.19047,-0.0105068,-0.000629483,0,0,1
6851,12.0552,42.998,2.41338,1.01391,1.03326,1.02057,1.01676,1.14116,-0.0667656,-0.000477608,0,0,1
6852,100.559,-360.734,-27.7677,1.23585,0.995351,1.00929,1.03969,0.506949,0.0132824,-3.65947e-05,0,0,1
6853,10.9716,39.6293,3.99229,0.588506,1.01101,0.98845,0.93381,0.781722,-0.144843,0.000634346,0,0,1
6854,7.83007,28.2853,3.25945,0.873442,1.0001,0.999328,1.03865,1.03813,-0.224118,0.00129322,0,0,1
6855,13.2372,46.8836,1.15078,1.04807,0.989939,1.01235,0.96144,1.29884,-0.0256949,-0.000985108,0,0,1
6856,24.7232,-90.0184,-8.87939,1.12857,1.06181,1.00511,1.01063,1.15598,0.0701435,-0.000362507,0,0,1
6857,5.91661,21.1414,1.77986,0.747971,1.00437,1.00306,0.973952,0.942324,-0.186733,-0.000115157,0,0,1
6858,154.258,-957.475,-632.073,0.975609,0.972778,0.998337,0.998278,0.914767,-0.0682568,0.00126842,0,0,1
6859,17.2253,-61.2229,0.351924,0.740672,1.00902,1.00236,0.97794,1.24472,-0.00491144,0.00122218,0,0,1
6860,7.00553,24.8467,1.46092,0.66975,0.973112,0.985951,1.03762,0.839036,-0.109925,-0.000870103,0,0,1
6861,14.5368,-52.3408,-5.03076,1.16112,0.98513,1.00143,0.982888,1.02964,0.107549,-0.000508842,0,0,1
6862,12.3753,-44.3571,-3.74091,0.919795,1.01442,1.00354,1.04299,1.18448,0.104511,-0.000191953,0,0,1
6863,3.7351,-13.3038,-1.28514,1.42779,0.979305,0.995387,0.988955,1.1603,0.298337,8.70156e-05,0,0,1
6864,18.6066,-66.1942,-2.61554,0.751739,0.993737,0.992325,0.987191,1.03983,0.0319,0.000499692,0,0,1
6865,3.06063,-10.9309,-1.24041,1.22521,0.991401,1.00559,0.994357,1.04002,0.405596,-0.000563293,0,0,1
6866,12.1793,43.1819,1.15718,1.14379,0.986706,0.99185,0.995027,1.24667,-0.0306651,-0.00106279,0,0,1
6867,7.38683,26.2647,1.86905,0.958753,0.966287,0.981681,0.9948,1.11296,-0.130115,-0.000384699,0,0,1
6868,9.3643,-33.6315,-3.24483,0.969222,1.01171,1.01133,1.04189,0.919636,0.154427,-0.00054841,0,0,1
6869,3.00535,10.6388,0.872414,0.921089,0.977425,0.996128,1.01644,0.982415,-0.281448,-0.00159055,0,0,1
6870,322.031,1232.45,125.567,0.734434,1.00262,0.995445,0.99641,1.14485,-0.0246009,0.000343135,0,0,1
6871,21.6065,-76.8682,-2.5524,0.974734,1.00985,1.01021,1.04432,1.18554,0.023106,0.000498015,0,0,1
6872,8.90344,32.4142,3.88991,0.853567,1.01834,1.00767,1.00403,0.861162,-0.21736,0.00145967,0,0,1
6873,33.9656,120.597,3.05825,0.94081,0.973532,0.988448,0.959423,1.12474,-0.0111649,-0.000372135,0,0,1
6874,12.3419,-43.7833,0.44629,1.11517,0.996926,0.998588,0.966346,1.29323,-0.0115741,0.00177653,0,0,1
6875,5.94016,21.1629,1.4833,1.07341,1.00568,1.00804,1.01987,1.02582,-0.151044,-0.000683365,0,0,1
6876,4.43978,-15.8898,-1.6239,1.13519,1.00912,0.995453,1.0211,0.814539,0.285512,-0.000377639,0,0,1
6877,22.8841,81.6102,2.96792,0.792812,1.00037,0.985845,0.955062,0.824497,-0.0241749,-0.000449604,0,0,1
6878,4.90541,-17.4536,-1.28709,0.947173,0.999951,1.00593,1.0104,1.34547,0.183611,0.000809899,0,0,1
6879,4.77363,16.956,1.21684,1.01588,0.987209,1.00044,0.891699,0.952209,-0.1806,-0.000943362,0,0,1
6880,7.55987,27.119,2.55291,1.16958,0.991763,0.99266,0.931909,1.00938,-0.178529,0.000451151,0,0,1
6881,21.7505,-77.3957,-3.1989,0.983485,0.990604,0.9904,1.01158,1.09186,0.0289914,0.000397646,0,0,1
6882,11.398,40.4941,1.74719,1.10097,0.999777,1.00974,1.00743,1.11444,-0.0526243,-0.000778424,0,0,1
6883,15.5856,57.396,7.49845,0.858675,1.01277,1.01614,0.969686,0.802898,-0.163892,0.00151153,0,0,1
6884,3.07006,-10.9227,-1.03699,0.983181,1.00378,1.00364,1.00135,0.997015,0.328867,0.000781783,0,0,1
6885,5.19124,18.654,2.07734,0.841108,1.0046,1.01029,0.94684,0.531819,-0.28575,0.0011075,0,0,1
6886,3.55869,12.6525,1.18837,0.970655,0.983132,1.00562,1.01238,0.616921,-0.295328,-0.000338136,0,0,1
6887,6.94583,-24.76,-1.47253,0.718611,1.03489,0.999,0.967095,0.497041,0.113078,0.000968126,0,0,1
6888,7.34189,-26.2072,-1.78732,1.0255,1.03025,0.999073,1.05526,0.741132,0.125465,0.000589965,0,0,1
6889,3.96715,-14.2909,-1.51652,0.944048,1.04538,0.997488,0.982901,1.06925,0.321404,-0.000288369,0,0,1
6890,20.5264,-73.947,-7.01144,0.693383,0.985032,0.99021,0.992925,1.45742,0.0786907,-0.000389675,0,0,1
6891,20.1211,73.1815,7.77621,1.15714,1.0177,1.00195,1.05601,1.16268,-0.092712,0.000587748,0,0,1
6892,5.68274,-20.1614,-1.47288,0.981814,0.971465,0.994535,0.983996,0.838901,0.162956,0.00057006,0,0,1
6893,70.4927,267.95,33.7224,1.23893,0.999437,1.00336,0.998783,0.989616,-0.0846628,0.00112013,0,0,1
6894,10.7664,-38.7741,-3.93704,0.659433,0.9734,0.986902,1.03512,0.738076,0.149742,-0.000745957,0,0,1
6895,9.37369,34.033,3.67432,0.963607,1.03756,1.00092,0.993772,0.81742,-0.18091,0.000910638,0,0,1
6896,6.81076,24.3431,1.9807,0.861591,1.02223,1.00415,1.00736,1.10087,-0.161008,-0.000163729,0,0,1
6897,13.6954,48.6807,0.0423879,0.800168,1.00262,0.995085,0.982494,0.938882,-0.000896681,-0.00141851,0,0,1
6898,87.249,419.741,161.43,1.05475,1.04842,0.995084,1.00787,1.10697,0.137981,-0.00247767,0,0,1
6899,8.21583,-29.0642,-0.782982,0.958278,0.990693,1.02136,1.03693,1.02961,0.0425889,0.00154168,0,0,1
6900,9.19654,-32.7049,-2.41593,1.19659,0.972927,1.00582,1.07763,0.831057,0.112807,0.000114477,0,0,1
6901,64.8496,-248.034,-15.8488,1.37932,1.01489,1.0143,0.975418,1.12652,0.150593,-0.00217435,0,0,1
6902,3.90249,13.9049,1.22941,0.726777,1.00081,1.00422,0.940806,1.1129,-0.262113,-0.000522432,0,0,1
6903,6.14136,22.0853,2.40105,0.98973,0.986398,1.00446,0.983851,0.637032,-0.248223,0.0010857,0,0,1
6904,4.78099,17.1569,1.88312,0.930433,0.99656,0.989644,1.03629,0.777017,-0.297952,0.000917012,0,0,1
6905,11.2368,-40.1337,-3.45076,0.606996,0.964798,0.9949,1.04292,0.980512,0.114688,-0.000271685,0,0,1
6906,24.5966,-89.435,-9.39603,0.979167,1.02026,1.00375,0.990301,1.2889,0.0770971,-0.000502038,0,0,1
6907,11.5404,41.8289,4.79598,0.873274,1.00965,1.0169,1.02459,1.01332,-0.163316,0.00109172,0,0,1
6908,232.708,893.001,-93.7933,1.16034,0.971775,0.992735,0.972449,0.942861,0.0314066,-0.000661605,0,0,1
6909,194.501,-726.702,-96.1919,0.855776,0.993411,1.00262,1.01542,0.703928,0.0184235,-0.00020865,0,0,1
6910,16.0116,-56.9623,-1.8695,1.10076,1.02795,1.00718,0.943068,1.24729,0.0302367,0.000715577,0,0,1
6911,18.9588,-67.2809,-1.01598,0.869954,0.966884,1.01362,1.03268,0.823803,0.0114688,0.000771789,0,0,1
6912,11.6073,-41.0525,-0.627495,1.36775,0.989024,1.01126,1.00849,0.854312,0.0180905,0.00131795,0,0,1
6913,4.1134,-14.61,-1.11231,1.2746,0.999761,1.01389,1.0469,1.18022,0.212881,0.00102416,0,0,1
6914,5.79476,-20.5877,-0.992139,1.19157,1.00462,0.984596,0.999043,1.39123,0.104916,0.0016466,0,0,1
6915,238.821,-860.037,-82.2136,1.22155,0.997704,0.994573,0.972269,0.796677,0.00759772,-4.72062e-05,0,0,1
6916,7.36812,-26.202,-1.38895,1.2139,1.02296,0.997782,0.962177,1.09041,0.095792,0.00106861,0,0,1
6917,65.3139,236.011,-20.3678,0.88031,1.00974,1.00967,1.00903,0.891085,0.0224425,-0.000697604,0,0,1
6918,23.5703,-85.6134,-8.63052,0.995856,1.01936,0.990379,0.993878,1.04392,0.0764241,-0.000443392,0,0,1
6919,4.54816,16.1459,1.10544,1.21245,0.981796,0.988482,0.972133,0.763767,-0.178469,-0.00122276,0,0,1
6920,8.13572,-28.9745,-2.07928,0.85227,0.954774,1.00973,1.05797,1.20061,0.120423,0.000190345,0,0,1
6921,11.0608,-39.5111,-2.76441,1.0055,1.0059,0.993093,1.03629,0.877947,0.0934083,0.000189754,0,0,1
6922,7.47285,-26.4941,-0.914111,0.862568,0.990654,0.989419,0.964049,0.874503,0.0604435,0.00157551,0,0,1
6923,2.37271,-8.43547,-0.816127,0.930771,1.02252,0.998072,0.96178,1.18225,0.382467,0.00196755,0,0,1
6924,7.33363,-26.1785,-2.03278,1.00592,1.02636,1.01645,1.05426,1.00623,0.144174,0.000208562,0,0,1
6925,39.6009,-140.65,0.530655,1.32163,1.00069,1.00146,1.00345,1.06554,-0.00148867,0.000516647,0,0,1
6926,6.56431,-23.2528,-0.498123,1.12758,0.993757,0.991318,0.975924,1.11956,0.0412324,0.00226917,0,0,1
6927,8.42698,-30.3737,-3.28369,1.19475,1.00194,1.0002,1.01142,1.06084,0.195048,-0.000985011,0,0,1
6928,2.97393,10.5827,1.00801,0.988964,0.992732,1.00041,1.01983,0.953555,-0.335748,-0.000822065,0,0,1
6929,140.813,-530.443,-69.4477,0.832392,0.98897,1.00521,1.01699,1.0417,0.0352301,-0.000446949,0,0,1
6930,3.33642,11.8681,0.985506,0.855811,1.01184,1.00765,0.965366,0.833445,-0.268525,-0.00129065,0,0,1
6931,22.5716,81.0552,6.81264,1.08631,0.993384,1.02215,1.03198,1.03752,-0.0593947,0.000180657,0,0,1
6932,11.1773,-39.9401,-2.88117,1.14894,1.00166,0.990782,1.01352,0.967392,0.0959692,0.000126667,0,0,1
6933,47.9497,176.489,20.9525,0.952909,1.03085,1.00284,1.01104,1.26504,-0.0492586,0.000414294,0,0,1
6934,6.94147,24.6866,1.24242,0.927343,1.01193,1.00947,1.00941,1.39284,-0.0939765,-0.00118979,0,0,1
6935,166.378,633.658,-78.905,0.87651,0.97715,1.00754,0.981484,1.07325,0.0346595,-0.000751295,0,0,1
6936,7.79904,-27.7043,-1.82211,0.89417,0.986903,1.00658,1.03391,0.999803,0.113356,0.000501575,0,0,1
6937,7.62936,-27.0301,-1.20408,1.08518,0.989965,1.03425,1.0551,0.989951,0.0752305,0.00111489,0,0,1
6938,13.0425,46.3098,2.46978,0.642516,0.978555,1.00627,0.951452,0.76688,-0.0582974,-0.000444539,0,0,1
6939,9.11779,32.3164,1.42218,0.598712,0.975344,1.0059,0.963614,1.13614,-0.0648083,-0.00094665,0,0,1
6940,207.777,843.604,-118.475,0.790639,1.01389,0.9985,1.06264,1.04564,-0.084852,0.00131257,0,0,1
6941,14.6529,-52.3355,-3.61961,0.975526,0.99313,1.00466,0.965795,1.01197,0.0713405,9.03482e-05,0,0,1
6942,8.22914,29.2824,1.3203,1.26695,1.01657,1.01337,0.983187,0.938757,-0.0730753,-0.00110571,0,0,1
6943,29.1988,-109.492,-15.2825,0.994632,0.986774,0.994093,1.02262,0.96425,0.136349,-0.00160184,0,0,1
6944,11.4418,-40.9988,-3.8958,1.00509,0.974917,1.01201,1.00904,0.82366,0.126932,-0.000523804,0,0,1
6945,5.03754,-17.9463,-1.35332,1.17152,1.0223,1.00367,0.989564,0.570397,0.184713,0.000784652,0,0,1
6946,55.01,200.533,22.5522,0.774009,0.992983,1.00499,1.0165,1.10881,-0.0386948,0.000304517,0,0,1
6947,5.79028,20.6748,1.27859,0.978876,1.03273,0.985872,1.0209,0.587926,-0.135932,-0.00121336,0,0,1
6948,8.8444,-31.6377,-2.60363,1.30447,0.98263,0.990534,0.963073,0.870812,0.134438,-0.000100458,0,0,1
6949,10.2161,-36.2839,-0.585972,0.713647,1.02254,0.990285,0.987874,1.13547,0.0219836,0.00159363,0,0,1
6950,11.8853,-42.5476,-3.39118,0.997463,1.02471,1.01567,0.969602,0.983083,0.100532,-7.06192e-05,0,0,1
6951,40.4426,-152.197,-20.6581,1.1042,0.984343,1.00691,0.961269,1.03765,0.119246,-0.00150205,0,0,1
6952,26.4083,-99.1722,-13.8655,1.03494,0.983014,1.00192,1.03633,1.08979,0.168275,-0.00206292,0,0,1
6953,5.65731,20.2529,1.92451,0.9946,1.00501,0.991505,1.00972,1.3325,-0.222585,0.000277029,0,0,1
6954,64.1267,-235.976,-29.0716,0.901011,0.987508,1.00046,0.989315,1.35167,0.042133,-0.000408031,0,0,1
6955,19.7134,-71.6617,-7.82684,0.917752,1.00253,0.988175,1.01218,1.03061,0.0997037,-0.000680108,0,0,1
6956,3.53378,-12.5497,-1.13706,0.855563,0.975749,0.995451,1.00497,1.08865,0.286011,0.000561385,0,0,1
6957,3.88547,13.8026,0.913599,0.641433,1.01001,0.989834,0.980653,0.795991,-0.192152,-0.0018565,0,0,1
6958,39.1535,-140.595,-8.29432,0.876845,1.0274,0.97785,0.962329,1.09644,0.0252599,9.22309e-05,0,0,1
6959,30.8905,-115.151,-15.4238,0.990798,1.00577,0.983727,1.02233,0.837437,0.101251,-0.00104788,0,0,1
6960,463.015,-1756.26,-91.8753,0.909743,0.975303,0.995285,0.9848,0.723478,0.0213273,-0.000309515,0,0,1
6961,25.1235,89.5563,-2.04871,1.00439,1.0334,1.00829,1.02586,1.15724,0.013629,-0.00103071,0,0,1
6962,12.5183,44.8886,3.59332,1.08894,1.02184,1.00003,0.979372,1.21561,-0.096845,6.30913e-05,0,0,1
6963,4.97972,-17.6498,-1.08132,1.02051,0.963285,1.00903,1.02073,0.822376,0.14763,0.00118705,0,0,1
6964,4.64408,-16.4545,-1.16081,1.08234,0.978963,1.0054,1.02021,1.0469,0.180154,0.000997242,0,0,1
6965,27.8364,104.387,15.1206,0.857418,1.05014,0.99546,1.03205,1.07456,-0.147733,0.00171004,0,0,1
6966,8.12932,-29.3673,-3.13875,1.21594,1.02332,1.00852,1.05303,1.15204,0.196972,-0.000910688,0,0,1
6967,11.0154,39.1831,1.25578,1.40775,1.01296,1.00469,1.01681,1.52402,-0.0404683,-0.00108027,0,0,1
6968,7.86809,-27.8207,-0.658387,0.92145,0.973412,0.995334,0.962783,0.919562,0.0392599,0.00174083,0,0,1
6969,3.66809,12.9539,0.778333,0.843029,0.968487,0.991058,0.991931,1.13308,-0.179063,-0.00214273,0,0,1
6970,16.3738,-59.8272,-6.9892,0.739821,1.01592,0.993426,0.969197,1.48158,0.130726,-0.000986996,0,0,1
6971,113.577,-428.33,-57.0636,1.07678,1.015,0.996922,0.987031,0.543525,0.0456485,-0.000579497,0,0,1
6972,19.7011,70.0007,0.299413,1.13266,0.956361,0.995848,1.0014,0.972777,-0.00308277,-0.000892374,0,0,1
6973,13.0192,-46.2738,-0.640519,1.45505,1.01861,1.00694,1.00368,0.517615,0.015146,0.00124627,0,0,1
6974,4.93663,-17.498,-1.30776,0.933939,0.975589,1.00374,1.01458,0.923393,0.184132,0.000687674,0,0,1
6975,9.52674,-33.8633,-1.23327,1.04996,1.04081,1.01566,0.966807,1.02585,0.0522524,0.00118259,0,0,1
6976,309.035,1251.6,150.87,0.848395,1.00877,1.00082,0.981493,1.21141,0.0545257,-0.00106294,0,0,1
6977,5.33086,18.8918,0.776356,1.23299,1.00562,1.01481,0.978808,1.15805,-0.0920603,-0.00201832,0,0,1
6978,4.33458,15.4282,1.27414,0.829532,0.993677,1.00581,0.99806,1.32581,-0.225715,-0.000594113,0,0,1
6979,5.45285,19.4081,1.53039,1.33472,0.944279,1.00176,0.989548,0.917647,-0.181967,-0.000251612,0,0,1
6980,53.5763,-191.097,10.1089,1.22389,0.942584,1.00969,0.991639,1.07007,-0.0153427,0.000607521,0,0,1
6981,4.2319,15.0354,1.16703,1.31161,0.976404,0.984819,1.07245,1.26527,-0.215304,-0.00091997,0,0,1
6982,3.70966,-13.2656,-1.28918,1.45285,1.02578,0.995623,0.965324,1.08549,0.300483,0.000332747,0,0,1
6983,56.3881,201.355,6.31376,0.910786,1.02499,0.998253,1.03904,0.948141,-0.00859846,-0.000205655,0,0,1
6984,5.5708,19.6865,0.650077,1.0467,0.976142,0.992272,1.00931,0.988974,-0.0717602,-0.00220688,0,0,1
6985,9.56575,-34.115,-1.95138,1.22676,1.03574,1.0018,1.00476,1.12547,0.0840006,0.00066219,0,0,1
6986,23.7147,-88.6712,-12.5617,1.27381,1.01255,1.00499,0.976127,0.645315,0.157973,-0.00180037,0,0,1
6987,28.3467,101.248,-3.72939,1.053,1.03489,1.00452,0.988358,0.971666,0.0198273,-0.00105509,0,0,1
6988,493.076,1889.06,174.305,0.928966,0.989947,0.994208,1.00456,1.1639,-0.0171783,0.000242746,0,0,1
6989,58.2857,207.595,-2.33271,1.27571,0.990581,0.994385,0.991848,1.27922,0.00286726,-0.000383011,0,0,1
6990,19.9918,71.157,1.3165,0.882296,1.01119,1.00695,0.9997,0.926047,-0.0135183,-0.000740592,0,0,1
6991,123.458,471.413,46.3021,0.725804,1.01478,1.00427,0.98899,1.03357,-0.0649051,0.000906875,0,0,1
6992,18.2349,-65.3197,-4.97741,0.739361,0.991613,0.998434,0.987288,1.09577,0.0663044,-7.14434e-05,0,0,1
6993,29.5576,107.345,11.735,1.25867,0.972529,1.0098,0.991414,0.899204,-0.0673499,0.000505964,0,0,1
6994,7.30694,26.1634,2.28559,0.939887,0.998675,1.00035,1.00636,1.03047,-0.166872,0.000177933,0,0,1
6995,9.17493,33.373,4.27617,1.04297,0.959785,1.01112,1.02345,1.02199,-0.236909,0.00197167,0,0,1
6996,3.32646,-11.8169,-0.964729,1.03414,0.999203,1.00158,0.997262,0.759718,0.265044,0.0013428,0,0,1
6997,8.84403,31.7091,2.85211,0.65608,1.0258,1.02481,1.0283,1.19073,-0.146579,0.000306528,0,0,1
6998,17.3552,62.2867,5.01243,0.573578,1.00149,0.999725,1.00353,0.968266,-0.0734722,0.000129461,0,0,1
6999,10.134,36.3291,3.07998,0.90851,0.999989,0.997617,1.02173,1.07651,-0.124336,0.000190169,0,0,1
7000,11.7972,-41.8454,-1.81966,0.887572,0.965519,0.997836,1.00801,0.700869,0.0519892,0.000698411,0,0,1
7001,5.3439,18.9948,1.04665,0.797032,1.02032,1.00429,0.953176,1.33309,-0.12647,-0.00153172,0,0,1
7002,255.114,987.913,38.2935,1.14179,1.00896,0.999575,0.987386,1.09999,-0.0434457,0.000637259,0,0,1
7003,13.8645,50.8302,6.62702,1.3567,0.986542,1.00179,1.05664,1.25847,-0.177876,0.00160297,0,0,1
7004,19.6625,-70.2286,-5.37249,0.798601,0.991249,1.02516,1.04678,1.16851,0.0602361,-8.03066e-05,0,0,1
7005,71.0357,256.416,22.4909,0.938788,0.979068,1.00708,1.0501,0.915648,-0.0208556,8.96572e-05,0,0,1
7006,6.17426,21.96,1.41631,1.04568,1.00031,1.01324,0.993344,1.13036,-0.132743,-0.000828124,0,0,1
7007,6.89996,-24.6582,-2.0855,0.718331,0.991296,1.00488,1.03967,0.800796,0.167054,-6.47344e-05,0,0,1
7008,11.0773,-39.5329,-2.56031,1.53889,1.00047,0.996332,1.01908,0.924944,0.0854011,0.000304898,0,0,1
7009,9.80747,-34.8655,-1.19992,1.05111,1.02907,0.991928,1.02801,0.845078,0.0487464,0.00122435,0,0,1
7010,6.63927,-23.7216,-2.00394,0.587398,1.01556,1.00104,1.0369,1.1386,0.17234,4.24152e-05,0,0,1
7011,5.07726,-18.1806,-1.79307,0.869829,0.988335,0.991184,1.01204,0.932102,0.252506,-0.000442811,0,0,1
7012,8.39154,29.8867,1.98255,0.880491,0.989465,0.999138,1.06324,0.974309,-0.108477,-0.000441832,0,0,1
7013,18.0293,65.0416,6.61171,0.950342,0.979599,1.02048,1.0086,1.31276,-0.0933193,0.000552586,0,0,1
7014,5.69137,-20.1388,-0.6895,0.542914,0.957899,0.987387,0.959725,1.10571,0.0738684,0.00205222,0,0,1
7015,171.728,-653.649,76.3911,1.15764,1.03269,0.981258,1.0506,0.759659,-0.0408332,0.000873447,0,0,1
7016,6.97709,-24.9273,-2.05594,0.9783,0.99746,0.983258,0.991234,0.853808,0.163378,6.58206e-05,0,0,1
7017,3.34306,-11.8879,-1.06426,1.0187,0.997896,1.00408,0.988675,1.07384,0.292464,0.000830791,0,0,1
7018,3.70262,13.1272,0.847385,0.784487,0.988324,0.994861,1.02786,0.734167,-0.191728,-0.00196158,0,0,1
7019,7.45447,-26.6311,-2.10604,0.894506,1.01576,0.992832,0.975188,0.927054,0.146768,0.000176905,0,0,1
7020,4.20086,-14.9278,-1.04754,1.26959,1.01762,0.990805,0.941807,0.790587,0.194245,0.00146865,0,0,1
7021,22.314,79.3231,-0.218615,1.02395,0.959649,1.00444,1.01362,1.13168,0.00175049,-0.000858821,0,0,1
7022,6.86065,24.3208,1.40639,0.945747,0.975979,0.991833,0.965993,1.04607,-0.109412,-0.000922938,0,0,1
7023,9.84998,35.1047,1.99189,0.766849,1.01931,0.997974,0.950992,0.790249,-0.0811456,-0.000628329,0,0,1
7024,53.0411,-198.308,26.3576,0.767661,1.00344,1.00034,1.01265,0.916902,-0.0608795,0.00147339,0,0,1
7025,11.0386,39.7464,3.45535,0.763454,1.01954,0.984235,1.02537,0.939081,-0.120503,0.000215552,0,0,1
7026,23.0842,-82.4838,3.96025,0.999907,1.02803,0.996022,0.991507,1.21864,-0.0323826,0.00144277,0,0,1
7027,9.32387,-33.1145,-0.173004,1.34257,1.0047,0.990723,1.03802,0.871689,0.00764004,0.00199147,0,0,1
7028,14.6738,52.221,3.13611,1.12496,0.965064,1.00377,1.01221,0.991715,-0.0598409,-0.000244351,0,0,1
7029,19.2526,-70.0884,-8.09604,1.08087,1.00297,1.00497,1.04358,1.13407,0.109433,-0.000838712,0,0,1
7030,13.919,-50.0726,-4.66964,1.09063,1.00404,0.986595,0.992593,1.07274,0.107847,-0.000403016,0,0,1
7031,5.09746,18.5419,2.4288,0.842641,1.01441,0.994264,0.984854,0.760472,-0.364339,0.00221559,0,0,1
7032,12.8386,46.4516,5.16262,1.39845,0.99458,1.00384,0.99445,0.976375,-0.14438,0.000939003,0,0,1
7033,69.0691,-259.64,-35.2285,0.816369,1.00762,0.990737,1.03758,1.13198,0.0685554,-0.000846957,0,0,1
7034,6.15787,21.8937,1.19129,1.48948,1.01787,0.994585,1.03317,1.00686,-0.112827,-0.00130942,0,0,1
7035,7.45662,-26.7155,-2.7996,0.968225,0.962648,1.00331,0.954202,0.536317,0.203329,-0.000940841,0,0,1
7036,3.34287,11.8633,0.927943,0.750627,1.00083,1.0092,1.02215,0.916523,-0.250707,-0.00150485,0,0,1
7037,5.2298,18.6182,1.28648,1.14135,1.0096,1.00546,0.965078,0.949957,-0.163623,-0.000940782,0,0,1
7038,5.39274,-19.1382,-1.44217,1.14925,0.979376,1.00838,1.0523,1.40517,0.174006,0.000526793,0,0,1
7039,16.2248,57.7491,1.4518,1.18426,1.0199,0.984192,1.05954,1.15274,-0.0227858,-0.000855122,0,0,1
7040,23.4069,-85.4439,-10.5969,1.27201,0.966113,0.992747,0.997815,0.986093,0.105659,-0.000963956,0,0,1
7041,7.23713,-25.9897,-2.63716,0.837221,0.993865,1.01808,1.01209,1.19022,0.200426,-0.000784234,0,0,1
7042,59.6498,214.171,-13.1504,0.707793,1.01207,0.996674,0.984475,1.40033,0.0166204,-0.000626177,0,0,1
7043,167.978,651.493,-29.122,1.17184,1.0241,0.988054,1.03912,0.794874,0.066442,-0.00134754,0,0,1
7044,21.2491,78.9137,10.8559,0.945491,0.98759,1.00164,1.00116,0.837682,-0.147757,0.00156545,0,0,1
7045,18.0608,-64.7686,-5.27227,0.803657,1.02239,1.01386,1.01312,0.903942,0.0716941,-0.000140717,0,0,1
7046,5.05247,-17.9754,-1.25551,1.04274,1.00881,0.993664,0.965999,1.01999,0.170873,0.00100806,0,0,1
7047,4.18528,14.8673,1.06209,1.13277,1.00879,1.02099,0.997893,0.488557,-0.195646,-0.00123296,0,0,1
7048,9.74621,34.652,0.0801452,1.00974,1.02891,1.00286,0.985544,1.07987,-0.00320834,-0.00199153,0,0,1
7049,3.96311,14.0738,1.28294,1.10029,0.966587,0.996369,0.970936,1.0242,-0.267374,-0.000233767,0,0,1
7050,89.7456,339.736,46.0606,1.056,1.01592,0.999779,0.988974,0.772101,-0.0578924,0.000735545,0,0,1
7051,10.136,36.793,3.99371,0.899063,1.01866,0.991681,1.049,0.948303,-0.171802,0.000928929,0,0,1
7052,4.31703,-15.3415,-1.0399,1.0504,1.01796,0.993539,0.977171,1.35611,0.183682,0.00150131,0,0,1
7053,4.66136,-16.4963,-1.07569,0.704692,0.972153,0.998719,1.00724,1.28399,0.165812,0.00123154,0,0,1
7054,7.76698,-27.7097,-1.98557,0.970606,0.995308,0.992877,1.00006,0.922708,0.127581,0.00034016,0,0,1
7055,7.77643,-27.6949,-1.8192,0.853021,0.990369,0.993366,1.007,1.15357,0.115258,0.000529826,0,0,1
7056,3.72923,-13.2283,-1.18887,1.10343,0.969984,0.997793,1.02474,1.1608,0.273715,0.000435922,0,0,1
7057,28.6062,-102.045,-4.11443,0.76978,1.0294,0.988485,1.02462,0.898821,0.0222649,0.000327062,0,0,1
7058,82.0832,21.9369,291.013,0.970021,1.0348,1.01432,0.991457,0.897568,0.138389,-0.00241569,0,0,1
7059,10.8736,-38.6375,-0.224032,1.09049,1.01743,1.00521,0.999815,0.673993,0.00741264,0.00168027,0,0,1
7060,6.55338,-23.2961,-0.984144,0.871324,1.03311,0.993159,0.896643,1.07612,0.0828203,0.00167456,0,0,1
7061,25.5447,92.087,8.49438,1.23272,1.00913,1.01245,1.00734,0.981865,-0.0605229,0.000272644,0,0,1
7062,8.08069,28.6089,0.856322,0.836048,0.977218,0.980876,1.00102,0.832686,-0.0488164,-0.00157113,0,0,1
7063,6.70508,-23.9947,-2.07792,1.08192,1.03209,1.01396,0.961135,1.21729,0.174597,-2.72229e-05,0,0,1
7064,17.0062,61.4185,6.20251,0.912876,0.981588,1.00226,0.957953,1.34476,-0.0995448,0.000566963,0,0,1
7065,22.9359,-82.4903,-5.48752,1.07039,1.04797,1.00417,1.0356,1.11015,0.0468192,8.18203e-05,0,0,1
7066,5.44013,19.4126,1.69542,0.772311,0.978959,0.98884,1.01896,0.886899,-0.207225,-3.49605e-05,0,0,1
7067,17.9357,63.9792,3.28059,1.20538,1.00172,1.00645,1.02502,0.704946,-0.042556,-0.000345493,0,0,1
7068,10.0543,-36.6121,-4.72609,1.04968,0.97495,1.00846,0.964533,0.780974,0.225129,-0.00191221,0,0,1
7069,14.9027,-53.4423,-4.47354,1.15628,1.00248,0.991788,1.00258,1.12842,0.089042,-0.000193104,0,0,1
7070,16.6584,59.0902,0.873003,0.707658,0.995339,1.00277,0.996451,1.19487,-0.0126108,-0.000938844,0,0,1
7071,16.5525,-59.394,-4.87504,1.0719,1.01323,0.991634,0.978602,1.06946,0.0791909,-0.000145227,0,0,1
7072,28.4215,-104.573,-13.3516,0.912578,0.996467,1.02297,0.956104,1.02366,0.0943253,-0.000919895,0,0,1
7073,8.58853,-30.5629,-1.63959,0.862548,1.00545,1.00649,0.989717,0.632339,0.085228,0.000796773,0,0,1
7074,6.91561,24.6761,1.80359,0.929968,1.01276,1.0048,1.01051,1.03674,-0.141512,-0.000418214,0,0,1
7075,10.271,-36.8368,-2.9475,0.869608,1.03101,1.00352,0.963656,0.892658,0.114875,-1.44383e-05,0,0,1
7076,9.64637,34.302,1.0362,1.03397,1.02502,1.00682,1.01548,1.50453,-0.0427047,-0.0013126,0,0,1
7077,7.23599,-25.628,0.387967,0.877977,0.971632,0.989342,0.951304,1.27442,-0.0268796,0.00311586,0,0,1
7078,8.98398,-31.8195,-1.08453,0.932776,0.964551,0.994943,0.999618,0.917917,0.0510186,0.00121903,0,0,1
7079,27.9396,-99.9021,-6.52739,1.15093,1.01839,1.00091,1.00654,1.16812,0.0377292,6.22043e-05,0,0,1
7080,11.0217,39.3404,2.75672,1.0648,0.988063,0.99952,1.00583,1.15771,-0.0920089,-0.000172299,0,0,1
7081,41.1906,147.158,-5.14348,1.13742,1.01994,0.997087,0.991817,1.12032,0.0131538,-0.00071518,0,0,1
7082,8.80123,31.7962,3.56821,0.757837,1.00035,0.997358,0.956098,0.961408,-0.197986,0.001124,0,0,1
7083,10.3766,-37.5962,-4.13915,0.556613,1.02028,1.00949,0.95481,0.871283,0.170024,-0.000984394,0,0,1
7084,5.1882,18.4918,1.43028,1.13162,0.99507,0.979009,0.937224,1.01774,-0.188405,-0.000633461,0,0,1
7085,11.5021,41.1247,2.99265,0.955714,0.987436,0.991637,0.954948,0.605873,-0.0935142,-9.19639e-05,0,0,1
7086,220.76,1280.63,-716.993,1.01359,1.0256,1.0031,1.03896,0.870577,-0.0548128,0.000926566,0,0,1
7087,8.65356,30.7204,1.27106,0.874187,0.957586,1.00097,0.994829,1.11609,-0.0634329,-0.00105089,0,0,1
7088,104.756,-399.961,40.7114,0.851823,1.00341,0.991206,0.999202,1.04845,-0.0730452,0.00153713,0,0,1
7089,16.2524,-57.7995,0.53972,0.570454,1.02502,1.00295,1.04251,1.18856,-0.00844572,0.00137045,0,0,1
7090,8.03178,28.8518,2.28308,1.14711,1.03822,0.998286,1.01204,0.967286,-0.138832,-0.000153972,0,0,1
7091,6.81295,-24.4011,-2.28248,0.863927,1.01123,0.999876,0.980434,1.38794,0.190606,-0.000344927,0,0,1
7092,48.4051,180.024,23.5019,1.14728,1.04604,0.997511,1.0044,0.71779,-0.060836,0.000598332,0,0,1
7093,6.40297,-22.7691,-1.61384,0.665739,0.996601,1.01669,0.999478,0.734383,0.143012,0.00052079,0,0,1
7094,30.1109,-108.292,-10.7744,0.836898,0.94169,0.986317,0.968286,0.98774,0.0579378,-0.000363085,0,0,1
7095,4.66431,16.5954,1.4418,0.955988,0.976921,0.997028,1.03398,0.787677,-0.227342,-0.000231152,0,0,1
7096,15.527,-56.8848,-7.06046,0.98943,0.996477,0.990881,1.00068,1.08717,0.151404,-0.00128195,0,0,1
7097,3.3391,-11.9213,-1.26872,1.27954,1.00762,1.00171,1.00991,1.19149,0.35637,-0.000148194,0,0,1
7098,4.60938,-16.3127,-1.00653,1.04776,0.993415,1.03057,1.02415,0.947101,0.155205,0.00137163,0,0,1
7099,12.9314,46.5611,4.58377,0.858605,0.991706,1.02516,0.993868,0.875859,-0.119632,0.000585444,0,0,1
7100,8.77061,31.8284,3.93968,0.842414,0.997159,1.01088,1.01085,1.0326,-0.228332,0.00166077,0,0,1
7101,22.7695,-80.6395,-0.546647,0.700457,0.974622,0.998431,0.975207,0.858498,0.00442704,0.000756061,0,0,1
7102,200.01,-821.18,-130.749,1.07753,0.986976,1.00754,0.998639,1.13593,-0.0850625,0.00165009,0,0,1
7103,87.3024,335.337,-30.0737,1.09148,1.01019,0.995565,0.986825,1.01596,0.0974184,-0.00202642,0,0,1
7104,5.7553,-20.4679,-1.21565,0.893488,1.00472,0.998011,0.951598,0.950713,0.130424,0.00117714,0,0,1
7105,12.2518,43.5739,0.304605,0.912424,1.00881,0.990602,1.03661,1.07239,-0.00803026,-0.00148354,0,0,1
7106,11.1319,-39.9774,-3.77806,0.785617,0.986348,1.01097,1.01662,0.777496,0.130388,-0.0005142,0,0,1
7107,6.07188,21.7382,2.02642,1.31578,0.994279,0.994817,1.0425,1.08143,-0.207392,0.000308637,0,0,1
7108,4.65549,16.587,1.33513,1.28168,1.00786,1.00146,0.985549,1.027,-0.210248,-0.000633247,0,0,1
7109,22.5293,80.2131,1.6231,0.876038,1.00733,1.00127,0.957468,1.15238,-0.0132888,-0.000638139,0,0,1
7110,29.4327,-111.058,-14.8462,0.792674,0.985922,0.993419,1.00803,1.22954,0.185809,-0.00240467,0,0,1
7111,91.4725,-493,-322.342,1.12862,1.01026,0.9915,0.985195,0.87116,-0.116655,0.00216154,0,0,1
7112,12.3664,43.878,2.12046,0.685394,0.991196,1.02199,1.04783,1.00509,-0.0545166,-0.000575145,0,0,1
7113,105.431,399.957,50.0461,1.05519,0.976063,0.998202,1.0239,1.09052,-0.0549625,0.000725595,0,0,1
7114,19.1618,68.0754,-2.23524,0.909767,0.977777,1.00089,1.01211,0.743871,0.0248941,-0.00142757,0,0,1
7115,78.381,-283.16,-28.0209,1.39135,1.00159,1.01121,1.00495,0.24644,0.0232392,-0.000149077,0,0,1
7116,374.265,-1538.98,-280.108,0.957686,1.01994,1.00268,0.985412,0.745301,-0.0491849,0.000951252,0,0,1
7117,10.3728,-36.9948,-2.75581,1.057,0.996175,1.02048,1.01204,0.758603,0.10277,6.36525e-05,0,0,1
7118,6.74094,23.9692,1.8743,0.943321,0.964298,1.00049,1.01157,1.03153,-0.15406,-0.000152471,0,0,1
7119,6.6348,23.5438,0.957259,0.859486,1.0022,1.008,1.04897,1.05699,-0.0774395,-0.00157576,0,0,1
7120,3.5546,-12.6633,-1.19503,0.974371,0.987581,1.00196,1.01613,0.97561,0.298755,0.000335474,0,0,1
7121,11.7527,-41.5756,-0.703182,1.29362,0.986731,0.999922,1.01381,0.872316,0.0199338,0.00128722,0,0,1
7122,35.2318,-130.472,-17.2178,1.24778,0.981852,1.01287,1.00144,0.917101,0.0877819,-0.000934236,0,0,1
7123,9.00327,-31.9736,-0.188037,1.19891,1.00591,0.993679,0.968292,1.52493,0.00881918,0.00204043,0,0,1
7124,5.44159,19.6288,2.37571,1.22432,0.979968,1.01231,1.005,0.731594,-0.310995,0.00178621,0,0,1
7125,5.53306,-19.758,-1.73911,0.939948,0.987615,0.994481,0.987189,1.10171,0.207227,-1.88579e-05,0,0,1
7126,5.89895,21.0119,1.8882,0.922817,0.980094,1.01782,1.02667,0.985914,-0.197994,0.000206997,0,0,1
7127,8.06259,-28.5628,-1.41736,0.957112,0.992982,1.01645,0.963017,1.00887,0.0811414,0.000949633,0,0,1
7128,4.63666,16.5214,1.36688,1.18992,0.990668,0.999893,0.995144,1.05095,-0.216721,-0.000475289,0,0,1
7129,7.86039,27.837,0.997754,0.816809,0.984195,0.992088,1.01,0.992869,-0.0596446,-0.00143376,0,0,1
7130,6.96792,24.8083,1.43621,0.721976,1.0099,1.00709,1.04808,1.04402,-0.108903,-0.000929442,0,0,1
7131,7.16043,25.4664,1.2234,0.681316,1.00963,0.994192,1.02776,1.13691,-0.0882754,-0.00125115,0,0,1
7132,11.2376,-39.9251,1.11168,0.964748,0.957368,1.01859,1.08514,1.22359,-0.0333248,0.0021927,0,0,1
7133,7.55335,-27.1354,-2.81891,1.18565,0.967944,0.990493,1.01493,0.974287,0.201932,-0.000892396,0,0,1
7134,8.59798,-30.5981,-2.40519,0.638796,0.972639,1.01355,1.04879,1.04303,0.127505,-1.45331e-05,0,0,1
7135,6.50118,-23.1143,-1.16305,0.929624,1.01635,0.990291,1.01323,1.32758,0.10026,0.00136295,0,0,1
7136,13.5824,-48.1436,-0.976944,1.04772,0.997741,1.00526,1.00931,0.822667,0.021111,0.00105301,0,0,1
7137,15.1051,54.5021,5.53979,0.733664,0.986892,0.987053,1.06615,1.06043,-0.112125,0.000606132,0,0,1
7138,3.20056,-11.4709,-1.41419,0.886116,1.00096,0.991101,1.03423,0.936145,0.436314,-0.00116579,0,0,1
7139,11.7248,-41.8797,-2.86334,0.793914,0.999003,0.993363,0.954419,1.21796,0.0866237,0.000191914,0,0,1
7140,58.2586,-217.661,-29.0568,1.11827,1.0166,1.01381,1.00998,1.18823,0.0576485,-0.000629925,0,0,1
7141,5.69039,20.3211,1.73053,1.04742,0.992645,0.99933,1.01432,0.831061,-0.194622,-9.03152e-05,0,0,1
7142,3.68803,13.089,1.10591,1.13646,0.978101,0.997583,1.01315,1.11248,-0.256855,-0.000818657,0,0,1
7143,18.6651,-69.1708,-9.42518,0.902048,1.00383,0.992272,1.06764,1.05911,0.156851,-0.00156853,0,0,1
7144,7.90514,-28.1567,-1.4271,0.924654,1.04298,1.00927,0.961501,1.19911,0.0858578,0.00106287,0,0,1
7145,38.8042,-144.01,-19.1906,1.30967,0.997026,1.02004,1.02907,0.991188,0.081963,-0.000882877,0,0,1
7146,9.86952,35.1036,1.13484,1.28367,1.02366,1.00835,0.963114,1.24445,-0.0448674,-0.00122264,0,0,1
7147,4.68493,-16.6666,-1.5854,0.707775,0.968964,1.00883,1.01719,0.954413,0.250966,-0.000278195,0,0,1
7148,9.63362,34.3262,1.88728,0.861746,1.0162,0.998168,0.969108,1.18847,-0.0799532,-0.000686796,0,0,1
7149,13.9353,-50.0657,-4.48756,1.13192,0.991021,0.998603,0.958312,0.754482,0.102307,-0.000352839,0,0,1
7150,9.09265,-32.4241,-2.39047,0.920879,0.992542,1.0098,0.992887,0.701603,0.114101,0.000148502,0,0,1
7151,5.88551,21.1449,2.18816,0.964168,1.02737,1.02095,1.01268,1.03856,-0.23639,0.000696692,0,0,1
7152,23.5278,83.9641,-2.84302,1.11299,1.02807,0.998954,0.999111,1.43939,0.0217616,-0.00123421,0,0,1
7153,6.0621,-21.6182,-1.64794,1.04117,1.00309,0.975809,1.05098,1.21773,0.165956,0.000499228,0,0,1
7154,13.4336,-47.6168,-1.49899,1.2727,0.985758,0.991766,1.01912,0.860964,0.0334802,0.000864775,0,0,1
7155,23.4971,86.487,10.6494,0.655238,1.02692,0.995529,0.985365,1.22928,-0.102358,0.000868835,0,0,1
7156,57.9985,-208.935,13.0464,1.4943,1.04976,0.999753,1.04537,1.13007,-0.0183716,0.000677817,0,0,1
7157,22.8058,81.8306,6.17214,1.01611,1.00577,1.0008,0.93604,1.00844,-0.0530172,4.83126e-05,0,0,1
7158,5.84955,-20.7503,-0.820207,0.38508,0.993823,0.988445,0.995641,0.810161,0.0842223,0.00191082,0,0,1
7159,10.4811,-37.4366,-2.97281,0.964749,0.985465,1.00455,1.00343,1.12744,0.110808,-7.09434e-05,0,0,1
7160,68.0322,-260.442,29.1805,1.05948,0.987279,1.00241,1.02441,1.05632,-0.0980871,0.00208924,0,0,1
7161,3.09509,11.0265,0.958674,1.20557,1.02794,0.991234,0.987746,0.970469,-0.295044,-0.00155074,0,0,1
7162,7.77416,-27.8688,-2.61794,0.806469,1.01473,1.01527,0.972951,0.840429,0.172589,-0.000439283,0,0,1
7163,5.99159,21.4925,1.56148,0.947838,1.0431,0.986037,1.03626,0.97857,-0.158921,-0.000738939,0,0,1
7164,68.8969,-245.473,8.78368,1.17113,1.01674,0.997799,0.977345,0.90264,-0.00848458,0.00043749,0,0,1
7165,5.42537,-19.2415,-1.17343,1.02205,0.990987,1.00309,0.999163,0.921467,0.13834,0.0011751,0,0,1
7166,63.5195,-226.961,-13.5044,1.04119,1.02428,1.00717,1.02184,1.02124,0.0155259,4.43047e-05,0,0,1
7167,6.62792,-23.4968,-0.998935,1.03699,1.00229,1.01241,1.01047,0.895919,0.081168,0.00149882,0,0,1
7168,3.60736,12.8606,1.20995,1.11722,0.995336,0.995584,1.01759,1.10004,-0.296344,-0.000388189,0,0,1
7169,4.93115,17.5049,0.773311,0.854593,1.02055,1.00326,1.03296,0.699362,-0.106481,-0.00218665,0,0,1
7170,7.49867,-26.7441,-2.08735,0.668602,0.986837,1.00211,0.996546,0.907495,0.142526,0.000123813,0,0,1
7171,39.9389,-145.526,-15.6847,1.37725,1.00946,0.998441,0.970225,0.950717,0.0513869,-0.000376066,0,0,1
7172,13.013,-46.1717,-0.36383,1.08336,1.00394,1.00383,1.01229,0.985128,0.00854864,0.0013451,0,0,1
7173,5.39005,-19.4714,-2.41926,0.80622,0.98414,0.972555,0.994274,1.12664,0.327292,-0.00181795,0,0,1
7174,8.8635,31.7396,2.22838,1.12601,1.02828,0.987736,1.00019,0.83746,-0.112355,-0.000375087,0,0,1
7175,96.4626,-608.62,-376.476,0.989433,0.99806,0.981751,0.999935,0.876146,-0.14198,0.00265183,0,0,1
7176,14.3659,51.843,5.04938,0.923167,1.02269,1.01165,0.946119,1.37706,-0.108864,0.000483524,0,0,1
7177,85.1539,320.256,-43.1548,1.12991,1.00308,0.995603,1.0001,1.13621,0.0397652,-0.000953493,0,0,1
7178,6.78909,-24.1111,-1.62594,0.843106,0.991702,1.01487,0.999016,1.19225,0.129305,0.000576075,0,0,1
7179,22.9656,83.3734,8.37608,0.877423,1.01783,0.997408,0.985474,0.756336,-0.0761539,0.000426219,0,0,1
7180,29.5295,105.22,0.519551,0.776082,1.01469,0.998906,0.972199,0.603441,-0.002502,-0.000626083,0,0,1
7181,3.47928,-12.3562,-1.12685,0.931352,0.98393,1.01132,1.01813,1.30808,0.288873,0.000525774,0,0,1
7182,19.9434,71.1553,4.86387,1.00781,0.956332,0.995894,0.976006,0.97796,-0.0525494,-3.677e-05,0,0,1
7183,4.8539,17.2046,1.14595,1.3054,0.976948,0.992569,1.03793,1.0446,-0.164774,-0.00114181,0,0,1
7184,238.915,-908.586,92.3961,1.118,0.995333,0.994008,0.987591,0.860457,-0.0312103,0.000657693,0,0,1
7185,19.2392,69.273,6.19716,1.11442,1.01353,0.999926,1.01494,0.610372,-0.0758577,0.000265518,0,0,1
7186,30.5759,-108.742,-6.17082,0.806609,0.981465,1.00613,1.07821,1.07097,0.0289079,0.000122422,0,0,1
7187,11.0118,-39.2259,-2.66877,1.01432,0.988443,1.00533,0.974886,0.957565,0.0889906,0.000211852,0,0,1
7188,8.96829,32.0006,2.03464,0.657805,1.00465,1.00213,0.994097,0.92259,-0.0988159,-0.000482398,0,0,1
7189,13.593,-48.112,0.0888912,0.938365,0.980824,0.98826,1.01763,1.3775,-0.00193195,0.00145899,0,0,1
7190,23.7988,-85.5169,-7.19227,0.913418,1.02381,1.01251,1.01148,1.00897,0.0581231,-0.000167064,0,0,1
7191,11.7606,-41.6089,-0.295669,1.14017,0.975202,0.992229,0.951059,1.05089,0.00839919,0.00148218,0,0,1
7192,17.4241,-62.1001,-3.81676,1.06484,0.953309,1.00768,1.03308,0.753767,0.0527068,0.000146394,0,0,1
7193,5.70169,20.4614,1.66981,0.887247,1.02712,0.976608,1.03275,1.12058,-0.187884,-0.000419167,0,0,1
7194,119.375,457.063,-57.1305,1.17344,1.05774,0.994969,1.00046,0.935757,0.0558136,-0.00120342,0,0,1
7195,22.2055,79.0921,-2.53092,0.742953,0.970311,1.02323,1.01846,1.15729,0.0206903,-0.00118484,0,0,1
7196,13.1986,47.2214,3.57915,0.993841,0.985394,0.996988,1.01818,1.2171,-0.0864901,1.81478e-05,0,0,1
7197,17.3457,-62.3122,-5.64189,0.86671,0.982643,1.00877,0.995343,0.990697,0.0843135,-0.000344055,0,0,1
7198,6.53542,23.3585,2.3401,0.787506,0.96091,0.997557,1.02141,1.15962,-0.211656,0.000717142,0,0,1
7199,12.3526,44.3692,3.97313,0.593583,1.00437,1.00744,0.98188,1.00616,-0.112022,0.000337769,0,0,1
7200,4.41138,-15.6657,-0.978753,1.01778,1.00124,0.990667,1.00755,1.03024,0.166608,0.00163271,0,0,1
7201,12.9537,45.8821,0.985507,1.28833,0.970144,0.989075,1.06079,0.941874,-0.0231947,-0.00107464,0,0,1
7202,16.2116,-59.5984,-7.69134,1.21236,1.00002,1.00639,0.996182,1.09569,0.156859,-0.0014417,0,0,1
7203,71.9579,-261.946,-29.0163,1.0084,0.996969,1.00504,0.972566,1.12812,0.0301279,-0.000240947,0,0,1
7204,6.9803,24.9865,2.29738,1.01782,0.978293,0.99165,0.98536,0.923908,-0.183428,0.000356151,0,0,1
7205,5.24307,-18.7606,-1.88371,1.05548,0.990477,1.0153,1.02149,1.25669,0.248809,-0.000608626,0,0,1
7206,27.4399,99.8526,9.97104,1.09793,1.03194,0.997991,1.02564,0.699926,-0.0647186,0.000364594,0,0,1
7207,65.9689,-235.627,11.5258,0.593264,1.006,1.00397,0.908196,0.94699,-0.0121457,0.000509912,0,0,1
7208,905.559,4042.01,1423.76,0.82545,1.00242,0.984541,1.03848,1.19458,0.0232032,-0.000441707,0,0,1
7209,3.65124,12.9593,1.07501,0.754086,0.987569,1.00939,1.01153,0.874348,-0.25195,-0.000920302,0,0,1
7210,4.74597,-16.9136,-1.38708,1.09306,0.994089,0.991484,1.01564,0.808943,0.213211,0.000501039,0,0,1
7211,27.392,103.127,14.6266,1.03545,1.01496,0.996991,1.00815,1.33802,-0.175349,0.00217171,0,0,1
7212,6.49147,-23.08,-1.89739,1.06939,0.972771,1.00862,1.05902,1.17111,0.167453,2.98646e-05,0,0,1
7213,4.53237,-16.2418,-1.76011,1.26076,1.0048,0.995535,0.965362,0.962694,0.302959,-0.000772995,0,0,1
7214,7.02811,-24.9486,-0.971242,1.14595,0.999044,0.992964,1.01395,0.937211,0.0720176,0.0015544,0,0,1
7215,87.0778,-326.483,-43.9693,1.07585,0.995094,1.00922,0.976893,0.930071,0.0471473,-0.000563595,0,0,1
7216,7.62688,-27.2516,-2.18161,0.749988,1.00263,0.983779,0.962169,0.98706,0.147234,0.000106895,0,0,1
7217,7.49361,26.5389,0.398733,1.07215,0.998197,1.00585,1.03618,0.95359,-0.0255449,-0.00212859,0,0,1
7218,20.6661,73.9196,4.58274,1.23983,0.992079,0.989523,1.0027,0.864121,-0.0466192,-0.000147999,0,0,1
7219,45.7522,163.548,-5.61302,1.2452,1.01336,1.0007,0.952762,1.09487,0.011598,-0.000634648,0,0,1
7220,166.675,-628.402,-79.4085,0.931894,0.985179,1.00474,0.986057,0.857672,0.0323398,-0.000419751,0,0,1
7221,72.6957,-265.225,-30.5235,1.25747,0.986212,0.99783,0.97789,1.06363,0.0319887,-0.000274468,0,0,1
7222,42.749,152.845,-5.8187,0.850926,1.01086,0.992734,1.00124,0.985033,0.0138914,-0.000709239,0,0,1
7223,56.7796,203.455,11.3253,1.28462,1.00354,1.00935,1.00237,1.13598,-0.015443,-7.40951e-05,0,0,1
7224,9.90242,35.6615,4.01085,1.23693,0.952325,1.00093,0.993587,1.44535,-0.179522,0.00116349,0,0,1
7225,5.20803,-18.6643,-1.93259,0.891637,1.0001,0.999325,1.0158,1.00969,0.262038,-0.000689882,0,0,1
7226,8.48328,30.2843,2.09111,1.09931,0.997174,0.993738,0.981433,1.07839,-0.113665,-0.000364426,0,0,1
7227,408.573,1614.37,-75.2958,1.12972,0.981008,0.998915,0.99053,0.898276,-0.0345033,0.000522868,0,0,1
7228,3.90957,-13.9404,-1.29084,0.601758,1.01458,1.00468,0.978025,0.957148,0.275415,0.000356351,0,0,1
7229,81.5257,292.07,13.6287,1.3393,1.00312,1.00695,1.01643,0.928965,-0.00886305,-8.42537e-05,0,0,1
7230,5.70966,20.2958,1.11161,0.721069,1.01748,0.99042,1.02239,1.21842,-0.120337,-0.00145429,0,0,1
7231,26.8332,95.6375,2.39157,1.20928,1.00942,0.992469,1.04825,0.738107,-0.0141272,-0.000494769,0,0,1
7232,7.25399,26.1342,2.86455,0.94517,0.991285,1.00113,0.957114,1.18974,-0.222831,0.00110909,0,0,1
7233,24.5806,-87.0795,1.53242,1.31531,0.994048,1.01763,1.02901,0.543128,-0.0105754,0.000953004,0,0,1
7234,9.57605,-34.3769,-3.20489,1.08452,0.988982,0.99706,0.994186,0.791665,0.146844,-0.00047518,0,0,1
7235,23.8983,-87.8213,-10.8795,0.801433,0.995649,0.975308,1.00793,1.25486,0.105859,-0.000942259,0,0,1
7236,24.243,87.3821,5.71879,1.07208,1.04745,0.989242,0.980153,0.91594,-0.0437396,-0.000102511,0,0,1
7237,11.3207,-40.2332,-0.296765,0.98012,1.01321,0.996816,0.944269,1.13691,0.00915492,0.00159079,0,0,1
7238,50.5503,-179.681,-4.7774,1.03563,0.987909,0.986275,1.02385,0.6104,0.00837358,0.000242195,0,0,1
7239,25.3705,90.0663,-0.638731,1.45238,0.985617,0.990178,0.99071,1.08652,0.00409232,-0.000836808,0,0,1
7240,10.7353,-38.5234,-3.46573,0.815895,0.990546,0.998326,0.980267,0.751495,0.127942,-0.000374638,0,0,1
7241,10.5889,-38.0032,-3.47943,1.0233,1.01111,1.00138,1.04273,1.15175,0.131482,-0.000379273,0,0,1
7242,25.5684,-91.7643,-7.42493,0.769987,0.985378,0.996637,1.04641,0.915705,0.0523584,-0.000139494,0,0,1
7243,45.9611,164.262,-5.90763,0.993157,1.0263,0.997488,0.939403,1.19097,0.0121528,-0.00064987,0,0,1
7244,5.96806,-21.259,-1.45073,0.929799,1.01989,0.988879,0.984804,1.24532,0.147487,0.000858667,0,0,1
7245,177.926,-653.936,-76.3743,1.30062,1.02925,0.997819,1.00011,0.818715,0.0139998,-0.000123393,0,0,1
7246,3.86256,-13.8388,-1.53195,1.17766,1.00458,0.983207,1.00139,0.665707,0.343907,-0.000620206,0,0,1
7247,12.4859,-45.3327,-5.40276,1.18086,0.995132,1.00562,1.02626,1.29035,0.164635,-0.00123434,0,0,1
7248,4.25929,-15.0619,-0.875198,1.01031,0.986445,1.00295,0.9883,1.13252,0.155619,0.00183079,0,0,1
7249,87.5417,-313.501,-18.8679,0.474804,1.03924,1.01255,1.01394,0.976762,0.0115453,2.89345e-05,0,0,1
7250,13.4651,-47.917,-1.80547,0.786112,1.01862,1.00439,0.99317,0.915213,0.0406264,0.000763348,0,0,1
7251,12.7742,46.963,5.94887,0.929201,1.03363,0.996853,1.01153,0.999871,-0.1791,0.00143463,0,0,1
7252,7.48604,26.6509,1.41175,0.955273,1.01446,1.00798,1.05671,1.06799,-0.0937346,-0.00100207,0,0,1
7253,17.1118,61.2245,-3.0405,0.9917,1.00741,0.988282,0.992287,1.08201,0.0438498,-0.00193767,0,0,1
7254,22.3207,-80.6248,-7.49903,0.97229,1.0172,0.994993,0.999024,1.21988,0.0710576,-0.000314892,0,0,1
7255,9.38729,33.3601,1.25709,0.858362,0.997241,0.995537,1.0015,0.893377,-0.0546096,-0.00113829,0,0,1
7256,9.26996,32.9551,2.04313,0.868694,0.982485,0.997547,1.02302,1.10601,-0.0924366,-0.00048506,0,0,1
7257,11.5241,41.13,2.7915,0.693593,0.99154,1.00418,0.9985,0.793724,-0.0852019,-0.000206713,0,0,1
7258,43.4316,-154.564,8.03685,1.04906,0.977549,0.999013,1.03152,0.812227,-0.0189534,0.000773238,0,0,1
7259,5.31332,-19.0313,-2.15745,0.84922,0.958641,1.0019,1.06872,0.866108,0.287813,-0.00135549,0,0,1
7260,6.81701,24.288,1.60544,0.839294,1.01115,0.994221,0.974452,0.926184,-0.128734,-0.000710356,0,0,1
7261,64.8094,239.046,29.2677,0.904361,1.01884,1.01446,1.00699,1.41644,-0.0391274,0.000358332,0,0,1
7262,87.03,327.276,45.6222,1.01455,1.03287,0.99707,0.977859,1.07881,-0.049072,0.000581929,0,0,1
7263,5.21846,18.6235,1.55759,0.952541,1.01321,0.989534,0.99072,0.684737,-0.202901,-0.000383728,0,0,1
7264,30.9946,-109.86,-1.3295,0.641408,0.999583,1.01239,0.992442,1.08177,0.0058934,0.000514474,0,0,1
7265,6.79746,24.2957,1.9727,1.13191,1.00686,1.00682,1.01305,0.913321,-0.161294,-0.000110696,0,0,1
7266,5.46667,19.3915,1.07044,1.07778,1.00273,1.01465,0.99594,1.01815,-0.122934,-0.00139673,0,0,1
7267,45.2354,167.707,21.9399,0.986606,1.00447,1.00736,1.03332,1.23006,-0.0646718,0.000656,0,0,1
7268,16.4207,58.432,2.8195,1.46089,0.978208,0.980872,1.03314,0.56622,-0.0435446,-0.000439596,0,0,1
7269,5.37952,-19.3006,-1.5567,1.04783,1.03388,0.975568,1.01966,0.993943,0.194066,0.000561304,0,0,1
7270,17.5362,-62.4016,-3.39057,0.776878,0.994333,1.0087,1.01465,0.735295,0.0462768,0.000295364,0,0,1
7271,12.3583,-43.8122,-1.54151,1.1761,0.974199,1.00993,0.949169,0.996934,0.0398569,0.000822576,0,0,1
7272,11.4523,40.8654,3.1493,0.895688,0.955488,1.00076,1.02471,0.898299,-0.0985476,6.36506e-05,0,0,1
7273,4.00394,-14.309,-1.43272,0.662604,0.999448,0.999493,1.00467,0.989118,0.298591,-0.000187561,0,0,1
7274,11.5557,41.1507,2.96605,1.00367,0.977463,1.0079,1.04282,0.909722,-0.0900004,-8.89614e-05,0,0,1
7275,5.72041,-20.3829,-1.49209,0.933572,1.00397,0.992318,0.995299,1.08395,0.164754,0.000643353,0,0,1
7276,88.3307,-334.386,-40.4694,0.80642,0.987145,1.01258,0.987082,0.793689,0.0677174,-0.000902194,0,0,1
7277,6.30819,22.752,2.62378,1.09628,0.99736,0.991904,0.995683,0.773396,-0.262853,0.00132422,0,0,1
7278,3.85518,-13.7366,-1.24717,0.897011,1.01303,1.02172,1.01708,0.76051,0.2706,0.000387499,0,0,1
7279,8.80175,-31.2793,-1.1424,1.28278,1.01567,0.992385,0.979768,0.967248,0.056726,0.00129253,0,0,1
7280,43.4899,-157.327,-13.0294,0.817485,1.04989,1.00454,0.989147,1.38545,0.0334147,-0.000103302,0,0,1
7281,5.3809,19.2523,1.82754,1.17124,0.986002,0.991054,1.05543,1.20765,-0.231216,0.000309413,0,0,1
7282,15.0917,53.7911,2.44397,0.793252,0.998395,0.96908,1.04437,0.962066,-0.0451481,-0.000565245,0,0,1
7283,8.39186,29.7133,1.26002,0.942888,0.970837,0.98847,0.979625,0.819258,-0.0673669,-0.00112464,0,0,1
7284,16.0229,-56.7921,0.399669,0.979722,0.997458,1.00475,1.00774,1.19216,-0.00631634,0.00131351,0,0,1
7285,24.1576,85.684,1.76394,1.56282,0.992405,1.00979,1.00475,1.20504,-0.0123788,-0.000573511,0,0,1
7286,22.2203,-79.433,-5.14796,1.12745,1.00074,0.985442,0.998173,0.894319,0.0466899,9.40748e-05,0,0,1
7287,21.0091,75.0464,-2.83286,0.856516,1.00744,0.990697,0.966832,0.850458,0.0271824,-0.00142321,0,0,1
7288,3.91488,13.8258,0.707462,0.835936,0.998007,1.02461,0.997226,1.15686,-0.142558,-0.00236274,0,0,1
7289,94.915,-341.693,-27.0139,1.27431,1.01758,0.991322,1.01714,1.20076,0.014787,-4.1434e-05,0,0,1
7290,5.54783,-19.6146,-0.742076,0.841591,0.980445,0.987776,1.00666,1.34968,0.0831784,0.00206529,0,0,1
7291,14.1704,-52.2871,-7.07594,0.923633,0.99932,1.00872,0.977111,0.990028,0.193595,-0.00188368,0,0,1
7292,15.5664,-55.4089,-3.76133,0.908394,0.980188,1.00817,1.03509,1.47998,0.065303,9.33818e-05,0,0,1
7293,39.2405,139.903,5.50902,1.14377,0.955689,1.0007,0.978684,0.723554,-0.0150689,-0.000211539,0,0,1
7294,16.3448,-58.1135,2.44283,0.78127,0.978698,0.988146,1.00924,0.613001,-0.0379204,0.00185069,0,0,1
7295,11.1633,39.977,3.53124,1.1998,0.944392,1.00552,1.01704,0.657514,-0.118132,0.000380028,0,0,1
7296,14.0488,-52.1494,-7.04465,1.22083,1.01482,0.970944,0.963532,0.801524,0.194469,-0.00180138,0,0,1
7297,7.06744,25.1566,1.60371,0.827897,1.00117,1.01122,1.0295,1.09862,-0.118521,-0.000688619,0,0,1
7298,6.10111,-21.7475,-1.47613,0.835737,1.02962,0.99731,1.01512,0.906409,0.143736,0.000842892,0,0,1
7299,15.1394,54.2154,4.62262,0.815249,0.976813,1.00635,0.941323,1.25465,-0.0869225,0.000236163,0,0,1
7300,8.96959,-32.389,-3.45502,1.06745,1.02019,1.00899,1.00471,1.24547,0.181962,-0.000891283,0,0,1
7301,7.56803,27.0864,2.70896,0.811857,0.954063,1.00864,0.954575,0.859513,-0.188805,0.0007783,0,0,1
7302,11.9586,-42.8822,-4.15353,0.950357,0.962756,0.996181,1.02912,0.667859,0.126447,-0.000571778,0,0,1
7303,3.22378,-11.5514,-1.38268,1.09567,1.01252,1.00435,0.980219,0.946425,0.416954,-0.00093081,0,0,1
7304,112.227,-408.963,43.3677,0.817965,1.00284,0.994575,1.04482,1.13113,-0.0186576,0.000510575,0,0,1
7305,59.9461,214.758,11.1223,0.871297,1.00416,1.00314,0.992734,1.00942,-0.013617,-9.01668e-05,0,0,1
7306,10.081,-35.6835,-1.20847,1.29718,0.993493,1.01145,0.997549,1.10615,0.045573,0.00110138,0,0,1
7307,4.12694,14.6827,1.10075,0.861563,1.02321,1.00201,1.00039,1.12845,-0.209705,-0.001247,0,0,1
7308,13.1326,-46.4609,-0.759648,0.947696,0.974606,0.989739,0.97779,1.03048,0.0176034,0.00115711,0,0,1
7309,12.8482,-46.2949,-4.66244,0.735497,0.987904,1.002,1.06454,0.855029,0.127173,-0.000662284,0,0,1
7310,99.4751,-391.342,115.545,0.982235,1.0027,0.98359,0.942836,0.891265,0.103754,-0.00172175,0,0,1
7311,24.773,89.9483,8.3682,1.0285,1.0481,0.999218,1.02669,1.15789,-0.0645457,0.000274537,0,0,1
7312,4.58454,16.4708,1.90302,1.03136,0.979343,1.00894,1.00346,1.01928,-0.325336,0.00137666,0,0,1
7313,88.0612,317.859,-26.2102,1.18275,0.985893,1.01493,1.00783,0.648919,0.0154146,-0.000488294,0,0,1
7314,15.7488,-55.8088,-1.4266,0.973977,0.978677,1.01405,0.998351,0.93326,0.0231789,0.000783155,0,0,1
7315,12.7295,-45.8184,-3.76014,0.83546,1.03503,0.99927,1.03001,1.08407,0.0999436,-0.000119961,0,0,1
7316,7.16352,-25.5071,-1.56967,0.940903,1.01292,1.00171,0.951789,1.17692,0.114707,0.000783929,0,0,1
7317,23.3773,85.5905,9.35824,1.21921,1.0442,0.989704,0.976744,0.733091,-0.0850734,0.000560235,0,0,1
7318,27.842,99.8183,6.97163,0.895163,1.01183,1.00199,1.00803,0.552302,-0.0402065,-1.72707e-05,0,0,1
7319,30.8047,-109.324,-2.75894,1.59874,0.964385,1.00065,0.990404,1.11365,0.0124215,0.000391791,0,0,1
7320,4.00002,14.2077,1.32109,1.03181,0.983382,1.02615,1.02074,0.665533,-0.268853,-6.37144e-05,0,0,1
7321,20.5296,74.3702,-7.19785,1.01053,0.967559,0.991137,0.954929,1.16318,0.0792788,-0.00234583,0,0,1
7322,12.1652,43.2641,1.36436,1.02457,1.00746,1.00325,1.0473,0.878117,-0.0364426,-0.000975441,0,0,1
7323,10.2058,36.2178,1.47041,0.73264,0.989952,0.996898,1.02838,0.965606,-0.0546041,-0.000954311,0,0,1
7324,210.987,814.18,35.2046,1.21431,1.00474,1.0043,1.05052,1.26726,-0.0509658,0.000745656,0,0,1
7325,6.97422,-25.2367,-3.10394,0.862918,0.973802,1.0096,0.968603,0.956446,0.270524,-0.00186748,0,0,1
7326,33.2809,121.727,13.9059,1.04529,1.00043,0.993643,1.03042,0.628699,-0.0658256,0.000520963,0,0,1
7327,13.087,47.1933,4.91295,1.43068,0.970821,1.00346,0.985743,1.28751,-0.128942,0.000746257,0,0,1
7328,13.9314,-49.5288,-3.19679,0.810968,0.966098,0.997028,0.961341,0.727905,0.0685761,0.000178423,0,0,1
7329,256.736,1042.65,-617.389,1.29458,0.970351,1.00426,1.00426,0.922865,-0.0395162,0.000650205,0,0,1
7330,21.1141,-76.2849,-7.92212,0.928984,0.972461,1.00671,1.0156,0.976636,0.0855211,-0.000559407,0,0,1
7331,10.6647,-38.2169,-3.2611,1.17743,0.992422,1.00097,0.9864,1.13531,0.120316,-0.000238874,0,0,1
7332,5.84483,20.6878,0.424936,1.27579,0.990807,0.991771,1.01532,0.816723,-0.0429078,-0.00259539,0,0,1
7333,39.1536,146.904,20.3115,1.00864,0.98886,0.997713,0.975854,1.08562,-0.0916338,0.00103497,0,0,1
7334,15.9241,57.0614,4.25192,1.14114,1.01796,0.995819,1.02446,1.21038,-0.072419,-1.36182e-05,0,0,1
7335,10.4611,37.2175,1.14327,0.761532,1.01201,0.993793,0.979261,1.0189,-0.040837,-0.00119348,0,0,1
7336,3.75155,-13.3246,-0.950531,0.992854,1.01314,0.992375,1.0684,1.12399,0.212975,0.00169009,0,0,1
7337,5.94482,-21.1091,-1.0129,0.972047,1.0021,0.996348,1.02587,0.730202,0.101583,0.00155552,0,0,1
7338,11.4487,40.8054,2.16061,0.818883,1.01304,0.978929,1.03329,0.917897,-0.0670145,-0.000620994,0,0,1
7339,17.1529,61.3447,4.90116,1.23517,0.967344,0.990544,1.04911,1.25433,-0.0724723,0.000125858,0,0,1
7340,22.3116,79.6502,4.28178,0.865474,1.00141,1.00894,0.985301,1.12911,-0.0365292,-0.000235092,0,0,1
7341,122.374,-465.859,-39.5598,1.17815,1.00319,1.00058,1.02773,1.18708,0.0698801,-0.000988444,0,0,1
7342,227.112,-1066.22,-411.372,1.00827,0.992736,1.00229,0.983614,1.06307,-0.0858972,0.00163035,0,0,1
7343,5.00391,17.8436,1.44936,0.792772,0.997143,1.0017,0.954749,0.989682,-0.201865,-0.000437377,0,0,1
7344,17.1505,-62.7127,-7.60273,1.00429,0.997536,0.99441,1.00402,1.16072,0.132987,-0.0010981,0,0,1
7345,3.11473,11.0584,1.10801,0.733156,0.952214,1.00285,0.971382,1.25091,-0.347363,-5.13641e-05,0,0,1
7346,6.20633,22.0303,1.03928,0.814042,0.989686,0.990271,0.997589,0.894505,-0.0959833,-0.00149549,0,0,1
7347,15.6122,-55.4008,-1.24761,1.04692,0.968681,1.01899,0.958949,0.773377,0.020349,0.000820444,0,0,1
7348,12.064,42.91,0.914228,0.92337,1.00925,0.999554,0.989882,0.970432,-0.0247447,-0.00120048,0,0,1
7349,9.46158,34.489,4.17122,1.19766,1.00989,0.99585,0.976025,1.03564,-0.211658,0.00147701,0,0,1
7350,22.2935,-80.8644,-8.3195,1.05977,1.02273,1.01118,0.961427,1.24436,0.0809016,-0.000490988,0,0,1
7351,14.7701,-52.3141,0.104271,0.931286,0.992481,1.00182,0.994871,1.03901,-0.00192279,0.00133695,0,0,1
7352,151.374,-763.184,357.05,1.3184,0.986083,1.0164,0.996363,1.02584,0.119844,-0.0019214,0,0,1
7353,7.3828,-26.3037,-1.70101,1.10911,1.00437,0.993643,0.992014,0.88625,0.118715,0.000641185,0,0,1
7354,11.8283,-42.9411,-5.16131,1.02432,0.983617,1.01352,0.957443,0.61826,0.175353,-0.00136252,0,0,1
7355,11.0394,-39.1118,-1.23441,1.14465,0.987063,0.993961,0.989686,1.07338,0.0397171,0.00106757,0,0,1
7356,9.48534,-33.9638,-2.99766,0.93401,0.985168,1.00515,0.991702,1.33688,0.136686,-0.000317132,0,0,1
7357,64.6139,-236.141,-28.6338,1.18234,0.960774,1.00337,1.00081,1.25116,0.0398705,-0.000381728,0,0,1
7358,8.74268,-31.1038,-2.12198,0.654211,0.990116,1.01009,0.993019,0.882096,0.107596,0.00033412,0,0,1
7359,5.2945,-18.825,-1.12808,1.25078,1.00298,0.990045,0.951446,0.977881,0.140406,0.00133698,0,0,1
7360,16.1069,-57.8785,-5.14132,0.865921,0.99601,1.00588,0.986414,0.898093,0.0888699,-0.000317322,0,0,1
7361,32.7845,-116.349,3.44154,1.0573,0.982356,0.993596,1.03858,1.10855,-0.0138583,0.000831045,0,0,1
7362,2.78578,9.91239,1.00889,1.19964,1.01155,1.01528,1.03107,1.38097,-0.373274,-0.000639921,0,0,1
7363,10.2831,36.4817,0.79956,1.18461,1.00352,1.00756,0.991707,0.756346,-0.0288151,-0.00138129,0,0,1
7364,4.2472,15.0846,0.961921,0.832004,1.01432,1.01705,0.956128,1.18517,-0.172193,-0.00160944,0,0,1
7365,7.28029,-26.0447,-2.21304,0.656992,1.00824,1.00985,1.01157,0.694993,0.161665,-8.98505e-05,0,0,1
7366,6.70046,-23.7704,-0.505468,0.71135,1.01427,1.01394,1.01148,1.11827,0.0399604,0.00220164,0,0,1
7367,12.9621,47.1096,5.17908,0.919853,1.00498,0.981486,0.991988,0.766154,-0.14387,0.000885676,0,0,1
7368,19.1138,-68.0491,-2.60566,0.959799,1.01793,1.01542,1.00116,1.28664,0.0299529,0.00049884,0,0,1
7369,2.52552,-8.95301,-0.743055,1.26665,0.993292,0.993951,1.04326,1.14044,0.316173,0.0023729,0,0,1
7370,4.49817,16.1405,1.38727,0.674076,1.05068,1.00488,1.00581,0.844023,-0.231451,-0.00058333,0,0,1
7371,31.271,114.705,14.3726,1.19009,0.972038,0.990041,1.00275,0.845043,-0.0820093,0.000764441,0,0,1
7372,15.1112,53.5649,-0.530247,1.04779,0.983161,1.00557,0.968182,0.941407,0.00917147,-0.00141468,0,0,1
7373,3.44527,12.2154,1.07448,0.8945,0.960195,1.00618,1.00862,1.15089,-0.281008,-0.0006089,0,0,1
7374,15.2495,55.0533,5.609,1.1538,0.983217,1.00766,1.02759,0.716211,-0.110385,0.00062796,0,0,1
7375,13.4212,48.405,4.9287,0.89963,1.01094,1.02478,1.00669,1.24029,-0.121896,0.000646446,0,0,1
7376,8.46777,30.3699,2.78762,0.977029,0.980774,0.98865,0.947172,1.07479,-0.158533,0.000403871,0,0,1
7377,23.0596,86.5261,12.304,0.798034,0.985479,1.00789,0.987594,0.978937,-0.160306,0.00184457,0,0,1
7378,9.55674,-34.0349,-1.78681,0.964609,1.00252,0.987533,0.969822,0.80791,0.0774878,0.000746157,0,0,1
7379,273.34,-963.949,-23.5902,1.16636,0.995132,1.01658,0.979437,1.05228,0.00152074,4.27296e-05,0,0,1
7380,7.01263,-25.3346,-2.52331,0.840805,1.04284,0.992984,0.964218,0.887291,0.204035,-0.000539977,0,0,1
7381,7.41479,26.5274,2.59456,1.18884,0.955695,1.01457,0.997681,1.19536,-0.186103,0.000700027,0,0,1
7382,8.23296,29.3841,2.00465,0.809787,1.0194,0.991007,0.993833,1.20054,-0.114836,-0.000476232,0,0,1
7383,5.5841,19.8219,1.29611,0.954569,0.993685,1.01079,0.980778,1.0675,-0.145008,-0.000936219,0,0,1
7384,61.8241,-232.1,-31.953,0.944056,1.03555,1.0119,1.02822,1.44323,0.0733405,-0.000893349,0,0,1
7385,12.3407,44.4937,3.62585,1.09129,1.03731,0.993224,1.0179,1.17358,-0.101939,8.82879e-05,0,0,1
7386,31.6212,-114.786,-10.9525,1.10907,1.03073,0.993839,1.03486,0.78989,0.0542617,-0.000282486,0,0,1
7387,3.61411,-12.8799,-1.28696,1.0112,0.989296,1.01121,0.985517,1.16621,0.314959,-7.28835e-05,0,0,1
7388,4.0959,14.7434,1.65311,0.938061,1.01947,0.988198,0.971341,0.890917,-0.337397,0.000768571,0,0,1
7389,3.52916,12.5476,1.01972,0.836441,1.00692,1.00149,1.00389,0.633232,-0.254141,-0.00123324,0,0,1
7390,12.8551,-46.6887,-5.15583,0.776401,1.00814,0.989746,1.02607,0.618267,0.145766,-0.000916579,0,0,1
7391,68.4495,260.986,26.2077,1.00635,1.00101,1.00815,0.990155,0.995957,-0.112379,0.00156474,0,0,1
7392,13.3617,47.358,1.5012,0.946738,0.989282,1.00585,0.965581,1.1183,-0.0331952,-0.00085474,0,0,1
7393,3.95311,14.0993,1.29015,1.19157,0.989754,0.993103,1.02219,1.01935,-0.271384,-0.000319868,0,0,1
7394,5.97913,21.2477,1.14705,1.11255,0.992893,0.989071,0.939978,1.17395,-0.114287,-0.00132235,0,0,1
7395,8.02798,28.925,3.13074,0.772912,1.00246,1.00161,0.912826,1.07519,-0.201981,0.000989479,0,0,1
7396,6.18774,-21.9582,-0.568847,1.28611,1.00867,0.994582,0.994074,1.00759,0.0526155,0.00229006,0,0,1
7397,6.0736,-21.591,-1.19308,0.821327,1.02198,1.00623,1.01189,0.823253,0.11566,0.00126862,0,0,1
7398,20.6375,-76.284,-10.1567,1.38905,1.00146,0.993314,1.00288,1.23556,0.137576,-0.00135255,0,0,1
7399,4.77476,17.0953,1.74281,0.930607,0.98761,0.985061,0.976996,0.862953,-0.273919,0.000524922,0,0,1
7400,10.2268,36.4945,2.80861,1.08594,0.981367,1.00271,1.05558,0.788498,-0.108234,-1.27422e-05,0,0,1
7401,20.1379,-74.1462,-9.52338,0.947855,0.994225,0.98364,0.995794,1.0675,0.131453,-0.00122435,0,0,1
7402,13.005,-46.7094,-4.22911,1.2782,0.985221,0.99876,0.956792,0.960495,0.109612,-0.000386245,0,0,1
7403,18.3942,-65.1719,-0.149874,0.96507,0.993701,1.00142,0.99149,1.14587,0.00183157,0.00101674,0,0,1
7404,5.89046,-21.067,-1.89221,0.741592,0.996654,1.00328,0.967524,0.682162,0.202353,-0.00015743,0,0,1
7405,4.85004,17.3423,1.67186,1.13629,1.01555,1.02075,1.02484,0.818068,-0.249417,0.000258308,0,0,1
7406,53.9617,288.095,-78.5428,1.21962,1.01289,0.991049,1.05248,1.00773,-0.218324,0.0037056,0,0,1
7407,686.033,-6359.28,-2276.82,0.822712,1.0144,1.00825,0.977018,1.22117,-0.0158664,0.000280474,0,0,1
7408,28.3823,-103.735,-11.7304,0.991544,1.01615,0.999641,0.980027,1.36691,0.0764188,-0.000593146,0,0,1
7409,12.244,-43.5084,0.43521,1.05101,1.00001,0.992295,0.999794,1.0916,-0.0115559,0.00180741,0,0,1
7410,33.16,-119.265,-10.3544,1.00516,1.00261,1.00919,1.00878,0.687872,0.0447179,-0.000179838,0,0,1
7411,4.45236,15.9976,1.85419,0.85464,0.979606,0.993827,1.01187,0.879356,-0.335729,0.00133934,0,0,1
7412,8.06343,29.0581,3.07103,0.81144,1.00781,0.996548,0.918046,0.827281,-0.195156,0.000858793,0,0,1
7413,16.0471,-58.0156,-6.18886,0.90313,0.981098,1.00698,0.925278,0.810098,0.113816,-0.000745701,0,0,1
7414,41.1613,154.397,21.301,0.816227,0.988268,0.983263,0.944172,1.55495,-0.0903403,0.00102676,0,0,1
7415,21.2555,76.1916,5.59936,0.897819,1.00933,0.99734,1.0152,1.176,-0.054967,1.20537e-05,0,0,1
7416,3.26216,-11.5257,-0.791934,0.787124,0.974977,1.00115,1.04348,0.972298,0.221605,0.00203302,0,0,1
7417,10.1857,-36.2924,-2.13101,1.12026,0.991007,0.986848,1.02196,0.903336,0.0824898,0.00051321,0,0,1
7418,34.7831,-125.479,-11.9186,0.965259,0.988808,1.00389,0.965662,0.842339,0.0482205,-0.000268148,0,0,1
7419,2.45194,-8.68825,-0.694012,0.908232,1.01228,0.995276,0.984054,1.08163,0.307312,0.00289671,0,0,1
7420,4.01049,14.2736,1.24218,0.852926,0.990868,1.0045,0.947261,0.952938,-0.251949,-0.000506922,0,0,1
7421,6.68255,-23.8672,-1.95014,0.989792,0.992529,0.994406,1.08186,0.995263,0.165916,8.87712e-05,0,0,1
7422,12.9069,46.239,3.59378,1.0931,1.00746,1.0071,1.02735,1.11634,-0.0911259,4.98276e-05,0,0,1
7423,4.33352,15.4786,1.48219,0.852889,1.0086,1.00686,0.954188,0.922389,-0.268156,5.03932e-05,0,0,1
7424,4.94471,-17.6047,-1.64314,0.863381,0.961531,1.00347,1.03476,1.38728,0.237404,-0.000265681,0,0,1
7425,38.6809,138.68,8.96466,0.885617,0.998693,0.985812,1.02283,1.43097,-0.0271588,-4.65079e-05,0,0,1
7426,26.9596,-99.0633,-12.2055,1.30449,1.00484,1.00077,1.00209,1.12091,0.0933291,-0.000844544,0,0,1
7427,14.0495,-50.7918,-5.50423,1.10073,0.984829,0.979502,0.954559,0.912434,0.131276,-0.000817683,0,0,1
7428,27.0269,-97.9845,-10.7008,0.685521,0.971175,0.992632,1.00013,0.909075,0.0749745,-0.000560216,0,0,1
7429,24.4456,-90.0925,-11.5644,1.25898,0.991452,0.992316,0.997909,0.818799,0.111529,-0.00107334,0,0,1
7430,11.8794,-43.3879,-5.64037,0.969277,0.978962,0.99494,0.976178,0.766531,0.200427,-0.00174882,0,0,1
7431,12.8728,45.7605,0.549251,0.825851,1.02186,1.02143,0.973267,0.852548,-0.0129246,-0.00127732,0,0,1
7432,6.8472,-24.9295,-3.09243,0.711135,1.02335,1.00526,0.973218,1.06682,0.277687,-0.00178564,0,0,1
7433,6.12097,21.7212,1.23254,0.808089,0.990226,1.00117,1.02796,1.06133,-0.116854,-0.00114113,0,0,1
7434,111.571,-432.602,-6.53954,0.72702,0.992676,0.986709,0.981193,1.12116,0.107444,-0.00159245,0,0,1
7435,7.03373,25.1114,1.87757,1.1321,0.990823,0.984383,0.998898,0.753471,-0.144651,-0.000332567,0,0,1
7436,6.58714,23.3654,1.25984,1.16334,0.974951,1.02329,1.03367,0.687009,-0.103406,-0.00101301,0,0,1
7437,4.93214,-17.6265,-1.67743,1.08101,1.00426,0.988756,0.938981,1.48536,0.24591,-0.000142342,0,0,1
7438,18.7503,-66.4529,1.16676,0.985494,0.99045,1.0026,0.957379,1.07472,-0.0136667,0.00126285,0,0,1
7439,18.5435,66.1891,3.51671,0.932774,1.02352,1.00058,1.0175,0.977688,-0.0434084,-0.000327432,0,0,1
7440,21.1596,-76.7156,-8.51235,1.19173,1.00027,1.00988,0.980639,1.31126,0.0938627,-0.000677542,0,0,1
7441,19.834,-73.763,-10.2809,1.16157,0.990571,0.990643,1.01117,0.860308,0.161437,-0.00171213,0,0,1
7442,5.19273,18.4747,1.55315,0.759983,0.974055,0.993182,1.02034,1.18099,-0.203434,-0.00022484,0,0,1
7443,26.4557,94.7637,-5.57857,1.10067,0.995133,1.00249,1.07234,1.21025,0.0344736,-0.00133948,0,0,1
7444,68.0349,-249.806,-31.4318,0.958775,0.969808,1.00538,1.0418,0.849884,0.0408328,-0.000409371,0,0,1
7445,18.8951,66.9907,0.583275,1.1519,0.979041,1.00605,1.00961,0.538663,-0.00656461,-0.00088391,0,0,1
7446,3.02204,10.7847,1.08528,0.907958,1.02306,0.995771,0.975393,1.06646,-0.351764,-0.000693412,0,0,1
7447,3.54998,12.6502,1.388,0.853739,0.955729,1.00862,0.985013,0.90801,-0.357011,0.000849327,0,0,1
7448,33.6056,122.746,14.0905,1.10083,0.99503,0.995191,1.04627,0.77765,-0.0651675,0.000519664,0,0,1
7449,36.1005,-130.283,11.641,0.374978,1.0116,1.01595,0.991569,1.09197,-0.0426282,0.00129567,0,0,1
7450,6.81453,-24.86,-3.1914,0.832797,1.01107,0.99028,0.974055,1.14844,0.295429,-0.00204133,0,0,1
7451,10.054,35.6315,1.36423,0.726517,0.990936,1.00591,0.950692,0.944466,-0.0516471,-0.00101174,0,0,1
7452,28.3506,-105.865,-14.5038,0.799013,1.0121,0.999161,0.979421,0.695412,0.118034,-0.00127514,0,0,1
7453,4.72521,-16.8352,-1.38346,0.771054,1.01628,0.996752,0.992757,1.16646,0.212976,0.000586635,0,0,1
7454,7.64659,27.3517,2.26869,1.10602,1.00192,1.00087,0.965287,1.05227,-0.151569,3.22045e-05,0,0,1
7455,71.5119,270.914,-36.9939,0.850622,1.00232,0.9822,0.969819,1.08725,0.0680231,-0.00152799,0,0,1
7456,10.8518,38.4027,0.555469,1.04935,0.996014,1.01645,0.989197,0.685289,-0.0178938,-0.00143563,0,0,1
7457,15.7558,-56.0787,-1.87752,0.856534,1.02417,0.98305,1.00739,1.04084,0.0317105,0.000746661,0,0,1
7458,12.6634,-45.8297,-4.49626,0.906575,1.03583,1.00964,0.983777,1.06963,0.124694,-0.00054458,0,0,1
7459,53.3739,-189.834,-0.321116,1.09046,1.00924,0.995334,1.01564,0.906514,0.00052019,0.000361204,0,0,1
7460,5.94528,-21.227,-1.74427,0.967679,1.00018,1.00204,1.05877,0.669134,0.181588,0.000176703,0,0,1
7461,10.0006,-35.5626,-1.80708,0.835342,1.00677,1.01469,0.985631,0.698268,0.0704142,0.000711881,0,0,1
7462,7.83054,-28.0606,-2.7339,0.64018,0.969552,0.991711,1.05194,0.859415,0.180441,-0.000623687,0,0,1
7463,8.75493,31.4324,2.99026,0.682554,1.00153,1.00053,1.01232,1.02009,-0.160552,0.000499438,0,0,1
7464,181.333,713.213,-24.4405,1.06276,0.998947,1.00207,0.980356,0.688547,-0.0763001,0.00115178,0,0,1
7465,4.43261,-15.7847,-1.27973,1.16598,1.00391,0.997607,1.01989,1.02873,0.219899,0.000687856,0,0,1
7466,22.3924,80.0377,-3.36678,0.988707,1.01723,1.00273,1.01897,1.17847,0.0284853,-0.00138265,0,0,1
7467,8.88705,31.4965,1.17055,1.18559,0.98409,0.991147,1.04403,1.06769,-0.0560281,-0.0012139,0,0,1
7468,3.10586,11.121,1.20535,1.08615,1.0257,0.995546,1.01599,1.3363,-0.378076,-9.80934e-05,0,0,1
7469,6.49393,23.0146,1.11882,0.968199,0.989309,1.00049,1.04063,0.83465,-0.094824,-0.0013345,0,0,1
7470,15.4064,-55.1559,-4.15761,1.16652,1.01007,1.00802,0.991995,0.863927,0.0758986,-3.33518e-05,0,0,1
7471,31.4205,-113.049,-9.77472,1.26526,1.00458,0.985939,1.06521,0.972624,0.047284,-0.000171194,0,0,1
7472,5.07978,-18.0852,-1.2752,1.15771,1.009,1.00748,1.01742,1.40685,0.170766,0.000915959,0,0,1
7473,5.51359,-19.8373,-2.26638,0.877864,0.991142,1.01485,1.01228,1.08976,0.284959,-0.00137449,0,0,1
7474,7.2941,-25.9063,-1.61392,1.08233,0.981301,0.99247,0.965644,0.969591,0.113646,0.000698858,0,0,1
7475,15.0327,-53.4762,-2.08852,0.926942,0.998959,0.99408,0.996092,0.959512,0.0382367,0.000644277,0,0,1
7476,33.9474,-120.859,-4.02527,1.09522,1.02364,1.00018,1.00468,1.08645,0.0154556,0.000319616,0,0,1
7477,9.59162,-34.4836,-3.19023,0.784245,1.01359,0.98779,0.981603,0.614651,0.145378,-0.000379275,0,0,1
7478,6.30581,-22.3693,-1.55388,1.23051,0.980181,1.00726,0.929181,0.981322,0.141724,0.000573742,0,0,1
7479,11.2176,-40.3543,-3.94484,1.23565,0.993961,1.00126,1.01287,1.22629,0.136834,-0.000598987,0,0,1
7480,19.1594,70.1116,8.10978,1.09473,1.03736,1.00764,1.00134,0.914829,-0.109957,0.000814237,0,0,1
7481,7.35758,-26.3023,-2.17937,1.00195,0.992782,0.986557,0.983628,1.13732,0.157594,-7.77256e-06,0,0,1
7482,5.58566,-19.845,-1.1701,0.898871,0.991303,0.990954,1.00373,0.811262,0.132044,0.00123704,0,0,1
7483,102.91,-403.859,15.2188,0.837771,0.984694,1.01224,1.05993,0.996855,0.13046,-0.00197036,0,0,1
7484,17.0137,-62.8696,-8.48733,0.885467,0.99788,1.00613,1.02125,0.99727,0.167728,-0.00167448,0,0,1
7485,9.68772,-34.6138,0.233871,1.14224,1.04576,0.983305,0.985991,0.923538,-0.00973059,0.00231704,0,0,1
7486,8.9509,-31.9552,-2.30042,0.923932,1.02295,1.00411,0.993525,1.26107,0.113769,0.000269399,0,0,1
7487,23.1494,-82.6505,-4.6635,0.907873,0.989499,0.979115,1.00249,1.14117,0.0386925,0.000191204,0,0,1
7488,22.546,-82.5983,-10.0623,0.799458,0.997045,0.999082,0.978096,0.973451,0.10615,-0.000924058,0,0,1
7489,20.9297,75.6424,7.62231,0.991561,0.985707,1.00515,1.01307,0.812077,-0.0823713,0.000485697,0,0,1
7490,5.74574,-20.3998,-1.35942,1.03716,0.977752,0.987428,1.07912,1.33664,0.146878,0.000858063,0,0,1
7491,14.0152,-50.7867,-5.18154,1.10291,1.01046,0.980382,1.01235,1.23429,0.122431,-0.000634531,0,0,1
7492,348.683,-1402.05,194.559,1.05925,1.02123,0.979983,1.00023,1.15233,0.0519681,-0.000803543,0,0,1
7493,91.7347,-348.354,-41.2057,0.799684,1.00754,1.0121,0.975346,1.00279,0.069172,-0.000928889,0,0,1
7494,12.8647,47.1895,6.23588,1.00428,0.986956,1.00461,1.01173,1.01631,-0.193516,0.00176091,0,0,1
7495,21.2802,79.2759,11.0856,1.08093,0.988365,1.01906,1.01781,1.2251,-0.158,0.00175195,0,0,1
7496,19.1751,68.2707,1.44571,1.0907,1.02677,0.987799,0.985769,0.859286,-0.016407,-0.000775019,0,0,1
7497,44.5537,-166.671,-22.6296,0.848378,1.00923,1.01036,1.02095,0.955799,0.0794392,-0.000890043,0,0,1
7498,22.7066,81.1065,4.92729,0.700713,1.00342,1.02052,1.04606,1.23533,-0.0406324,-0.000139537,0,0,1
7499,11.0984,39.6229,2.49645,1.03088,1.01,1.0017,1.00678,0.577845,-0.0821231,-0.000360921,0,0,1
7500,4.1713,14.8943,1.41436,0.907135,1.01903,1.0014,0.956573,1.11678,-0.271164,-0.000155797,0,0,1
7501,17.6442,63.3828,5.56718,1.07603,0.98458,1.00932,1.05236,1.07245,-0.0791827,0.000275319,0,0,1
7502,9.62831,-34.1366,-1.84815,1.39007,0.980077,1.00456,0.993044,1.21293,0.0773955,0.00063847,0,0,1
7503,49.8513,-179.384,-15.0869,0.975705,1.0102,0.992523,1.0089,0.79044,0.0294294,-0.00010325,0,0,1
7504,40.984,147.033,9.75012,1.11909,1.0016,0.992432,0.957569,1.17964,-0.0263122,-2.9562e-05,0,0,1
7505,44.7042,164.73,-19.0389,1.07591,1.03722,1.00584,1.0175,1.04105,0.0503486,-0.00135383,0,0,1
7506,10.3698,36.9115,1.64637,0.904464,1.0028,0.997106,0.999316,1.02484,-0.0600845,-0.000855656,0,0,1
7507,66.2252,249.85,34.881,0.869062,1.0354,1.00327,0.968071,0.762772,-0.0715107,0.000879715,0,0,1
7508,11.8924,42.2086,2.14541,1.27972,0.963709,0.987169,0.978612,0.903582,-0.0607307,-0.000557904,0,0,1
7509,20.1435,-71.4015,1.07032,0.72704,0.985124,0.992433,1.08249,0.964465,-0.0109973,0.00115288,0,0,1
7510,15.3239,54.4115,0.763962,0.833448,0.999021,1.00144,0.97844,1.08407,-0.0129805,-0.00104029,0,0,1
7511,14.7584,52.5184,1.40877,0.922776,1.01808,0.990855,1.02006,0.905509,-0.0264236,-0.000902248,0,0,1
7512,12.0313,43.14,3.57698,0.995307,1.00058,1.00244,1.00461,1.18969,-0.104649,0.000169283,0,0,1
7513,4.90935,17.4142,0.957065,1.06792,0.994468,0.997667,1.00149,1.07109,-0.1336,-0.00166993,0,0,1
7514,5.422,19.4508,1.85307,1.2921,1.01894,0.988712,0.979816,0.895348,-0.230051,0.000186991,0,0,1
7515,3.79482,-13.4193,-0.919838,0.933218,0.9668,1.00101,0.943802,1.00153,0.201324,0.00151686,0,0,1
7516,5.1998,18.6115,1.76785,0.883597,1.0248,1.00737,1.02937,0.778413,-0.233544,0.000159826,0,0,1
7517,5.01837,-17.8705,-1.30756,1.30685,1.02487,0.997417,0.982708,1.18099,0.179389,0.000933785,0,0,1
7518,5.90314,21.0557,1.63702,1.00542,1.015,0.99896,1.00688,0.93074,-0.170857,-0.00044227,0,0,1
7519,20.3018,73.2377,6.93116,1.21762,1.01364,1.00364,0.988629,1.11652,-0.0774734,0.00034918,0,0,1
7520,84.8546,-321.158,-38.107,1.16567,0.969554,1.00471,1.05407,1.34683,0.0708042,-0.000946131,0,0,1
7521,5.37981,19.4286,2.1081,0.865935,1.02672,0.991785,1.00669,1.12506,-0.272746,0.000854573,0,0,1
7522,22.2675,78.9545,1.29766,1.05336,0.982468,0.993951,0.992339,1.05386,-0.0107479,-0.000678011,0,0,1
7523,24.2763,86.7263,-3.14598,1.00421,1.03349,0.996285,1.03583,1.02868,0.0227242,-0.00123229,0,0,1
7524,17.737,63.2452,-1.66252,0.738404,0.997317,0.978877,1.01711,1.10445,0.0220131,-0.00151185,0,0,1
7525,15.3705,55.1041,4.26671,1.01119,1.00664,0.980174,0.969913,0.916585,-0.0788277,3.66012e-05,0,0,1
7526,10.4857,-37.8048,-3.97981,1.00093,1.01791,1.02061,1.00271,1.1814,0.15685,-0.000816118,0,0,1
7527,8.17666,-29.2078,-1.91785,1.22461,1.04349,1.01277,0.997142,1.493,0.11007,0.000559218,0,0,1
7528,11.8399,42.1286,2.69504,1.26312,0.97492,0.991325,1.02106,0.921735,-0.0779506,-0.000284807,0,0,1
7529,2.04544,7.28508,0.913778,0.8283,0.9955,0.992768,1.04207,0.839887,-0.555445,-0.000281599,0,0,1
7530,5.50987,-19.6259,-1.43821,0.959468,1.01346,1.00396,0.927848,1.22024,0.168505,0.000690452,0,0,1
7531,19.1451,68.3186,3.20941,1.01292,1.02343,0.988731,0.961193,1.23602,-0.0372343,-0.000415193,0,0,1
7532,16.3776,58.587,4.2765,1.1637,0.989669,1.0061,0.986144,1.03855,-0.067931,-4.98708e-06,0,0,1
7533,9.20119,-32.9272,-2.82419,1.14648,0.980795,0.993941,1.02853,1.29979,0.136334,-0.000228537,0,0,1
7534,41.2935,149.064,-10.7792,0.919099,1.03119,0.998107,0.965094,1.30403,0.0289336,-0.00100123,0,0,1
7535,9.51518,33.7714,1.91769,0.557995,0.974736,1.0078,0.9902,1.26524,-0.081751,-0.000567538,0,0,1
7536,4.30156,15.342,1.5268,0.975266,0.946174,1.00208,1.01821,0.774802,-0.282403,0.000521917,0,0,1
7537,564.504,2137.15,316.586,1.22659,1.02604,1.01029,1.06366,1.23911,-0.00693866,8.05943e-05,0,0,1
7538,161.15,606.192,83.5103,0.940737,1.00655,1.00855,1.02904,1.03756,-0.0229338,0.000261995,0,0,1
7539,674.831,2624.14,35.7771,0.84171,1.00834,1.0008,1.00483,1.08131,-0.0183947,0.000273682,0,0,1
7540,31.635,118.84,16.6,1.0635,0.990316,1.00456,1.00367,0.997819,-0.123755,0.00145101,0,0,1
7541,2.23952,7.91233,0.763789,1.03937,0.96214,1.00056,0.980728,1.47369,-0.397238,-0.00165556,0,0,1
7542,4.99438,-17.9518,-2.0393,1.28973,0.980968,1.00313,0.987268,1.22481,0.303048,-0.00130511,0,0,1
7543,51.2958,-182.559,3.17179,0.82623,1.00885,0.99154,1.0045,0.723334,-0.00544758,0.000482591,0,0,1
7544,11.4457,40.8445,3.16531,0.997808,0.982253,1.00859,1.00941,0.600758,-0.0987606,3.5151e-05,0,0,1
7545,25.7771,96.361,13.328,1.00048,1.00908,0.994161,0.969664,1.06868,-0.128981,0.00138567,0,0,1
7546,5.62738,20.0918,1.56806,1.00369,1.03261,1.00572,0.975907,1.20284,-0.176533,-0.000539092,0,0,1
7547,109.026,392.158,-24.6632,1.05171,1.01271,0.994348,0.964375,0.877447,0.00924662,-0.000345945,0,0,1
7548,5.68563,-20.1498,-1.301,0.74347,0.969309,1.0027,1.01467,0.994124,0.142089,0.000872631,0,0,1
7549,37.2313,136.941,16.7999,1.51192,0.997226,1.0052,0.957114,0.696953,-0.0673784,0.000615248,0,0,1
7550,19.4874,-69.0172,-1.77399,0.337549,0.987732,1.01758,0.962666,1.37798,0.0191855,0.000629961,0,0,1
7551,37.0739,-131.886,0.780404,1.08151,0.995845,0.975416,1.02827,0.849551,-0.00255287,0.000584934,0,0,1
7552,24.8235,90.0572,9.89928,0.921105,0.989369,1.00351,1.02708,0.692395,-0.0798318,0.000576954,0,0,1
7553,66.7936,-251.518,-33.6976,0.956635,1.00498,1.0061,0.99859,0.818791,0.0727353,-0.000912233,0,0,1
7554,8.74772,31.1942,1.97665,0.697403,1.00843,0.992472,1.00297,0.526018,-0.101172,-0.00053544,0,0,1
7555,7.82595,28.428,3.44342,1.06204,1.01179,1.00722,0.964114,1.28014,-0.240872,0.00156607,0,0,1
7556,5.32012,19.033,1.79333,0.920668,0.990631,0.994299,0.952358,0.992043,-0.230691,0.000258708,0,0,1
7557,8.26493,-29.5855,-2.58028,0.886159,1.00147,0.989796,1.00486,0.922275,0.152445,-0.000201112,0,0,1
7558,82.5123,300.608,32.4594,1.05984,0.992208,0.996111,1.03494,0.768546,-0.0243195,0.000176348,0,0,1
7559,6.04201,21.3726,0.85829,0.993536,0.971216,0.997598,1.01281,0.617495,-0.0823748,-0.00171751,0,0,1
7560,17.8321,63.3877,-0.506612,0.825823,0.999726,0.99907,0.990685,0.793097,0.00643664,-0.00120419,0,0,1
7561,9.77163,-34.575,-0.711113,1.09179,0.988201,1.02064,0.955458,0.980226,0.0281049,0.00142525,0,0,1
7562,131.943,504.552,43.5501,1.20515,1.02432,1.00246,1.0205,0.953523,-0.0671887,0.000952372,0,0,1
7563,3.96925,-14.0786,-0.757289,0.916314,1.01874,1.00767,1.04401,1.18931,0.151597,0.00235823,0,0,1
7564,28.9665,-103.04,0.285584,1.20456,1.03448,0.995961,1.01819,0.709833,-0.00149427,0.000724892,0,0,1
7565,17.9577,64.7274,6.17635,1.08368,1.01379,1.01248,1.01092,1.28741,-0.0870383,0.000397541,0,0,1
7566,3.97364,-14.1094,-1.12848,1.07122,0.980054,0.990966,1.0079,1.02487,0.231782,0.000921278,0,0,1
7567,9.51474,33.9207,2.01111,0.868302,0.995665,0.992624,0.947841,0.964365,-0.0875176,-0.000556996,0,0,1
7568,5.23319,-18.5369,-0.229865,0.775488,0.996451,0.991671,1.03449,1.09764,0.0282796,0.00326025,0,0,1
7569,6.59182,23.4736,1.99294,1.31071,0.980908,1.02797,0.99307,0.750083,-0.169806,0.000102372,0,0,1
7570,4.2446,-15.1218,-1.26476,1.01807,1.02463,1.01018,0.915814,0.817511,0.231908,0.000698118,0,0,1
7571,5.75559,-20.4049,-1.38148,1.0225,0.972392,1.00231,1.01359,1.43353,0.148051,0.000744881,0,0,1
7572,55.1315,206.845,28.3382,0.949515,0.994222,0.990468,1.03522,0.809386,-0.0672095,0.000764273,0,0,1
7573,7.89842,28.9408,3.87149,1.14326,1.01043,1.00286,0.992608,1.0054,-0.284392,0.00229065,0,0,1
7574,12.0515,44.0849,5.36347,0.573691,1.02599,0.999987,1.02315,1.01712,-0.176922,0.00132463,0,0,1
7575,55.9922,-199.149,-8.79077,0.843819,0.984124,0.995268,0.965547,1.10385,0.0125977,0.000126829,0,0,1
7576,4.54971,-16.1629,-1.05663,1.04016,1.00864,0.982423,0.954522,1.18916,0.171581,0.00149428,0,0,1
7577,68.2484,-248.264,27.6414,1.02379,0.948922,1.00189,0.977881,1.17951,-0.0318392,0.000843538,0,0,1
7578,3.99744,-14.3851,-1.80777,0.880483,1.00074,1.01245,0.969929,1.25423,0.394741,-0.00183928,0,0,1
7579,5.45387,19.6296,2.23959,0.72043,0.984747,1.00784,0.998451,0.973225,-0.286818,0.00135974,0,0,1
7580,25.3942,-91.9457,-9.76548,1.13448,0.976091,0.998875,1.03358,1.13907,0.0757466,-0.000531819,0,0,1
7581,7.22757,25.7338,1.60364,0.710155,1.00685,1.01459,1.00909,0.991527,-0.113695,-0.000713992,0,0,1
7582,5.63766,-20.0352,-1.11449,1.0024,1.02294,1.01695,0.986049,1.08682,0.122485,0.00135838,0,0,1
7583,12.4519,44.586,1.95369,1.15858,1.03238,0.970804,0.993188,0.977892,-0.0519522,-0.000782848,0,0,1
7584,6.82665,-24.3136,-1.65899,1.23781,0.992187,0.993104,0.997611,1.37322,0.133208,0.000580117,0,0,1
7585,8.34457,-29.8973,-2.68873,1.20922,1.01861,1.01032,0.948368,0.834593,0.155037,-0.000290908,0,0,1
7586,355.506,1754.43,-787.128,0.992339,0.986697,1.00452,0.984354,0.844473,-0.0536033,0.000858099,0,0,1
7587,21.6805,79.7595,9.77855,0.632865,1.02342,0.986395,1.00878,0.993272,-0.109535,0.000910498,0,0,1
7588,6.91874,25.0353,2.86719,1.23136,1.02072,1.00983,1.03304,1.09873,-0.242591,0.00126083,0,0,1
7589,22.029,78.8674,-4.26024,1.04343,1.02611,1.00837,0.982136,0.887263,0.0375869,-0.00156081,0,0,1
7590,10.7486,38.4728,3.04075,0.733913,1.00937,0.995783,0.974985,1.16577,-0.109005,2.05577e-05,0,0,1
7591,7.48035,26.6174,2.0093,1.22974,0.980686,1.00512,0.979552,1.17899,-0.136047,-0.00021172,0,0,1
7592,4.86842,-17.4022,-1.67518,0.698602,1.01257,1.01334,0.973754,1.18332,0.249475,-0.000247196,0,0,1
7593,42.1687,151.596,11.6496,1.25003,1.00646,0.990328,1.00895,1.3016,-0.0303242,4.75933e-05,0,0,1
7594,4.34622,15.542,1.51871,0.773498,1.00879,1.01387,1.00076,0.994381,-0.273442,0.000193878,0,0,1
7595,39.6114,145.85,18.0841,0.919507,0.984306,0.989798,0.993881,1.05743,-0.0656003,0.000612092,0,0,1
7596,5.95011,21.1622,1.77777,1.2791,0.966776,0.996492,0.966328,1.30144,-0.183705,-4.91961e-05,0,0,1
7597,42.046,-150.324,6.83555,1.23406,1.039,1.00431,0.967282,1.22519,-0.0173928,0.000785054,0,0,1
7598,20.4033,-72.369,1.04369,0.648626,0.967803,0.998333,1.03181,1.06378,-0.010402,0.00110469,0,0,1
7599,6.15352,-21.952,-1.74316,1.00827,1.01384,1.00166,1.01652,0.911875,0.170082,0.000304953,0,0,1
7600,70.9054,-255.315,21.0894,1.2419,1.01874,1.00644,0.97961,0.836813,-0.0203325,0.000639956,0,0,1
7601,3.74045,-13.2329,-0.931651,1.19242,0.971765,1.00005,0.957833,0.71897,0.208725,0.00149556,0,0,1
7602,15.8067,-56.1467,-1.406,1.09221,0.986201,0.977669,0.994978,0.930126,0.0233649,0.000846527,0,0,1
7603,5.65437,20.1605,1.00728,0.79433,1.03661,0.987956,0.975137,0.9425,-0.11026,-0.00173599,0,0,1
7604,9.92773,-36.0818,-4.53179,1.0264,0.979441,0.998226,1.03006,0.876733,0.216232,-0.00171048,0,0,1
7605,6.84368,24.3354,1.2381,0.887454,1.02338,0.99954,0.972599,1.21189,-0.0967342,-0.00125428,0,0,1
7606,6.0031,21.4275,1.74193,0.88752,0.995276,1.00357,0.987641,1.16446,-0.176959,-0.000199837,0,0,1
7607,26.8687,-101.362,-13.7098,1.0491,0.997199,1.00914,0.979502,0.898172,0.197731,-0.0025457,0,0,1
7608,17.168,-61.2754,-3.8688,1.22089,0.994642,1.0042,0.970399,0.629002,0.0560245,0.000160867,0,0,1
7609,126.547,-546.971,149.313,0.647123,0.982741,0.993644,1.00571,0.839071,0.153395,-0.00241607,0,0,1
7610,6.33934,22.6542,1.89017,1.26393,0.989336,0.989501,0.995232,0.585822,-0.176679,-7.48063e-05,0,0,1
7611,54.5335,195.951,8.77585,0.354804,1.04171,0.993801,0.958402,1.059,-0.0131122,-0.000148473,0,0,1
7612,18.8917,67.418,4.67397,1.24142,0.972638,0.992077,0.991473,0.971347,-0.0562644,-4.88872e-05,0,0,1
7613,5.1314,18.218,1.13535,0.758503,0.994799,1.00645,0.972109,1.15857,-0.146886,-0.00122946,0,0,1
7614,5.2925,-18.8768,-1.56734,0.963751,1.00804,0.987733,0.933254,0.849016,0.200252,0.000365298,0,0,1
7615,8.48091,30.4102,2.71503,1.33216,0.994415,0.995805,1.05589,1.21665,-0.152816,0.000302852,0,0,1
7616,36.302,134.701,17.8976,1.03806,0.980661,1.00927,0.95605,0.686352,-0.0853208,0.000906962,0,0,1
7617,29.4167,109.654,14.9924,1.16086,0.996316,0.990782,0.961298,0.991533,-0.108562,0.00114799,0,0,1
7618,11.5491,-41.1851,-2.70345,0.923365,0.992271,1.00204,1.0347,1.12088,0.0826592,0.000252103,0,0,1
7619,31.6048,-114,-10.7771,0.935209,1.00173,0.991121,1.03532,1.16845,0.052524,-0.000267985,0,0,1
7620,14.6942,52.3591,2.96576,0.888329,0.990417,1.00015,0.925349,1.13698,-0.0565573,-0.000340086,0,0,1
7621,5.82199,20.7644,1.73887,1.27886,0.989652,1.00743,0.98372,0.741302,-0.186044,-0.00011129,0,0,1
7622,13.6341,48.5413,2.98578,1.14507,0.9676,1.01283,0.973814,0.871029,-0.0652295,-0.000236243,0,0,1
7623,6.42762,-22.7762,-0.879365,1.26109,0.986631,0.987358,0.972627,1.12722,0.0762225,0.00172671,0,0,1
7624,4.13052,14.6442,0.866298,0.967039,1.00751,1.01727,0.977274,0.845659,-0.161369,-0.00188641,0,0,1
7625,9.92631,35.635,2.18374,1.01377,1.041,0.97674,1.02315,0.876029,-0.0898373,-0.000564882,0,0,1
7626,4.97464,17.9427,1.96559,1.29484,1.01611,0.985214,0.97889,0.872946,-0.290398,0.000852016,0,0,1
7627,10.1033,-36.1062,-2.69612,0.762098,1.00093,0.988696,0.995861,1.12338,0.108632,0.000103757,0,0,1
7628,3.57946,12.7477,1.08591,1.11287,1.02486,1.00116,1.00996,1.05832,-0.263734,-0.00109331,0,0,1
7629,63.497,-225.062,-4.62648,1.02246,0.967675,0.996001,0.9784,1.07693,0.0051049,0.000208903,0,0,1
7630,43.8032,158.243,14.6406,0.92462,0.984769,1.0102,1.0319,1.2072,-0.0362882,0.000185309,0,0,1
7631,9.51283,-34.0755,-2.91089,0.931451,1.00453,0.985682,1.01247,0.707127,0.133057,-0.00016983,0,0,1
7632,156.451,-1326.83,418.08,1.08217,1.02612,0.998936,0.982742,0.824669,0.104765,-0.00178589,0,0,1
7633,8.59054,-30.5597,-1.50157,0.557531,1.01619,1.01446,0.976073,0.826276,0.0775482,0.00092725,0,0,1
7634,4.44055,-15.6798,-0.538156,0.869813,0.992335,1.00743,1.05357,0.874752,0.0876377,0.00280069,0,0,1
7635,13.5931,49.1183,5.03619,0.965615,0.996233,0.978354,1.00763,1.11004,-0.12432,0.000638486,0,0,1
7636,8.46951,30.0008,1.21371,0.977082,0.972946,0.999849,1.0007,0.960976,-0.063336,-0.00114164,0,0,1
7637,53.5851,196.674,22.5309,1.32455,1.03209,1.01754,1.00765,1.27206,-0.0416082,0.00033636,0,0,1
7638,6.88165,24.4094,1.46839,1.10409,0.97718,1.01781,1.01332,1.01405,-0.112675,-0.00076509,0,0,1
7639,21.6752,76.8686,-1.10626,0.346739,0.982243,0.998881,1.03488,0.747865,0.00960991,-0.00104999,0,0,1
7640,12.2984,44.0242,3.50687,1.03953,0.989264,1.00531,0.93033,1.02442,-0.0969589,9.92733e-05,0,0,1
7641,14.2667,50.7428,0.167791,0.973125,1.02051,0.988392,0.960831,0.897624,-0.0033284,-0.00135645,0,0,1
7642,15.9491,-57.0436,-4.10838,1.06851,0.986185,0.990054,1.03192,1.30039,0.0701878,1.97759e-05,0,0,1
7643,8.85491,32.3061,4.0616,0.936236,1.01319,1.01105,0.979199,1.24185,-0.234165,0.00174399,0,0,1
7644,28.7513,-102.091,-1.60746,1.08031,1.00815,1.01394,1.02522,1.2058,0.00827714,0.000525946,0,0,1
7645,6.70429,23.8206,1.63985,0.989713,0.974716,0.989814,1.02993,1.44267,-0.13478,-0.000564274,0,0,1
7646,10.9853,-39.1945,-2.54028,0.842693,1.01226,0.997138,0.956811,1.14278,0.0861325,0.000326468,0,0,1
7647,3.42257,12.249,1.40156,1.06505,0.991366,1.01636,0.960372,0.995717,-0.382679,0.000927117,0,0,1
7648,7.69246,27.3532,1.15902,1.02862,1.0247,0.996038,0.965212,1.11397,-0.0730364,-0.00135083,0,0,1
7649,12.4722,-45.0003,-4.03265,0.897728,1.03106,0.996444,1.02388,0.971221,0.11339,-0.000312513,0,0,1
7650,19.6031,-70.369,-5.85265,1.21863,0.994516,0.997279,1.02462,0.859286,0.0692487,-0.000188839,0,0,1
7651,62.9811,-223.264,0.302546,1.2547,0.98888,0.997088,0.954124,1.34721,-0.000345237,0.000312532,0,0,1
7652,4.53755,-16.1031,-0.728672,1.02279,1.00948,0.997329,0.998913,0.972447,0.116266,0.00235426,0,0,1
7653,4.05311,-14.4131,-1.10677,1.05383,1.00552,0.999133,0.944736,1.14433,0.219392,0.00110728,0,0,1
7654,5.55187,19.6173,0.493034,0.848465,0.984349,0.995898,1.00614,0.776112,-0.0544248,-0.00252994,0,0,1
7655,22.5658,-82.1113,-9.6802,1.01581,0.965473,1.01568,0.995598,1.00681,0.0987443,-0.000846906,0,0,1
7656,8.58733,-30.8227,-2.31652,0.737791,1.03661,0.992377,1.00296,0.844355,0.125215,0.00023571,0,0,1
7657,12.4314,-44.4418,-3.96426,1.05748,0.972191,1.01271,0.967843,1.06119,0.109056,-0.000359744,0,0,1
7658,71.6005,256.394,-12.1494,1.20147,1.00072,1.01129,0.97682,0.964098,0.0101916,-0.000447684,0,0,1
7659,345.428,1288.02,-171.318,1.12631,0.986627,0.974665,0.997149,1.107,0.00796265,-0.000201443,0,0,1
7660,5.87638,21.0243,1.93603,1.05744,0.999822,0.984582,0.996372,1.16185,-0.209576,0.00017539,0,0,1
7661,33.2335,119.088,-7.3417,0.816219,0.992748,1.00553,1.01115,0.914861,0.0290366,-0.00109126,0,0,1
7662,11.7547,-41.8592,-2.04189,1.03836,1.00692,0.989529,0.990007,1.16862,0.0602568,0.000655319,0,0,1
7663,75.768,-553.996,-255.773,0.884558,0.989268,0.988389,0.984043,0.809277,-0.147824,0.00259449,0,0,1
7664,5.54046,19.7888,1.8812,1.01104,0.984687,1.01351,1.01283,0.925159,-0.222637,0.000379067,0,0,1
7665,8.3683,29.8618,2.03518,0.713326,1.01297,1.01284,0.970847,1.1575,-0.112269,-0.000397737,0,0,1
7666,7.16201,25.6146,2.16409,0.920379,0.996567,0.971432,0.963298,1.20082,-0.164622,-1.38361e-05,0,0,1
7667,9.17961,33.0223,3.31625,0.878964,0.987874,0.98904,0.991057,1.21498,-0.166829,0.000701197,0,0,1
7668,4.08123,-14.549,-1.30828,1.11939,1.01363,1.00516,0.994961,1.3254,0.259425,0.000405018,0,0,1
7669,23.8622,-85.0059,2.34793,1.14574,1.03083,0.995307,1.02145,0.902726,-0.017785,0.00115826,0,0,1
7670,253.041,968.089,85.6313,1.04745,0.995621,1.01242,0.990179,0.853116,-0.0329175,0.000465405,0,0,1
7671,4.37355,15.6819,1.72359,1.29053,1.01165,1.00249,1.04074,0.584945,-0.313579,0.000803502,0,0,1
7672,9.96711,-35.4512,-1.50312,1.29069,1.01974,0.997489,0.969486,0.826614,0.0595317,0.000973764,0,0,1
7673,3.17592,-11.2372,-0.932616,1.33011,0.963204,1.00158,1.02481,0.881693,0.277324,0.00118164,0,0,1
7674,63.0578,236.133,31.6922,1.06963,1.01813,1.01228,0.984625,1.23997,-0.0516675,0.000555067,0,0,1
7675,5.5704,19.786,0.928326,0.735236,1.01746,0.992905,1.00697,1.1582,-0.104239,-0.0018028,0,0,1
7676,4.82594,-17.2511,-1.63761,1.49121,0.986002,0.992923,0.964535,1.24266,0.249092,-0.000207138,0,0,1
7677,11.1389,39.6151,0.96421,0.953656,1.02059,0.999978,1.00898,1.27979,-0.0304682,-0.00125661,0,0,1
7678,42.1901,-158.836,-21.7155,1.36412,1.00789,1.00875,1.00017,1.13868,0.112808,-0.00140548,0,0,1
7679,22.0477,80.0055,8.90705,1.08579,0.989694,1.00684,1.01873,1.22608,-0.0905697,0.000664015,0,0,1
7680,219.899,835.997,111.317,0.977609,0.990241,0.988441,1.00191,0.909653,-0.0251586,0.000326105,0,0,1
7681,3.26455,11.6099,1.03426,0.85765,1.013,1.00543,0.986452,0.99193,-0.29415,-0.00102215,0,0,1
7682,3.67853,13.1026,1.01091,1.21382,1.03983,1.00965,0.966094,1.19876,-0.231708,-0.00149676,0,0,1
7683,75.2831,280.739,-37.0803,0.974426,0.966791,0.999355,1.0312,1.42435,0.042601,-0.00102466,0,0,1
7684,8.45383,30.4414,3.14539,1.00363,1.01409,1.00762,1.0312,1.32776,-0.181745,0.000766822,0,0,1
7685,51.9959,-186.817,-14.7504,0.705348,1.01252,0.992882,0.96535,0.899725,0.02618,-6.42928e-05,0,0,1
7686,12.0038,-43.0735,-3.96735,0.800597,0.987195,1.01514,0.999613,0.955793,0.117928,-0.000435278,0,0,1
7687,24.6476,-87.9491,3.63331,0.634774,1.02891,0.999075,0.978105,1.12694,-0.0260102,0.00127173,0,0,1
7688,16.9445,60.4871,3.25991,0.979438,1.00879,1.00959,1.02115,1.15028,-0.0474183,-0.000329201,0,0,1
7689,12.9746,46.6023,4.11896,1.12615,0.98978,0.987194,0.967209,1.14264,-0.106926,0.000308294,0,0,1
7690,10.2267,36.7246,3.38152,0.612243,0.978642,0.990214,0.999345,0.615175,-0.136499,0.00043233,0,0,1
7691,24.8378,91.7492,11.9397,0.893093,1.00904,1.00467,1.01711,0.83227,-0.109962,0.00105909,0,0,1
7692,72.2089,258.738,12.8633,0.946322,0.992592,0.989562,1.01491,0.769182,-0.0108669,-8.3948e-05,0,0,1
7693,217.4,846.463,9.13751,0.934263,1.01455,1.00397,0.99029,1.13195,-0.0566778,0.000842462,0,0,1
7694,87.1517,311.918,-9.16401,0.934809,1.01158,0.998548,0.972261,1.02678,0.00515783,-0.000316801,0,0,1
7695,15.5335,-54.9809,-0.574212,1.15234,0.981574,0.988989,1.01024,1.03378,0.00969225,0.00107863,0,0,1
7696,34.5912,129.078,17.6023,0.953861,0.958195,1.00881,1.02002,1.04839,-0.103757,0.00119465,0,0,1
7697,8.70119,-30.9049,-1.14311,1.3664,1.0031,0.999503,0.946037,1.12048,0.0574013,0.00125646,0,0,1
7698,22.7165,-80.7776,-0.791828,0.856985,1.0213,1.0022,0.95069,0.473353,0.00655651,0.000758674,0,0,1
7699,64.2639,242.931,32.6135,0.897629,0.98622,0.996311,0.978774,0.887465,-0.0780775,0.000990004,0,0,1
7700,10.381,36.8909,2.3041,0.920703,0.986147,1.01389,0.969261,0.772606,-0.0838189,-0.000377057,0,0,1
7701,6.39167,22.9838,2.52649,0.991155,0.973607,1.0041,1.00283,0.965844,-0.243526,0.00116639,0,0,1
7702,13.0286,-46.4037,-2.54966,1.16618,0.989271,0.98926,0.983606,1.05951,0.0620312,0.0004341,0,0,1
7703,4.13592,-14.9742,-1.82759,1.10634,1.03801,0.982494,0.955323,1.10582,0.373203,-0.00128692,0,0,1
7704,8.97225,32.0124,2.50112,1.09406,0.95262,1.00486,0.989929,0.807404,-0.122485,4.19668e-05,0,0,1
7705,4.75211,-17.0809,-1.73713,0.739696,1.02437,0.99153,1.03025,1.30166,0.27272,-0.000371907,0,0,1
7706,4.59316,-16.5006,-1.90361,0.903545,0.999137,0.996042,1.0019,0.855533,0.325282,-0.00122696,0,0,1
7707,14.8772,53.1107,3.40185,1.11149,0.987009,0.994683,0.95455,0.893678,-0.064367,-0.000197319,0,0,1
7708,5.37099,19.1936,1.70146,1.05125,0.997075,0.986936,0.959339,0.579487,-0.213786,-4.70783e-05,0,0,1
7709,6.39237,-22.6343,-1.18466,1.0454,0.985488,1.01901,0.991556,0.644301,0.103048,0.0011538,0,0,1
7710,6.38125,-22.7267,-1.46841,0.981642,1.00249,0.989075,0.967088,0.814502,0.13284,0.000832372,0,0,1
7711,15.4769,-56.2484,-6.12266,0.916655,1.01371,0.995925,1.07718,0.658014,0.122113,-0.00078349,0,0,1
7712,2.04677,7.29265,0.91213,1.05007,1.00865,1.01431,1.02719,0.790106,-0.550348,-0.000208549,0,0,1
7713,9.73685,-34.5619,-1.77148,1.01587,0.991281,1.00593,0.985245,1.2971,0.0724444,0.000720048,0,0,1
7714,11.0573,-39.4688,-2.66522,0.973102,1.01595,1.00098,1.00249,1.01452,0.0893768,0.000257494,0,0,1
7715,4.73398,16.8046,1.03959,0.908388,0.993201,0.998317,0.958156,1.30231,-0.15531,-0.00144067,0,0,1
7716,4.38955,-15.6265,-1.2437,1.07599,1.01649,1.02258,1.01235,0.814506,0.214334,0.000732955,0,0,1
7717,10.2411,-36.403,-1.19796,1.33233,1.02953,1.02433,0.970334,0.919971,0.044153,0.00113342,0,0,1
7718,26.7881,-97.5419,9.20519,1.00255,1.02815,0.988014,1.02061,1.01917,-0.0625997,0.00187762,0,0,1
7719,17.4931,62.8114,5.1875,1.12185,1.0004,0.997982,0.979651,1.21092,-0.0753136,0.000167519,0,0,1
7720,41.2373,-151.047,-17.4191,1.31357,1.01352,0.994285,0.9897,0.727092,0.056179,-0.000465714,0,0,1
7721,7.31945,-26.1951,-2.31984,0.777767,0.999738,0.989103,1.01027,0.96491,0.170603,-0.000201536,0,0,1
7722,25.7113,-92.1268,6.37037,1.14226,0.995031,1.01464,0.997332,0.970009,-0.0424992,0.00149284,0,0,1
7723,6.38563,-22.9104,-2.30992,0.958393,0.993385,1.00479,1.06549,1.09432,0.219694,-0.000710974,0,0,1
7724,6.23077,22.3706,2.30695,0.615024,1.01274,1.01039,0.982515,1.1323,-0.227664,0.000733056,0,0,1
7725,36.3568,136.783,18.9441,0.972287,0.974215,0.990859,1.03745,1.055,-0.116602,0.00140637,0,0,1
7726,7.28376,26.0263,2.03289,1.08591,1.01969,0.998954,0.990469,1.27504,-0.14642,-0.000232934,0,0,1
7727,11.9859,44.0756,6.04559,0.674489,0.980443,1.00604,1.01643,1.20979,-0.221725,0.0021302,0,0,1
7728,19.2448,-71.7764,-10.3131,1.12261,1.02903,0.997609,1.03465,1.15438,0.181994,-0.00198476,0,0,1
7729,17.8102,-63.3751,0.972839,0.953162,1.01166,0.991247,0.987543,1.12276,-0.0128766,0.00134404,0,0,1
7730,293.01,1158.91,46.9937,0.976586,0.979135,1.00928,1.06357,1.17061,0.0461664,-0.000913412,0,0,1
7731,33.2044,-118.366,4.43406,1.40564,0.995859,0.992521,0.966391,1.04906,-0.0177153,0.000901378,0,0,1
7732,68.0105,243.303,11.7627,0.887341,0.979417,0.982531,0.985002,1.06332,-0.0111369,-9.47655e-05,0,0,1
7733,25.0826,-89.1839,-1.35107,0.906291,1.02588,1.00136,0.989507,0.987319,0.00925701,0.000634033,0,0,1
7734,7.0171,24.9597,1.60453,1.14946,0.98547,0.99256,0.931153,1.19687,-0.121108,-0.000688784,0,0,1
7735,56.1195,-199.916,11.8575,0.967728,0.964092,0.99189,0.998044,0.91625,-0.0171478,0.000641353,0,0,1
7736,41.1436,148.858,13.1536,1.28207,1.0176,0.994199,0.94702,0.782724,-0.0370092,0.000145177,0,0,1
7737,10.9384,-39.0088,-3.06707,0.839935,0.968647,0.988892,1.00685,1.0261,0.106065,-6.08697e-05,0,0,1
7738,3.83977,-13.6727,-1.18464,1.30248,1.00936,0.996163,0.980854,0.671811,0.259425,0.000745657,0,0,1
7739,13.2785,-47.541,-3.7173,0.663975,0.989296,0.99532,1.01267,0.98288,0.0903692,-8.26353e-05,0,0,1
7740,3.58492,12.774,1.20474,1.01658,1.0082,1.0009,0.997357,0.75856,-0.297163,-0.000442998,0,0,1
7741,3.68664,-13.152,-1.29687,0.914999,1.0034,0.985313,0.993936,1.12756,0.308802,0.000184356,0,0,1
7742,14.0404,-50.9657,-6.00213,0.644585,0.966995,0.995692,0.994234,1.17298,0.149403,-0.00116851,0,0,1
7743,12.0443,-42.8125,-1.1053,0.904352,1.0074,0.998819,1.03253,0.861499,0.0303809,0.00110489,0,0,1
7744,33.7989,121.437,9.27097,0.714639,0.998297,1.01284,1.01156,1.16,-0.0366388,6.08929e-05,0,0,1
7745,1361.56,-5167.86,572.409,0.977199,0.992164,0.977065,0.999245,0.764219,-0.00229884,5.60056e-05,0,0,1
7746,18.844,-66.9819,0.254237,0.839018,1.01931,1.01792,1.03018,1.18836,-0.00296044,0.00107954,0,0,1
7747,53.633,-204.028,-23.0988,0.988183,0.993841,1.01105,1.04152,1.22663,0.125134,-0.00170383,0,0,1
7748,106.08,704.09,272.257,1.03841,0.977943,1.00688,1.03143,1.17107,0.100372,-0.00178689,0,0,1
7749,5.75436,20.4733,1.47008,0.856428,0.998248,1.01634,1.01004,1.02784,-0.156883,-0.000626006,0,0,1
7750,6.38498,22.7232,1.42538,1.22321,0.998915,0.999795,1.0173,1.1083,-0.127094,-0.000873027,0,0,1
7751,11.7428,-42.4907,-4.81007,1.26169,0.990519,0.995712,0.981618,0.743143,0.160912,-0.00106561,0,0,1
7752,4.9086,17.4103,0.930118,1.20503,0.99663,0.999539,1.01091,1.13619,-0.129626,-0.00173666,0,0,1
7753,99.5601,-355.402,0.405661,0.884252,1.04489,0.990047,1.02033,0.928701,-0.000200541,0.000210272,0,0,1
7754,18.1344,-64.4494,-2.83505,1.14244,0.996757,1.00793,0.978831,1.10959,0.0359332,0.000438963,0,0,1
7755,23.42,-83.2455,-3.30834,0.906866,0.990412,0.995778,1.00875,1.40643,0.0258121,0.000382049,0,0,1
7756,4.85096,17.3137,1.49099,1.24656,1.01511,0.998234,0.988705,1.21783,-0.220044,-0.000345532,0,0,1
7757,7.20444,25.6162,1.13262,1.2103,0.996305,0.983366,1.02242,1.14966,-0.0808338,-0.00136319,0,0,1
7758,15.4463,55.0073,1.8939,1.3057,1.01022,0.987775,0.988858,1.16845,-0.032801,-0.000727787,0,0,1
7759,25.5433,92.5654,9.61215,0.906744,1.00421,1.00083,0.951705,1.10402,-0.0713705,0.000444772,0,0,1
7760,20.1776,73.1055,7.87977,0.934041,0.997428,0.999877,0.971268,1.12755,-0.0933625,0.000617028,0,0,1
7761,434.939,-1779.49,330.997,1.32432,1.02196,0.999939,1.05775,0.983968,0.0428552,-0.00066748,0,0,1
7762,8.89883,-32.1297,-3.618,1.10461,0.98605,1.00297,1.00575,1.0423,0.199119,-0.00121276,0,0,1
7763,8.07592,-28.7504,-1.05834,0.860644,1.03238,0.984818,1.02224,1.17996,0.0614856,0.00148068,0,0,1
7764,7.03864,25.0929,1.63852,1.22796,1.02682,1.00239,0.994854,0.734808,-0.123093,-0.000725627,0,0,1
7765,3.45178,12.3161,1.24823,1.28272,1.02149,1.01064,1.01964,1.04616,-0.327533,-0.000149816,0,0,1
7766,5.43118,-19.5137,-2.07571,0.985186,1.00444,0.982731,1.01965,1.12853,0.26385,-0.000776177,0,0,1
7767,9.48798,-34.5021,-3.92547,1.00027,1.02982,1.00454,1.02747,0.924709,0.193348,-0.00116593,0,0,1
7768,8.02956,-28.5095,-1.06995,1.07798,0.99961,0.994539,0.984815,0.882278,0.0623357,0.00136768,0,0,1
7769,7.74727,-27.5504,-1.44858,0.829396,0.996911,0.992629,0.960388,1.16491,0.0912818,0.000963771,0,0,1
7770,9.33544,33.3745,2.49725,0.879227,1.00873,1.01275,0.977343,0.964678,-0.114049,-0.000121488,0,0,1
7771,8.34203,-29.5678,-1.66113,0.821663,0.968267,0.994823,0.993264,1.21359,0.0911462,0.000708545,0,0,1
7772,7.77112,-27.5654,-0.838429,1.10006,1.00544,1.00588,1.01549,1.01975,0.0512003,0.00161556,0,0,1
7773,94.8204,343.139,-32.3258,0.882113,0.952436,0.985777,1.02581,1.0585,0.0171334,-0.000505592,0,0,1
7774,2.38954,-8.50862,-0.966685,1.05673,0.996152,1.00584,0.958903,0.810306,0.461155,0.000311536,0,0,1
7775,34.2935,-122.443,-6.69483,1.01067,1.02687,1.00224,1.02811,0.7665,0.025604,0.000140972,0,0,1
7776,24.3768,-87.0091,-4.75643,0.910475,1.03516,1.01151,1.01053,0.895956,0.034995,0.000212629,0,0,1
7777,161.978,642.988,-46.2851,1.07398,1.02544,0.999039,1.02012,1.40187,-0.0972985,0.00148432,0,0,1
7778,4.2349,-15.0911,-1.30198,1.04076,1.01308,1.01013,0.989833,0.882359,0.241493,0.000497687,0,0,1
7779,4.00406,14.18,0.954108,0.834924,0.9637,1.00038,0.993189,1.01205,-0.190319,-0.00142799,0,0,1
7780,9.87028,35.7285,3.53729,1.23831,1.03543,0.997637,0.993665,1.08674,-0.155262,0.000586526,0,0,1
7781,20.3776,-72.3615,-0.916144,1.12454,0.998027,0.994161,1.04937,0.845194,0.0092719,0.000799397,0,0,1
7782,570.659,-3776.91,2431.49,1.03241,1.03106,0.982763,0.937394,1.02374,0.020274,-0.000330152,0,0,1
7783,98.551,364.088,44.773,1.19354,0.994142,0.976067,0.984793,0.918893,-0.0264051,0.000241767,0,0,1
7784,10.0265,36.2124,3.4239,0.893946,1.0291,0.994414,0.990238,0.831818,-0.144423,0.000440771,0,0,1
7785,14.0873,-49.8647,0.217495,0.933314,0.991942,1.00728,1.00506,1.161,-0.00437184,0.00143202,0,0,1
7786,10.3199,36.747,1.70599,0.900469,1.00398,0.98389,0.99039,1.11056,-0.0636417,-0.000840891,0,0,1
7787,102.358,365.27,11.3124,0.802664,0.966597,1.00212,1.01425,0.906655,-0.00446129,-0.000105315,0,0,1
7788,13.1547,-46.7504,-0.115789,1.12592,1.01249,0.983646,1.01318,1.401,0.00273473,0.00148423,0,0,1
7789,3.60974,12.8457,1.09878,0.94976,1.01299,0.992806,1.04828,0.801131,-0.265071,-0.00102374,0,0,1
7790,8.39425,-29.8554,0.865902,0.839611,0.997256,0.994298,0.968001,0.786742,-0.0460901,0.00313726,0,0,1
7791,20.3166,-74.4204,-8.9015,1.37347,1.00732,0.982894,1.00055,0.741987,0.113728,-0.000929092,0,0,1
7792,7.72128,27.738,3.03753,0.786747,0.964198,1.00726,1.00743,0.804229,-0.209136,0.00112872,0,0,1
7793,145.036,553.884,57.0241,1.21546,1.01941,1.00533,0.98473,0.724206,-0.053597,0.000744537,0,0,1
7794,6.22406,22.2176,1.7691,0.865375,1.02166,1.00769,0.99037,0.877866,-0.168012,-0.000302218,0,0,1
7795,8.27629,-29.5106,-1.99409,1.46308,1.00296,1.00448,0.980188,1.42763,0.112954,0.000414189,0,0,1
7796,24.6037,-89.0562,-9.46377,1.00294,0.985981,1.00728,0.9958,0.696459,0.0775785,-0.000539545,0,0,1
7797,6.7628,-24.1388,-1.85381,0.957466,1.00511,1.00389,1.01659,1.26622,0.152695,0.000275665,0,0,1
7798,27.1769,97.7787,9.3173,0.958217,0.961555,1.00077,1.01822,0.798778,-0.0588197,0.000311683,0,0,1
7799,3.05486,10.8904,1.16242,1.0184,0.979195,0.998451,0.959496,1.13759,-0.37657,9.8374e-05,0,0,1
7800,12.2314,43.7372,3.0352,0.855694,1.00976,1.00216,1.02698,1.09234,-0.0840664,-0.000164419,0,0,1
7801,18.9191,67.5508,5.11281,1.29401,0.976253,1.01943,0.947249,0.967113,-0.0610809,6.62639e-05,0,0,1
7802,11.2495,40.1477,2.4567,1.08271,1.02072,0.997211,0.974762,1.10065,-0.0786629,-0.000424392,0,0,1
7803,42.055,-152.361,-14.0204,1.13875,1.01775,0.987241,1.06479,0.854944,0.0395496,-0.000193511,0,0,1
7804,9.03762,-32.2808,-2.91138,0.41627,0.959852,1.01183,0.998074,1.0385,0.14453,-0.000425593,0,0,1
7805,13.8692,-49.8226,-4.52884,1.09086,0.997081,0.989228,0.945438,0.874862,0.104902,-0.000363567,0,0,1
7806,5.51953,-19.6562,-1.43685,1.23757,0.993603,0.993627,0.952088,0.9516,0.168417,0.000663888,0,0,1
7807,273.376,1173.96,-301.099,1.03113,0.982257,1.00688,1.01675,1.02112,-0.0691848,0.00108772,0,0,1
7808,5.85353,20.9894,1.81206,0.97344,1.03809,1.00713,1.01556,1.07257,-0.192916,-0.000139226,0,0,1
7809,9.73212,-34.7908,-2.6672,1.10673,1.00022,1.00981,0.971702,1.01741,0.113713,3.43312e-05,0,0,1
7810,38.9179,-137.946,-2.3455,1.12635,0.999625,1.01522,0.992416,0.785216,0.00666536,0.000373763,0,0,1
7811,5.76361,20.6116,1.83923,1.11505,1.00156,0.999078,0.978789,1.33803,-0.203942,7.6695e-05,0,0,1
7812,8.40837,29.8052,0.555643,0.829921,1.0148,1.02496,0.943363,1.15838,-0.0286942,-0.00177593,0,0,1
7813,22.6766,82.0129,-7.35645,0.912088,0.989395,0.98586,1.00237,0.815811,0.0664753,-0.00205198,0,0,1
7814,4.57278,16.2228,0.968301,0.936363,0.99423,1.00104,1.0137,1.20282,-0.152799,-0.00161451,0,0,1
7815,3.70074,13.0987,0.992111,1.05844,0.975934,0.999146,1.01373,1.12768,-0.22696,-0.0012784,0,0,1
7816,14.9624,-53.0463,1.02038,0.681776,0.976265,1.00275,1.01454,0.937007,-0.0183427,0.0015836,0,0,1
7817,12.9233,-46.5222,-4.49045,1.27488,0.998958,0.981735,1.04549,1.34396,0.120294,-0.000500083,0,0,1
7818,15.1451,-54.2485,-4.30008,1.05131,1.01686,1.00816,1.0527,1.31612,0.0815159,-9.76795e-05,0,0,1
7819,5.97149,21.3497,1.89618,1.11421,1.02905,1.02373,0.986745,0.971544,-0.194843,5.82699e-05,0,0,1
7820,5.70961,20.3982,1.30981,1.25247,1.05461,1.01615,0.976723,1.20614,-0.141097,-0.00110798,0,0,1
7821,30.7127,-110.905,-9.9026,0.691963,1.00777,0.978976,0.978647,1.39877,0.050874,-0.000208879,0,0,1
7822,3.58042,12.946,1.78182,1.34192,0.998347,0.991162,1.07359,0.889892,-0.474727,0.00245965,0,0,1
7823,7.02012,24.9697,1.90017,1.00601,0.982107,1.00872,0.960378,0.893981,-0.14399,-0.000234148,0,0,1
7824,3.52083,12.476,0.921972,0.701408,0.977988,0.990286,1.03535,0.743777,-0.228975,-0.00158197,0,0,1
7825,9.00801,-32.026,-2.24547,0.995364,0.977982,1.00053,0.978435,1.32071,0.108553,0.000254902,0,0,1
7826,2.7491,-9.7447,-0.773668,1.13327,1.01513,1.01781,1.02728,0.826423,0.285526,0.00219152,0,0,1
7827,2.41644,8.64306,1.12566,1.09589,0.985071,0.991515,1.04336,1.07418,-0.541578,0.00103714,0,0,1
7828,48.9908,175.032,-5.694,0.682257,1.0224,1.00095,1.01221,1.22068,0.010266,-0.000586085,0,0,1
7829,4.67203,-16.731,-1.7515,0.993586,0.999823,1.0039,0.995819,0.954479,0.285149,-0.000674184,0,0,1
7830,20.4246,75.2892,9.70571,0.770683,0.991769,0.978699,0.980624,0.958363,-0.129688,0.00120473,0,0,1
7831,26.2167,-94.9473,-10.167,1.0532,0.998304,1.00559,0.985578,1.2489,0.0736007,-0.000509285,0,0,1
7832,37.1883,-136.692,-16.6593,0.953315,1.00341,0.987862,1.0406,0.893584,0.0685801,-0.000620206,0,0,1
7833,7.41786,26.3789,2.04118,1.42128,0.968654,1.00085,0.990918,0.906455,-0.141119,-0.000129551,0,0,1
7834,9.01921,-32.9483,-4.10465,0.948711,1.02632,1.00041,0.973755,0.889956,0.230063,-0.00166005,0,0,1
7835,10.3277,36.6237,0.587748,1.23823,0.998711,1.00271,1.01811,0.950542,-0.0209849,-0.00151066,0,0,1
7836,3.84996,13.6704,0.911331,1.16363,1.03959,1.02351,1.00002,0.944909,-0.191708,-0.00183336,0,0,1
7837,3.6585,-13.0919,-1.09108,1.02831,1.05505,1.0053,0.95105,0.888258,0.255187,0.00124326,0,0,1
7838,6.63852,-23.5281,-1.21337,0.954805,0.996161,1.01163,0.96472,1.08826,0.0989581,0.00117753,0,0,1
7839,9.77331,-34.6961,-1.83307,1.0755,0.98249,0.992867,0.963072,1.47415,0.0751236,0.000684258,0,0,1
7840,6.43139,22.8375,0.82811,0.60273,1.00316,0.99476,1.00625,0.901487,-0.0714827,-0.00182814,0,0,1
7841,11.4441,-40.651,-0.630808,0.901739,1.0299,0.997273,1.03428,0.948012,0.0191079,0.00142742,0,0,1
7842,16.6089,60.5811,7.2667,1.24283,0.991672,0.99392,0.979235,1.16834,-0.131775,0.0010483,0,0,1
7843,15.4831,-55.3026,-3.61136,0.842766,1.00814,0.991648,1.00894,0.848617,0.064851,0.000171242,0,0,1
7844,41.957,149.405,4.21779,1.23017,0.989848,0.994707,0.966975,1.10846,-0.0101674,-0.000285956,0,0,1
7845,20.0685,73.2711,9.1143,1.21656,0.964411,0.988528,0.996171,1.11405,-0.120417,0.00107382,0,0,1
7846,10.5855,37.9997,3.42367,1.24626,1.00969,1.00352,1.00851,0.939988,-0.128372,0.000334956,0,0,1
7847,5.84678,20.7906,1.15012,1.24558,1.00355,0.998151,0.989095,1.00575,-0.119031,-0.00131116,0,0,1
7848,6.58573,23.5134,1.83939,1.13931,1.00009,1.0033,0.981697,0.798551,-0.158462,-0.000243371,0,0,1
7849,8.9863,31.934,0.53073,1.34068,1.01183,0.990421,0.955957,1.34558,-0.0249589,-0.00178852,0,0,1
7850,163.017,-1084.48,375.655,0.835817,1.00225,1.001,1.01065,0.926382,0.0673807,-0.00115284,0,0,1
7851,8.76271,31.2602,2.07726,0.905962,1.01293,0.996081,0.993198,1.46969,-0.106144,-0.000446958,0,0,1
7852,3.50561,-12.4967,-1.20996,0.741198,1.00591,1.01093,0.964021,0.974093,0.310113,0.000263155,0,0,1
7853,12.9473,46.1047,1.73942,1.11193,1.01533,0.996628,0.938075,1.43483,-0.0419206,-0.000810383,0,0,1
7854,14.9108,52.9439,2.64201,1.19601,0.981657,1.01098,0.950373,0.845588,-0.0480902,-0.000433743,0,0,1
7855,2.74355,-9.74478,-0.888281,1.19488,1.02013,1.00097,1.04777,1.15477,0.332388,0.00161979,0,0,1
7856,3.8847,-13.7496,-0.959188,1.29747,0.957186,0.991507,0.9771,1.04909,0.203037,0.00138379,0,0,1
7857,7.43633,-26.3896,-1.75336,0.572928,0.976824,1.00014,1.01012,1.02797,0.119249,0.000515028,0,0,1
7858,4.56149,-16.2566,-1.375,1.11997,1.01935,1.00209,0.974359,0.957644,0.224792,0.000521963,0,0,1
7859,6.33955,-22.7148,-2.19639,1.04696,1.0175,1.01153,1.02819,1.29338,0.208029,-0.000450124,0,0,1
7860,5.78033,-20.6651,-1.85964,1.25985,0.995187,0.990431,1.01691,1.29301,0.206899,-0.000117806,0,0,1
7861,13.0996,-46.4795,-1.62304,0.749603,0.993575,0.999465,0.973593,0.777417,0.0379769,0.000821244,0,0,1
7862,63.2305,-240.688,-28.4048,0.77883,1.01235,1.00487,0.987735,0.978773,0.10506,-0.00141943,0,0,1
7863,9.61443,34.4072,2.74121,0.883942,0.993224,1.00102,0.990838,1.04485,-0.120095,3.9371e-05,0,0,1
7864,109.32,428.023,-128.655,1.21882,1.01666,0.988775,1.01762,0.854456,-0.0947082,0.00157158,0,0,1
7865,6.26711,22.2932,1.25653,1.18669,0.997673,0.995632,1.00042,1.29089,-0.115119,-0.00114411,0,0,1
7866,10.363,-37.3175,-4.15172,1.11653,0.958257,1.00772,0.983877,1.15231,0.170693,-0.00110357,0,0,1
7867,4.19408,15.0578,1.42171,1.29525,1.05087,1.00865,0.982188,1.31308,-0.269115,-0.000261098,0,0,1
7868,8.89091,-31.6446,-2.15737,1.10309,0.988208,1.00413,1.02085,1.24115,0.106556,0.000328825,0,0,1
7869,2.80787,-9.97756,-0.93724,1.02255,0.999515,1.0146,0.98797,0.736924,0.339472,0.00106143,0,0,1
7870,26.4697,98.6654,13.6068,0.922812,0.986528,0.980545,1.00844,1.35446,-0.12275,0.00130683,0,0,1
7871,9.39171,33.4778,2.42504,1.0881,0.988188,1.00705,0.976474,0.973974,-0.108324,-0.000177596,0,0,1
7872,17.2212,-60.9559,-1.19635,0.925298,0.998488,1.02645,0.978295,1.07694,0.0162594,0.000806188,0,0,1
7873,3.53445,12.692,1.28328,1.08677,1.04186,1.00063,1.00826,1.09196,-0.324318,-0.00024996,0,0,1
7874,9.97006,35.349,1.78031,0.965493,0.977617,1.00011,1.01082,1.17006,-0.0693908,-0.00071353,0,0,1
7875,132.391,502.533,63.9212,0.874635,0.980561,1.00966,0.962924,1.00874,-0.0417015,0.000545712,0,0,1
7876,18.5293,-66.3681,-5.6574,0.715709,0.952341,1.01585,0.987702,1.00043,0.0727313,-0.000261787,0,0,1
7877,5.06611,17.9471,1.2189,0.643466,0.966221,0.991104,1.00359,1.47219,-0.163553,-0.000961516,0,0,1
7878,48.9748,179.361,19.7168,1.06078,1.03569,1.00346,1.01022,1.26184,-0.0425975,0.000311329,0,0,1
7879,6.0139,21.3211,1.32235,1.02508,0.993324,1.01951,0.981598,0.926672,-0.128753,-0.000928308,0,0,1
7880,3.86761,13.7203,1.09683,1.33716,0.946629,0.991384,0.999836,0.973762,-0.236208,-0.000793824,0,0,1
7881,10.2134,36.4125,2.06331,1.02323,1.02198,1.00853,1.00602,1.13111,-0.0782077,-0.000584273,0,0,1
7882,35.6822,-128.724,-12.1915,1.08493,0.981053,0.996926,0.962788,0.773086,0.0470659,-0.000261723,0,0,1
7883,7.13984,-25.2565,-0.721953,0.768854,0.986569,0.993646,0.958483,0.81154,0.0513728,0.00182506,0,0,1
7884,4.20509,-14.9801,-1.25436,1.17905,1.0112,0.998836,0.980441,1.18687,0.235347,0.000692655,0,0,1
7885,20.4271,72.8741,-2.11984,0.73396,1.02344,1.01025,0.989023,1.07107,0.0210994,-0.00133236,0,0,1
7886,8.81431,-31.1729,-0.59022,0.975642,0.973908,0.995655,1.03975,0.762054,0.028572,0.00166502,0,0,1
7887,14.5743,-52.7616,-5.07473,1.12134,1.02851,0.995801,0.958999,1.15786,0.108979,-0.000469604,0,0,1
7888,4.55648,-16.2761,-1.58231,1.02055,0.988827,1.0022,1.00715,0.807498,0.264956,-0.000273517,0,0,1
7889,8.27284,-29.562,-2.26247,1.19991,1.00258,0.996875,0.991103,0.919242,0.130636,0.000140544,0,0,1
7890,2.66524,-9.5064,-1.04066,0.820199,1.02636,1.01336,1.02006,1.0375,0.412582,0.000423291,0,0,1
7891,85.5399,318.967,42.7047,1.01305,0.993029,1.0019,0.96509,0.871479,-0.0373595,0.000399658,0,0,1
7892,18.758,-66.6502,-0.428245,0.890091,1.00217,0.995247,0.946853,1.07185,0.00508652,0.00095773,0,0,1
7893,4.64918,16.5603,1.2363,0.714931,1.0219,0.990514,1.01411,0.737328,-0.19338,-0.00104192,0,0,1
7894,42.6628,-157.928,-19.7492,0.831779,1.05102,0.990348,0.999191,1.33627,0.0638381,-0.000587918,0,0,1
7895,70.1574,-260.375,-33.6067,0.724475,1.02434,1.01983,0.962658,0.899087,0.042086,-0.000429053,0,0,1
7896,11.1646,39.5697,0.745192,0.685067,0.977375,1.01192,0.993594,0.858985,-0.0228453,-0.00127699,0,0,1
7897,15.0615,-54.7297,-6.47639,1.09482,0.989757,0.999174,1.02642,1.12344,0.140088,-0.00108053,0,0,1
7898,11.6652,42.8924,5.668,0.832343,1.00514,1.00417,0.973528,0.722956,-0.211032,0.00187236,0,0,1
7899,9.06146,32.0894,0.138994,1.06349,0.990736,0.99604,0.981924,0.861188,-0.00630855,-0.00202874,0,0,1
7900,7.45669,-26.4822,-0.817236,0.927747,1.01803,1.0095,1.04003,1.14405,0.0539491,0.00169433,0,0,1
7901,8.74733,-31.2017,-2.701,0.677492,0.976938,1.01389,0.982997,0.805692,0.140581,-0.000259916,0,0,1
7902,66.328,-238.907,-21.5818,0.624656,0.995672,1.00229,1.00161,1.09954,0.0243796,-0.00012328,0,0,1
7903,28.0724,-100.871,-8.61333,1.61317,1.01341,1.01503,1.02912,1.14795,0.050911,-0.000178289,0,0,1
7904,47.527,-172.184,-18.2347,1.10252,0.967973,1.0113,0.980658,1.36335,0.0414695,-0.000310841,0,0,1
7905,10.9892,39.276,2.81738,0.691113,1.00279,1.01216,1.02062,0.9518,-0.0946243,-0.000130608,0,0,1
7906,48.623,-180.248,-23.6882,0.844822,0.998859,1.00257,1.03925,1.0817,0.06323,-0.000660264,0,0,1
7907,5.33497,-19.1795,-2.15828,0.455799,0.996433,1.01143,0.985698,0.651938,0.285713,-0.00123968,0,0,1
7908,32.5597,-120.416,-15.4915,1.26836,1.01602,0.996894,0.971765,1.10151,0.0850792,-0.000818838,0,0,1
7909,5.53925,19.6833,0.88344,0.940812,1.01371,0.998265,0.986848,1.05962,-0.099723,-0.00185908,0,0,1
7910,5.03142,18.1,1.71126,1.44389,1.04153,0.996751,1.01965,1.16484,-0.24071,3.69791e-05,0,0,1
7911,112.257,431.189,28.8181,0.869823,1.0154,0.982416,0.95813,0.983053,-0.0901063,0.00129928,0,0,1
7912,3.28848,-11.6658,-0.861363,1.38595,0.98737,0.98608,1.00262,0.609855,0.240445,0.00187173,0,0,1
7913,15.7075,-57.5615,-7.0117,1.41642,1.03187,1.00482,0.984211,0.825791,0.142868,-0.00113742,0,0,1
7914,17.6572,-64.9965,-8.4559,0.76631,0.994712,1.00203,1.03828,1.05552,0.149554,-0.00141432,0,0,1
7915,12.7403,45.6911,3.9437,1.22913,0.978392,0.995765,0.97274,0.69213,-0.103968,0.000267319,0,0,1
7916,4.37034,15.6259,1.5232,0.925705,0.992938,0.985664,0.950413,1.22019,-0.274639,0.00014205,0,0,1
7917,5.16332,18.4707,1.60343,0.910423,1.01562,0.982053,1.00472,1.39533,-0.213998,-0.000286383,0,0,1
7918,7.25859,26.2561,3.1667,0.993217,0.987005,0.987327,0.983307,0.855819,-0.254587,0.00159629,0,0,1
7919,8.44608,-30.2603,-2.69273,0.965544,1.00442,1.00661,0.987809,0.750334,0.152494,-0.000297208,0,0,1
7920,10.5517,38.1294,3.83347,1.40566,1.02646,1.00715,0.992883,0.948489,-0.147966,0.000633576,0,0,1
7921,7.06777,-25.2518,-1.70374,0.899341,1.03335,0.994214,0.987942,0.967453,0.128399,0.000673876,0,0,1
7922,4.6531,16.5426,1.46732,0.910049,0.956323,0.99921,1.04311,1.08879,-0.233693,-3.10157e-05,0,0,1
7923,8.93548,-31.6986,-1.73891,1.13467,0.992863,1.01441,1.01035,1.11017,0.0831013,0.000694221,0,0,1
7924,10.0144,-35.5886,-2.30755,0.695701,0.977871,0.9974,0.970869,1.00022,0.0914025,0.000341105,0,0,1
7925,71.9042,-269.282,-36.221,0.806525,0.99725,1.00757,0.9744,0.905373,0.0497329,-0.000562666,0,0,1
7926,7.7081,27.8035,2.8572,1.10335,1.00865,0.980982,0.999768,1.28568,-0.196936,0.000723091,0,0,1
7927,5.65138,-20.0194,-0.994159,0.88944,0.992398,1.00197,1.02442,1.1077,0.108093,0.00155519,0,0,1
7928,12.1248,-43.2393,-2.714,1.40349,0.992744,0.996864,0.989949,1.06043,0.0759492,0.000299069,0,0,1
7929,69.5023,-261.276,35.8568,0.930341,1.03202,0.989593,1.02212,0.90372,-0.0600102,0.00139077,0,0,1
7930,4.3836,-15.6151,-1.34223,0.872695,0.996976,1.00723,0.991458,0.99793,0.235027,0.000396136,0,0,1
7931,9.43377,33.6767,2.23495,1.24522,1.02154,1.0115,0.982559,1.03556,-0.0989953,-0.000382124,0,0,1
7932,7.64618,27.2567,1.76497,0.955395,1.02727,1.00303,1.0167,0.935247,-0.11436,-0.000649061,0,0,1
7933,5.77239,20.6671,1.95356,1.10274,0.989642,0.98232,0.992364,0.998718,-0.219731,0.00030927,0,0,1
7934,9.15422,-32.6634,-2.46179,1.06077,1.00239,1.0234,1.04783,1.12053,0.115698,9.15269e-05,0,0,1
7935,19.8903,72.3831,8.56978,1.13556,0.985059,1.01093,1.00338,1.10124,-0.109584,0.000896028,0,0,1
7936,209.2,802.036,-72.0653,1.12241,0.993896,1.00044,0.987875,1.03381,0.0398195,-0.000828094,0,0,1
7937,4.48423,-15.9556,-1.15795,1.24331,1.00256,1.00225,0.9498,0.921886,0.19238,0.00106183,0,0,1
7938,7.35219,-26.4226,-2.71812,1.04337,1.00133,1.0083,0.971387,1.32296,0.202671,-0.00080913,0,0,1
7939,9.60616,34.2114,1.75973,1.06988,1.01642,0.997068,0.991566,0.983901,-0.0747264,-0.000784839,0,0,1
7940,12.2708,45.4085,6.44829,0.838886,0.970441,0.999701,1.05188,0.533786,-0.243143,0.00251666,0,0,1
7941,6.60883,23.6298,2.17702,1.00876,0.977888,0.999538,1.03478,0.962345,-0.189969,0.000345003,0,0,1
7942,6.04436,-21.6114,-1.91796,0.785416,1.01612,1.00476,1.07568,1.06699,0.195091,-6.29833e-05,0,0,1
7943,4.00915,14.2161,0.564059,0.643528,1.02966,1.01426,0.990187,0.911101,-0.109499,-0.00303209,0,0,1
7944,18.0981,-64.5028,-3.96372,1.28628,0.981008,0.991018,1.05767,0.748262,0.0519702,0.000176,0,0,1
7945,3.8469,13.6281,1.04505,0.977158,0.986418,1.01301,1.01782,0.832679,-0.223018,-0.00111139,0,0,1
7946,2.1023,-7.48749,-0.884247,1.0459,1.02941,1.02232,1.00953,0.873791,0.504429,0.000805706,0,0,1
7947,175.964,-691.503,33.6575,1.63748,1.00021,1.00266,0.9912,1.09435,0.0810315,-0.00122779,0,0,1
7948,3.2133,11.4737,0.845977,1.03293,1.0513,0.995357,0.993512,0.861879,-0.241892,-0.00229906,0,0,1
7949,241.742,-931.942,-23.6645,0.679034,1.01437,0.989216,1.00733,1.02134,0.0487317,-0.000718912,0,0,1
7950,14.2274,-51.1084,-4.60067,1.27356,0.99758,0.997158,1.02785,1.17077,0.101103,-0.000349058,0,0,1
7951,14.2966,-50.5895,-0.900402,1.16324,0.972174,0.985473,0.977944,0.859903,0.0178312,0.00103843,0,0,1
7952,7.49732,-26.6276,-0.795652,0.854068,1.03473,1.00245,0.970965,1.45897,0.0521645,0.0017785,0,0,1
7953,36.6675,-131.957,-8.02419,0.977052,1.0631,1.00211,1.02214,0.678891,0.0275995,8.82035e-05,0,0,1
7954,11.3515,-40.3424,-0.875433,1.01834,1.01693,1.00227,1.0273,0.936418,0.0268643,0.00127376,0,0,1
7955,5.57734,-19.8029,-0.943682,1.05649,1.00779,1.00019,1.02509,0.909401,0.10569,0.00170536,0,0,1
7956,65.9515,-236.472,-17.8343,1.04052,0.990859,1.01144,1.0235,0.922461,0.019345,-4.26046e-05,0,0,1
7957,10.7664,-38.8747,-3.7438,1.14189,1.03219,1.00668,0.995386,1.04394,0.138893,-0.000508616,0,0,1
7958,9.23051,32.8874,1.8424,0.915747,1.00887,1.011,0.979108,0.819328,-0.0835858,-0.000662704,0,0,1
7959,16.0103,56.7924,1.76691,0.928226,0.982728,0.991454,0.988644,0.901646,-0.0279479,-0.000724208,0,0,1
7960,5.07388,18.1347,1.69428,0.976192,1.00757,0.996239,1.01423,0.864187,-0.234974,9.82713e-05,0,0,1
7961,66.7396,-248.401,31.7975,1.16215,1.01232,0.990977,1.06003,1.14178,-0.0442144,0.00109935,0,0,1
7962,2.9957,10.6598,1.05133,0.657321,1.00959,0.992797,0.990501,1.15359,-0.346987,-0.000771985,0,0,1
7963,22.1523,79.9795,-6.68712,0.967346,1.00828,0.985485,0.987621,0.821827,0.0620182,-0.00200778,0,0,1
7964,8.21587,29.5231,2.94486,0.943152,0.99492,0.992939,0.975864,1.22315,-0.179718,0.000666026,0,0,1
7965,9.55708,34.2396,2.81473,1.10766,1.01723,0.994597,1.03695,0.649681,-0.125477,5.12942e-05,0,0,1
7966,13.6272,-48.6498,-3.04271,1.04609,1.00075,0.999882,1.00112,1.08245,0.0685983,0.000254,0,0,1
7967,6.58827,-23.6737,-2.51726,1.12676,0.987313,1.01394,1.02027,0.890138,0.228372,-0.000998146,0,0,1
7968,9.59164,34.2776,2.67609,0.854566,0.983596,0.996887,0.95061,0.984857,-0.117031,-7.36317e-06,0,0,1
7969,41.4271,-155.052,-21.6482,0.854354,1.02294,0.99549,1.04202,0.82762,0.0942826,-0.00108337,0,0,1
7970,13.4217,47.5653,1.11174,1.05317,0.986482,0.996477,0.99303,1.07278,-0.0243904,-0.00101353,0,0,1
7971,6.37417,-22.6991,-1.67414,1.31854,0.980528,0.987836,0.950383,1.52009,0.152565,0.000440244,0,0,1
7972,16.898,60.1349,0.702256,1.01529,1.01972,0.999173,0.983201,1.35495,-0.0100445,-0.00100143,0,0,1
7973,83.8906,303.326,-25.9531,1.07917,1.00132,1.00471,0.930024,0.488707,0.0173245,-0.000540036,0,0,1
7974,22.8757,-82.2619,-7.26465,0.891166,0.998046,1.00504,1.01401,0.810848,0.0645582,-0.000254794,0,0,1
7975,27.056,-95.8949,-2.00371,0.867836,0.98122,1.01612,1.03846,1.28552,0.0115035,0.000489788,0,0,1
7976,16.2238,-59.0409,-6.44926,0.74269,1.01345,0.989061,1.01999,1.18496,0.118928,-0.000777452,0,0,1
7977,11.5323,-41.5378,-4.23941,0.999155,1.00206,1.01012,1.01124,1.02501,0.140676,-0.000714149,0,0,1
7978,5.15082,-18.254,-1.24014,0.823748,0.984228,1.00597,1.00297,1.02192,0.160754,0.000944699,0,0,1
7979,8.02333,28.4636,1.23414,0.943194,0.986654,0.991571,1.0199,1.41787,-0.0715983,-0.00118788,0,0,1
7980,27.4992,98.4288,-4.83704,0.972264,1.00617,0.992333,1.02142,0.79388,0.027828,-0.00121068,0,0,1
7981,3.15304,-11.2027,-1.12419,0.866855,0.965983,0.988273,0.996004,1.17157,0.344996,0.000227943,0,0,1
7982,4.13605,14.7147,1.10654,0.72582,1.02895,1.01032,1.05647,1.31139,-0.209341,-0.00121695,0,0,1
7983,12.8077,45.4937,1.44957,0.99369,1.00388,1.01055,0.966634,1.10936,-0.0347917,-0.000902715,0,0,1
7984,62.3145,-233.435,-32.1552,1.29936,1.02,0.990752,1.01053,0.980904,0.0646007,-0.000750738,0,0,1
7985,39.5081,-143.143,12.7312,0.985545,1.01877,0.991905,0.980445,1.24216,-0.039811,0.0012183,0,0,1
7986,9.66916,-34.6823,-3.14045,0.72075,1.00239,1.0062,0.976196,0.913205,0.139875,-0.000375533,0,0,1
7987,29.6217,-105.717,-5.47687,1.04645,0.99808,0.99428,0.977094,0.759802,0.0277855,0.000182962,0,0,1
7988,4.81659,-17.1477,-1.18585,1.38751,1.02574,0.991407,1.00469,1.28584,0.174041,0.00122743,0,0,1
7989,17.9322,65.7723,8.08806,0.852931,1.02387,1.02735,1.02765,0.773944,-0.128735,0.00109419,0,0,1
7990,23.3914,-83.6425,4.51342,0.966233,1.02656,1.00396,0.98454,0.720587,-0.036064,0.0014872,0,0,1
7991,16.2592,57.6572,-0.975813,0.668877,0.983824,1.00071,0.994943,1.13522,0.0147564,-0.0014328,0,0,1
7992,2.44523,8.69212,0.908355,1.06066,0.987989,0.984262,0.920561,1.11037,-0.416075,-0.00103648,0,0,1
7993,15.6443,56.0945,4.43385,1.24315,1.01292,1.0036,0.992911,1.07933,-0.0785883,8.67531e-05,0,0,1
7994,10.6194,-37.712,-1.3693,0.980691,1.0064,1.00961,1.00482,0.926668,0.0473303,0.00100487,0,0,1
7995,9.71452,-34.6894,-2.55987,1.16107,0.989203,0.995787,1.01694,1.01998,0.109614,0.000121402,0,0,1
7996,30.9205,-110.597,-7.28234,0.860139,1.01963,1.00527,0.996718,0.884924,0.034536,4.56992e-05,0,0,1
7997,12.3351,44.9614,5.40598,0.764868,0.989121,0.979828,1.00026,1.17873,-0.17085,0.00127524,0,0,1
7998,11.1988,39.6465,0.0843255,0.734309,0.988119,1.00562,0.978027,1.14457,-0.00256163,-0.00165759,0,0,1
7999,7.01052,25.1199,2.18072,0.97145,1.02512,1.00041,0.995606,1.1881,-0.170102,4.79301e-05,0,0,1
8000,4.47294,-16.2477,-2.12759,0.932755,1.02194,0.99922,0.996189,1.05548,0.393298,-0.00215357,0,0,1
8001,49.3117,-174.826,0.572435,0.77447,0.998023,1.00894,1.03751,1.01409,-0.00104133,0.000407097,0,0,1
8002,12.0179,42.8307,2.48975,1.09212,0.995369,1.00196,1.04603,0.855054,-0.0695644,-0.000414167,0,0,1
8003,17.5505,65.2498,9.15302,0.660237,0.975539,1.00564,1.03059,1.01846,-0.186389,0.0020331,0,0,1
8004,9.89422,35.1025,1.52195,1.0487,0.994645,1.00762,1.01801,1.18041,-0.0595967,-0.000910043,0,0,1
8005,15.2974,55.845,6.39281,0.931356,1.01182,0.983218,1.04865,1.20175,-0.133787,0.000942677,0,0,1
8006,4.2806,15.3488,1.60341,0.874291,1.01048,0.983124,0.967875,1.09219,-0.30081,0.000382774,0,0,1
8007,7.49802,-26.7915,-2.18098,1.49356,1.00671,0.992634,0.989802,0.753711,0.151473,6.04344e-05,0,0,1
8008,10.5717,-37.691,-2.26206,1.05712,1.00554,0.990928,0.97802,0.935928,0.0820968,0.000467401,0,0,1
8009,15.6139,55.6724,2.62642,0.808882,1.02249,0.991698,0.989825,1.00334,-0.0449033,-0.000516001,0,0,1
8010,14.7397,-53.9943,-6.7068,1.07968,0.992615,0.97976,0.988729,0.622451,0.159324,-0.00133279,0,0,1
8011,9.62271,-34.2404,-1.74118,1.0135,1.013,1.01631,1.00059,1.3544,0.0729992,0.000751517,0,0,1
8012,5.47069,-19.3557,-0.815123,0.848808,0.992243,1.0048,0.97141,0.910644,0.0930573,0.00190761,0,0,1
8013,19.8051,71.1,5.73925,0.820705,1.00925,1.00296,0.969113,1.10824,-0.0652492,0.000124965,0,0,1
8014,6.78629,24.2057,1.46853,1.22229,1.04504,1.01194,0.975156,1.07685,-0.116477,-0.000957135,0,0,1
8015,7.70528,-27.3656,-1.79733,0.726585,0.967396,1.0097,0.988661,0.798438,0.114272,0.000452855,0,0,1
8016,37.7278,-134.067,-6.70761,1.13352,0.980018,1.01885,0.989258,0.799923,0.020544,0.000138599,0,0,1
8017,7.68638,-27.5315,-2.49617,1.18952,1.01195,1.01218,0.958228,0.780212,0.167195,-0.000318225,0,0,1
8018,11.8147,42.3389,3.43743,1.38471,1.01712,1.00599,0.955596,1.22149,-0.103202,9.71643e-05,0,0,1
8019,60.0792,-215.505,15.4002,0.765594,1.01556,1.00193,1.00712,1.11411,-0.0201688,0.000686769,0,0,1
8020,4.44002,15.8045,1.25259,0.86088,0.999754,1.0137,1.01472,1.04377,-0.211234,-0.00071049,0,0,1
8021,11.116,40.0902,3.97825,1.30918,1.02865,1.01982,1.007,1.19721,-0.137759,0.000582503,0,0,1
8022,52.7058,189.661,-16.0476,0.997695,0.963918,0.998672,0.984216,1.37607,0.0266109,-0.000830902,0,0,1
8023,40.2942,-143.053,3.91809,1.121,0.990884,1.00207,0.981583,1.27349,-0.0105099,0.000661496,0,0,1
8024,11.3707,-41.0221,-4.3081,0.793963,0.984693,1.00937,1.01212,0.936942,0.148216,-0.000843688,0,0,1
8025,325.26,1240.13,-420.477,0.838318,1.01894,1.00427,1.01541,0.92029,-0.0312982,0.000518819,0,0,1
8026,4.22674,15.029,1.1353,1.14544,0.984098,0.983043,1.04157,0.957423,-0.210209,-0.00106066,0,0,1
8027,10.3456,37.2322,2.70356,0.973206,1.04938,0.99265,0.91567,1.11395,-0.103793,-0.000218167,0,0,1
8028,1585.77,-8422.41,-6603.29,1.17747,0.988376,1.00425,0.999962,1.09203,-0.0252771,0.000456604,0,0,1
8029,39.2514,-140.207,6.68156,0.741954,0.999357,0.980574,1.00661,0.984205,-0.0197702,0.000857774,0,0,1
8030,6.52461,23.1618,1.62262,1.02446,0.987216,1.01758,0.949673,0.705793,-0.138219,-0.000514314,0,0,1
8031,124.012,450.714,36.3846,0.968981,1.03745,0.986963,1.00385,1.28284,-0.0111601,2.53302e-05,0,0,1
8032,4.07473,14.4084,0.818193,0.709058,0.993221,1.01214,0.974031,0.679283,-0.155614,-0.00200952,0,0,1
8033,3.96386,14.1542,1.40918,0.899226,0.999243,1.02,1.02812,0.990747,-0.295431,0.000216758,0,0,1
8034,8.29335,29.8633,3.17861,0.970446,0.970217,0.994613,1.03285,1.29756,-0.193539,0.000980959,0,0,1
8035,22.5488,-80.1699,-0.804344,0.797727,1.03959,1.0089,0.967273,1.23252,0.00672429,0.000769918,0,0,1
8036,17.9557,-63.5755,0.446298,1.14925,0.990618,1.01757,0.989092,0.720932,-0.00562961,0.0011455,0,0,1
8037,18.3603,-66.5784,-7.50217,0.741534,0.978088,1.00595,1.01112,1.27612,0.110229,-0.000831353,0,0,1
8038,14.2281,50.798,3.70789,1.03186,0.982851,1.00405,0.970248,0.955652,-0.0766324,-2.66473e-05,0,0,1
8039,17.2617,61.4046,1.07253,0.930966,1.00082,0.993123,1.01612,1.26095,-0.0147017,-0.000883459,0,0,1
8040,49.928,-177.112,-0.83694,1.46173,0.989777,0.993486,0.976366,0.996204,0.00150339,0.000362755,0,0,1
8041,30.8899,111.099,9.15914,1.01329,1.01919,1.01387,1.01651,0.719449,-0.0438889,0.000118063,0,0,1
8042,11.1377,39.8878,3.73144,1.28913,0.973722,1.01162,1.06911,0.699434,-0.12645,0.000473743,0,0,1
8043,10.1685,-36.6851,-3.95925,0.932495,0.998994,0.996089,0.968876,1.21178,0.168485,-0.000927008,0,0,1
8044,5.03207,-17.7795,-0.230299,1.20322,0.994508,1.00671,0.96418,1.29392,0.0300329,0.0032929,0,0,1
8045,279.947,-1093.89,-18.1951,0.885905,0.982797,1.00582,0.987204,1.04157,-0.0449633,0.000895459,0,0,1
8046,13.5576,48.1164,-1.25228,0.896252,0.981117,0.990641,0.964437,0.81507,0.0270529,-0.00189892,0,0,1
8047,49.682,-189.265,-19.7809,1.3431,0.954848,0.99591,1.00297,0.984315,0.142542,-0.00196935,0,0,1
8048,3.98671,-14.2184,-1.36794,0.692635,0.997158,1.01453,1.03674,0.810098,0.28365,-2.38522e-05,0,0,1
8049,9.59871,34.2527,2.54552,0.774841,0.980411,0.993062,1.01171,1.20914,-0.110547,-0.000118316,0,0,1
8050,227.739,818.676,35.0721,1.14457,0.994191,1.00772,0.985753,0.913166,-0.00269375,-3.72232e-05,0,0,1
8051,4.69527,16.7181,1.28515,0.888092,1.00481,1.01219,0.975777,1.1127,-0.197256,-0.000742124,0,0,1
8052,202.021,-736.951,84.0754,0.996348,0.988106,0.998791,0.995202,1.05814,-0.0117998,0.000308172,0,0,1
8053,5.79026,20.6774,1.85498,0.847043,0.97571,0.990298,1.02106,0.782328,-0.204006,0.000142713,0,0,1
8054,125.258,501.911,136.163,1.30104,1.02209,1.00738,1.02704,0.948711,0.0808297,-0.00147919,0,0,1
8055,7.57069,-27.2039,-2.77442,0.859437,0.988694,1.00997,1.04417,0.900434,0.195819,-0.000807555,0,0,1
8056,52.6883,192.607,21.2246,0.854912,1.00123,0.993225,0.924572,0.84141,-0.0399098,0.000301414,0,0,1
8057,4.11473,14.6287,1.05488,1.16661,1.00436,1.00992,1.01056,1.00054,-0.201041,-0.00126574,0,0,1
8058,4.73852,16.8219,1.04052,1.00115,0.993567,0.997872,1.07523,0.784365,-0.155272,-0.00144138,0,0,1
8059,5.05014,18.0136,1.50632,1.03499,0.979663,0.962524,0.993312,0.820505,-0.211265,-0.000382963,0,0,1
8060,8.49533,-30.2325,-2.0775,1.0923,0.951053,0.99754,1.01066,0.816536,0.111617,0.000271421,0,0,1
8061,24.407,-86.7931,1.13672,0.927878,1.00793,1.00451,0.98489,1.07865,-0.00810535,0.000940505,0,0,1
8062,6.34465,22.6193,1.62148,0.936505,0.998703,0.983656,0.993309,0.835556,-0.149401,-0.000583534,0,0,1
8063,10.7009,38.4273,3.52868,0.887011,1.00588,0.996175,0.986354,0.859475,-0.130661,0.000381346,0,0,1
8064,4.85427,17.3603,1.68911,0.998193,1.00794,1.00119,0.942947,0.82303,-0.253651,0.000259533,0,0,1
8065,23.1039,-82.1515,-1.96667,0.823899,1.00313,0.998637,1.04148,0.811245,0.015686,0.000574649,0,0,1
8066,4.56975,-16.306,-1.59104,1.1006,0.976198,0.998695,0.994376,1.12985,0.26462,-0.000317655,0,0,1
8067,6.42551,22.9902,1.92572,0.972872,1.02181,0.995246,1.07662,1.43342,-0.174517,-0.000145385,0,0,1
8068,93.5299,343.765,-41.6578,0.844215,0.947188,0.988311,0.962092,0.984317,0.0268162,-0.000685032,0,0,1
8069,15.3964,54.8382,-0.852313,1.18933,1.02095,1.00684,1.01112,0.954386,0.0144932,-0.00153238,0,0,1
8070,7.97833,28.3084,1.11323,0.76056,0.953656,0.998926,1.0395,1.08935,-0.0643022,-0.00121352,0,0,1
8071,15.8422,-56.3206,-3.47255,0.961264,0.978219,1.00222,1.04083,0.975975,0.0580051,0.000202559,0,0,1
8072,7.15483,25.4972,1.67206,1.13263,1.00018,1.00196,1.04802,1.23734,-0.122088,-0.000626082,0,0,1
8073,9.60046,34.6545,3.52687,1.03913,1.02749,1.01314,0.943764,0.689648,-0.161321,0.000686832,0,0,1
8074,7.16449,-25.3532,-0.944035,1.11874,0.988027,1.00087,0.989486,1.04777,0.0668015,0.00152883,0,0,1
8075,5.2565,-18.6114,-0.574393,0.730764,0.998651,0.999876,0.995458,0.921569,0.0702108,0.00249114,0,0,1
8076,70.4851,261.916,-30.6447,1.15592,1.04064,0.975984,0.98976,1.28586,0.03428,-0.000913244,0,0,1
8077,6.67353,-23.7339,-1.63973,0.843174,0.94593,1.00054,1.02618,1.08216,0.135238,0.000436243,0,0,1
8078,102.069,380.166,50.3975,1.14583,0.991582,0.992905,0.961798,0.828978,-0.0302199,0.00031533,0,0,1
8079,28.4652,102.071,7.23983,1.18312,1.02015,1.01101,1.01097,0.879172,-0.0398357,-5.74714e-06,0,0,1
8080,6.96485,24.8507,1.80897,0.900251,1.02751,1.00738,0.974076,0.839337,-0.139444,-0.000464217,0,0,1
8081,6.22081,22.2322,1.73091,0.719124,1.0192,0.98607,0.973521,0.96369,-0.165292,-0.000432713,0,0,1
8082,7.57612,-26.9879,-1.76621,1.18532,1.00171,1.00798,1.00875,0.797247,0.116425,0.000555324,0,0,1
8083,4.40271,-15.8331,-1.78235,1.00646,1.02154,1.00378,0.999729,1.29772,0.321778,-0.000934035,0,0,1
8084,9.27124,-32.8135,0.169004,1.13077,0.996091,1.00839,1.00239,0.928313,-0.00738144,0.00219532,0,0,1
8085,56.1166,-207.873,-26.0095,1.20055,1.03401,1.01055,0.968516,0.848583,0.0486031,-0.000463661,0,0,1
8086,6.68541,-23.8081,-1.58369,0.723942,1.00284,1.00874,1.00183,0.701571,0.130519,0.000655016,0,0,1
8087,8.62657,31.5256,3.99482,1.05766,1.01314,0.997562,1.02423,1.20092,-0.244407,0.00181711,0,0,1
8088,4.67996,-16.7601,-1.31741,1.2224,1.04047,0.991592,0.992974,0.794588,0.205407,0.000879694,0,0,1
8089,3.49257,-12.4087,-1.10018,0.813636,0.990541,1.00884,1.00524,0.91654,0.280168,0.000709523,0,0,1
8090,7.75595,-27.5756,-1.4564,0.930704,1.00767,1.0113,0.916879,0.688794,0.0906423,0.000936474,0,0,1
8091,4.64754,-16.4993,-1.3031,1.09407,0.980348,0.999994,1.03887,1.19428,0.204603,0.000623834,0,0,1
8092,4.98162,-17.7675,-1.39209,0.761068,1.02927,1.00123,0.994928,0.608376,0.194114,0.000712788,0,0,1
8093,23.1751,83.3056,6.93661,1.04983,1.00933,0.996168,1.05601,1.00944,-0.0587525,0.000149681,0,0,1
8094,15.8161,56.8161,4.83243,1.03618,1.00196,1.00406,1.00972,0.71909,-0.0850536,0.000222284,0,0,1
8095,1007.48,-5960.15,3879.87,1.12498,0.963457,1.00322,1.01731,1.0859,0.0102539,-0.000167049,0,0,1
8096,375.328,-3512.97,3103.5,0.823458,1.02491,0.990851,0.982588,1.13735,0.0500971,-0.000844773,0,0,1
8097,11.4932,40.8415,0.72997,0.856695,1.00671,1.00044,1.00784,0.962196,-0.0215405,-0.00133054,0,0,1
8098,140.139,-520.921,64.883,0.742469,1.02916,0.995684,0.951668,1.11684,-0.0206332,0.000516904,0,0,1
8099,27.9886,-101.18,9.27013,1.26084,0.986372,1.00218,1.00019,0.89636,-0.0562931,0.00169007,0,0,1
8100,4.62646,16.5304,1.66603,0.812808,0.975348,0.995496,1.00603,0.889955,-0.273198,0.000494768,0,0,1
8101,9.84135,36.0195,4.71281,0.736816,1.00976,1.02113,0.994549,0.897692,-0.230973,0.00193478,0,0,1
8102,338.564,-1308.38,-2.58635,0.756163,1.03014,1.00618,0.978436,0.702315,0.0374686,-0.000558352,0,0,1
8103,5.41998,19.3337,1.05057,1.22814,1.05129,1.01018,1.03457,1.1514,-0.12287,-0.00161982,0,0,1
8104,3.70666,-13.2798,-1.51374,0.943214,1.00838,1.00337,1.02783,1.0536,0.363519,-0.000853372,0,0,1
8105,23.6062,-84.2075,3.30456,0.900598,1.01098,1.00788,0.985303,0.808734,-0.025414,0.00127231,0,0,1
8106,14.5232,-51.6864,2.5971,1.15275,0.983965,1.00553,1.02035,0.996128,-0.050236,0.00219366,0,0,1
8107,7.194,-25.7159,-2.12641,1.09564,1.02196,1.01098,0.977857,1.05651,0.157475,4.39837e-05,0,0,1
8108,18.0682,64.0371,1.4962,0.972514,0.976716,0.992326,1.05283,0.813217,-0.0186509,-0.000738177,0,0,1
8109,85.8302,331.063,11.1953,0.870281,0.978579,1.00022,1.00892,0.760645,-0.126737,0.00186252,0,0,1
8110,9.92954,35.1588,1.17426,0.625022,0.983966,1.00192,1.00004,0.958328,-0.0454219,-0.00113775,0,0,1
8111,4.93263,17.4816,0.971759,0.976179,0.962116,1.00855,1.02757,0.992589,-0.133746,-0.00145395,0,0,1
8112,4.85679,-17.3824,-1.69402,0.961619,1.01356,0.997676,1.0554,1.35716,0.254004,-0.000228649,0,0,1
8113,3.83233,-13.674,-1.21702,1.06019,1.03897,1.01737,1.03673,1.20369,0.264058,0.000681718,0,0,1
8114,5.23789,-18.5733,-1.34463,1.0656,0.980209,1.00925,0.985346,1.13256,0.169937,0.000696473,0,0,1
8115,6.61737,-23.4871,-1.01979,0.951412,0.9975,0.99445,0.989313,1.07843,0.0842874,0.001508,0,0,1
8116,35.8873,-127.474,5.16837,0.887813,0.98486,1.00602,0.994339,1.01428,-0.0174249,0.000836318,0,0,1
8117,8.42247,30.0183,2.231,1.38743,0.987296,1.00813,1.01312,1.54072,-0.121642,-0.000179012,0,0,1
8118,18.0211,63.9818,-0.472687,1.14311,0.979474,1.02015,1.00092,0.681623,0.00575917,-0.0011273,0,0,1
8119,8.30201,29.8662,3.05013,0.801518,0.986831,0.996913,0.906885,0.980903,-0.183772,0.000788679,0,0,1
8120,7.37051,26.4301,2.47991,0.805496,1.0056,1.00519,1.01045,0.600808,-0.179932,0.00041669,0,0,1
8121,29.6497,-105.289,-2.86131,1.24071,0.987756,0.989246,1.01933,0.8186,0.0141044,0.000413264,0,0,1
8122,9.54692,33.8569,1.7325,1.04452,0.975428,0.99649,0.998248,1.04484,-0.0733161,-0.000735635,0,0,1
8123,10.3504,-37.1004,-3.2114,0.953157,0.985499,0.978894,1.07326,0.941272,0.127187,-0.000257411,0,0,1
8124,7.27241,26.0761,2.48595,0.819773,1.00203,0.995383,1.00405,1.2137,-0.186027,0.000457058,0,0,1
8125,9.7336,-34.611,-1.38328,0.802954,1.02151,0.996631,1.05946,1.14145,0.057131,0.00106827,0,0,1
8126,18.4266,-67.1712,-7.87202,1.27622,1.00228,1.00264,1.00137,1.1968,0.116852,-0.000914961,0,0,1
8127,5.93989,21.5219,2.41907,1.05468,1.03983,0.995288,1.01767,1.08039,-0.26625,0.00107145,0,0,1
8128,5.85447,-20.7974,-1.62573,0.996604,0.961439,0.980962,0.985888,0.998084,0.172977,0.000329317,0,0,1
8129,15.6605,-55.59,-1.93007,1.20459,1.00131,1.01121,1.02701,1.0966,0.0320305,0.000672355,0,0,1
8130,3.51194,-12.4362,-0.999577,0.980856,0.965665,1.00445,0.978738,0.794318,0.251216,0.00104664,0,0,1
8131,23.7332,87.0553,10.3774,1.26476,1.01483,0.992155,1.0329,1.31985,-0.0970271,0.000794682,0,0,1
8132,6.03905,-21.5351,-1.65747,1.09288,0.999431,1.01021,0.939736,0.750741,0.165362,0.0003595,0,0,1
8133,10.242,-36.6402,-2.91135,1.03515,0.987165,0.993871,0.98894,0.847913,0.114514,-6.12732e-05,0,0,1
8134,15.9181,56.8954,0.944098,1.13486,1.05025,0.993916,0.977021,1.18589,-0.0153102,-0.00102848,0,0,1
8135,3.91556,-13.9139,-1.14002,1.10131,0.997181,1.01451,0.990363,1.36984,0.238196,0.000817499,0,0,1
8136,7.18404,25.5847,1.53772,0.957726,1.04055,1.02121,0.972452,0.688666,-0.109799,-0.000862108,0,0,1
8137,14.7778,-52.8349,2.66698,0.776533,1.00403,0.99599,0.964819,0.953543,-0.0509538,0.00222856,0,0,1
8138,16.5574,58.7618,0.155078,1.2195,0.969543,1.00478,0.980344,1.10931,-0.00223134,-0.00109005,0,0,1
8139,9.94123,36.0071,4.17867,1.06231,0.995447,0.994331,0.968399,0.966967,-0.189351,0.0012307,0,0,1
8140,12.293,44.0548,3.52756,1.01664,0.989749,0.97662,0.971082,1.19131,-0.100025,8.84974e-05,0,0,1
8141,74.5131,-283.473,-29.1214,1.16435,1.02397,0.988442,0.943597,0.942355,0.107281,-0.00148982,0,0,1
8142,12.5602,-44.5721,-2.4263,0.927402,0.972343,0.998857,0.993741,1.12799,0.0623091,0.000436704,0,0,1
8143,4.6834,-16.6412,-1.24316,0.882153,0.992755,1.00529,0.987938,1.32376,0.191637,0.000834281,0,0,1
8144,4.18326,14.9735,1.55049,0.933284,1.00459,1.00763,0.998894,0.85163,-0.3008,0.000457532,0,0,1
8145,17.1894,61.086,-1.61034,0.762153,1.00201,1.01452,0.971022,0.945917,0.0218664,-0.00149549,0,0,1
8146,37.5834,-142.395,-18.5715,1.14225,0.993785,0.981835,0.98078,0.955958,0.156891,-0.0020567,0,0,1
8147,247.485,1020.88,-182.891,0.861644,1.01866,0.994265,0.976742,1.02592,-0.0760753,0.00118425,0,0,1
8148,1058.31,4786.17,518.624,1.52609,0.999724,1.01172,1.01429,1.05074,-0.0342898,0.000575382,0,0,1
8149,16.4673,-58.5722,0.491272,1.18819,1.02126,1.01104,1.00174,1.13718,-0.00744287,0.00131945,0,0,1
8150,13.0103,-46.6278,-3.79815,0.740891,0.998564,1.00703,0.974961,0.817742,0.0960635,-0.000157355,0,0,1
8151,8.35741,29.6955,2.03479,0.938682,0.981631,1.01179,1.01433,0.883632,-0.111263,-0.000345951,0,0,1
8152,4.16824,-14.8133,-1.01718,1.04223,0.998546,0.993673,0.998899,0.872715,0.191174,0.00144701,0,0,1
8153,93.636,348.068,45.7223,1.15637,0.995435,1.00883,1.02188,1.08016,-0.0323536,0.000337407,0,0,1
8154,6.29049,22.446,1.71414,1.30523,1.00904,0.988739,1.03232,0.892198,-0.160528,-0.000433555,0,0,1
8155,20.9173,75.3675,6.78041,1.25331,1.01433,0.999955,1.00359,1.60394,-0.0708289,0.000261366,0,0,1
8156,11.0775,-39.9328,-3.57923,1.02239,1.02095,0.983604,0.95382,1.04083,0.125758,-0.000305703,0,0,1
8157,38.9887,138.658,-2.37877,0.915997,0.995399,1.00482,1.01598,0.885651,0.0065209,-0.000607385,0,0,1
8158,7.99262,-28.727,-2.89798,1.20497,1.00136,1.01064,1.00267,1.1049,0.185537,-0.000738712,0,0,1
8159,14.8498,-52.9188,-3.94859,0.687776,0.959622,0.98455,0.985736,1.14726,0.0768109,-2.96348e-05,0,0,1
8160,30.7465,-114.519,-15.3659,1.1494,1.03404,1.01085,0.985804,0.934835,0.101931,-0.00105992,0,0,1
8161,10.8246,38.409,-1.09158,0.976065,0.978282,0.991215,1.0233,0.846866,0.0360165,-0.00240898,0,0,1
8162,13.6154,48.8714,4.12391,1.10626,1.01184,0.992589,1.02545,1.03821,-0.0962857,0.000179463,0,0,1
8163,21.1027,-74.7912,-2.62523,0.567293,0.986047,1.00796,0.971814,1.49753,0.0246274,0.000473294,0,0,1
8164,37.0064,137.969,18.2969,0.949281,1.01984,0.986051,1.02975,1.26104,-0.0828816,0.0008421,0,0,1
8165,5.13794,18.2474,1.49399,0.916245,0.976744,1.01172,1.04034,1.10391,-0.197112,-0.000286308,0,0,1
8166,7.32038,-26.1739,-2.55681,0.982115,0.959833,0.990148,0.956966,1.44869,0.18969,-0.000632531,0,0,1
8167,11.8006,42.2502,3.29175,1.22968,1.00449,0.993604,1.02199,1.03905,-0.0993345,2.35493e-05,0,0,1
8168,14.3126,50.9941,2.11997,0.803725,1.01628,0.992791,1.02449,1.17191,-0.0425351,-0.000662326,0,0,1
8169,3.84324,13.6502,0.920312,0.740262,1.01586,0.982194,0.98948,1.08054,-0.197298,-0.00191325,0,0,1
8170,3.41206,-12.1614,-1.24149,0.597923,0.970694,0.980875,1.02229,1.08473,0.338345,-3.25079e-05,0,0,1
8171,22.5193,81.2368,6.30044,1.1602,1.03436,0.994881,0.999679,0.877031,-0.0562678,6.12617e-05,0,0,1
8172,13.8989,49.7354,3.58088,1.07516,1.01132,0.998456,0.96667,0.791058,-0.0785818,-7.60009e-05,0,0,1
8173,15.4325,55.1607,3.37819,1.08581,1.01956,0.986903,0.978698,0.60264,-0.0601422,-0.000277334,0,0,1
8174,6.44665,-23.0043,-1.77605,1.05696,1.01035,0.996203,1.00004,0.99184,0.159627,0.000346018,0,0,1
8175,40.0573,-145.356,-15.8873,1.11504,0.989584,0.998632,0.977635,0.900622,0.0515311,-0.00038907,0,0,1
8176,20.383,74.3459,8.02589,1.06368,1.03137,0.993409,0.983092,0.789341,-0.0947363,0.000610787,0,0,1
8177,9.09043,-32.8014,-3.20891,1.23152,1.02313,0.99346,1.00677,1.29413,0.163179,-0.000558707,0,0,1
8178,5.12249,-18.1958,-0.911166,1.31267,1.01723,1.00901,0.959412,1.10253,0.117965,0.00179875,0,0,1
8179,4.20702,14.8727,0.751022,1.13941,0.971675,1.00043,1.00146,1.06971,-0.135753,-0.00216183,0,0,1
8180,12.2344,-43.8692,-3.79567,1.19633,1.01126,1.00222,1.01343,0.648546,0.108942,-0.000249934,0,0,1
8181,328.172,-1249.82,82.0929,0.712466,0.99614,0.983439,1.04991,1.15289,-0.0293904,0.00060322,0,0,1
8182,6.23568,22.2831,1.87964,1.18969,1.00358,0.99794,0.971264,1.06679,-0.180511,-7.18456e-05,0,0,1
8183,3.00689,10.6995,0.986554,0.893455,0.998543,0.996739,1.00585,1.01468,-0.322116,-0.00104704,0,0,1
8184,11.8123,42.142,2.56691,1.2358,0.989882,0.989492,0.932023,0.607019,-0.0750659,-0.000367444,0,0,1
8185,14.5537,-51.666,-1.90747,1.03411,0.997257,1.00549,0.984453,1.09843,0.0365391,0.000692826,0,0,1
8186,17.4087,61.6836,-0.253915,0.976132,0.984004,1.00211,1.01543,1.0262,0.00334405,-0.00115362,0,0,1
8187,5.25283,18.6373,1.03425,1.0698,0.996354,1.00227,0.96871,1.18158,-0.128179,-0.0014873,0,0,1
8188,9.60503,-34.269,-2.37023,0.776054,0.991506,0.996376,1.01262,1.18422,0.10285,0.000260488,0,0,1
8189,9.2589,33.1616,3.10823,0.933285,0.978076,1.00999,0.993436,0.846906,-0.148132,0.000487646,0,0,1
8190,8.57733,30.3641,0.971099,0.917118,0.976649,1.00357,0.989524,1.21129,-0.0491397,-0.00135397,0,0,1
8191,78.0669,-283.451,-27.6678,0.844,1.02688,1.01162,1.00746,0.639,0.0233275,-0.000143847,0,0,1
8192,7.53968,-26.7845,-0.991366,0.812532,1.01329,1.00508,0.954045,0.880035,0.0645131,0.00148803,0,0,1
8193,3.83006,13.6827,1.40554,0.988092,1.00538,0.994517,1.03388,0.963913,-0.315407,0.000179447,0,0,1
8194,16.6086,-61.1266,-8.38245,1.15259,0.937963,0.993293,0.976409,0.571374,0.182521,-0.00193705,0,0,1
8195,2.42844,-8.61722,-0.860412,1.04484,0.982882,0.987093,0.95799,1.27505,0.396642,0.00134223,0,0,1
8196,21.0302,74.7206,-1.84418,0.759822,0.978773,1.01181,1.02159,0.892645,0.0169379,-0.00118644,0,0,1
8197,4.93879,-17.5258,-1.17708,1.06968,0.99246,1.00893,1.00893,0.881298,0.163588,0.00107129,0,0,1
8198,5.02834,-18.0932,-1.7663,0.94213,1.03658,0.997849,0.971406,1.27508,0.250143,-0.000216731,0,0,1
8199,12.1713,43.3707,1.98806,0.883321,1.01374,1.00653,1.01398,0.873803,-0.05378,-0.00068158,0,0,1
8200,4.05781,14.3953,1.20167,0.953159,0.977762,1.0028,1.0389,1.15,-0.237556,-0.000636742,0,0,1
8201,3.60521,-12.755,-0.958621,0.811404,0.973252,1.00801,1.01502,0.813363,0.228902,0.00130105,0,0,1
8202,3.08104,-11.0121,-1.26877,0.762233,0.982227,1.00075,0.990531,0.946232,0.411762,-0.0007302,0,0,1
8203,132.096,475.72,32.9132,1.00259,1.01872,1.00932,0.986641,1.17041,-0.00836068,-4.78349e-06,0,0,1
8204,4.6076,16.5519,1.87962,0.945853,1.01094,1.0101,0.987366,0.988464,-0.315524,0.00110836,0,0,1
8205,7.69172,-27.4351,-1.99334,1.03898,0.993166,0.998475,1.01212,0.827314,0.1298,0.000302709,0,0,1
8206,13.6201,48.5985,3.46258,1.11614,0.984044,1.00447,1.01464,0.824282,-0.0774603,-7.25526e-05,0,0,1
8207,34.8796,-130.877,-18.131,0.717357,0.980161,1.00164,0.996498,1.1378,0.109577,-0.00127788,0,0,1
8208,10.4166,36.9293,0.307246,0.753838,0.98976,0.989744,0.95499,1.16748,-0.0108403,-0.00168587,0,0,1
8209,8.41974,29.9799,1.97005,0.948328,0.994027,1.00759,0.952631,1.09614,-0.106488,-0.000452553,0,0,1
8210,6.73771,-24.0153,-1.69956,0.829778,0.990929,0.992029,0.986955,0.942004,0.140151,0.000500566,0,0,1
8211,43.9488,-158.509,13.9585,1.17316,1.00398,1.00494,0.962349,1.07864,-0.0349683,0.00106647,0,0,1
8212,11.1769,-40.1697,-3.92401,0.761156,0.968116,0.989268,1.01715,1.19493,0.136915,-0.000612687,0,0,1
8213,3.25735,-11.5548,-0.823265,1.05176,0.993575,0.986431,0.988672,0.983038,0.23299,0.00209064,0,0,1
8214,205.823,-803.034,-3.06308,1.51355,1.00961,1.00172,0.971974,1.27817,-0.061529,0.00122896,0,0,1
8215,27.0937,97.3857,8.3438,1.12138,0.985051,1.0136,0.978965,0.9762,-0.0514836,0.000182356,0,0,1
8216,8.35453,29.8879,2.39778,1.24426,1.00419,0.993546,1.00753,1.14674,-0.136422,-3.48594e-05,0,0,1
8217,4.30867,-15.378,-1.4496,0.909658,0.989747,0.981079,0.966132,0.969679,0.267673,5.41413e-05,0,0,1
8218,4.75106,-16.9101,-1.34123,0.840227,0.987138,0.992538,1.02224,1.4759,0.204426,0.000608094,0,0,1
8219,40.1474,-147.947,-18.5423,0.68669,0.999046,0.993909,1.01677,1.071,0.0677448,-0.000649478,0,0,1
8220,4.25336,-15.2139,-1.42879,0.961616,1.03121,1.00447,1.00443,0.584094,0.264367,0.00021341,0,0,1
8221,455.581,-1710.74,-206.921,1.06022,0.972505,0.993004,0.955459,0.949257,0.0129414,-0.000171672,0,0,1
8222,59.535,-212.732,11.0204,0.932053,1.0243,0.995392,1.00897,0.866973,-0.0143514,0.000590671,0,0,1
8223,145.389,-678.132,261.477,0.830273,0.988515,0.996433,1.03155,0.923042,0.136067,-0.00216696,0,0,1
8224,10.3872,37.4584,3.83037,0.760896,1.00808,0.994546,0.992963,1.37461,-0.15334,0.000695614,0,0,1
8225,10.2492,-36.4757,-2.71887,1.06782,0.966388,0.99061,1.01599,1.31259,0.10507,6.26108e-05,0,0,1
8226,46.9676,167.55,-0.322546,1.14948,1.01224,0.991002,0.946702,1.0729,0.000618177,-0.000435186,0,0,1
8227,13.3531,49.5196,7.01923,1.0139,0.975855,0.998874,1.01419,1.22077,-0.230589,0.00242159,0,0,1
8228,9.34936,-34.0756,-4.45932,0.764378,0.981401,0.994943,1.01133,1.04607,0.242077,-0.00200569,0,0,1
8229,55.3926,-196.46,-6.03358,0.837843,0.983887,0.998466,1.01366,1.1543,0.00871238,0.000195264,0,0,1
8230,9.94747,-35.5157,-2.47411,0.810414,0.995781,0.995351,0.987332,0.963405,0.101153,0.000231655,0,0,1
8231,14.1323,-50.5519,-4.57232,1.14818,0.955744,1.00159,1.05257,1.20483,0.100148,-0.000391299,0,0,1
8232,3.85469,-13.6984,-0.998409,1.01627,1.01083,1.00497,0.996484,1.1459,0.213495,0.00144095,0,0,1
8233,23.0631,82.2886,-3.84298,1.46911,1.0034,1.01841,0.991616,0.902028,0.0300866,-0.00135647,0,0,1
8234,18.0582,65.5595,7.44202,0.597033,1.00209,1.01267,1.03466,0.648211,-0.110569,0.000804645,0,0,1
8235,6.79476,-24.1753,-1.70039,0.833252,1.00159,1.02296,1.02973,0.804632,0.135208,0.000473099,0,0,1
8236,6.92393,25.0441,2.69803,0.951484,1.02971,1.00326,1.04014,0.786133,-0.225346,0.00092974,0,0,1
8237,15.9595,56.7552,2.89479,1.09252,0.980096,0.990675,1.0086,0.917513,-0.0469649,-0.000401769,0,0,1
8238,65.1906,-235.009,-17.365,0.518605,1.03633,0.998612,0.994693,0.938919,0.0197744,-2.82971e-05,0,0,1
8239,21.2998,78.4036,9.59738,0.877034,1.02198,0.979534,0.984705,1.16765,-0.111386,0.000917972,0,0,1
8240,4.91213,17.4833,1.29475,0.602384,1.00186,1.00955,0.964563,1.0693,-0.183566,-0.000793982,0,0,1
8241,4.06813,14.5387,1.47189,1.11889,0.988279,0.988899,1.02034,0.933821,-0.300861,0.000284481,0,0,1
8242,8.66802,31.2764,3.45635,0.882377,0.996341,1.0132,1.06018,1.23212,-0.195951,0.00111162,0,0,1
8243,37.6165,-141.07,-19.4229,1.2852,0.995028,1.00807,0.984146,0.675085,0.103045,-0.00120418,0,0,1
8244,3.05445,10.866,1.05034,1.10239,0.988246,1.00591,0.986885,1.37441,-0.334751,-0.000591442,0,0,1
8245,3.72781,13.2221,1.13342,0.896435,0.969237,1.00803,0.996797,0.812429,-0.258761,-0.000608037,0,0,1
8246,12.8831,46.0083,-0.0582017,0.995471,1.05308,0.999403,1.01432,0.816213,0.00139071,-0.00161591,0,0,1
8247,4.13618,-14.6819,-0.913761,1.16318,1.01871,1.00409,1.0234,1.52412,0.17218,0.00183454,0,0,1
8248,16.3187,59.4657,6.17969,1.0596,1.05406,0.998605,0.979968,0.896519,-0.108136,0.000576205,0,0,1
8249,47.9762,-176.376,-21.7162,1.09032,0.987277,0.998829,1.04007,0.975767,0.0551083,-0.000524625,0,0,1
8250,16.8496,-60.4215,-5.0932,0.64969,0.980722,0.997707,1.01807,1.0094,0.0797788,-0.000222852,0,0,1
8251,15.6257,55.3613,0.890622,1.14293,0.975117,0.996257,1.00053,0.980152,-0.0145819,-0.000965365,0,0,1
8252,13.3011,-47.2754,-0.103313,1.04748,1.01044,0.998182,0.980904,0.970668,0.00235672,0.00144122,0,0,1
8253,5.34066,-19.0115,-1.35051,0.776768,1.00071,0.978946,0.981201,1.07242,0.168433,0.000881044,0,0,1
8254,202.515,-771.077,-55.6812,0.944257,0.99545,1.00341,0.940645,0.901658,0.0446768,-0.000638834,0,0,1
8255,450.216,-2955.57,-1244.67,0.960766,0.995488,1.01076,0.982842,0.789463,-0.023722,0.000422619,0,0,1
8256,3.54856,12.677,1.34742,0.781973,0.981847,0.985145,1.01508,0.696077,-0.346942,0.000356885,0,0,1
8257,9.34217,-33.576,-3.36219,0.803313,0.969941,0.990191,0.980746,0.949658,0.163586,-0.000725305,0,0,1
8258,8.5695,30.4965,2.28212,1.24722,0.978133,1.00821,0.973048,0.766658,-0.12049,-0.000138172,0,0,1
8259,2.39195,8.51272,0.971044,0.760882,0.993756,1.01878,1.02576,0.901616,-0.460531,-0.000157052,0,0,1
8260,19.1348,69.5264,7.47669,1.20409,1.00359,0.989343,0.997002,1.2688,-0.0987903,0.000636259,0,0,1
8261,9.08538,32.3264,1.62629,1.19464,0.999047,1.00082,1.01974,1.25601,-0.0756741,-0.000837518,0,0,1
8262,8.08125,-28.7684,-1.91034,1.338,0.98084,0.985974,1.01105,1.27502,0.113164,0.000471365,0,0,1
8263,82.8586,315.2,37.5159,0.893943,0.967395,0.990244,0.964842,1.14487,-0.0763855,0.00102782,0,0,1
8264,18.39,65.2537,-0.109981,0.585052,0.993997,1.00011,1.02792,1.09313,0.00130422,-0.00107359,0,0,1
8265,12.691,-45.0832,-0.411028,1.15864,1.01516,1.01072,1.00423,0.613102,0.0101277,0.00135896,0,0,1
8266,9.76335,-34.7346,-2.49956,0.989943,0.991055,1.02227,0.976723,1.4263,0.103356,0.000151054,0,0,1
8267,10.5421,-37.4898,-1.43321,0.881061,1.00718,1.00113,0.977522,1.01001,0.0507367,0.000982316,0,0,1
8268,7.33045,26.3002,2.51908,1.23925,0.996287,1.00041,1.00097,0.9912,-0.185957,0.000510223,0,0,1
8269,30.8568,-115.742,-16.262,0.962332,0.995027,0.998251,1.0006,0.993058,0.139966,-0.00168997,0,0,1
8270,8.67288,30.8613,1.41136,0.88389,1.01051,0.991928,0.996522,1.20494,-0.0720447,-0.00105453,0,0,1
8271,54.7686,-205.125,-27.9014,0.879969,1.00026,1.00492,1.01367,1.19228,0.0706404,-0.00082206,0,0,1
8272,4.60613,16.3841,1.1434,0.96995,1.02462,1.02289,0.974951,1.01726,-0.179245,-0.00114756,0,0,1
8273,7.33222,26.4136,2.23121,1.23327,1.04898,0.983203,1.01417,0.393279,-0.162203,-8.26378e-05,0,0,1
8274,33.1824,119.881,10.7883,0.92791,1.00767,0.986053,0.987116,1.01296,-0.0465909,0.00019079,0,0,1
8275,5.45895,19.5664,1.99333,0.722844,1.00207,1.00438,0.943476,1.27114,-0.247727,0.000639039,0,0,1
8276,10.1342,36.2913,3.1384,0.868113,0.980174,0.999405,0.992974,0.919087,-0.125917,0.000259534,0,0,1
8277,9.22761,32.9626,2.25395,1.02632,1.01893,0.986517,0.956357,0.798702,-0.105278,-0.000388523,0,0,1
8278,45.882,163.236,-5.44758,0.802997,0.976171,0.999267,1.04261,1.2129,0.0109411,-0.000606069,0,0,1
8279,233.606,894.505,90.8168,1.01469,0.981381,0.994562,0.981004,0.663866,-0.0325612,0.000452898,0,0,1
8280,9.67276,34.583,2.68339,1.0121,0.983077,0.990099,1.00143,1.2066,-0.116196,-2.20503e-05,0,0,1
8281,443.817,2308.52,-1164.29,0.958656,1.01898,0.983844,0.989157,0.55474,-0.0437098,0.000702829,0,0,1
8282,5.44992,19.4806,1.7656,1.27668,1.00849,0.997959,0.995907,1.14676,-0.215757,4.95531e-05,0,0,1
8283,4.57404,-16.3048,-1.45387,1.02783,0.988021,1.00673,1.01984,1.01723,0.237384,0.000136296,0,0,1
8284,6.8544,-24.615,-2.47003,1.0574,1.01024,0.995104,1.03436,0.987444,0.206981,-0.000619179,0,0,1
8285,5.17693,-18.4676,-1.85607,0.822082,0.968538,1.00705,0.999332,1.11182,0.250353,-0.000634718,0,0,1
8286,6.04256,21.4375,1.49026,1.20819,0.971469,0.998134,0.999152,0.856152,-0.146761,-0.000627529,0,0,1
8287,21.8073,77.7982,3.49025,1.01212,0.99864,0.993325,1.08637,1.0154,-0.0312191,-0.000361217,0,0,1
8288,10.1513,35.9294,0.491108,0.845486,0.996146,1.01401,0.994775,1.02485,-0.017925,-0.00156169,0,0,1
8289,13.295,-47.97,-5.01981,0.98654,0.981919,1.01175,1.03074,1.09467,0.129155,-0.000770634,0,0,1
8290,11.4932,41.2765,3.7245,0.914514,1.00672,1.01094,0.982349,1.03097,-0.119951,0.000358735,0,0,1
8291,4.80106,-17.046,-0.970919,0.946974,1.01125,1.00987,0.995913,0.943955,0.141129,0.0016353,0,0,1
8292,13.2148,47.1649,2.80166,1.27681,1.0115,0.986673,0.953224,0.713539,-0.0667724,-0.00037171,0,0,1
8293,33.6527,-119.661,3.76584,0.930613,0.960972,1.00121,0.98517,1.29391,-0.0142736,0.000803939,0,0,1
8294,6.14209,21.7577,1.28145,1.02233,0.981322,1.00679,0.964343,0.855086,-0.120659,-0.00101338,0,0,1
8295,12.8388,-46.2175,-3.6434,0.97432,1.0377,0.995182,0.995282,0.983252,0.0952075,-4.17302e-05,0,0,1
8296,6.48943,23.233,2.02327,1.6087,1.02455,1.00088,0.986947,1.09848,-0.180652,1.41221e-06,0,0,1
8297,5.78492,20.4579,0.443085,0.977721,0.972015,1,1.02472,1.11767,-0.0454314,-0.00248027,0,0,1
8298,36.9724,-136.354,-17.4523,0.802297,0.985178,1.00597,1.01368,0.990001,0.0765621,-0.000768643,0,0,1
8299,6.33895,22.7034,2.11164,0.675028,0.989122,0.995757,0.983538,1.22907,-0.200252,0.000343804,0,0,1
8300,17.6836,62.9456,0.807195,1.11158,1.00785,0.98635,1.01118,1.0771,-0.010658,-0.000944603,0,0,1
8301,7.44429,-26.9438,-2.89496,1.03123,1.03637,1.01041,1.00986,1.01797,0.213253,-0.000935545,0,0,1
8302,330.199,1573.94,-661.698,1.23942,1.03684,0.972294,0.99462,1.10452,-0.0659912,0.00105432,0,0,1
8303,47.3812,-171,-17.5846,1.20494,0.968471,1.02365,1.04226,0.924953,0.0389058,-0.000273509,0,0,1
8304,21.3969,-76.3366,-4.2141,1.23767,1.03212,1.01698,1.04435,1.14324,0.0397714,0.000234825,0,0,1
8305,2.27624,-8.06899,-0.723398,0.771286,1.00015,1.00614,0.989011,1.17968,0.36164,0.00238807,0,0,1
8306,28.614,-105.376,-13.3563,0.694183,0.991067,0.998521,0.992101,0.874213,0.0942966,-0.00090683,0,0,1
8307,3.83645,-13.6852,-1.28389,1.18588,1.00528,0.99942,1.01778,1.1441,0.283972,0.000296425,0,0,1
8308,26.4978,93.9921,1.8165,0.791827,0.988426,1.00654,0.993534,0.755508,-0.0106476,-0.000533883,0,0,1
8309,7.51596,26.9868,2.68796,0.941315,0.995652,0.988092,1.02623,1.07975,-0.192201,0.000636895,0,0,1
8310,8.46052,30.4581,3.16764,0.825656,0.982895,1.00215,0.946058,0.969443,-0.184826,0.00087351,0,0,1
8311,10.8749,-38.5414,-1.79061,1.16992,0.977175,0.991493,0.998512,1.02258,0.0598971,0.000737002,0,0,1
8312,40.0057,-143.933,9.61131,0.96337,1.0275,0.988538,1.01884,0.531148,-0.0280375,0.00100504,0,0,1
8313,8.75574,31.1308,1.88156,1.09161,0.984786,0.996754,1.00423,0.859093,-0.0944216,-0.000579712,0,0,1
8314,9.00213,32.3219,2.99305,0.774241,0.989215,0.991416,0.961641,0.899997,-0.152753,0.000431227,0,0,1
8315,117.956,-420.113,-19.1295,0.921515,1.00305,1.00875,1.05988,0.799904,0.00637907,5.34998e-05,0,0,1
8316,6.99882,24.9358,1.59654,1.0982,1.01256,1.00175,1.02153,0.751157,-0.121515,-0.000732381,0,0,1
8317,8.21617,29.1149,0.893233,0.777508,0.991692,0.998995,1.01267,1.26557,-0.0489446,-0.00150612,0,0,1
8318,8.08361,28.812,1.74449,1.06934,1.00083,0.988313,0.975669,0.944257,-0.102827,-0.000687431,0,0,1
8319,10.1512,-36.0692,-1.22101,1.29957,1.01352,1.01138,0.968705,0.97425,0.0459194,0.00112228,0,0,1
8320,18.0273,-64.9734,-6.34148,1.1914,0.992217,0.999906,1.00793,0.902253,0.0911864,-0.000475472,0,0,1
8321,41.0278,-147.178,-11.1331,1.22589,0.991193,0.997993,1.03628,1.36097,0.0310876,-5.95773e-05,0,0,1
8322,10.1584,36.303,2.58422,0.810904,1.00651,1.0078,1.0751,0.911989,-0.100787,-0.000186537,0,0,1
8323,3.63974,-13.0435,-1.52565,1.05652,0.98069,0.991895,0.999058,0.533844,0.383998,-0.00116039,0,0,1
8324,9.31559,-33.4923,-3.34807,0.825867,1.00505,0.998253,1.06362,1.36102,0.162991,-0.000657833,0,0,1
8325,5.34582,19.0384,1.44819,0.795782,1.00042,1.01269,1.05073,0.990232,-0.177483,-0.000558285,0,0,1
8326,9.53239,-33.7598,-1.48866,0.80597,0.987873,1.00782,1.02984,1.07209,0.0627942,0.000913904,0,0,1
8327,724.129,-2866.95,319.162,1.14635,0.996859,0.980513,0.939107,0.808544,0.0231004,-0.000355431,0,0,1
8328,2.13115,7.58852,0.900676,1.15562,0.980831,0.987342,1.0293,0.605423,-0.514822,-0.000486888,0,0,1
8329,75.1174,267.751,1.1903,0.651635,0.953643,0.987767,1.01986,0.857767,-0.00085595,-0.000235138,0,0,1
8330,13.0512,-46.2858,1.22015,0.698662,0.972522,0.993872,0.978025,0.880119,-0.0285973,0.00196094,0,0,1
8331,326.393,-1416.86,-399.305,0.954975,1.01063,0.999803,1.02892,0.967634,-0.0606548,0.001161,0,0,1
8332,7.77931,-27.6369,-1.05661,0.868801,1.00987,1.00223,0.999418,0.717784,0.0651156,0.0013988,0,0,1
8333,9.51607,34.4956,4.10848,0.923511,0.992701,0.997237,1.03553,1.07069,-0.203397,0.00139045,0,0,1
8334,11.934,-42.3927,-1.91502,1.34678,0.945222,0.986082,1.0155,1.30108,0.0536631,0.000641099,0,0,1
8335,5.26472,-18.8801,-1.96685,1.14586,0.98852,0.993839,1.03619,0.715531,0.263223,-0.000766391,0,0,1
8336,17.331,64.6392,8.99765,1.16297,1.02371,1.00922,1.00153,1.18396,-0.174446,0.00178244,0,0,1
8337,7.7967,27.7017,0.243813,1.06068,1.01003,0.981842,1.00453,0.877484,-0.0148762,-0.00232694,0,0,1
8338,5.44775,-19.6644,-2.09104,1.27572,1.01778,0.97756,0.990084,1.23622,0.2657,-0.000747964,0,0,1
8339,5.277,18.6936,0.917502,1.2694,0.993294,1.00302,0.986725,1.103,-0.111949,-0.00172914,0,0,1
8340,5.62282,19.9322,1.03059,0.965426,0.969196,1.01191,0.979161,1.11205,-0.112339,-0.00136701,0,0,1
8341,14.4212,51.3219,2.9442,0.682114,0.98527,1.00088,1.00462,0.792301,-0.0579928,-0.000331737,0,0,1
8342,8.96531,31.8053,1.34326,1.19058,0.994463,1.00626,1.0816,1.21764,-0.063022,-0.00105455,0,0,1
8343,5.0297,-17.9397,-1.5235,1.01154,0.97826,0.979974,1.01731,1.04592,0.21372,0.000256748,0,0,1
8344,5.43386,-19.4613,-1.94821,1.23465,0.999284,0.998663,0.974218,0.646213,0.244418,-0.000550883,0,0,1
8345,7.2098,25.6779,2.08757,0.800726,0.95792,0.999657,0.999843,0.800931,-0.153168,2.68971e-05,0,0,1
8346,124.994,-475.037,-53.3497,1.14401,1.01332,0.99244,1.00065,0.88343,0.0563848,-0.000768077,0,0,1
8347,17.513,-62.6572,-4.14096,1.23503,1.01901,0.986135,1.05894,0.910304,0.0590129,0.000142839,0,0,1
8348,165.168,1663.43,-582.934,0.951824,0.965942,1.00297,1.00636,0.887482,-0.0639646,0.0011014,0,0,1
8349,8.46253,-30.1932,-2.20065,0.861992,0.993514,1.00069,0.998825,0.931374,0.120575,0.000224519,0,0,1
8350,26.0871,93.2935,5.4803,0.964524,1.02392,1.00798,0.970118,1.14895,-0.0351106,-0.000153122,0,0,1
8351,5.87171,-20.8949,-1.33366,1.06443,1.00414,0.992944,1.03051,0.966995,0.139275,0.000981526,0,0,1
8352,9.87461,35.3005,2.45069,1.24253,1.03644,1.01183,1.00421,0.900925,-0.0999375,-0.000302411,0,0,1
8353,7.08541,-25.1388,-0.406154,0.971832,1.01473,1.00865,0.966326,1.2913,0.0291853,0.00225206,0,0,1
8354,16.8059,-60.1838,-4.5047,1.18559,1.00684,1.01267,1.01981,0.894459,0.0694546,-3.96235e-05,0,0,1
8355,7.32863,-26.005,-0.918011,1.21573,1.00041,0.998652,0.930025,0.750222,0.0627107,0.00158148,0,0,1
8356,16.3937,-58.3852,-2.65269,1.11583,0.997811,0.991871,1.01336,0.829465,0.0415622,0.000481981,0,0,1
8357,4.24429,15.1001,1.14731,1.03537,1.0163,1.01974,1.00189,0.978681,-0.208211,-0.00100117,0,0,1
8358,9.89685,35.0911,-0.416707,1.41336,0.994476,1.00033,1.09049,0.748894,0.0160652,-0.00223425,0,0,1
8359,9.34369,-33.7466,-3.75436,0.940823,1.00629,1.00575,1.01504,0.659099,0.186708,-0.00107417,0,0,1
8360,2.9079,10.3425,1.01068,0.840423,0.987847,1.00113,1.04471,1.00033,-0.349507,-0.000703149,0,0,1
8361,63.6151,242.275,28.8001,0.734181,0.985865,0.990469,0.984257,0.893405,-0.102271,0.00137797,0,0,1
8362,370.648,-1427.46,-11.79,1.09988,0.964078,0.979919,1.04163,0.985532,0.0319999,-0.000475255,0,0,1
8363,3.02493,10.7714,1.03211,1.1273,1.00558,1.0023,1.006,1.2604,-0.334171,-0.00080552,0,0,1
8364,5.90833,-21.2036,-2.14934,1.35473,1.0166,1.0041,1.04091,0.835649,0.232029,-0.000598796,0,0,1
8365,13.1342,-47.5734,-5.11703,1.08369,1.02193,1.01529,1.03685,1.31099,0.135289,-0.000804792,0,0,1
8366,258.803,1469.36,155.845,1.11771,0.96276,0.993086,0.999687,1.20135,-0.0441276,0.000737516,0,0,1
8367,39.5884,142.74,11.4587,1.17783,1.02668,1.00454,0.989184,0.923704,-0.0337941,7.52907e-05,0,0,1
8368,12.2702,44.1286,3.62527,0.855445,1.03016,0.999091,0.993596,0.765438,-0.102148,0.000105492,0,0,1
8369,9.6573,-34.2201,-0.7704,1.06594,1.00142,1.00733,1.04382,0.964086,0.0314285,0.00145455,0,0,1
8370,48.8867,174.664,7.18594,1.00812,1.00107,1.00347,1.00799,0.711582,-0.0129723,-0.000172594,0,0,1
8371,5.12936,-18.2143,-1.42906,1.06776,0.975574,0.996025,0.989873,1.14438,0.189805,0.000488752,0,0,1
8372,38.8284,-145.293,-20.3326,0.755609,1.02474,0.999462,0.984535,0.922197,0.0996417,-0.00114208,0,0,1
8373,29.4921,107.859,11.8986,0.969215,1.03419,0.995877,1.02786,1.18756,-0.0695884,0.000491547,0,0,1
8374,6.76928,24.147,1.77643,1.50044,1.00813,0.990728,1.03042,0.906008,-0.145797,-0.00044861,0,0,1
8375,21.9859,-81.3377,-10.4945,0.643247,1.01241,0.975362,0.939468,0.993259,0.122054,-0.00112488,0,0,1
8376,32.6897,-122.58,-17.2054,0.667356,1.00769,1.01231,1.01256,1.01222,0.129812,-0.00156123,0,0,1
8377,15.4233,-56.0964,-6.31246,1.07239,1.00345,0.991,1.01013,0.741677,0.128522,-0.000889283,0,0,1
8378,57.8743,209.665,-19.7133,1.10894,1.00599,1.01101,0.948876,1.02288,0.028276,-0.000839321,0,0,1
8379,7.63901,-27.1586,-2.01639,1.16665,0.97198,0.995783,0.967877,1.01784,0.132355,0.000229375,0,0,1
8380,6.74433,-23.9017,-0.993822,0.96736,0.959883,1.00184,1.0241,1.53869,0.0784434,0.00140584,0,0,1
8381,6.25681,-22.4284,-2.2115,0.968046,1.01095,1.01732,0.997363,1.01087,0.215457,-0.000576242,0,0,1
8382,215.224,825.262,56.484,1.17365,0.998806,1.00367,1.01117,1.05713,-0.0441889,0.00063592,0,0,1
8383,28.8703,-102.668,-5.40505,1.0364,0.981003,0.99822,0.940352,0.857279,0.0283297,0.000175236,0,0,1
8384,6.67513,23.831,2.21532,1.05386,0.970185,1.00252,1.00503,0.965901,-0.189441,0.000399608,0,0,1
8385,9.12468,32.5025,1.50846,0.93979,1.02553,0.98735,0.986782,1.22743,-0.0701632,-0.00101827,0,0,1
8386,23.2039,-86.6529,-12.1938,0.926937,1.01325,0.996968,0.965059,0.640876,0.153391,-0.00170058,0,0,1
8387,47.3761,173.323,18.8723,0.990737,1.01817,0.997883,1.00429,0.836171,-0.0437558,0.000320762,0,0,1
8388,5.87667,-21.0624,-2.11932,1.15966,1.00118,0.999901,1.00956,1.14669,0.232584,-0.000620589,0,0,1
8389,20.8657,74.3019,-0.401153,1.02848,1.01436,0.986269,0.948903,0.808193,0.00384083,-0.00103076,0,0,1
8390,13.1961,46.7901,0.681002,0.535028,0.977695,1.01349,0.998575,1.29573,-0.0151886,-0.001149,0,0,1
8391,7.70019,-27.4185,-2.28493,1.07291,0.967092,1.0042,1.00019,0.895074,0.149581,-0.000119082,0,0,1
8392,5.34601,19.0955,1.65768,1.06287,1.00416,1.00509,0.981377,1.49483,-0.207823,-0.000101627,0,0,1
8393,3.20937,-11.4259,-1.11084,1.12912,0.992028,1.00056,1.02745,0.508829,0.329617,0.000446379,0,0,1
8394,5.84155,20.6539,0.376859,0.951306,0.989152,1.00486,1.0221,1.07822,-0.0377451,-0.00261871,0,0,1
8395,5.30872,18.8548,1.2461,1.04061,0.987505,0.998799,0.952418,1.48169,-0.15318,-0.00100913,0,0,1
8396,25.3749,90.7731,5.3243,0.729727,0.999618,0.994456,1.06152,1.2542,-0.036208,-0.000150776,0,0,1
8397,6.77862,-24.0658,-1.0769,0.750829,1.0091,1.01215,1.0002,0.968091,0.0845982,0.00139817,0,0,1
8398,5.89691,-21.2973,-2.55523,0.957238,0.999166,0.993321,1.05096,0.942109,0.291034,-0.00157615,0,0,1
8399,6.21913,-22.2222,-1.97561,0.964853,0.986994,1.00426,0.9936,0.878705,0.191138,-0.00017658,0,0,1
8400,15.4533,55.3923,4.27948,0.856563,0.995043,1.00064,0.97574,0.878638,-0.0773867,6.87344e-05,0,0,1
8401,11.5314,41.9544,4.80596,0.933218,1.0136,1.00109,0.971188,0.838954,-0.16606,0.00109557,0,0,1
8402,16.6484,60.9336,7.31287,1.45706,1.00739,0.999076,0.962928,0.891377,-0.13307,0.00106274,0,0,1
8403,132.379,500.261,68.4043,0.93016,0.99435,1.01558,0.986519,1.07605,-0.0348936,0.000434519,0,0,1
8404,17.223,61.5475,4.32872,1.16906,0.968312,0.975876,0.98842,1.01211,-0.0631574,-4.93356e-05,0,0,1
8405,53.4634,191.863,9.33606,0.96598,1.0344,0.993274,1.01636,0.841891,-0.014508,-0.000129792,0,0,1
8406,7.85232,28.1143,2.78722,0.918092,0.949199,1.00508,1.03345,0.980249,-0.181973,0.000752689,0,0,1
8407,14.4361,-51.3482,-1.50168,0.987588,1.01668,1.00112,0.976758,1.1277,0.0295422,0.000858178,0,0,1
8408,6.44515,22.9816,1.67388,0.912795,1.01435,0.990305,1.00032,0.955803,-0.149355,-0.000556385,0,0,1
8409,6.032,21.3609,1.12433,0.650546,0.976913,1.01237,1.00932,1.01885,-0.10851,-0.00123543,0,0,1
8410,69.8643,-258.156,32.1318,1.04291,1.01041,1.0192,1.0919,0.987453,-0.0394395,0.000988363,0,0,1
8411,5.71835,20.342,1.11438,0.985373,1.01961,0.984334,0.989711,1.20069,-0.12035,-0.0014834,0,0,1
8412,7.84141,28.0437,2.26037,1.15213,1.00378,0.996936,0.993172,1.03771,-0.144016,-4.84949e-05,0,0,1
8413,13.9904,50.6354,5.58952,0.931018,0.990072,1.00695,0.945937,0.907862,-0.133299,0.000887331,0,0,1
8414,3.49593,12.397,0.962558,0.726409,0.981703,0.992952,0.97815,1.09928,-0.242637,-0.0013959,0,0,1
8415,23.2669,-82.7256,-0.0423602,0.953043,1.01656,1.0114,0.975752,0.939961,0.000332397,0.000831683,0,0,1
8416,137.983,1427.84,-448.703,0.821319,1.01627,1.01116,0.98499,0.791049,-0.0804704,0.00138857,0,0,1
8417,214.232,-785.309,96.0321,0.698562,0.981032,1.01111,1.0714,1.39086,-0.0127452,0.000318543,0,0,1
8418,1001.18,3764.23,-1196.8,1.0104,1.02583,0.994004,1.00272,1.15846,-0.0102247,0.000169596,0,0,1
8419,7.30357,25.9969,1.94556,1.15406,0.982818,1.00305,1.01725,0.993265,-0.137566,-0.000260265,0,0,1
8420,13.7144,-49.642,-5.47536,1.32939,0.997354,0.993384,1.03016,1.06064,0.136304,-0.000875691,0,0,1
8421,17.5447,63.8408,7.62917,1.00389,0.972605,0.984243,0.965432,1.13296,-0.125542,0.00101248,0,0,1
8422,5.0375,-17.9001,-1.18847,0.988804,0.984363,0.984479,1.01626,1.06491,0.161947,0.00111944,0,0,1
8423,66.4349,-238.89,-21.1197,0.955952,0.977284,1.01154,1.00028,0.714448,0.0231858,-0.000112702,0,0,1
8424,2.92531,10.4232,1.00321,0.932119,1.02468,0.995312,0.975785,1.32148,-0.340319,-0.00111931,0,0,1
8425,428.394,-1653.36,-0.427849,0.943639,0.986083,0.993419,1.04466,0.5073,0.028525,-0.000425019,0,0,1
8426,74.5015,-264.152,8.37112,1.08918,0.979006,1.00809,1.02109,0.874669,-0.00671036,0.000370563,0,0,1
8427,13.2806,47.318,2.76739,0.992889,0.998387,1.01323,0.950041,1.04681,-0.0635285,-0.000347047,0,0,1
8428,23.7673,-87.6149,-11.4312,0.936494,0.987294,1.00835,1.07135,0.947114,0.117472,-0.00116825,0,0,1
8429,4.3912,15.5781,1.21292,1.06154,0.975731,0.995118,1.02294,0.541412,-0.209339,-0.000790328,0,0,1
8430,14.0031,-49.8819,-2.80686,1.27517,1.00741,1.02035,1.00103,0.873757,0.0585988,0.000356748,0,0,1
8431,27.1376,98.0224,8.25161,1.0974,1.02335,0.992122,0.961885,0.927756,-0.0520287,0.000145459,0,0,1
8432,11.3876,40.3716,0.221645,0.937296,0.969698,1.00166,0.962381,1.12948,-0.00654688,-0.00153533,0,0,1
8433,6.45324,-22.9959,-1.56806,0.892483,1.01057,0.993828,1.02811,0.928531,0.139243,0.000695083,0,0,1
8434,6.15139,-22.0045,-1.86549,1.13094,1.01896,0.991343,0.978373,1.16682,0.183428,0.000141427,0,0,1
8435,42.9562,155.7,14.8363,1.33396,1.0274,1.01843,1.02076,1.13599,-0.0385171,0.000200276,0,0,1
8436,3.0722,-10.9406,-1.09702,0.667498,0.998323,0.99939,0.971936,1.04206,0.350414,0.000421355,0,0,1
8437,10.9478,-39.4329,-4.04956,0.650569,1.00092,0.999062,1.00827,0.963776,0.148409,-0.000732035,0,0,1
8438,4.84933,17.2276,1.06225,0.759602,0.987653,0.984869,1.02601,1.10442,-0.153388,-0.00142514,0,0,1
8439,27.1651,97.1585,2.55833,0.999199,1.03911,0.987016,1.00945,1.12807,-0.0149047,-0.000499018,0,0,1
8440,13.2176,-47.4148,-4.24424,0.526872,0.974072,0.992022,1.0123,1.01627,0.106308,-0.000358359,0,0,1
8441,13.2292,48.017,5.6389,0.950403,0.977827,1.00315,0.937548,0.842505,-0.154278,0.00116728,0,0,1
8442,12.1983,-43.3571,-1.43646,0.823465,1.00375,0.999144,0.979545,1.22788,0.0386432,0.000936321,0,0,1
8443,9.132,32.7354,2.86578,0.805185,1.00316,1.00797,0.979683,1.02783,-0.139865,0.000262902,0,0,1
8444,6.47215,-23.2751,-2.13444,0.961678,1.03224,0.996861,0.973508,1.00918,0.194596,-0.000188017,0,0,1
8445,3.69163,13.1439,1.1975,1.08853,0.990334,1.00541,0.975774,1.20243,-0.279673,-0.000446237,0,0,1
8446,4.96018,17.6047,1.12285,0.887777,0.947915,1.00324,1.03019,1.08432,-0.153889,-0.00105904,0,0,1
8447,43.1549,-157.307,-16.5295,0.957491,1.0107,0.980126,1.00057,0.865283,0.0468533,-0.000325268,0,0,1
8448,12.8437,-46.18,-4.38051,0.971725,0.997633,0.996701,0.991004,1.14645,0.117765,-0.000480766,0,0,1
8449,73.7684,-280.264,-31.5551,0.913736,1.01242,0.982658,1.0381,0.845194,0.0986554,-0.00134812,0,0,1
8450,27.3326,-98.0052,-7.44005,0.87422,0.994475,0.992004,0.987832,0.835525,0.0460035,-6.98352e-05,0,0,1
8451,10.4831,37.7443,3.85878,0.942769,0.975561,1.00238,1.02206,0.998621,-0.151654,0.000763576,0,0,1
8452,4.45484,-15.8266,-1.34641,1.17621,0.977837,0.999871,1.0098,0.876702,0.22894,0.000383597,0,0,1
8453,23.2187,-84.2072,-8.59997,0.850231,1.00911,0.990406,0.985062,1.47134,0.0781448,-0.000467564,0,0,1
8454,122.638,-445.207,-43.4787,1.11132,1.02003,1.00102,0.978838,1.22946,0.0152015,-9.63742e-05,0,0,1
8455,4.86325,-17.3692,-1.56291,1.29937,0.989835,0.990675,1.02477,0.822476,0.233111,5.54464e-05,0,0,1
8456,22.2767,79.8254,5.7952,0.999587,0.987663,0.997837,1.01593,1.32894,-0.0514696,1.48561e-05,0,0,1
8457,27.3582,100.34,11.2919,1.26265,1.04023,0.991164,1.01426,0.826983,-0.0769409,0.000553293,0,0,1
8458,17.636,-64.3706,-7.60312,0.866763,0.989618,0.979561,0.998656,1.22821,0.124945,-0.000983383,0,0,1
8459,8.40127,29.9507,1.84837,0.926519,1.02461,0.996211,1.01391,0.998534,-0.101065,-0.000655855,0,0,1
8460,15.4852,55.1157,1.28992,1.22908,1.01614,0.996745,1.03392,1.07135,-0.0219479,-0.000902734,0,0,1
8461,7.33556,26.0537,1.04398,1.09803,0.991303,0.984902,0.99457,0.900647,-0.0716057,-0.00145183,0,0,1
8462,4.28118,15.2184,1.0572,1.09792,1.00675,0.993741,1.01154,0.988774,-0.189946,-0.0013829,0,0,1
8463,16.3937,59.6675,6.3839,0.955471,1.00988,0.978856,0.949962,0.922439,-0.114207,0.000699886,0,0,1
8464,5.50897,-19.6009,-1.64691,1.20168,0.97657,0.999655,1.00549,1.06519,0.194596,0.000140735,0,0,1
8465,10.954,-39.3694,-3.30324,1.08573,1.0336,1.00584,1.01526,1.09102,0.115282,-0.000141943,0,0,1
8466,17.9425,-64.0491,-3.84468,1.20495,0.998384,1.00109,1.00433,1.53937,0.0512805,0.000201768,0,0,1
8467,5.74467,-20.439,-1.54282,1.09926,0.981119,0.99394,0.971525,1.09161,0.168154,0.000483551,0,0,1
8468,13.4764,-48.5812,-4.21999,0.830716,1.0325,1.00069,0.943885,1.20619,0.101784,-0.000243388,0,0,1
8469,10.8396,-39.0047,-3.76601,1.06051,1.01398,0.999034,0.997041,0.766601,0.137872,-0.000516964,0,0,1
8470,14.1894,-50.382,-1.5698,0.984838,0.988932,0.985935,0.987013,0.693397,0.0318748,0.000831251,0,0,1
8471,4.93084,17.5125,1.4695,0.553646,0.97153,1.00124,0.96576,1.11634,-0.209588,-0.000263201,0,0,1
8472,12.3255,-43.6473,1.16335,1.09675,0.94213,1.01507,0.981951,0.889935,-0.0292555,0.00196167,0,0,1
8473,3.87253,13.846,1.45719,1.13869,0.987623,0.991649,0.988928,0.857934,-0.32469,0.000459901,0,0,1
8474,7.02085,-25.204,-2.48786,1.07495,1.00818,1.02257,0.970387,1.14183,0.197899,-0.000641503,0,0,1
8475,268.709,1645.15,-306.775,0.873032,0.950033,1.00642,1.07136,1.0956,0.0497137,-0.000903459,0,0,1
8476,173.805,-948.19,88.0263,1.03655,1.00918,1.00023,0.961457,0.999681,-0.067243,0.00122376,0,0,1
8477,12.2475,43.4067,0.889044,1.20738,0.981689,0.985015,1.0406,1.06036,-0.0233089,-0.00118658,0,0,1
8478,6.07215,21.6526,1.40991,0.861341,1.03695,1.00354,1.00576,0.95148,-0.137108,-0.000966021,0,0,1
8479,5.43114,19.3277,1.22761,1.08188,1.00061,0.999843,1.01052,1.12805,-0.145354,-0.00110276,0,0,1
8480,4.90036,17.4951,1.57098,0.99528,1.00674,0.997926,1.04235,0.843124,-0.229946,-0.000109679,0,0,1
8481,4.41847,-15.8332,-1.3084,1.00031,1.04237,0.989124,1.03915,0.863035,0.226141,0.00081546,0,0,1
8482,2.08535,-7.38352,-0.708284,1.09486,0.998793,0.999827,1.00893,0.694024,0.407566,0.00248504,0,0,1
8483,16.2861,-57.7316,-2.0482,0.528502,0.966188,0.991466,0.993509,1.0712,0.031836,0.000615845,0,0,1
8484,33.5232,-121.461,-12.2021,0.472823,1.00537,0.991735,1.02382,1.04098,0.0542589,-0.000329828,0,0,1
8485,2.25788,8.00278,0.773248,0.814646,1.00801,0.995231,1.01421,1.21795,-0.393835,-0.00212877,0,0,1
8486,5.79865,-20.7968,-2.13954,0.357789,0.983486,0.980384,0.962296,0.78774,0.243903,-0.000736839,0,0,1
8487,21.9304,80.4986,9.7685,1.1903,1.01313,0.995207,1.03443,1.12249,-0.107317,0.000902544,0,0,1
8488,7.32049,26.3354,2.75279,1.1446,1.00132,1.01026,0.9878,1.11734,-0.206741,0.000872485,0,0,1
8489,5.51075,-19.6508,-1.69428,1.01803,0.990171,1.01117,1.00449,1.26616,0.200137,4.33115e-05,0,0,1
8490,429.275,2791.87,-1804.96,1.30639,1.03285,0.986694,0.997992,0.748097,-0.0311366,0.000506348,0,0,1
8491,14.6204,-52.8899,-5.34958,0.816551,1.01307,0.992718,0.950663,0.924787,0.115253,-0.000592052,0,0,1
8492,10.8356,-38.6685,-2.55947,1.09631,1.01507,1.02719,1.0364,0.882962,0.0872925,0.000264966,0,0,1
8493,32.9154,-118.222,-9.56942,1.07061,0.994419,1.00444,1.014,1.00881,0.0413613,-0.000120829,0,0,1
8494,4.0818,14.525,1.28019,0.973105,0.980893,0.995078,1.00768,1.22796,-0.253271,-0.000411992,0,0,1
8495,4.04902,14.4909,1.36087,1.02921,1.02688,0.994867,1.01962,0.68499,-0.273579,-0.000336816,0,0,1
8496,15.9893,-57.4642,-5.12639,1.12715,0.982922,0.991402,0.960366,1.2089,0.0905797,-0.00033016,0,0,1
8497,18.7251,-66.3057,-1.57952,0.977071,0.968078,0.981337,0.937204,1.01889,0.0188241,0.000704125,0,0,1
8498,14.4218,51.5434,3.23042,0.946097,1.00796,1.00343,0.989362,0.83186,-0.0649716,-0.000240654,0,0,1
8499,5.37792,19.2214,1.73222,1.01329,1.00029,0.996006,0.996526,0.963069,-0.216968,4.22725e-05,0,0,1
8500,150.443,743.139,42.2216,0.991699,0.991761,0.988784,0.991156,0.991282,0.0670605,-0.00122287,0,0,1
8501,4.66547,-16.5092,-0.923499,1.16988,0.989412,1.00496,1.00467,1.36988,0.140268,0.0017002,0,0,1
8502,7.65344,27.297,2.21855,0.968171,0.98514,1.00988,0.898971,0.858081,-0.145245,3.02628e-06,0,0,1
8503,16.9531,60.5317,4.69386,1.45685,0.95828,0.985327,0.992291,0.898613,-0.0707756,8.77655e-05,0,0,1
8504,9.61292,-34.4921,-3.24373,1.34565,0.989012,1.01405,0.995897,0.901005,0.145711,-0.000508894,0,0,1
8505,13.7513,-48.6632,-0.972608,1.01251,0.969498,0.97673,0.987489,1.19504,0.0208417,0.00105302,0,0,1
8506,10.4237,36.9619,-0.287266,1.33232,0.996221,1.00122,0.955452,1.3365,0.0100385,-0.00203135,0,0,1
8507,6.76839,-24.0145,-0.793436,0.850103,1.00301,0.999228,1.07817,1.08224,0.0624474,0.001812,0,0,1
8508,21.4742,77.5114,7.51369,1.43263,0.986642,0.999188,0.990601,0.801905,-0.076608,0.0004048,0,0,1
8509,7.06534,25.3749,2.57145,0.733834,0.988918,1.00952,0.992962,1.02231,-0.203879,0.000762638,0,0,1
8510,13.8751,49.4903,2.48895,0.961247,1.02386,0.991744,0.998612,1.07494,-0.0533202,-0.000535193,0,0,1
8511,848.373,-3602.07,-1039.55,0.67877,1.02169,0.991456,1.06753,0.664218,-0.0236997,0.000453297,0,0,1
8512,40.0763,143.855,10.2576,1.07369,1.00717,0.992818,0.992304,1.03176,-0.029183,5.5536e-06,0,0,1
8513,23.953,-87.1539,-9.25917,0.858552,1.02033,1.00364,1.03427,0.823748,0.0803286,-0.000534589,0,0,1
8514,8.37891,29.872,2.08246,0.942741,0.994249,1.00553,0.976831,1.16513,-0.114523,-0.00033527,0,0,1
8515,8.4862,-30.1539,-0.870219,1.05387,1.02009,1.01315,0.97018,0.975116,0.0453346,0.00151665,0,0,1
8516,25.8402,-92.5314,-6.54268,0.977054,1.00036,1.00127,1.03536,0.832311,0.0443399,-6.15562e-06,0,0,1
8517,19.2162,-69.3591,5.95636,0.918042,0.993324,1.00231,1.01734,0.907932,-0.0730897,0.0023059,0,0,1
8518,26.0828,-92.8302,2.37081,0.663927,0.99419,0.987884,0.954001,1.32135,-0.0150457,0.00101779,0,0,1
8519,18.8957,-67.0413,1.93307,0.930034,0.983329,0.996158,0.934833,0.894109,-0.0224636,0.00141119,0,0,1
8520,6.361,-22.6903,-1.7222,0.793802,0.999583,0.999536,1.04852,0.71923,0.157992,0.000367914,0,0,1
8521,537.14,1945.41,72.2918,1.19105,0.998131,1.00925,0.968079,0.921125,-0.000843308,-2.06991e-05,0,0,1
8522,24.5166,-87.3716,-3.69934,0.755677,1.00578,0.993427,0.952101,0.744917,0.0268858,0.000342128,0,0,1
8523,20.6325,74.4688,7.24146,1.35856,0.974061,0.993234,0.985854,1.16196,-0.0797612,0.000426382,0,0,1
8524,5.03989,-17.9163,-1.47666,1.08955,0.982796,1.0067,1.01964,0.959154,0.202276,0.000320305,0,0,1
8525,16.3465,58.0912,-1.5208,0.909624,0.968546,1.00037,0.984545,0.837882,0.0228494,-0.00155018,0,0,1
8526,37.5141,-139.33,17.9453,0.465899,1.00861,0.998802,0.986455,1.50349,-0.075984,0.00189964,0,0,1
8527,163.764,-615.43,82.5937,0.770745,0.99816,0.980638,1.04617,1.11246,-0.0278825,0.000632651,0,0,1
8528,8.94546,-32.2348,-3.46977,0.916395,0.996439,1.00195,0.958499,0.992878,0.185705,-0.000977397,0,0,1
8529,9.54614,33.7922,0.624914,1.26087,0.993927,1.00604,1.01963,1.19284,-0.0257403,-0.00156315,0,0,1
8530,88.0283,-702.636,-268.979,0.830012,0.985561,1.00516,0.999085,0.512373,-0.121459,0.00215298,0,0,1
8531,5.03349,-17.87,-0.85344,1.05795,1.02419,0.992255,0.98714,1.11037,0.114289,0.00204463,0,0,1
8532,5.45245,-19.6549,-1.97319,1.04634,1.0508,1.01527,1.00262,0.902644,0.2435,-0.000450334,0,0,1
8533,7.36906,26.6858,2.85979,0.906801,1.02398,0.987943,0.997834,1.08271,-0.216059,0.000907564,0,0,1
8534,5.2407,18.788,1.88827,0.683539,1.01229,0.996349,0.988159,1.28973,-0.249992,0.000454772,0,0,1
8535,3.69163,13.2014,1.41996,0.604868,1.01089,1.00079,1.03034,0.986708,-0.339159,0.000396639,0,0,1
8536,3.0157,10.718,0.941162,1.15931,1.02837,1.00923,0.956354,1.16562,-0.301205,-0.00146603,0,0,1
8537,19.7132,70.0777,-2.32667,1.11114,0.98774,1.00104,0.987614,0.786456,0.0245402,-0.00140391,0,0,1
8538,5.51038,-19.649,-1.58051,1.24115,0.999896,0.984737,1.04819,1.35339,0.188541,0.000398175,0,0,1
8539,9.64487,34.7272,3.53814,1.00053,0.984062,1.00854,1.00965,1.04711,-0.161373,0.000770555,0,0,1
8540,12.5498,45.5604,4.77494,0.989328,1.0294,1.00384,0.983048,1.45141,-0.137046,0.000733117,0,0,1
8541,11.4627,-40.9232,-2.6028,1.07367,1.02237,0.99099,0.98649,1.24416,0.0814755,0.000361695,0,0,1
8542,14.367,-51.8799,-5.38706,0.836845,1.01136,1.00803,0.974534,0.814828,0.119425,-0.000666957,0,0,1
8543,341.288,1790.96,906.874,1.17831,0.985266,1.00717,0.974895,0.972984,0.0521653,-0.000982114,0,0,1
8544,12.9366,46.2772,2.7068,1.1258,1.03667,0.998566,0.929421,0.709618,-0.0665683,-0.000420508,0,0,1
8545,7.76072,-27.7806,-2.33698,0.778622,1.02806,1.01044,0.97017,0.78975,0.151334,-3.3414e-05,0,0,1
8546,7.63779,-27.422,-2.17953,0.988612,1.0453,1.00622,0.997469,0.835816,0.145181,0.000167029,0,0,1
8547,3.75295,13.3775,1.18006,1.21657,1.01876,0.999031,0.990295,0.948549,-0.266841,-0.000766748,0,0,1
8548,33.1152,118.884,8.60716,1.0935,1.00048,0.999489,0.999032,0.669044,-0.0355773,2.00738e-05,0,0,1
8549,9.68333,34.4085,2.17851,0.825994,0.982095,1.00579,0.969766,0.546846,-0.09063,-0.000404925,0,0,1
8550,4.72926,16.8229,1.19586,1.16894,1.00567,1.01223,0.990509,1.2246,-0.18008,-0.00100477,0,0,1
8551,6.52746,-23.3267,-2.14913,1.20111,0.980548,1.00344,1.02061,1.2542,0.191991,-0.00034983,0,0,1
8552,58.3619,220.671,30.499,1.14994,1.03388,1.00399,0.988907,0.965603,-0.0856811,0.00107235,0,0,1
8553,15.629,-55.7576,-3.59616,0.879126,0.985287,0.993553,0.978927,1.05955,0.0626067,0.000164747,0,0,1
8554,9.6536,34.4071,1.95226,0.694248,1.0022,0.997881,0.988749,1.09348,-0.0823621,-0.000614058,0,0,1
8555,47.0111,169.471,-13.7934,0.859187,0.991932,1.01727,1.04015,1.04152,0.0284755,-0.000908694,0,0,1
8556,5.19721,-18.4131,-1.2188,1.05277,0.966881,1.00246,0.992976,1.03756,0.155991,0.000939844,0,0,1
8557,8.91195,-31.7862,-2.11111,0.966892,1.00811,0.996133,0.971669,1.0854,0.105162,0.000415074,0,0,1
8558,10.0739,-36.4898,-4.30526,0.984411,0.974598,1.01409,0.945554,0.756561,0.192988,-0.0014036,0,0,1
8559,21.3383,77.9079,9.48513,1.16193,0.995192,1.01465,0.976352,1.0625,-0.107445,0.00091785,0,0,1
8560,3.7031,-13.1685,-1.26586,1.06348,0.969756,0.99052,0.97337,0.809865,0.297957,0.000119295,0,0,1
8561,3.27957,11.6337,0.818852,0.864193,1.01839,1.00315,1.00754,0.897168,-0.226987,-0.00216721,0,0,1
8562,25.3759,91.7021,9.10792,1.12871,0.988995,0.982045,1.03364,1.02145,-0.0682557,0.000380851,0,0,1
8563,5.92416,21.0495,1.59029,0.738291,0.97782,1.02219,1.00661,1.06168,-0.161731,-0.000356221,0,0,1
8564,4.96751,17.759,1.69037,0.86099,0.990046,1.00464,0.981352,1.40449,-0.243067,0.000264199,0,0,1
8565,7.7929,-27.7824,-2.2556,0.857488,0.985411,1.0095,1.0667,0.960206,0.143637,-1.74776e-05,0,0,1
8566,39.9391,-142.099,7.27413,1.35712,0.980172,1.00541,0.979593,1.00462,-0.0201057,0.000829019,0,0,1
8567,7.70192,27.4403,1.48441,1.43041,1.03909,1.00645,0.999154,0.908255,-0.0935808,-0.00099908,0,0,1
8568,6.58121,-23.4243,-1.44778,1.48624,1.01403,1.00173,1.06086,0.824988,0.12297,0.00088966,0,0,1
8569,11.5287,-41.1352,-2.6356,1.12035,0.99106,0.988852,0.992587,1.09356,0.0817239,0.000299072,0,0,1
8570,4.84,17.145,1.1664,1.20838,0.96722,0.990044,0.974725,1.14631,-0.1692,-0.00105019,0,0,1
8571,3.56258,-12.6947,-1.18898,0.843951,1.01169,1.00054,0.992124,1.20797,0.295943,0.000516768,0,0,1
8572,16.1202,-57.4068,1.86565,0.739449,0.998536,0.995165,1.0041,0.930227,-0.0296576,0.00173396,0,0,1
8573,9.5949,-34.5432,-3.55862,0.838177,0.998526,0.9897,0.977769,0.980572,0.166259,-0.00076205,0,0,1
8574,52.1194,192.069,-22.4297,0.841938,1.01911,0.99792,0.984139,1.34802,0.0447569,-0.0011879,0,0,1
8575,4.75549,-17.0772,-1.72134,0.454042,1.0362,1.01498,1.01271,1.23214,0.266379,-0.000352416,0,0,1
8576,270.943,1066.5,-33.7409,1.22738,0.993613,1.00594,0.957169,0.951905,-0.0501643,0.000756689,0,0,1
8577,3.62115,12.8857,1.12403,0.936955,1.00895,0.996995,0.976999,1.21886,-0.270682,-0.000861599,0,0,1
8578,4.43219,-15.8036,-1.37331,0.805123,1.00267,1.0086,1.01818,1.40333,0.236672,0.000338142,0,0,1
8579,39.4478,-140.491,-4.82973,1.25971,1.00102,0.994203,0.976228,0.932807,0.0138242,0.000258788,0,0,1
8580,4.97189,17.7792,1.65967,0.966422,1.02316,1.00602,0.973371,0.895305,-0.236275,3.16204e-05,0,0,1
8581,4.43819,-15.7228,-1.09055,1.13214,0.96799,1.01127,1.00718,1.01187,0.182961,0.00105521,0,0,1
8582,16.671,-59.6163,2.98906,1.33169,1.03532,1.00363,0.977323,1.06428,-0.0453214,0.00200252,0,0,1
8583,5.23104,-18.7131,-1.73516,0.986462,1.01849,0.996058,1.02768,0.919637,0.22782,-5.40177e-05,0,0,1
8584,58.6305,-211.848,19.2561,1.09159,1.01629,1.00776,0.982835,0.91432,-0.0275384,0.000826311,0,0,1
8585,6.09371,-21.5893,-1.01484,1.27389,1.00126,1.01477,1.02587,0.591689,0.0958492,0.00149014,0,0,1
8586,14.2458,50.4968,0.92205,1.26543,0.990343,0.998667,0.94776,1.02456,-0.0180112,-0.00104209,0,0,1
8587,9.96037,-35.3032,-1.46494,0.911566,0.984777,0.995955,0.95438,1.38929,0.0572417,0.000947302,0,0,1
8588,21.2255,-75.9037,-5.10708,1.07278,1.0117,0.988885,0.968518,1.20014,0.0505506,7.61562e-05,0,0,1
8589,8.35934,-29.7021,-1.17351,0.806528,1.00177,0.997461,0.993672,0.861937,0.0635541,0.00124608,0,0,1
8590,27.6452,98.4632,2.19867,1.03317,0.993653,0.984934,0.995825,1.25569,-0.0121901,-0.000502227,0,0,1
8591,4.84081,17.3244,1.1736,0.875922,1.04379,0.986521,1.02342,0.951611,-0.171028,-0.00135399,0,0,1
8592,4.05514,-14.442,-1.21866,1.021,1.01926,0.997018,1.02831,1.2115,0.242323,0.000801251,0,0,1
8593,6.11652,-21.9004,-2.0688,0.878081,0.995229,1.00782,1.03346,0.914854,0.208698,-0.000405259,0,0,1
8594,12.291,44.4087,4.50112,1.07335,1.01414,0.997942,1.01469,0.783603,-0.13208,0.000628868,0,0,1
8595,16.5103,59.5205,5.82576,1.12589,1.00314,1.00731,1.0106,0.624456,-0.0974823,0.000482752,0,0,1
8596,15.6797,-56.4142,-5.3176,1.3072,0.991363,0.992688,1.02187,1.13852,0.0988205,-0.000435294,0,0,1
8597,71.5995,255.071,-0.289523,0.773548,0.995604,1.00252,1.04053,0.851058,0.000228045,-0.000273276,0,0,1
8598,112.587,-611.636,164.99,1.17359,0.988009,0.995905,1.01272,1.33477,0.10056,-0.00170691,0,0,1
8599,4.18406,14.9081,1.29557,1.13977,0.991663,0.994795,0.961808,1.04308,-0.246506,-0.000464925,0,0,1
8600,15.1561,-53.9215,1.84158,1.53695,0.957646,0.999642,1.01971,0.866714,-0.0323423,0.00179405,0,0,1
8601,10.4974,-37.315,-2.23751,1.01267,0.992119,1.01038,0.977825,1.00124,0.0802559,0.000437556,0,0,1
8602,65.8809,242.293,28.3228,1.05038,1.01561,0.988919,1.01197,0.998976,-0.035582,0.000296091,0,0,1
8603,6.76097,-24.1863,-2.09434,1.12241,1.01409,0.994029,1.01984,1.25821,0.175293,-3.79529e-05,0,0,1
8604,4.67706,-16.7416,-1.60664,0.86088,1.01994,0.995687,0.977405,0.793842,0.255793,-6.43117e-05,0,0,1
8605,246.5,1493.86,-900.523,0.967886,1.00885,1.01759,0.960511,0.869584,-0.058898,0.000954179,0,0,1
8606,36.3137,132.792,15.8565,0.83016,0.974332,0.981787,1.02829,0.940999,-0.0651042,0.000561357,0,0,1
8607,2.47837,8.79142,0.758356,0.959226,1.01989,0.990982,0.942658,0.754198,-0.330336,-0.00253724,0,0,1
8608,23.1527,82.3761,-1.88575,1.17932,0.956494,0.994036,1.03294,0.712418,0.0144163,-0.00106014,0,0,1
8609,285.989,1075.45,151.422,0.895878,1.03517,1.01281,1.00104,0.946067,-0.0119543,0.000130416,0,0,1
8610,7.55378,26.8531,1.15221,1.04925,1.01121,0.98329,0.981829,0.960719,-0.0756623,-0.00136487,0,0,1
8611,9.45485,33.5753,2.08364,1.05858,0.981961,1.00952,0.964699,1.0569,-0.0902849,-0.000447339,0,0,1
8612,14.2052,51.1878,4.81584,0.646368,1.01353,0.997195,1.03498,0.617911,-0.10589,0.000405401,0,0,1
8613,5.85901,-20.9517,-1.86626,1.56617,1.01788,0.998749,0.997187,0.81002,0.200606,-1.99909e-05,0,0,1
8614,13.4673,-48.3217,-4.22682,0.658764,1.01593,1.01461,1.02387,1.36518,0.101154,-0.000280982,0,0,1
8615,7.97726,-28.3311,-0.49468,1.03383,1.00761,0.988465,0.962112,0.860833,0.0291214,0.00199365,0,0,1
8616,13.5761,-48.5819,-3.69255,0.733823,1.01122,0.989569,1.00954,1.09865,0.0861492,-5.95496e-07,0,0,1
8617,7.0798,-25.0605,-0.168983,1.03854,0.974201,1.00785,0.991184,0.785705,0.0120457,0.00243534,0,0,1
8618,27.5164,98.6249,-4.80143,1.15799,1.03285,0.99273,1.03258,1.15678,0.0275923,-0.00122444,0,0,1
8619,42.9669,153.885,-7.72165,1.16713,1.01639,1.0033,0.986371,1.01903,0.0183861,-0.000783142,0,0,1
8620,8.49964,-30.247,-1.71267,1.1121,0.984187,0.977186,0.987166,0.973505,0.092388,0.000740235,0,0,1
8621,7.52494,-26.8399,-1.91923,0.573764,0.987516,0.981831,0.949743,0.909249,0.131184,0.000378098,0,0,1
8622,8.483,30.1448,2.03047,0.873549,0.964291,0.998237,1.0332,1.15722,-0.108831,-0.000352616,0,0,1
8623,2.01845,7.16049,0.78109,1.21616,0.990121,1.00134,1.00408,0.959079,-0.476532,-0.00154444,0,0,1
8624,43.9532,157.832,-10.18,0.741414,0.992954,1.00005,1.01787,1.10352,0.0235106,-0.000856467,0,0,1
8625,28.5575,102.545,-5.12318,0.667422,1.03342,0.987423,0.971464,1.00892,0.0275902,-0.00120304,0,0,1
8626,40.5635,147.083,14.0463,0.523667,1.00646,0.985494,0.975385,1.01271,-0.0417226,0.000216542,0,0,1
8627,7.10267,-25.3056,-1.66077,1.01807,0.997649,0.990902,0.982909,0.90753,0.124392,0.000641757,0,0,1
8628,22.0451,-79.7473,-8.4208,0.942563,0.988592,1.01011,1.01163,1.45783,0.0847042,-0.000571738,0,0,1
8629,28.6039,102.439,-5.28895,1.23457,1.0024,0.985422,0.957543,0.948625,0.0283908,-0.00119704,0,0,1
8630,78.6579,283.76,22.7845,1.26577,0.982757,0.991257,0.975615,1.03691,-0.0171804,4.73693e-05,0,0,1
8631,4.9151,17.6563,1.73672,1.05456,1.03177,1.00082,0.98711,1.21583,-0.254711,0.000232605,0,0,1
8632,9.18629,-32.8211,-2.44499,1.38723,1.01183,0.997135,0.988868,0.969009,0.116366,0.000165684,0,0,1
8633,4.89585,17.5432,1.78366,1.16663,0.995402,0.999689,1.02874,1.2301,-0.267002,0.000558834,0,0,1
8634,8.96906,31.8987,2.26957,0.737162,0.972831,1.01193,1.02203,1.16595,-0.109669,-0.000200403,0,0,1
8635,8.36852,-29.6636,-1.64504,0.919423,0.970855,0.987784,0.955616,0.884055,0.0898966,0.000751003,0,0,1
8636,16.5904,59.579,4.97034,1.06957,1.0068,1.00847,0.958001,1.01502,-0.0794487,0.00018586,0,0,1
8637,8.0048,-28.3349,-1.20961,1.05488,0.973099,0.99309,0.99705,1.00602,0.0706672,0.0011686,0,0,1
8638,20.0428,-71.611,-4.46677,1.01971,1.0106,1.00508,1.00587,0.725325,0.0485637,0.000142415,0,0,1
8639,10.368,-36.9722,-2.46541,0.992198,0.988498,0.993413,1.00324,0.971732,0.0927277,0.000285416,0,0,1
8640,4.92954,-17.6009,-1.5766,1.04694,0.990216,0.989537,0.985242,1.36421,0.23004,6.23597e-05,0,0,1
8641,14.529,51.8515,3.33444,0.685388,0.992455,1.0049,0.963963,1.12126,-0.0655532,-0.000197397,0,0,1
8642,7.23668,-25.688,-1.22429,1.04989,1.00079,1.00638,0.974909,0.894246,0.085849,0.00119469,0,0,1
8643,4.08772,14.5171,1.27791,0.890976,0.970065,0.992656,0.975422,0.905905,-0.252201,-0.000384153,0,0,1
8644,4.15942,-14.8135,-1.23144,1.36792,1.00703,0.999664,1.00603,0.906189,0.235467,0.000717825,0,0,1
8645,5.27669,-18.8026,-1.31543,1.24851,1.03256,1.0027,0.909839,1.26542,0.164548,0.000989175,0,0,1
8646,24.6594,-87.4001,0.22881,0.965709,0.986149,0.990766,0.985693,0.861098,-0.00159753,0.000815203,0,0,1
8647,9.05243,32.2741,1.86329,0.901495,1.02788,0.998707,1.0093,1.00996,-0.0884136,-0.000697972,0,0,1
8648,42.91,-153.498,-9.9091,1.1177,1.0083,0.995165,0.957091,0.925155,0.0249671,3.24567e-05,0,0,1
8649,7.27388,25.8862,1.41495,1.01629,1.00677,0.974853,1.02203,0.710801,-0.100733,-0.00106042,0,0,1
8650,4.11963,-14.6961,-1.38763,1.21521,1.00752,0.998285,0.968067,1.47939,0.273436,0.000143424,0,0,1
8651,6.56016,23.2782,1.48916,0.811448,0.979052,0.996993,1.00576,1.00258,-0.125996,-0.00075961,0,0,1
8652,5.88739,-21.1519,-2.2953,1.46116,0.997985,1.00433,0.954099,1.07034,0.255259,-0.00103143,0,0,1
8653,24.7927,88.1817,-1.6309,1.08566,0.993688,0.995042,1.05033,1.28112,0.0110108,-0.000977501,0,0,1
8654,47.5387,169.622,4.02207,1.3419,1.01084,0.972909,0.968559,1.04825,-0.00777503,-0.000294296,0,0,1
8655,86.4387,-326.032,-42.2379,1.04828,0.996653,1.00095,0.998259,1.23133,0.0625009,-0.000807524,0,0,1
8656,65.9722,251.714,29.3016,1.37536,1.00429,0.989418,0.980383,1.49344,-0.10506,0.00142723,0,0,1
8657,16.1626,-57.1972,-0.221743,0.913969,1.00246,1.02383,0.979615,1.02165,0.00340984,0.00110915,0,0,1
8658,8.18835,29.0908,1.5465,1.02258,0.985554,0.991198,0.976533,1.14677,-0.0873196,-0.000871116,0,0,1
8659,50.9439,-181.365,-5.46783,1.05968,1.01021,0.98867,0.9994,1.21632,0.00957373,0.000226199,0,0,1
8660,10.2987,36.5795,-0.763311,1.08804,1.00098,1.00625,1.05667,0.986334,0.0273587,-0.00235368,0,0,1
8661,7.36855,-26.2877,-1.94618,0.786426,1.00785,0.984865,1.00882,0.895848,0.138291,0.00035814,0,0,1
8662,202.915,-790.962,11.9321,1.22126,0.989895,1.00983,0.984785,0.921093,0.0622674,-0.000933103,0,0,1
8663,19.7,-70.3565,-4.24316,1.03811,0.997656,0.980845,0.981954,0.917845,0.0482546,0.000183835,0,0,1
8664,19.1003,-68.2585,-3.64756,0.793183,1.0275,0.986399,1.06445,1.02408,0.0434471,0.000319404,0,0,1
8665,5.58623,19.7594,0.835698,1.12318,0.982704,0.993197,1.00898,0.757442,-0.0922478,-0.00186952,0,0,1
8666,2.80746,-9.95836,-0.965856,1.13042,0.974651,0.99175,0.97266,1.05535,0.354239,0.000854866,0,0,1
8667,17.0446,-60.7576,2.00744,0.828572,1.01895,1.01261,1.02461,0.897276,-0.0286166,0.00164702,0,0,1
8668,6.08425,-21.7316,-1.84176,0.661832,1.00552,1.0019,1.01624,1.01026,0.185007,6.40514e-05,0,0,1
8669,13.7254,48.9169,1.78336,1.02096,1.03716,0.998611,1.05625,0.85758,-0.0383695,-0.000811231,0,0,1
8670,7.26221,-25.8361,-1.33429,1.16795,1.00179,0.991111,1.06171,1.04756,0.0945716,0.00109449,0,0,1
8671,12.7377,45.3914,2.07962,0.978071,1.01148,1.00076,1.00775,1.09859,-0.0518611,-0.000651544,0,0,1
8672,4.13724,-14.6737,-1.20002,0.955211,0.959507,1.00049,1.02101,1.00896,0.230958,0.000578855,0,0,1
8673,152.894,589.277,-37.7643,1.02958,0.998592,0.992211,0.971874,0.854687,0.0641338,-0.00131329,0,0,1
8674,5.10317,-18.1586,-1.40423,0.61045,0.996159,1.01142,0.964053,0.975615,0.187085,0.00055717,0,0,1
8675,23.2724,-84.9446,-9.25157,1.01631,1.03928,0.994205,1.01676,1.00123,0.0856175,-0.00057407,0,0,1
8676,23.2334,84.5448,9.85611,0.810462,0.967818,0.989044,0.959586,1.47681,-0.0944146,0.000768472,0,0,1
8677,42.7743,154.012,-9.15869,0.346797,1.02984,0.98628,1.01433,0.809421,0.0226304,-0.000877753,0,0,1
8678,11.4314,40.8031,2.62182,0.969152,0.995644,0.999131,0.973965,1.42676,-0.0814297,-0.000302584,0,0,1
8679,52.9163,188.786,1.39055,1.18259,1.01439,1.0099,0.990227,1.13871,-0.00207338,-0.000331881,0,0,1
8680,7.17361,25.7399,2.50666,1.03226,1.0033,1.00035,1.01732,1.19365,-0.192566,0.000544073,0,0,1
8681,5.84798,-20.7606,-1.59873,1.16142,0.978402,1.01156,0.981819,0.640834,0.167784,0.000344498,0,0,1
8682,2.23414,-7.9662,-0.962857,1.14197,0.998892,0.97868,1.02752,1.08482,0.510659,0.000402881,0,0,1
8683,66.2095,250.84,32.9338,0.981169,0.999384,0.997361,1.0309,0.62324,-0.0843891,0.00109679,0,0,1
8684,6.13478,-21.9047,-1.81869,1.0991,1.01529,0.998504,1.02849,0.907279,0.179239,0.000179112,0,0,1
8685,8.92521,-31.6406,-0.882255,0.97337,0.958703,1.00884,0.98541,0.955883,0.0411431,0.00134676,0,0,1
8686,7.06687,-25.5201,-2.61385,0.908296,1.02017,0.983078,0.944438,0.870562,0.210803,-0.000697089,0,0,1
8687,106.687,401.91,55.6355,0.784181,0.995194,0.999545,0.981279,1.06908,-0.040449,0.000489256,0,0,1
8688,19.3292,68.7058,-1.99352,0.863672,0.986275,0.993248,1.02208,0.842418,0.0219016,-0.00138561,0,0,1
8689,12.2053,43.4782,2.79537,0.851846,0.989268,1.00672,1.02504,0.828764,-0.0759346,-0.000262079,0,0,1
8690,57.7972,214.64,-27.451,1.18486,0.989742,0.998229,0.995724,0.859635,0.0494999,-0.00123101,0,0,1
8691,13.9024,-49.9556,-4.5353,1.21989,0.984532,0.997303,1.01039,1.11504,0.104019,-0.000384893,0,0,1
8692,15.9476,56.8889,4.09073,0.510746,0.963803,1.00698,1.0123,1.37731,-0.0677905,-3.789e-06,0,0,1
8693,8.43242,-30.0324,-1.76021,0.796155,1.00781,0.996804,0.979138,1.037,0.0959648,0.000692678,0,0,1
8694,24.3145,86.4853,-1.6905,1.04301,0.960624,0.998879,1.04495,0.806192,0.0116966,-0.000972101,0,0,1
8695,12.0313,-43.1122,-3.55925,0.938105,1.01755,1.00012,0.966191,0.789316,0.104467,-0.000134086,0,0,1
8696,9.39659,33.4145,2.03522,0.818783,0.983398,0.995962,0.987996,0.883423,-0.0898237,-0.000507889,0,0,1
8697,2.54255,9.11174,1.02799,0.762271,1.03907,0.993181,1.06591,1.09849,-0.440554,-0.00062606,0,0,1
8698,20.6076,-74.5411,-7.80102,1.04035,1.00725,1.00655,1.02714,0.959259,0.0883015,-0.000551984,0,0,1
8699,7.67241,-27.5115,-2.58293,1.083,1.00614,0.994708,0.982035,1.19036,0.175591,-0.000410458,0,0,1
8700,22.2137,79.0829,1.13019,1.15842,1.01687,1.01141,0.99088,0.813995,-0.00943707,-0.000713517,0,0,1
8701,112.929,-419.523,53.3639,1.16901,1.01464,0.999418,1.03122,1.14106,-0.026205,0.000649598,0,0,1
8702,67.9962,258.109,33.6669,0.544606,1.01359,1.00242,1.01806,0.809022,-0.0836219,0.00108932,0,0,1
8703,5.19306,-18.504,-1.50446,0.64716,0.988007,0.99935,1.04538,1.26412,0.19672,0.000359102,0,0,1
8704,24.4951,87.2431,1.01268,1.08152,1.01341,1.00098,0.947996,0.948542,-0.00703906,-0.000681756,0,0,1
8705,5.09356,18.0836,0.675332,1.39869,1.00578,0.992118,0.985836,0.85144,-0.0878777,-0.0023744,0,0,1
8706,370.498,-1394.87,172.42,1.34201,1.01037,1.00238,1.0299,0.462356,-0.0158552,0.000344659,0,0,1
8707,41.4722,-148.164,-8.76229,0.70128,0.996759,1.005,0.984857,0.799171,0.0230617,6.87296e-05,0,0,1
8708,4.72035,-16.8389,-1.61591,1.15861,0.987649,1.01858,1.02332,0.855711,0.251315,-0.000287867,0,0,1
8709,11.3858,41.167,4.52679,1.29154,0.976812,1.00342,0.961606,1.15649,-0.157674,0.00100203,0,0,1
8710,79.0308,283.366,-19.8842,1.14668,0.980768,1.01974,0.979024,0.755303,0.013951,-0.000482752,0,0,1
8711,7.88298,-28.1324,-2.05189,0.940278,1.00871,1.00326,1.00829,1.05531,0.128138,0.000293392,0,0,1
8712,4.74054,-16.8363,-0.927112,1.07874,1.00977,1.0028,0.985957,1.03928,0.138036,0.0017712,0,0,1
8713,4.71371,-16.7414,-0.846952,0.943131,1.02553,0.990694,0.981427,0.971964,0.12705,0.00211378,0,0,1
8714,9.27038,-32.9621,-1.39098,1.27234,1.00888,0.980608,1.00983,0.868362,0.063473,0.0010824,0,0,1
8715,11.3327,40.1776,1.52663,0.966648,0.984312,1.01755,0.996505,1.07113,-0.0459344,-0.000856114,0,0,1
8716,13.0952,-46.6703,1.48821,1.33218,1.02721,1.01213,1.02025,0.978985,-0.0349544,0.00211634,0,0,1
8717,366.639,1404.3,110.296,0.866822,0.981967,0.99945,1.08164,1.09906,-0.0243204,0.000347359,0,0,1
8718,11.6883,-43.2166,-6.04969,1.09679,0.997985,0.982132,0.999644,1.42628,0.238176,-0.00228374,0,0,1
8719,20.9685,74.6498,1.50411,1.16227,1.03043,0.997496,1.03454,0.994683,-0.0142807,-0.000712014,0,0,1
8720,28.5667,-105.849,-13.9783,1.04296,1.01309,1.00185,1.02946,1.12436,0.101423,-0.00101181,0,0,1
8721,4.66991,16.5005,0.727232,1.04736,0.961895,0.981684,1.05421,0.825091,-0.110544,-0.00220793,0,0,1
8722,28.3911,103.015,10.5301,1.02202,1.01897,1.01254,0.981752,1.00777,-0.0631216,0.00038296,0,0,1
8723,3.82349,13.6941,1.51005,0.937971,1.01606,1.00445,0.961306,1.08612,-0.341472,0.0006152,0,0,1
8724,10.5939,37.8983,3.10975,0.733215,0.982106,1.00104,0.987585,1.06268,-0.113747,0.000137439,0,0,1
8725,6.31955,22.3866,1.00863,0.828951,0.986875,0.998316,1.02606,1.01746,-0.0894301,-0.00150749,0,0,1
8726,104.313,388.998,52.0502,1.23797,0.979252,0.994718,0.952406,0.968087,-0.0311305,0.000336523,0,0,1
8727,6.38795,22.6976,1.38111,1.24678,0.96284,1.02104,0.988198,1.08664,-0.120242,-0.000784357,0,0,1
8728,14.912,54.549,6.23227,0.767713,1.04691,1.00003,0.980015,1.05977,-0.133556,0.000892914,0,0,1
8729,5.76849,20.5838,1.88864,1.31027,0.975934,0.999713,0.96688,1.01368,-0.208538,0.000246635,0,0,1
8730,40.8271,153.039,21.0309,0.591643,0.987669,0.979881,1.00395,0.74362,-0.0874064,0.00097424,0,0,1
8731,10.4633,-37.4771,-3.23424,0.782918,0.982055,0.997082,1.06928,0.969472,0.123486,-0.00026793,0,0,1
8732,6.39858,22.8729,1.96193,0.83819,0.983038,0.983465,0.938982,0.966478,-0.181688,3.11366e-05,0,0,1
8733,34.033,-122.41,-10.5229,1.18917,0.985935,0.990626,1.00071,1.09583,0.0435953,-0.000171293,0,0,1
8734,6.76382,24.2197,2.15245,1.12181,1.01179,0.991132,1.01514,1.13724,-0.180351,0.000118876,0,0,1
8735,5.67105,-20.2169,-1.5737,1.38059,1.00863,0.998598,1.04955,1.22094,0.176959,0.000456542,0,0,1
8736,14.1667,-50.1803,0.868765,0.907471,0.986901,1.00737,0.977549,1.17281,-0.0172611,0.00164265,0,0,1
8737,14.9614,-53.8809,-5.55606,0.998449,0.96767,1.0061,1.0322,0.997845,0.11359,-0.00067552,0,0,1
8738,7.14572,25.5167,1.95834,1.43238,1.00009,0.994492,0.971206,0.988715,-0.146552,-0.000246631,0,0,1
8739,7.57922,26.8239,0.51286,1.31417,0.971943,0.999328,1.03388,0.869533,-0.0323689,-0.00193317,0,0,1
8740,5.90582,21.0395,1.31756,0.709531,1.02977,0.995916,0.968401,0.959207,-0.134689,-0.00111041,0,0,1
8741,13.2345,47.4408,3.84865,0.812263,1.01032,1.00035,0.965606,1.21191,-0.0939691,0.000116785,0,0,1
8742,11.0854,39.457,1.61576,1.0653,1.01139,0.98454,0.974201,1.06318,-0.0525385,-0.000908383,0,0,1
8743,139.666,-530.5,-63.7197,1.20062,1.0088,0.995339,1.00524,1.01878,0.0457983,-0.000613034,0,0,1
8744,7.12442,25.3093,0.660042,0.759857,1.01481,0.997073,0.994546,0.87606,-0.0472849,-0.00196814,0,0,1
8745,28.7147,102.283,3.78016,1.1377,0.990752,0.99305,1.01809,0.994848,-0.0194811,-0.000340932,0,0,1
8746,5.03707,-17.976,-1.529,0.863051,1.02669,1.01582,0.915156,0.609196,0.210237,0.000312586,0,0,1
8747,6.39966,22.7109,1.54172,1.07129,0.970124,0.999647,0.938502,0.888333,-0.136848,-0.000608998,0,0,1
8748,5.36788,-19.1304,-1.48935,0.865322,1.00138,0.999657,0.978044,0.811795,0.183965,0.000502258,0,0,1
8749,3.7256,-13.2636,-1.22698,0.866079,0.993365,1.01383,0.971091,0.730646,0.282076,0.00031721,0,0,1
8750,25.0176,-89.9521,-8.65291,1.23083,0.971657,1.01432,0.99552,0.91745,0.0647732,-0.000358244,0,0,1
8751,7.82916,27.8262,1.1248,1.1719,1.01041,1.00716,1.01124,1.0407,-0.0680249,-0.00131798,0,0,1
8752,15.5673,-55.3498,-0.83954,0.991778,1.02137,1.00275,0.972495,1.06305,0.0142558,0.0010251,0,0,1
8753,132.989,509.887,-49.2893,1.05545,1.01875,1.00561,1.01203,0.886308,0.0607182,-0.0012698,0,0,1
8754,5.96466,-21.2711,-1.58753,1.08829,1.01252,1.00909,0.9742,1.06998,0.162041,0.000502401,0,0,1
8755,2.86097,-10.2368,-1.0603,0.961372,1.03492,1.00037,1.08588,1.28416,0.374545,0.000721015,0,0,1
8756,5.54002,19.7356,1.34806,1.07451,1.00699,0.997638,0.992549,0.899611,-0.155576,-0.00089389,0,0,1
8757,814.211,-2803.15,68.6815,0.933776,1.01451,0.987328,0.977011,1.17288,-0.000650011,3.58077e-05,0,0,1
8758,18.6691,66.2101,2.01536,0.913515,0.97068,0.978872,1.00497,0.822451,-0.0238945,-0.000626637,0,0,1
8759,4.16723,14.9619,1.42095,0.694346,1.0317,0.982486,0.959658,0.78332,-0.275011,-0.000274385,0,0,1
8760,7.25675,25.8479,1.8438,1.00262,0.988799,1.00201,0.996262,0.896019,-0.13159,-0.000397046,0,0,1
8761,37.974,-143.725,-19.1687,0.620464,1.02649,1.01501,0.980541,0.963524,0.145784,-0.00188688,0,0,1
8762,8.90976,31.8339,2.0772,1.14242,1.03495,1.00384,1.01471,1.04038,-0.102011,-0.00050339,0,0,1
8763,14.1691,50.6197,3.15485,1.03335,0.985742,0.978084,0.979911,1.06069,-0.0663521,-0.000257281,0,0,1
8764,5.8092,20.6845,1.37077,1.00986,1.00988,0.985874,0.99845,1.12713,-0.145938,-0.000956476,0,0,1
8765,17.6282,-62.6979,0.679543,1.34961,1.02646,1.00372,0.938246,0.96789,-0.00911407,0.00128728,0,0,1
8766,81.7777,299.428,-33.5351,1.55629,1.00109,1.00757,1.005,1.05028,0.0259985,-0.000703753,0,0,1
8767,19.7182,-70.9332,5.48533,0.896135,1.00601,0.985591,1.03092,0.796492,-0.0635578,0.00214251,0,0,1
8768,31.4203,-111.947,-7.09934,0.876234,0.975262,0.996136,1.05195,1.09523,0.0320662,5.6923e-05,0,0,1
8769,6.85447,24.4622,1.76876,0.797855,1.00327,0.992955,1.00996,1.38835,-0.141663,-0.000458082,0,0,1
8770,4.87354,17.3177,1.13139,1.10519,1.00739,1.01619,1.03613,0.86833,-0.160318,-0.00120207,0,0,1
8771,260.282,-1125.37,315.003,1.2962,0.998853,0.992472,0.973121,1.01012,0.0761893,-0.00120078,0,0,1
8772,790.495,-2942.5,-240.186,1.09134,0.999134,0.984974,1.01628,1.2289,0.0113006,-0.000160786,0,0,1
8773,6.08318,21.6387,1.49951,1.27513,0.994949,1.00768,0.963771,0.5634,-0.145586,-0.000665478,0,0,1
8774,11.3057,40.0955,1.69495,1.02424,0.982734,0.997519,1.02302,0.966521,-0.0519507,-0.000800612,0,0,1
8775,17.4979,-62.3725,-3.27121,0.7218,1.00277,1.00405,1.06418,1.01452,0.0452541,0.000331558,0,0,1
8776,19.2694,71.1051,9.11767,0.762005,1.02168,0.991493,0.977919,1.02144,-0.131533,0.00116822,0,0,1
8777,22.7544,-80.817,-1.53884,1.06733,1.00188,1.002,1.00884,0.651997,0.0125528,0.00063672,0,0,1
8778,5.36754,-19.1929,-1.64606,0.931651,1.01114,0.976305,0.97302,1.19894,0.206446,0.000277057,0,0,1
8779,8.72542,31.7499,3.72529,0.998877,1.01098,0.986079,0.980081,1.01955,-0.2161,0.00134825,0,0,1
8780,11.3567,40.3999,-0.0106151,0.807696,1.03689,0.997404,0.969213,0.788289,0.000317129,-0.00178898,0,0,1
8781,192.49,830.046,-222.056,1.15786,1.00164,0.994672,0.978998,0.635765,-0.103423,0.00162828,0,0,1
8782,6.09082,-21.7572,-1.71708,0.837734,1.02911,1.00103,0.948144,0.838243,0.169686,0.000394929,0,0,1
8783,6.65604,-23.6869,-1.94172,0.992811,0.983378,1.01619,0.968534,1.02733,0.163124,3.48921e-05,0,0,1
8784,296.985,-1199.77,-159.075,0.833261,1.00418,0.990195,0.99137,0.90547,-0.057939,0.0011278,0,0,1
8785,6.44697,-23.4586,-2.93062,0.864288,1.01733,0.995593,0.96467,0.927284,0.293189,-0.00184423,0,0,1
8786,5.6189,19.9375,1.30438,0.826872,0.979285,0.991596,1.03228,0.811837,-0.145628,-0.000941653,0,0,1
8787,12.2705,-44.05,-4.06735,0.944371,0.97481,0.993279,0.941377,0.88308,0.117772,-0.000440913,0,0,1
8788,6.17549,-21.9991,-1.53242,1.0563,1.00189,1.00143,1.052,0.789291,0.146729,0.000648151,0,0,1
8789,4.63954,-16.5199,-1.25237,1.01783,1.03292,1.01009,0.989917,1.29737,0.195631,0.00094727,0,0,1
8790,6.88323,24.7117,2.14668,1.00757,1.03417,1.00277,1.01137,1.0594,-0.17301,2.90242e-05,0,0,1
8791,3.21024,11.4445,1.17134,0.887543,0.992407,0.998013,1.00772,0.924451,-0.349963,-0.000131319,0,0,1
8792,9.59414,-34.3624,-2.50371,1.41091,1.03343,0.998556,0.997704,1.09608,0.109652,0.000227502,0,0,1
8793,10.5489,37.6649,2.50688,0.85308,1.01836,0.993528,1.01728,1.09948,-0.0912104,-0.000334849,0,0,1
8794,201.71,728.693,-51.7166,1.36929,0.996248,0.973007,0.960733,0.929048,0.00560624,-0.000199023,0,0,1
8795,32.6093,-120.69,-15.8896,1.24502,0.983434,0.990253,1.00577,1.0346,0.093043,-0.00096262,0,0,1
8796,14.7968,-52.9124,-3.89115,0.718226,0.988524,0.998447,0.999536,1.12387,0.0762105,6.36736e-07,0,0,1
8797,10.6081,37.6355,1.8904,0.866618,0.980512,0.997544,0.994472,1.23509,-0.0657609,-0.000673084,0,0,1
8798,3.81789,13.6213,1.26719,1.24323,1.01082,1.01654,0.946854,0.939373,-0.280141,-0.000297546,0,0,1
8799,38.5691,-138.564,-11.4658,1.15229,0.996425,0.988735,0.990417,1.19606,0.0369675,-0.000119671,0,0,1
8800,5.67704,-20.2473,-1.53944,0.899845,1.01348,0.986887,1.01133,1.23445,0.172481,0.000597007,0,0,1
8801,4.91984,17.4039,0.64846,0.80169,0.973422,1.00946,0.970949,0.920988,-0.0884715,-0.00227383,0,0,1
8802,3.36874,11.9723,0.957202,1.06373,1.01075,0.988358,0.960451,1.18539,-0.257168,-0.00157139,0,0,1
8803,21.3936,78.2618,9.90545,1.11801,0.966775,0.990962,0.999428,0.88275,-0.117376,0.00108061,0,0,1
8804,415.804,1647.44,77.9554,0.807284,0.980815,0.997311,0.959424,0.964552,0.0339789,-0.000671056,0,0,1
8805,23.9235,86.7099,9.27034,0.826659,0.983571,1.00744,1.01321,1.05755,-0.0793947,0.000550437,0,0,1
8806,6.31127,22.572,1.40238,0.549125,1.0336,0.983283,1.04733,1.22781,-0.128578,-0.00105884,0,0,1
8807,11.3709,-40.8804,-3.94493,0.802817,1.00124,0.99684,1.00549,1.74304,0.132984,-0.000535469,0,0,1
8808,139.692,513.545,58.0912,0.961127,1.00046,0.98797,0.991842,0.7771,-0.0157149,0.000124014,0,0,1
8809,5.3647,-19.0094,-0.648312,0.67194,0.998073,0.998492,1.00656,0.961076,0.0766363,0.00230956,0,0,1
8810,4.15369,-14.7857,-1.22918,0.824406,1.0126,0.993729,1.03909,1.43858,0.235446,0.000790077,0,0,1
8811,3.76673,-13.3286,-0.930477,0.850161,0.98372,1.00393,0.960844,0.846208,0.205305,0.00155975,0,0,1
8812,13.5013,47.9777,2.77692,0.980962,0.980451,1.00615,1.01644,0.975987,-0.0617381,-0.000340752,0,0,1
8813,5.11631,18.3749,1.99822,0.952676,1.00298,1.01499,1.06399,1.12017,-0.279869,0.000986958,0,0,1
8814,3.58091,12.6852,0.909031,0.996351,0.963469,1.01576,1.0131,0.960942,-0.217876,-0.00140761,0,0,1
8815,12.2296,-43.4124,-0.0350514,1.49114,0.994387,0.987356,1.01079,0.757294,0.000935755,0.00159287,0,0,1
8816,4.01155,-14.1941,-0.699871,0.765799,1.00263,1.01559,1.00474,0.945616,0.135923,0.0024388,0,0,1
8817,4.3032,15.3002,0.950231,1.33772,1.02145,0.984215,0.966671,0.904888,-0.167659,-0.00185922,0,0,1
8818,20.0636,-72.0688,-6.44984,0.828598,0.980373,1.00674,0.98488,0.883557,0.0729756,-0.000298931,0,0,1
8819,3.28746,-11.7331,-1.25307,1.18622,0.999177,0.998958,0.981875,1.06005,0.36266,-0.000187545,0,0,1
8820,11.7004,-42.1907,-4.05601,0.902816,1.01551,0.991671,1.00087,0.572981,0.12981,-0.000495639,0,0,1
8821,23.165,-82.4212,-2.57753,0.776985,1.01206,1.01127,1.07224,0.920955,0.0203925,0.000484921,0,0,1
8822,22.4111,-80.8239,-7.81903,0.63288,0.986943,1.00663,1.01733,1.33147,0.0738863,-0.000404101,0,0,1
8823,47.9137,174.321,19.1193,1.00852,0.987386,0.993281,0.991302,0.82094,-0.0428307,0.000319366,0,0,1
8824,146.943,-580.36,36.5976,0.846804,0.980894,0.987678,0.959747,0.983107,0.100397,-0.00152709,0,0,1
8825,15.8407,57.4168,6.41933,1.4117,0.982752,1.00732,0.999408,0.702482,-0.122505,0.000872593,0,0,1
8826,7.31684,25.9508,1.31618,1.09861,0.980107,0.987189,1.04026,1.01516,-0.0909144,-0.00109069,0,0,1
8827,5.46223,19.4022,1.24222,0.704102,0.987916,0.99347,1.03855,0.92507,-0.145687,-0.00106224,0,0,1
8828,5.14135,-18.361,-1.36888,1.08995,1.03222,0.995104,1.03301,1.2302,0.180439,0.000858729,0,0,1
8829,235.946,903.663,79.6721,1.22903,1.01932,0.994206,0.9934,0.775686,-0.0375519,0.000531714,0,0,1
8830,7.61353,27.1246,1.97434,1.03025,0.948008,1.01677,0.9829,0.695589,-0.127032,-0.00018992,0,0,1
8831,6.23452,22.0658,0.572697,1.08279,0.994035,0.999725,1.02638,1.41753,-0.0514583,-0.00221633,0,0,1
8832,16.7938,-60.4501,-5.69976,1.07984,0.995501,1.00301,0.99932,1.29285,0.092594,-0.000423188,0,0,1
8833,6.16275,-21.8908,-1.53542,0.809956,0.983459,1.00085,0.955929,1.03531,0.146388,0.000602104,0,0,1
8834,36.0928,-132.817,15.4276,1.09142,1.011,0.978994,0.929574,0.87216,-0.0648379,0.00172819,0,0,1
8835,3.55356,12.7182,1.40002,0.871094,1.00796,0.998244,0.97251,1.06823,-0.357123,0.000488486,0,0,1
8836,5.39437,-19.3332,-1.87979,0.907676,1.01273,0.986923,1.01679,1.2306,0.236869,-0.000294637,0,0,1
8837,14.4893,51.4536,1.55236,1.21668,0.99428,0.9985,0.993032,1.28591,-0.0296458,-0.000825174,0,0,1
8838,83.2188,-317.326,39.6751,1.19531,1.02548,1.00182,1.00285,0.895901,-0.0734166,0.0015914,0,0,1
8839,4.52239,-16.0973,-1.20537,0.952158,0.999903,0.997196,0.930569,0.961921,0.19859,0.000939764,0,0,1
8840,7.37164,26.2223,1.33539,0.914296,0.997769,0.990861,0.950463,1.12307,-0.0915829,-0.00109567,0,0,1
8841,16.4547,-58.6282,-2.63882,0.9598,1.01114,1.00253,0.96055,1.22659,0.0409157,0.000487438,0,0,1
8842,8.82873,-31.24,0.115753,0.795182,0.974436,0.993867,0.976051,1.05521,-0.00558994,0.00225995,0,0,1
8843,18.7319,-67.4066,-6.18415,1.14912,0.993024,1.01472,0.99471,1.11734,0.0803998,-0.00035468,0,0,1
8844,32.6646,-115.779,-3.601,0.839687,0.97231,0.99252,0.973982,0.972768,0.0146256,0.000331241,0,0,1
8845,9.88237,-35.8403,-4.31347,0.872419,0.96318,0.995537,0.984384,1.10219,0.204316,-0.00153165,0,0,1
8846,16.2798,57.9221,2.73845,1.43722,1.00366,1.01987,1.00252,1.29363,-0.0419593,-0.000445659,0,0,1
8847,11.1922,39.7856,1.98869,0.857087,0.988142,0.996844,0.98514,1.01688,-0.0627547,-0.000645813,0,0,1
8848,526.397,2306.04,-698.145,0.771,1.02325,1.00754,0.985711,1.0555,-0.0390057,0.000616603,0,0,1
8849,11.4264,-40.8388,-3.65555,1.33467,0.9748,1.01515,0.979026,1.06602,0.117443,-0.000371365,0,0,1
8850,6.40395,-22.7713,-1.3103,0.785113,1.00832,1.01034,0.989021,0.856321,0.115463,0.00104666,0,0,1
8851,7.99876,28.3425,1.43562,0.92277,0.994233,1.02139,1.04456,0.975465,-0.0828558,-0.000926707,0,0,1
8852,6.30519,22.4586,1.4567,1.13622,1.00596,1.00838,1.03211,1.17913,-0.132574,-0.000804529,0,0,1
8853,4.22986,-15.1536,-1.65936,1.02911,0.99992,1.00293,1.03108,0.798905,0.321185,-0.000835368,0,0,1
8854,5.40242,-19.2226,-1.30867,0.936536,0.990388,0.979643,1.00341,1.01848,0.159471,0.000947364,0,0,1
8855,5.57064,-19.8512,-1.49162,1.03107,1.00207,0.996055,0.965276,1.11188,0.172568,0.000580693,0,0,1
8856,5.90993,-20.9933,-1.39347,1.04007,0.997889,1.01559,1.03452,0.526057,0.14149,0.000800856,0,0,1
8857,53.7725,-193.465,15.7658,0.872428,1.00806,1.00516,0.964908,0.875072,-0.0261768,0.000829236,0,0,1
8858,5.34154,18.9796,0.89554,1.0149,1.00819,0.988499,1.01939,1.10564,-0.10839,-0.00187255,0,0,1
8859,2.96965,-10.4979,-0.828966,0.868372,0.988033,1.01892,1.05778,1.20515,0.270217,0.00173016,0,0,1
8860,19.3859,70.1749,7.4412,0.91814,0.987138,1.00535,1.04946,0.901546,-0.0948542,0.000620917,0,0,1
8861,11.9852,-42.5142,-0.92863,0.815017,1.00111,1.00296,0.959304,0.851514,0.0254975,0.00117766,0,0,1
8862,5.76849,20.4279,1.13202,0.945303,0.963314,0.987576,0.981039,1.21517,-0.11989,-0.00124577,0,0,1
8863,8.10588,28.9441,2.26616,0.769718,0.985843,0.997631,0.992313,0.983266,-0.134616,-7.91769e-05,0,0,1
8864,8.34012,-29.6414,-1.05104,0.988978,1.00982,0.985698,1.00825,1.10171,0.0576736,0.0014088,0,0,1
8865,5.34882,-19.1053,-1.75552,0.901699,0.978114,0.990972,1.02377,0.761555,0.222789,-0.000178845,0,0,1
8866,7.39183,26.1505,0.57751,0.877032,0.989209,1.00318,0.920986,1.02141,-0.0380565,-0.00193313,0,0,1
8867,7.43961,-26.7325,-2.73285,0.89894,0.973019,0.984093,0.937546,0.827192,0.201654,-0.000813858,0,0,1
8868,10.5543,-37.5416,-1.49163,1.23304,1.01273,0.99874,0.965609,0.936238,0.0530201,0.000957974,0,0,1
8869,4.77956,-16.9986,-1.11143,1.32619,1.00755,0.987761,1.00167,0.912581,0.16567,0.00134391,0,0,1
8870,4.25999,-15.1592,-1.17532,0.829518,1.00111,0.999994,0.99672,1.22582,0.214606,0.000927027,0,0,1
8871,129.436,469.917,-42.5543,1.4198,1.01569,1.00577,0.973165,1.07867,0.0119113,-0.000364252,0,0,1
8872,7.38694,26.3497,1.85052,1.13463,0.994517,0.996424,0.958265,0.806606,-0.128749,-0.000433668,0,0,1
8873,7.7973,-27.8804,-2.32841,1.16174,0.993655,1.00428,1.01609,0.73954,0.15025,-9.10478e-05,0,0,1
8874,8.2149,-29.099,-0.647071,0.860758,0.988744,0.989738,1.00732,0.573666,0.0357696,0.00175549,0,0,1
8875,8.81875,31.2485,1.47527,1.17035,0.982674,1.01128,0.969528,0.776194,-0.0714568,-0.000905098,0,0,1
8876,11.7039,42.943,5.88423,1.13399,0.969245,0.998295,1.01328,1.35482,-0.225037,0.00214986,0,0,1
8877,14.3418,51.0145,0.759867,0.945916,1.0181,0.986398,1.00539,1.25347,-0.0149891,-0.00114711,0,0,1
8878,12.9865,46.2302,1.63627,0.877728,1.00433,0.996714,1.02402,0.809809,-0.0389506,-0.000839368,0,0,1
8879,8.89621,-32.0123,-3.31084,0.737603,1.00182,0.995535,1.02163,0.89045,0.17678,-0.000788324,0,0,1
8880,8.53,-30.4706,-2.26301,1.03145,1.00561,1.00243,1.03406,0.9701,0.122874,0.000190091,0,0,1
8881,83.6987,319.884,-39.4547,1.15869,1.00919,1.0082,1.0683,0.990971,0.0728336,-0.00157382,0,0,1
8882,27.474,-102.215,-13.8817,1.19678,1.0282,0.990033,0.984932,0.836695,0.116254,-0.00120503,0,0,1
8883,4.59426,16.4045,1.49295,1.41555,1.01683,0.997356,1.01861,1.03476,-0.242914,-0.000205101,0,0,1
8884,15.0695,53.4792,-0.209148,1.17986,0.990906,0.991566,0.969282,1.13057,0.00366276,-0.00135745,0,0,1
8885,50.8876,-180.292,-4.42199,0.802736,0.979012,1.00044,0.983125,1.26945,0.0075073,0.000243505,0,0,1
8886,18.6784,-68.494,-8.54319,0.8472,0.998655,1.00266,0.956954,0.901701,0.130244,-0.00115203,0,0,1
8887,586.304,-2553.15,-764.802,0.95548,1.02289,0.998178,1.001,1.18754,-0.0344277,0.000657873,0,0,1
8888,17.6484,-64.0829,-7.4097,0.870371,1.0009,1.01453,1.03675,1.17943,0.116991,-0.000890501,0,0,1
8889,7.27019,25.9204,1.83807,0.587965,0.992326,0.996291,0.97415,1.32605,-0.131645,-0.000422211,0,0,1
8890,36.6562,-133.774,13.501,1.07793,1.02438,0.993543,1.01612,0.630746,-0.0511425,0.00146502,0,0,1
8891,6.43139,-22.7558,-1.09361,1.27217,0.984703,1.00681,1.00456,0.960029,0.0942569,0.00133185,0,0,1
8892,15.9825,56.8668,2.24133,1.22631,1.00148,1.0067,0.978443,0.919355,-0.0357002,-0.00059256,0,0,1
8893,11.6446,41.5153,2.24348,0.960568,1.00556,1.00291,0.918788,1.11541,-0.0665033,-0.000532526,0,0,1
8894,22.8374,81.9961,6.06844,1.33326,1.02212,0.995577,0.985424,1.08342,-0.0518788,1.07116e-05,0,0,1
8895,7.68298,27.1726,0.591046,1.17624,0.980962,1.00236,0.987103,0.875412,-0.0363803,-0.00184499,0,0,1
8896,6.42571,-23.1645,-2.42734,1.18692,1.02575,1.00473,1.00502,1.08152,0.228722,-0.000783784,0,0,1
8897,34.4881,-129.745,-17.8979,1.39698,0.994921,1.01139,1.03634,0.836386,0.136623,-0.00170592,0,0,1
8898,3.87788,-13.8234,-1.26664,0.920684,1.00979,1.00456,0.985103,0.747106,0.274024,0.000397282,0,0,1
8899,43.7329,-156.041,-8.98883,1.27114,0.98528,0.994987,1.03249,0.848567,0.0213048,7.53564e-05,0,0,1
8900,4.99121,17.8694,1.78397,0.672603,0.985892,1.00425,0.96738,1.05458,-0.256399,0.000519121,0,0,1
8901,2.79199,-9.86018,-0.789109,0.6566,0.966183,0.983638,0.983728,0.938219,0.288007,0.00200653,0,0,1
8902,22.5674,83.244,10.4951,1.13986,1.03161,1.00405,0.97042,1.06728,-0.11034,0.000972007,0,0,1
8903,7.45327,26.3966,1.04549,1.24827,0.989716,1.00384,1.05035,1.05985,-0.0685469,-0.00138931,0,0,1
8904,9.11121,32.4801,2.32876,0.926705,0.976356,0.985872,0.991129,1.03212,-0.111174,-0.000225627,0,0,1
8905,18.0798,64.1462,0.31809,1.19457,0.97516,1.00933,1.02811,1.08764,-0.0038783,-0.000966368,0,0,1
8906,14.7156,-52.5968,1.73611,1.10735,1.04822,1.00203,1.02468,1.15343,-0.0330063,0.00196207,0,0,1
8907,12.619,45.9587,5.71003,0.725903,0.987409,1.00101,0.930301,1.29535,-0.174399,0.0014124,0,0,1
8908,6.62109,-23.8018,-2.52122,0.824072,1.00134,1.00749,1.00888,0.957064,0.227195,-0.000928197,0,0,1
8909,86.7389,308.572,2.48593,0.861131,0.987368,1.01154,1.02138,1.47039,-0.00133181,-0.000194391,0,0,1
8910,35.0657,125.812,-7.06094,1.07026,1.02702,0.992521,1.00186,1.04624,0.0254564,-0.00102592,0,0,1
8911,7.8273,28.0125,2.39046,0.998286,1.01395,0.998142,0.969702,0.958717,-0.153499,8.37243e-05,0,0,1
8912,7.62307,-27.0574,-1.83204,0.98282,0.973545,1.00057,0.980572,1.05435,0.119415,0.000439808,0,0,1
8913,3.49202,12.4092,1.09527,1.03253,0.99011,1.00672,0.978619,1.1241,-0.278717,-0.000747979,0,0,1
8914,25.5961,-91.0012,1.45885,0.905356,1.00299,1.00078,1.0506,0.80272,-0.00949763,0.000927809,0,0,1
8915,70.2822,-259.974,-33.3629,0.811299,0.988858,1.01273,0.969025,1.38598,0.0429895,-0.0004505,0,0,1
8916,73.3322,279.168,34.4379,0.883391,1.00151,0.986905,1.02621,1.30855,-0.0870358,0.00116253,0,0,1
8917,5.75418,20.453,1.63674,1.05841,0.967835,1.00408,1.02746,1.07224,-0.177744,-0.000224056,0,0,1
8918,64.1386,244.59,27.6255,0.80329,0.994967,1.00123,1.02755,0.983372,-0.108133,0.00147734,0,0,1
8919,9.42548,-33.5966,-2.52996,1.0436,0.980895,0.999945,0.964071,1.27507,0.113704,8.38039e-05,0,0,1
8920,4.96109,-17.6565,-1.37536,1.14825,0.984887,0.994557,0.994103,0.844176,0.193785,0.000592064,0,0,1
8921,28.7751,103.598,8.9901,1.23331,0.99979,0.992096,1.00002,1.24698,-0.0506926,0.000179878,0,0,1
8922,18.482,-66.3626,4.61554,1.12411,1.0101,1.00207,1.00919,1.00506,-0.0591798,0.00211085,0,0,1
8923,8.80043,-31.4904,-2.61783,1.01701,1.00973,1.00543,1.01959,1.17896,0.136172,-0.000101211,0,0,1
8924,6.70002,-23.7676,-1.39418,0.999723,0.999508,1.01966,0.922721,1.11492,0.112205,0.000906575,0,0,1
8925,5.27924,-18.8497,-1.74176,1.10216,0.976553,0.989501,0.976478,0.677345,0.22652,-0.000191022,0,0,1
8926,5.03033,-17.9845,-1.72155,1.14691,1.00009,0.996836,1.01751,1.29283,0.244369,-0.000252988,0,0,1
8927,17.4249,61.9506,1.66111,0.883141,1.00239,1.00482,1.00927,1.2141,-0.0222403,-0.000727071,0,0,1
8928,11.9219,-42.4819,-2.30679,1.04167,1.01399,1.01331,1.01977,1.12586,0.065631,0.000499919,0,0,1
8929,34.0142,121.623,-5.60131,0.994974,0.995842,0.997232,0.935163,0.988923,0.0209038,-0.00094052,0,0,1
8930,91.8682,-327.654,9.66084,0.794901,1.03371,0.990895,1.00797,1.1206,-0.00533561,0.000315365,0,0,1
8931,9.29331,-33.8757,-4.17856,0.844556,1.01934,1.01756,1.01885,1.00948,0.219432,-0.00160758,0,0,1
8932,4.7842,-17.0136,-1.23093,0.762539,0.998158,1.00654,0.960265,1.28925,0.18256,0.000914743,0,0,1
8933,3.59746,-12.8826,-1.4557,0.819966,1.0133,1.00474,0.940393,0.915864,0.365177,-0.000704225,0,0,1
8934,22.5939,-82.3691,7.79399,0.676203,1.04971,0.99248,1.01843,1.32112,-0.0728104,0.00221242,0,0,1
8935,2.47692,8.82056,1.00263,1.19424,0.989947,0.987901,0.989658,0.783137,-0.455276,-0.000267638,0,0,1
8936,10.5584,-37.513,-0.427995,0.945138,1.01893,0.997934,1.05773,0.807124,0.0150389,0.0016232,0,0,1
8937,46.5972,-168.492,16.0625,0.963302,1.00048,1.00978,0.998093,1.21676,-0.0365928,0.00106782,0,0,1
8938,5.16138,-18.4413,-1.66387,0.942901,0.999914,0.992529,1.00354,0.885994,0.224261,2.86907e-06,0,0,1
8939,13.3167,47.3326,2.38564,1.43915,0.967957,1.00774,0.97978,0.68792,-0.0538813,-0.000470156,0,0,1
8940,21.2484,-75.2504,-1.86194,1.3466,1.00526,1.03143,0.965837,1.13013,0.0169081,0.000589572,0,0,1
8941,15.824,-57.1313,-5.3901,1.16118,1.01901,0.995904,0.987257,0.973433,0.098062,-0.000405968,0,0,1
8942,14.0595,51.0634,5.27789,0.628846,1.02992,1.00127,1.0447,1.11167,-0.122587,0.000654407,0,0,1
8943,4.59331,16.2988,1.20618,1.16043,0.989295,1.0105,1.01486,1.03723,-0.19071,-0.000884814,0,0,1
8944,17.8084,63.1291,0.0570404,0.462618,0.985403,0.993983,0.972348,1.00327,-0.000718595,-0.00107186,0,0,1
8945,62.6699,227.635,-22.5298,0.800168,0.972686,0.992594,1.03181,1.18491,0.0284085,-0.000814279,0,0,1
8946,8.94261,-32.2203,-2.7899,0.910763,1.04428,1.0029,1.01232,1.12346,0.142526,-0.000162473,0,0,1
8947,71.3626,-271.681,-30.8995,0.922662,1.00056,0.989493,1.05249,1.02347,0.0976608,-0.00132976,0,0,1
8948,5.19334,-18.6564,-2.00191,1.08775,1.01273,0.994659,1.01306,1.17013,0.273294,-0.000795189,0,0,1
8949,15.9046,-56.6391,-2.6096,0.774275,1.03696,1.02018,1.02875,1.18359,0.0428361,0.000498395,0,0,1
8950,21.4936,76.1806,0.206957,0.739177,0.986373,1.00368,1.00936,0.996539,-0.00181305,-0.000855793,0,0,1
8951,12.4312,44.4461,3.08228,0.90503,1.00335,0.993164,0.977982,1.12036,-0.0832865,-0.000161252,0,0,1
8952,22.7766,-80.854,0.652649,0.980104,0.995773,0.995742,1.0013,0.976479,-0.00531735,0.000948234,0,0,1
8953,13.9899,50.7009,5.71225,0.834526,0.966108,0.990844,0.954662,1.0298,-0.139041,0.00098623,0,0,1
8954,4.35695,15.5295,1.29397,1.28384,1.00456,1.00575,0.997866,1.25092,-0.228061,-0.000580757,0,0,1
8955,18.8697,-67.5277,-4.89416,0.809425,1.00482,0.988582,0.991803,1.33798,0.0612193,6.05936e-06,0,0,1
8956,5.87687,21.094,2.07871,1.06615,1.01938,0.998682,0.998868,0.773258,-0.22522,0.000434156,0,0,1
8957,22.0594,-79.2539,-6.58938,1.1096,1.02008,1.0024,0.999653,0.990725,0.0618179,-0.000156608,0,0,1
8958,13.2913,-47.7989,-4.51209,0.68643,0.987029,1.00581,0.969441,1.08596,0.113,-0.000484343,0,0,1
8959,94.2685,-360.212,-20.7277,0.643952,0.989435,1.00313,0.995603,1.20473,0.104099,-0.00150717,0,0,1
8960,11.6678,41.5678,-1.13516,0.845828,0.992256,0.980725,0.999121,1.0147,0.033004,-0.0022764,0,0,1
8961,155.282,597.133,-42.0871,1.38914,0.962315,1.00733,0.970703,1.16389,0.0564197,-0.00116106,0,0,1
8962,5.40949,-19.4556,-1.93011,1.16255,1.02987,1.00007,0.997018,1.30319,0.241771,-0.000391609,0,0,1
8963,22.4299,-84.2929,-12.1663,1.27487,1.01837,0.992066,0.996349,1.05355,0.207834,-0.00253989,0,0,1
8964,3.70204,13.1276,0.707592,1.18733,1.00943,0.995581,1.03196,0.665946,-0.159502,-0.00261932,0,0,1
8965,80.4506,-291.626,-30.8443,0.914951,0.988268,0.994659,0.999821,1.04754,0.0252066,-0.000185679,0,0,1
8966,27.6342,100.568,11.4491,1.16309,0.9889,0.996018,0.991488,1.09997,-0.0765173,0.00059138,0,0,1
8967,5.67132,20.404,2.14456,0.664994,1.02155,1.00203,0.981226,1.30725,-0.249851,0.000729594,0,0,1
8968,7.07348,25.3678,2.38267,1.25625,1.01102,1.01701,0.98331,0.798479,-0.184924,0.000418896,0,0,1
8969,4.17812,-14.9311,-1.47944,0.74259,1.00627,1.00476,1.0247,1.04735,0.286325,-0.000185302,0,0,1
8970,159.801,-657.696,118.574,0.76584,1.01006,0.994016,1.02834,0.784512,0.116072,-0.00180669,0,0,1
8971,4.01269,14.3124,1.32837,0.806796,1.00783,0.995418,0.972934,1.06695,-0.272329,-0.000307704,0,0,1
8972,8.99063,32.2881,2.72295,1.28036,1.01973,0.985699,0.979581,1.18173,-0.136881,8.08781e-05,0,0,1
8973,9.70237,34.5666,1.78757,1.07996,1.01432,0.998008,0.988254,0.843757,-0.0745119,-0.000760894,0,0,1
8974,17.2562,63.2606,7.99552,1.12523,0.994839,1.0062,1.0143,1.09073,-0.140242,0.00124322,0,0,1
8975,213.621,834.378,253.601,1.00917,1.01528,0.995184,0.985491,0.843854,0.0478828,-0.000876933,0,0,1
8976,5.67217,-20.1508,-1.05931,0.974712,1.01476,0.991631,1.00843,1.13419,0.116257,0.00153158,0,0,1
8977,49.3354,178.378,14.9061,1.32842,1.02523,1.00044,0.988567,1.24623,-0.028835,8.77096e-05,0,0,1
8978,10.7102,-38.6547,-4.20968,0.979027,1.00166,1.00812,1.01702,0.863707,0.162974,-0.000954096,0,0,1
8979,20.6645,73.5036,4.06613,0.966005,0.976075,1.00185,1.01351,0.941289,-0.0400618,-0.00022738,0,0,1
8980,13.9311,49.8429,3.48124,1.24782,1.00469,1.00484,1.00114,0.677154,-0.0754536,-0.000104239,0,0,1
8981,16.1396,-57.2788,-1.94127,1.13921,0.961907,1.00001,1.01685,0.672601,0.0304072,0.000631201,0,0,1
8982,12.7347,45.9057,4.5781,1.2559,0.979981,0.987452,1.0229,1.3527,-0.126687,0.000624717,0,0,1
8983,5.33522,18.9507,0.829461,1.43002,1.02182,1.00778,0.974995,0.742951,-0.0994378,-0.00198383,0,0,1
8984,5.70888,-20.3521,-1.84671,0.683475,0.969557,0.992331,1.0272,1.3871,0.208211,-0.000197411,0,0,1
8985,17.5001,62.0785,-1.33151,0.985885,0.987913,1.00579,1.01436,0.748982,0.01748,-0.00139499,0,0,1
8986,8.86013,-32.0748,-3.8787,0.984378,0.96188,1.00552,0.969357,0.957118,0.221196,-0.00162635,0,0,1
8987,25.2872,90.2176,3.47256,1.19196,1.0174,1.00561,1.00997,1.27431,-0.0231104,-0.00037828,0,0,1
8988,38.3292,139.119,14.8342,1.25377,0.993856,0.999937,1.00469,0.790449,-0.050676,0.000352869,0,0,1
8989,14.7482,-52.4327,-0.472572,1.30195,1.00907,0.989962,0.999552,1.32937,0.00893237,0.00119451,0,0,1
8990,10.9609,-39.1269,-2.14978,0.859973,1.03144,0.991208,1.03992,1.27758,0.0723658,0.000610901,0,0,1
8991,73.0741,284.213,-10.2062,0.991415,0.985311,1.00446,1.01018,0.824253,0.146871,-0.00297029,0,0,1
8992,7.69842,-27.7103,-2.90117,0.774223,1.00927,0.99828,0.963237,1.07858,0.200122,-0.000829589,0,0,1
8993,4.35897,-15.4965,-1.12289,1.3554,1.03024,1.0129,0.963249,1.05535,0.194411,0.001215,0,0,1
8994,20.488,73.2066,1.72716,1.16186,1.04142,0.989381,0.971946,0.884105,-0.0173341,-0.000702817,0,0,1
8995,5.81317,-20.8929,-2.29415,0.882704,0.978173,1.00155,0.954138,1.12371,0.261677,-0.00115169,0,0,1
8996,7.25224,-26.0215,-2.33493,1.02508,1.02672,1.00059,0.996689,0.989108,0.173123,-0.000188535,0,0,1
8997,3.05489,-10.8652,-0.997271,1.43474,1.01519,0.997801,1.02115,1.19985,0.316093,0.0011455,0,0,1
8998,4.97787,-17.6742,-1.05623,1.00855,0.995967,0.998761,0.995853,0.892387,0.144948,0.00142292,0,0,1
8999,2.9947,-10.612,-0.747233,1.17804,1.01339,0.994782,0.987516,0.844687,0.24072,0.00255332,0,0,1
9000,79.7673,303.704,37.4497,0.832959,1.00713,0.995012,1.03185,1.03076,-0.0794825,0.00106139,0,0,1
9001,189.281,-677.996,53.8265,0.984628,1.00185,1.00655,0.956378,1.28226,-0.00747365,0.000235349,0,0,1
9002,4.80431,17.1548,1.59783,1.17448,0.984072,1.00018,1.00106,0.761781,-0.2422,0.000121673,0,0,1
9003,169.579,-632.661,-83.9593,1.27367,1.0067,1.00038,0.949953,1.12892,0.0213208,-0.000240295,0,0,1
9004,8.99027,-31.9789,-2.39024,0.932164,0.975544,1.00788,1.0082,1.19451,0.116302,0.000102143,0,0,1
9005,32.4211,-121.441,-16.9944,1.06501,0.99425,0.99063,0.968862,0.971009,0.125982,-0.00148664,0,0,1
9006,13.6398,-49.9998,-6.26358,0.652419,1.00918,0.988937,1.02833,0.829259,0.170892,-0.0014132,0,0,1
9007,10.1801,36.4375,2.87357,0.893699,0.996133,1.00382,0.982974,1.30856,-0.113113,3.40224e-05,0,0,1
9008,123.554,-466.542,-60.534,1.30891,0.998239,0.990227,1.01554,0.822248,0.0444904,-0.000575065,0,0,1
9009,6.74047,-24.1425,-1.66903,0.85534,1.0473,1.00255,1.02055,1.03502,0.136871,0.000675295,0,0,1
9010,6.62223,23.5121,0.737221,0.960588,1.02218,1.01932,0.990742,0.744777,-0.0595398,-0.00190356,0,0,1
9011,52.9228,193.053,21.5625,1.0148,0.99967,1.00678,0.989648,0.89159,-0.0397916,0.000307931,0,0,1
9012,3.50274,-12.4523,-1.09526,1.27077,0.994123,1.00512,1.03918,1.26607,0.278261,0.000774581,0,0,1
9013,653.577,-2862.14,772.391,1.3408,0.99525,1.01377,0.982442,0.961799,0.0775785,-0.00130403,0,0,1
9014,4.28054,15.1349,0.866152,1.32586,0.975961,1.00132,0.983218,0.814418,-0.152589,-0.00181631,0,0,1
9015,277.66,1408.69,-671.887,0.599026,0.98744,1.00041,0.971121,1.21379,-0.0673779,0.00108098,0,0,1
9016,35.1292,127.293,13.1603,0.675218,0.992217,0.993338,1.00277,0.727196,-0.0528488,0.000340692,0,0,1
9017,5.88093,-20.9687,-1.59142,1.15684,1.00727,1.00467,1.03104,1.16102,0.167101,0.000466571,0,0,1
9018,11.0529,39.6169,3.39017,1.02741,0.97516,0.985424,0.951282,0.852985,-0.116995,0.000240962,0,0,1
9019,6.60317,-23.4594,-1.09636,1.21018,1.02528,1.00587,0.99647,1.19657,0.0911145,0.00143608,0,0,1
9020,97.9504,371.323,-50.3977,1.18624,1.00017,1.00751,1.00776,0.907225,0.0483142,-0.00108332,0,0,1
9021,12.861,45.8909,3.02999,0.743099,0.992123,1.00461,1.04018,0.867979,-0.0751578,-0.000205051,0,0,1
9022,49.6518,184.132,-24.0399,1.13273,0.978434,1.02104,1.00848,1.19636,0.0587975,-0.00144007,0,0,1
9023,12.0426,43.299,3.17028,1.17677,1.04592,1.00599,1.03254,1.04093,-0.0910646,-0.000120018,0,0,1
9024,7.75198,-27.7296,-2.4184,0.952405,0.986272,1.00147,1.02262,1.163,0.158655,-0.000226683,0,0,1
9025,9.69726,34.4619,1.97396,1.23627,0.988193,1.00463,1.00521,1.16953,-0.0813983,-0.000573443,0,0,1
9026,25.6978,-91.3408,-3.67127,0.838704,0.962693,1.00736,1.0015,1.00275,0.0235436,0.000313452,0,0,1
9027,22.8173,84.8374,11.4719,0.80068,1.02165,1.01042,0.975267,0.763454,-0.128155,0.00128744,0,0,1
9028,7.70044,27.4918,2.00544,1.44108,1.02543,1.00775,0.992317,1.32385,-0.129338,-0.000357384,0,0,1
9029,8.95641,31.9352,1.9136,1.12405,1.00462,1.0002,1.02228,0.999046,-0.0928432,-0.0005918,0,0,1
9030,6.53492,23.6038,2.34107,1.36585,1.04471,0.992268,1.04535,1.21682,-0.212913,0.000469134,0,0,1
9031,19.5564,-70.5853,5.88197,0.907622,1.01191,0.98437,0.945542,0.525369,-0.0700164,0.00227518,0,0,1
9032,8.39602,29.9256,1.78635,0.930997,1.02586,1.01368,1.01309,0.591207,-0.0968866,-0.000675678,0,0,1
9033,4.70164,16.688,1.05321,1.16484,0.990827,0.994696,1.00371,0.99234,-0.159748,-0.00140447,0,0,1
9034,6.10027,-21.8243,-1.98841,1.23171,0.998042,0.998572,1.03263,0.702974,0.201246,-0.000225327,0,0,1
9035,16.7629,60.7373,5.63246,1.24332,1.03672,0.996002,0.923961,0.933107,-0.0917159,0.000349871,0,0,1
9036,13.4756,-48.4048,-3.58289,0.992166,1.03156,0.991439,1.03676,0.646462,0.0847393,5.88284e-05,0,0,1
9037,20.5873,-73.9956,-6.45601,1.13815,0.991007,1.00366,1.01879,0.672394,0.0698835,-0.00025693,0,0,1
9038,32.1062,-114.196,0.192501,0.856443,1.01612,0.99634,1.03812,1.16706,-0.000827466,0.000633455,0,0,1
9039,14.6115,51.8958,-1.64454,0.917272,0.983451,1.01183,1.01606,1.04235,0.0305585,-0.00182362,0,0,1
9040,6.70953,23.9806,2.11606,0.682185,0.991274,1.01275,0.953029,1.36102,-0.177677,0.000192739,0,0,1
9041,3.08145,-10.8825,-0.709672,0.929577,0.962319,0.990418,1.07641,0.818659,0.218596,0.00242749,0,0,1
9042,6.12948,21.8644,1.63488,1.00351,0.99609,0.993082,1.03991,1.10857,-0.159726,-0.000469404,0,0,1
9043,12.2515,-44.1553,-4.20676,1.24696,1.01255,0.988813,1.01128,0.88337,0.12362,-0.000466362,0,0,1
9044,14.448,51.6237,3.2881,1.28648,0.994006,0.993407,1.04961,0.993955,-0.0661499,-0.000217461,0,0,1
9045,10.2262,36.5772,3.07688,1.0801,0.981078,1.00256,1.01441,1.19852,-0.120457,0.00019122,0,0,1
9046,6.19929,-22.2819,-2.4073,0.86679,0.977262,0.985623,0.996511,1.33854,0.247434,-0.00105243,0,0,1
9047,4.80133,17.1693,1.65691,0.846417,1.00639,1.00316,0.981219,0.932322,-0.253193,0.000225417,0,0,1
9048,7.79153,-27.6814,-1.30527,0.904989,1.00203,1.00249,1.06727,1.01346,0.0804727,0.00111245,0,0,1
9049,6.68843,23.8436,1.65241,0.714419,1.0071,0.999306,0.967909,1.11299,-0.137263,-0.000590518,0,0,1
9050,35.526,-133.84,18.7012,0.65582,1.03142,0.997083,0.995203,1.10062,-0.107797,0.00253492,0,0,1
9051,8.70354,31.1241,1.56816,1.13242,1.03849,0.984881,0.987666,0.744523,-0.0802748,-0.000990716,0,0,1
9052,7.57214,-27.2411,-2.87418,1.0445,0.99301,0.99379,0.980495,0.732796,0.206071,-0.000912643,0,0,1
9053,3.64593,-13.1636,-1.68273,0.703033,1.00994,0.990587,0.992593,1.0757,0.42633,-0.00170159,0,0,1
9054,6.77233,-23.9643,-0.829465,1.18004,0.959356,0.980205,0.995385,0.824039,0.0655968,0.0016953,0,0,1
9055,13.3042,47.7276,3.98967,1.09414,1.00066,0.995077,0.969448,1.0327,-0.0973324,0.000184434,0,0,1
9056,25.8877,-95.0609,-10.3084,0.91757,1.06031,0.995465,1.01809,1.0229,0.0783496,-0.000526532,0,0,1
9057,28.7669,102.8,5.99844,1.00832,0.991284,1.00071,1.03603,0.936923,-0.0314893,-0.000129003,0,0,1
9058,10.5211,-37.7215,-3.28131,0.515653,1.01347,0.996794,0.948636,1.16601,0.124485,-0.00023513,0,0,1
9059,6.03023,21.8172,2.50729,1.01104,1.01843,0.998926,1.02419,1.15944,-0.270175,0.00126815,0,0,1
9060,10.0222,35.6618,1.88684,0.598113,1.00373,1.01242,1.05552,0.875513,-0.0729711,-0.000664156,0,0,1
9061,5.58847,19.9594,1.68081,1.03721,1.01658,1.00749,0.96343,0.888705,-0.193824,-0.000209893,0,0,1
9062,6.6428,23.8365,2.36909,1.17511,0.988868,0.994753,0.961655,1.12594,-0.210114,0.000641357,0,0,1
9063,7.36091,26.1558,1.82,0.846195,0.979157,1.00551,1.00748,1.07898,-0.125649,-0.000420055,0,0,1
9064,10.0677,-35.822,-2.11934,1.12219,0.984766,0.991926,1.0011,1.06914,0.0830366,0.000500002,0,0,1
9065,6.47861,-23.041,-1.22184,0.954954,1.01527,0.992656,0.998046,0.669413,0.106142,0.00126096,0,0,1
9066,9.33797,33.1076,1.22046,0.914709,0.958593,0.984981,0.987356,0.921717,-0.0534864,-0.00111137,0,0,1
9067,13.3939,-47.539,1.64567,0.972478,0.986336,1.01311,1.04985,0.845901,-0.0364791,0.00204718,0,0,1
9068,4.96309,-17.652,-1.22783,0.947291,0.995227,0.990629,0.954594,0.767469,0.172293,0.00101625,0,0,1
9069,32.6637,-121.242,-16.2791,1.07635,0.998252,1.00401,1.02653,1.17055,0.0958755,-0.00101195,0,0,1
9070,15.6472,-55.5556,-2.37586,1.12858,0.964721,1.00297,0.949718,0.839044,0.0397329,0.000507406,0,0,1
9071,6.49045,-23.0511,-1.57826,0.899404,0.976815,0.990943,1.04619,0.603776,0.137758,0.000610379,0,0,1
9072,7.87643,-28.3718,-2.88636,0.494035,1.02456,1.00921,1.04679,1.14417,0.18875,-0.000697143,0,0,1
9073,10.948,38.9619,2.53939,0.797797,0.980706,0.998125,1.00952,1.01173,-0.0848496,-0.000294049,0,0,1
9074,9.8887,-35.1512,-1.09329,1.23913,1.01831,1.00656,0.955119,1.2208,0.0433408,0.00123912,0,0,1
9075,19.8366,-74.6029,-10.5556,1.19525,0.979584,1.01421,1.00317,0.885588,0.222941,-0.00274499,0,0,1
9076,8.26943,-29.4296,-1.56164,1.1607,1.01761,0.987714,0.972743,0.972552,0.0879601,0.000926069,0,0,1
9077,10.9265,-38.9625,-2.45725,1.25815,0.991358,0.991896,1.02979,0.891562,0.0837516,0.000350825,0,0,1
9078,176.27,675.798,42.8198,0.998713,0.995833,1.02453,0.972233,1.1472,-0.0530093,0.00076451,0,0,1
9079,109.895,-397.229,38.6157,0.657792,1.00663,1.00965,1.01668,0.98249,-0.0163327,0.000468749,0,0,1
9080,4.54886,16.0681,0.750302,1.29438,0.981546,1.00417,1.01881,0.80191,-0.118088,-0.00214989,0,0,1
9081,39.9031,143.877,12.5633,1.11696,0.997233,0.999371,0.919227,0.98369,-0.037285,0.000148054,0,0,1
9082,8.65942,-30.9914,-2.57301,0.653885,0.989088,0.990672,1.01031,1.02006,0.138714,-0.000110866,0,0,1
9083,5.49229,19.5601,1.45382,1.07777,1.00291,1.01299,0.947864,0.985712,-0.169839,-0.000599547,0,0,1
9084,78.0589,293.112,40.8137,0.780583,1.01351,0.997638,0.985359,1.29302,-0.0507064,0.000589321,0,0,1
9085,6.03473,-21.4513,-1.19272,1.09372,1.0167,1.01493,1.01285,1.2298,0.116368,0.00122334,0,0,1
9086,9.55501,34.0073,1.45299,0.966267,1.00629,0.99757,1.02542,0.901394,-0.0616292,-0.000995844,0,0,1
9087,33.161,118.24,2.71292,1.19991,1.01377,1.00509,1.04006,0.685041,-0.0104548,-0.000409537,0,0,1
9088,20.0443,-71.9756,-6.78504,0.740567,0.960708,0.99404,0.980992,0.931027,0.0779929,-0.000385102,0,0,1
9089,16.7954,-59.7855,-2.10936,0.916184,1.01606,1.00732,1.0188,1.12057,0.0311298,0.000628568,0,0,1
9090,12.7132,45.0643,0.800592,0.749688,0.994412,1.00204,1.00549,1.1884,-0.0193643,-0.00118156,0,0,1
9091,19.986,71.5915,-4.6915,1.01076,0.980102,0.991588,0.930981,1.10981,0.0504343,-0.00185847,0,0,1
9092,3.04026,-10.8531,-1.20012,0.601721,0.995745,0.983648,1.00496,1.01596,0.395182,-0.000136914,0,0,1
9093,10.7584,38.6503,3.50202,0.924113,1.00552,0.984755,1.03034,0.878231,-0.128532,0.000328882,0,0,1
9094,6.41878,22.9795,2.11401,1.18709,0.997536,1.0097,0.974817,0.95962,-0.194412,0.000313549,0,0,1
9095,221.037,-1105.26,511.684,0.827189,1.02681,0.993763,0.949533,0.880194,0.0897072,-0.00143794,0,0,1
9096,161.272,-731.986,258.464,1.00609,1.01084,0.998791,1.04265,1.13912,0.126395,-0.00200722,0,0,1
9097,37.2266,-137.51,-17.835,1.25933,0.972838,0.993597,0.9998,0.961484,0.0796332,-0.000820195,0,0,1
9098,4.08874,14.5508,1.41181,0.758892,0.972631,1.00202,0.983509,1.33536,-0.281202,0.000144873,0,0,1
9099,10.2579,-36.2939,0.037266,1.0425,0.991327,1.00463,1.03609,1.17353,-0.00135646,0.00189136,0,0,1
9100,20.7002,-73.5019,1.78313,0.903861,0.998575,1.00761,0.977324,0.869794,-0.0172967,0.00123209,0,0,1
9101,6.47796,-23.1786,-1.55827,0.880543,1.03308,0.982958,0.992276,1.04951,0.137967,0.000818158,0,0,1
9102,10.9557,39.4032,3.73233,0.886646,1.01035,0.99768,0.991872,1.20725,-0.132878,0.000456198,0,0,1
9103,61.8889,-226.259,25.693,0.907238,0.989178,0.993549,0.962634,1.09232,-0.0366976,0.000975095,0,0,1
9104,35.5381,-128.585,-13.3301,1.45805,0.98702,0.988423,1.01375,0.715649,0.0535876,-0.000358382,0,0,1
9105,25.0096,89.8414,7.54879,1.10843,0.984619,1.00935,1.03146,0.598173,-0.0543697,0.000170115,0,0,1
9106,55.6264,199.861,-16.002,0.856008,0.971392,1.0082,1.00209,0.872988,0.0234092,-0.000752812,0,0,1
9107,46.8052,168.409,12.9681,1.341,0.990541,0.990815,0.979711,1.27428,-0.0274874,5.26134e-05,0,0,1
9108,17.284,-61.6564,-3.30382,1.01876,1.00819,0.995301,1.07877,0.995964,0.0473546,0.000328814,0,0,1
9109,5.1252,-18.2876,-1.52083,1.26212,0.993574,0.986016,0.98856,0.886626,0.20608,0.000341644,0,0,1
9110,23.5894,-86.9159,-11.1424,1.20908,1.00508,1.00452,1.01098,0.879084,0.113491,-0.00108019,0,0,1
9111,6.15916,-21.9822,-1.81474,1.12301,0.978889,0.981521,1.02269,1.23013,0.179081,0.000124563,0,0,1
9112,10.8274,-38.5671,-2.13141,1.02225,1.01848,0.991144,1.0075,0.755664,0.0735176,0.000591514,0,0,1
9113,12.5893,45.0734,3.43509,0.784138,0.995006,1.00456,0.976735,1.25528,-0.0906522,1.88436e-05,0,0,1
9114,9.93039,35.4831,2.58816,1.27515,0.997295,1.00775,1.04321,1.23237,-0.105005,-0.000140548,0,0,1
9115,3.89442,13.9148,1.421,1.2271,1.00602,1.00953,1.01591,0.723685,-0.30949,0.000262512,0,0,1
9116,5.69383,-20.3509,-1.84853,0.90739,1.00435,0.996379,1.01733,1.13127,0.21058,-0.000123038,0,0,1
9117,7.77001,27.7047,2.39542,1.01092,0.96606,0.998235,1.01385,0.526601,-0.154838,0.000211459,0,0,1
9118,178.148,713.004,56.3825,1.33331,1.03718,1.02109,1.04257,1.15719,0.0875549,-0.00171843,0,0,1
9119,4.63141,16.392,1.02985,1.2685,0.973351,1.00525,0.963192,0.945918,-0.159381,-0.00133443,0,0,1
9120,31.133,110.505,0.288036,0.979668,0.980877,0.987407,0.939673,0.994154,-0.00123138,-0.000601419,0,0,1
9121,143.28,568.241,-35.8332,0.938864,1.00677,0.99784,1.02723,0.56963,-0.105355,0.0016034,0,0,1
9122,4.89651,17.545,1.83425,1.12666,0.999644,0.9982,1.0028,1.1755,-0.275937,0.000680453,0,0,1
9123,4.2797,-15.2905,-1.53177,0.873445,0.981474,0.994936,0.994942,0.732207,0.286678,-0.000355472,0,0,1
9124,10.1754,36.268,2.32298,1.19225,0.988839,0.997029,0.993849,1.08187,-0.0891917,-0.000371211,0,0,1
9125,12.1869,-43.6207,-3.36283,0.661621,1.00745,1.00572,0.976115,1.08422,0.0954366,-3.17238e-05,0,0,1
9126,6.30724,22.6312,1.47659,0.876752,1.05895,0.980292,0.959286,1.20911,-0.136178,-0.00102149,0,0,1
9127,135.193,832.529,-140.031,0.834753,0.987719,1.01423,1.06668,0.864843,0.0938732,-0.00170663,0,0,1
9128,7.49366,26.7689,2.0542,0.989478,0.999777,0.991167,1.0233,0.817907,-0.141492,-0.000215588,0,0,1
9129,58.3284,-222.053,-24.683,1.22233,1.00427,1.00108,1.00381,0.760927,0.12182,-0.00166834,0,0,1
9130,7.61642,-27.1598,-2.05642,0.726641,0.987054,0.998076,0.990916,0.933561,0.136539,0.000199568,0,0,1
9131,20.4864,72.6866,2.09466,1.18644,0.985733,0.998823,1.03751,0.941169,-0.0204927,-0.000582241,0,0,1
9132,10.9032,38.8972,2.31169,1.06179,1.00258,1.00125,1.00327,1.30841,-0.0779698,-0.000449917,0,0,1
9133,7.81732,-27.8109,-1.79732,1.34086,0.979783,0.985232,0.964646,1.37399,0.112712,0.000559309,0,0,1
9134,9.68947,-34.3611,-1.013,1.14385,0.994049,0.994704,1.05318,0.897947,0.0415256,0.0012935,0,0,1
9135,5.92642,21.1118,0.963079,1.00963,1.03922,0.992404,0.998582,1.3085,-0.0966795,-0.00178938,0,0,1
9136,6.43771,22.874,1.06992,1.06095,1.00333,0.998985,1.04772,1.06908,-0.0926492,-0.00144771,0,0,1
9137,3.51744,12.5353,0.896292,1.04822,1.03994,0.999694,1.02608,0.846461,-0.220492,-0.00200712,0,0,1
9138,51.9213,-194.2,-26.2576,1.12135,1.0056,1.00166,0.966969,1.28851,0.0691154,-0.000776389,0,0,1
9139,52.8401,-201.013,-22.7639,1.12166,0.984565,1.01053,1.02566,0.889757,0.12563,-0.00171003,0,0,1
9140,459.324,1771.98,-107.33,0.943306,1.01021,1.00323,0.979085,1.10458,0.0221733,-0.000452328,0,0,1
9141,4.27738,-15.1574,-1.12668,0.604298,0.982982,1.00567,1.00675,1.15624,0.201821,0.00100177,0,0,1
9142,114.327,421.054,51.75,1.38483,0.978781,0.997807,0.990119,0.983454,-0.0220826,0.000204382,0,0,1
9143,4.9411,17.5937,1.11433,0.868828,1.02332,0.984685,0.992998,1.20926,-0.155621,-0.00145706,0,0,1
9144,7.53525,26.759,1.79329,1.04927,0.973962,1.00174,1.01777,0.669564,-0.118609,-0.000478339,0,0,1
9145,4.21403,14.9574,0.792075,1.39078,1.01592,0.992713,1.01962,1.09908,-0.143851,-0.0022812,0,0,1
9146,20.853,-73.9894,-2.07256,1.19107,0.986426,0.989578,1.0068,0.882403,0.0201034,0.000585228,0,0,1
9147,30.864,-115.364,-15.9174,0.941398,1.00761,0.99822,0.982173,0.978928,0.115414,-0.00128638,0,0,1
9148,6.738,23.9915,1.45579,0.8349,1.01222,0.98153,1.02815,1.15632,-0.118902,-0.000962999,0,0,1
9149,47.0719,-168.032,-8.7133,0.743264,1.00805,1.01234,1.01399,1.0204,0.0177227,0.000105122,0,0,1
9150,33.9226,-120.64,2.02836,0.850945,1.00729,1.00608,0.980227,0.881986,-0.00764722,0.000707088,0,0,1
9151,7.84754,28.3768,3.34564,0.82256,0.983607,1.00634,0.989694,1.15285,-0.232842,0.00150453,0,0,1
9152,485.085,2061.78,474.412,1.21299,0.966109,1.01873,1.02205,1.05248,0.0368011,-0.000707792,0,0,1
9153,5.2336,-18.7757,-1.86562,1.25308,1.02796,1.00712,0.967656,0.777497,0.246274,-0.000383096,0,0,1
9154,5.04521,-17.9482,-1.48036,1.55234,0.977885,0.992674,0.990041,1.03191,0.204018,0.000340264,0,0,1
9155,15.9868,-57.5417,-5.51548,0.841319,0.980183,1.00423,1.04171,1.24929,0.0981223,-0.000478988,0,0,1
9156,14.5838,51.7405,1.06026,1.25355,0.99017,0.993944,1.1088,0.54846,-0.0199075,-0.00098612,0,0,1
9157,20.7756,74.4651,5.50067,1.03339,0.992394,1.00286,1.00246,1.15181,-0.0559442,3.01163e-05,0,0,1
9158,5.67494,-20.1442,-1.38273,1.23745,0.97407,0.987236,0.984446,1.10983,0.152946,0.000784729,0,0,1
9159,22.8656,83.9634,10.2088,1.10042,1.02172,1.01115,0.972915,1.23613,-0.103018,0.000877719,0,0,1
9160,33.2932,118.591,-3.37728,0.944761,1.00644,1.0173,0.983975,1.00011,0.0126992,-0.000797583,0,0,1
9161,56.0518,-199.685,7.11786,0.991909,1.00895,1.01441,0.968312,0.9671,-0.0100835,0.000521165,0,0,1
9162,18.6506,-66.4515,-3.57302,0.871814,0.996168,1.00364,0.996811,0.659121,0.0436423,0.000284324,0,0,1
9163,3.03492,10.7555,0.885518,1.01051,0.988165,1.01027,0.95877,0.959006,-0.279682,-0.00150653,0,0,1
9164,4.1354,-14.6978,-1.06805,0.851736,1.01749,0.999104,0.965389,0.851452,0.203414,0.00133606,0,0,1
9165,92.6715,-348.676,-46.6491,1.15883,1.01377,1.00442,0.989427,1.10664,0.0535617,-0.00067379,0,0,1
9166,4.44976,-15.7909,-0.796555,1.32747,1.02318,1.00228,1.00489,1.1741,0.13149,0.00221375,0,0,1
9167,5.30554,18.8085,1.31731,1.26324,0.982677,1.01126,0.979965,1.17836,-0.161847,-0.000787455,0,0,1
9168,21.7081,-77.5661,-4.55318,1.30367,1.03349,1.00547,0.99889,0.98655,0.0422066,0.000195471,0,0,1
9169,7.99683,-28.596,-2.32076,0.832713,1.01121,1.01931,0.985456,0.741114,0.141773,-1.56722e-05,0,0,1
9170,16.7989,62.8569,9.06734,1.14214,1.00148,0.992573,0.998641,1.01442,-0.208536,0.00229923,0,0,1
9171,4.32677,15.4307,1.30935,0.873794,0.998506,0.99711,0.945578,1.1032,-0.234673,-0.000523854,0,0,1
9172,13.3954,48.0754,4.06177,0.9167,1.00107,1.00042,0.922393,0.703202,-0.0977558,0.00021106,0,0,1
9173,7.33054,26.1907,2.09924,0.79617,0.98403,0.987825,1.02333,1.03981,-0.150921,-8.46537e-05,0,0,1
9174,9.28326,-33.2735,-2.9597,0.916781,0.989587,0.999848,0.99567,0.930162,0.141645,-0.000332623,0,0,1
9175,226.705,905.641,65.175,1.03588,1.00642,0.999852,1.03758,1.1523,0.067367,-0.00132406,0,0,1
9176,8.84508,31.3703,0.233632,1.05123,1.00741,1.01119,1.03555,1.39288,-0.011045,-0.00199185,0,0,1
9177,5.73007,20.3528,0.955682,1.04921,1.02143,0.993728,1.02083,1.09229,-0.102023,-0.00175062,0,0,1
9178,5.6441,-20.1368,-1.61517,0.865237,1.00617,0.981675,0.977492,1.09266,0.18442,0.000417191,0,0,1
9179,6.53344,-23.1931,-1.24077,0.97308,0.997609,1.00431,1.00225,0.939221,0.104983,0.00115541,0,0,1
9180,18.1553,-64.4935,-3.65187,0.893136,0.977745,1.00606,0.957958,0.47833,0.0466773,0.000236939,0,0,1
9181,7.25916,25.7987,1.82752,0.901427,0.980486,1.00327,0.983735,1.04227,-0.129825,-0.000398497,0,0,1
9182,32.537,117.648,-10.5963,1.05074,1.00822,1.00903,1.00734,1.30563,0.0469046,-0.00143371,0,0,1
9183,13.1119,46.7715,2.60068,1.01823,1.0095,0.987885,1.03122,1.04868,-0.0626124,-0.000448418,0,0,1
9184,12.7104,-45.2389,-2.02916,1.06073,1.0263,0.997428,0.986902,1.21389,0.0513071,0.000694221,0,0,1
9185,14.1653,-50.9193,-4.68303,1.06421,0.994693,0.998868,1.04087,0.863464,0.104213,-0.000401933,0,0,1
9186,14.7925,52.6313,0.882613,0.816018,1.01205,0.987957,0.948998,1.04475,-0.0164151,-0.00106878,0,0,1
9187,15.875,56.4908,1.35107,0.928351,1.01086,0.978463,0.997272,1.10882,-0.0221869,-0.000891784,0,0,1
9188,4.6005,16.3168,1.26713,1.30565,0.978957,1.007,0.97755,1.13414,-0.201051,-0.000679064,0,0,1
9189,10.3639,36.9719,-1.30868,0.864652,1.01246,1.00589,0.978717,1.1849,0.0471373,-0.00271412,0,0,1
9190,105.587,378.826,-22.8375,0.883176,0.985498,1.00709,0.979025,0.969625,0.00884528,-0.000336375,0,0,1
9191,6.26834,-22.2957,-1.31578,1.0832,0.991156,0.987563,0.999591,0.882136,0.121735,0.00104501,0,0,1
9192,4.23734,15.0613,1.03562,1.26173,1.0154,1.00717,1.04012,1.21229,-0.18793,-0.00142034,0,0,1
9193,9.07215,32.1633,1.51828,1.11204,0.993788,1.01519,1.00883,1.27098,-0.0696157,-0.000890778,0,0,1
9194,6.84292,24.3354,1.22953,1.18072,1.01812,0.987018,1.00666,1.09916,-0.096565,-0.00129106,0,0,1
9195,13.9849,-51.1402,-6.07242,1.15481,1.03779,1.00508,1.05872,0.774319,0.150556,-0.00110635,0,0,1
9196,20.0689,-71.3339,-0.462779,0.947599,1.02701,0.997511,0.93692,1.24903,0.00487698,0.000914758,0,0,1
9197,48.7387,179.622,21.9969,1.35731,1.0037,1.00089,0.947345,0.790616,-0.0523827,0.000480753,0,0,1
9198,12.1044,-43.4475,-3.70356,0.841213,1.01734,0.993584,1.00192,0.920861,0.108364,-0.00019542,0,0,1
9199,11.3211,40.2148,1.6536,0.766146,0.990473,0.994397,0.99533,0.879051,-0.0508008,-0.00083978,0,0,1
9200,6.3897,22.713,1.23956,1.12015,1.00229,1.00351,0.961222,1.10843,-0.109169,-0.00116877,0,0,1
9201,4.28335,-15.3026,-1.25916,1.26088,1.02862,0.988303,1.03648,0.888048,0.228529,0.000866772,0,0,1
9202,8.81855,31.4806,2.17364,1.07523,0.979813,0.967352,1.04625,1.02556,-0.111773,-0.000349834,0,0,1
9203,3.66965,-12.9656,-0.852336,0.669349,0.967661,0.994338,0.963967,0.994257,0.197088,0.00180912,0,0,1
9204,10.6688,-38.046,-0.720356,0.976546,1.05185,1.00018,0.99586,0.621904,0.0248714,0.00148756,0,0,1
9205,7.16811,-25.5654,-1.85043,1.75758,1.00499,0.997067,1.0363,1.07768,0.137209,0.000398879,0,0,1
9206,5.15843,-18.3107,-0.923626,1.0293,1.02143,0.991348,0.979945,0.951334,0.11902,0.00186288,0,0,1
9207,33.0291,117.65,-0.551657,0.759366,1.01246,1.01033,1.03433,0.970733,0.0020899,-0.000624678,0,0,1
9208,81.5423,303.366,40.0865,1.15302,0.980917,0.999795,0.988616,0.870144,-0.0386804,0.000412864,0,0,1
9209,21.7241,78.6694,8.39025,1.04455,0.989092,1.00147,0.976717,1.05894,-0.0863596,0.000576519,0,0,1
9210,3.70703,13.1907,1.34503,1.27423,0.962755,1.00802,1.04544,1.05012,-0.31741,0.000372189,0,0,1
9211,72.59,272.392,37.355,1.17239,1.00263,0.997856,0.963966,0.792478,-0.0520188,0.000596467,0,0,1
9212,7.28623,-25.8381,-0.726844,1.06018,1.01271,1.01592,1.01671,1.01021,0.0495348,0.00179443,0,0,1
9213,3.22223,-11.4389,-0.848661,0.901699,1.00945,0.990246,0.961482,1.02295,0.244102,0.00203494,0,0,1
9214,6.83757,-24.7292,-2.85867,0.807447,1.02527,1.02186,1.01892,0.758363,0.246756,-0.00132867,0,0,1
9215,37.5221,-135.348,11.7254,1.18813,0.98714,0.987314,0.959572,1.1725,-0.0402948,0.00124031,0,0,1
9216,6.51151,23.1985,1.4786,0.862229,1.00791,1.0101,0.995407,0.492206,-0.1269,-0.000802142,0,0,1
9217,9.37726,-33.9997,-3.48087,1.03191,1.04868,0.9943,1.02133,1.05861,0.168881,-0.000673282,0,0,1
9218,7.60394,27.2394,2.40183,0.765884,0.999709,0.972536,0.929174,0.817631,-0.165092,0.000151274,0,0,1
9219,2.79305,9.89567,0.92651,1.10765,0.966567,1.0081,0.949045,1.10735,-0.340166,-0.000903164,0,0,1
9220,28.3914,-103.7,11.876,0.903608,0.986817,1.0005,0.998679,0.912213,-0.0766381,0.00205592,0,0,1
9221,3.84737,-13.6892,-1.16523,0.838901,0.995074,0.998332,0.991134,0.706147,0.254124,0.000737116,0,0,1
9222,49.146,184.362,25.3091,0.874607,1.00288,1.02051,0.950137,0.956533,-0.0714689,0.000805761,0,0,1
9223,35.5378,126.533,-4.94913,0.672425,0.984214,0.998303,1.06434,1.23532,0.0166256,-0.000832371,0,0,1
9224,5.57051,-19.8683,-1.59464,0.887329,0.994645,0.987261,1.00795,0.995373,0.18655,0.000361819,0,0,1
9225,5.63642,20.0389,1.10347,1.08543,1.00756,1.00539,1.00177,1.0616,-0.121237,-0.00137879,0,0,1
9226,13.9004,49.8735,4.18051,0.75502,0.992869,1.00715,1.0216,0.741523,-0.0929924,0.000207271,0,0,1
9227,15.4199,55.9954,6.41939,1.17695,1.00651,1.01491,1.00851,1.15893,-0.128539,0.000923932,0,0,1
9228,18.0062,64.655,5.33999,0.837307,1.00991,0.996766,0.986671,1.05006,-0.0732344,0.000152166,0,0,1
9229,10.623,38.07,3.17482,0.822318,1.01867,1.00727,0.981354,1.34868,-0.116305,0.000132907,0,0,1
9230,8.75847,-31.1367,-1.18787,1.1559,1.02099,1.00887,1.00875,1.09885,0.0590173,0.00122643,0,0,1
9231,59.3272,-221.564,-30.3816,1.10505,1.03007,1.00417,0.973943,0.669265,0.0620042,-0.000696579,0,0,1
9232,5.05842,-18.0629,-1.6743,0.856212,0.987337,1.00177,0.998138,1.2132,0.233199,-0.000164274,0,0,1
9233,78.3873,-279.998,-15.6831,1.31097,1.00098,0.994218,0.997813,0.717859,0.0119784,4.46149e-05,0,0,1
9234,2.84728,10.0636,0.770634,0.697515,0.983044,1.01151,0.968577,1.11824,-0.268127,-0.00206264,0,0,1
9235,6.74059,-24.4313,-2.72738,1.20977,1.03701,0.998866,1.01382,0.782332,0.242407,-0.00109847,0,0,1
9236,13.1576,-47.4296,-4.10998,0.792782,1.04569,1.01892,0.979741,1.15747,0.10257,-0.000238174,0,0,1
9237,6.36141,-22.7226,-1.37064,1.22283,1.03968,0.993059,0.991761,0.856189,0.123608,0.00109541,0,0,1
9238,9.60267,34.3826,2.79471,1.30065,0.988619,0.987084,1.00868,0.806853,-0.124297,7.88724e-05,0,0,1
9239,2.99568,-10.8294,-1.3674,0.953959,1.05844,0.999572,0.972711,0.82179,0.459496,-0.000846408,0,0,1
9240,9.40012,33.4451,1.60568,0.865356,0.996358,0.996284,0.961776,0.806755,-0.070196,-0.000866154,0,0,1
9241,5.58726,-19.7574,-0.887695,0.954625,0.968128,0.991914,1.00998,0.847335,0.0987256,0.00170927,0,0,1
9242,26.9326,-96.7894,-7.82964,1.04826,1.00783,0.980329,1.05586,0.884159,0.0505494,-0.000114568,0,0,1
9243,6.48669,-23.105,-1.28957,1.03241,1.01955,0.975018,1.01282,0.770197,0.112688,0.00123378,0,0,1
9244,6.26394,-22.2249,-0.582043,1.20861,1.00815,0.998309,1.00875,1.04541,0.0525208,0.00223506,0,0,1
9245,6.98467,25.1335,2.71614,1.28026,0.998862,1.00285,0.969457,0.736483,-0.224035,0.00101358,0,0,1
9246,17.273,-61.5956,-3.78474,1.16855,0.990661,1.00058,0.952756,0.829979,0.0540738,0.000187989,0,0,1
9247,3.72217,-13.2319,-1.32793,1.27321,0.957347,0.99004,1.05308,1.65673,0.31274,-0.000219318,0,0,1
9248,4.39132,15.8488,1.74002,0.883166,1.02416,0.964012,1.0157,1.19819,-0.318089,0.000611,0,0,1
9249,13.9151,-50.2946,-5.7418,1.41464,0.963703,1.01942,0.987594,1.09636,0.139064,-0.00103324,0,0,1
9250,6.17867,22.0921,1.93341,1.1036,1.01215,1.00576,0.965018,1.02247,-0.188783,4.34055e-05,0,0,1
9251,233.058,-838.516,81.0626,1.04444,0.986749,0.989466,1.01121,0.996108,-0.00788819,0.000224896,0,0,1
9252,18.6282,-66.0748,-3.03616,1.02203,0.976889,0.99863,1.04324,0.948957,0.036684,0.000389464,0,0,1
9253,12.0777,43.822,4.98438,1.24608,1.00021,0.993535,0.959568,1.26912,-0.157683,0.0010367,0,0,1
9254,12.9722,-46.2503,-2.55788,1.28343,1.00786,0.999548,0.978111,0.842702,0.0628468,0.000434576,0,0,1
9255,14.8666,52.6702,1.27196,0.91093,0.983758,1.00314,1.02032,0.653853,-0.0228954,-0.000884109,0,0,1
9256,14.4467,-52.0296,-5.0681,0.894985,0.98458,1.00348,0.99894,1.21486,0.109877,-0.0005436,0,0,1
9257,4.16616,-14.8504,-1.29818,1.11261,1.01651,0.992265,0.98973,1.00778,0.248046,0.000592175,0,0,1
9258,5.8435,-20.8692,-1.7568,0.94949,1.00904,0.990906,1.04271,1.12688,0.189298,0.000182541,0,0,1
9259,13.0735,-46.4751,-1.93564,0.940499,1.00321,1.00799,1.00411,1.51727,0.0456211,0.000691316,0,0,1
9260,25.6057,91.1883,-0.630068,1.15519,1.02552,0.9938,1.0084,0.939652,0.00403805,-0.000856455,0,0,1
9261,16.8841,-59.9519,-3.23804,1.26935,0.974364,1.00518,0.998487,0.858676,0.047413,0.000299047,0,0,1
9262,4.36679,-15.4623,-1.10028,1.08341,0.990654,1.02006,0.991482,0.76205,0.188529,0.00108533,0,0,1
9263,24.1094,-85.8879,-3.49949,0.845262,1.01083,0.989361,0.945464,1.31529,0.0263477,0.000373488,0,0,1
9264,11.5829,-42.218,-5.44999,1.01415,0.951409,1.01132,0.996394,0.884339,0.203194,-0.00183363,0,0,1
9265,4.95497,-17.7271,-1.74,1.25479,1.01513,1.00225,0.980783,1.16923,0.252459,-0.000298327,0,0,1
9266,18.4975,-66.22,-4.83638,0.646148,1.00418,0.993261,0.96483,1.30094,0.0627411,-6.09442e-06,0,0,1
9267,26.8564,-97.3182,-10.5552,1.36136,0.995825,1.00385,1.00464,1.13869,0.0734796,-0.00052421,0,0,1
9268,434.698,1768.5,-261.944,1.1076,1.02273,0.985186,1.01812,0.98034,-0.0425106,0.000658746,0,0,1
9269,9.40095,-33.4221,-1.37148,1.11846,1.03107,1.00344,0.972057,0.707428,0.0601316,0.00109053,0,0,1
9270,7.16554,25.6369,2.1947,0.85315,1.02465,1.01079,1.01439,0.864815,-0.163748,4.14195e-05,0,0,1
9271,15.7328,-55.9922,-2.04449,0.823883,1.0032,0.992047,0.975663,1.04133,0.0344419,0.000660029,0,0,1
9272,6.60213,-23.6332,-2.15057,0.980577,1.0006,1.01066,0.974527,0.98227,0.188583,-0.000293174,0,0,1
9273,3.96951,-14.1541,-1.33796,1.08379,1.00621,0.995146,1.01332,0.941712,0.280591,0.000218586,0,0,1
9274,21.615,-77.0267,2.30357,1.01239,1.00328,0.987775,0.990281,0.991592,-0.0211739,0.00129025,0,0,1
9275,9.19917,-32.9562,-2.53583,0.938266,1.03316,1.00394,0.931017,1.3015,0.120065,0.000125599,0,0,1
9276,7.62108,27.0266,1.45025,1.28146,0.98978,1.00959,0.997437,0.674791,-0.0921582,-0.000912592,0,0,1
9277,4.13965,-14.7038,-0.78017,0.975975,1.02918,0.993744,1.03639,0.754838,0.145519,0.00239245,0,0,1
9278,86.6083,-331.793,-18.7653,1.46786,1.0122,0.995266,1.05367,0.871178,0.119098,-0.00172767,0,0,1
9279,5.37055,-19.0379,-1.25878,0.989281,0.968412,1.00953,1.05477,1.17629,0.151708,0.000868028,0,0,1
9280,76.5997,284.171,36.9089,1.27866,0.9784,1.00203,1.03775,0.807439,-0.0390609,0.000406192,0,0,1
9281,10.1399,36.3348,3.01864,1.26182,0.994335,0.993802,0.997125,0.821808,-0.121571,0.000146063,0,0,1
9282,7.61364,-27.0486,-1.98091,1.14641,0.973979,1.00596,1.06254,1.10801,0.130058,0.000247292,0,0,1
9283,7.61226,27.2755,2.45049,1.15173,1.00583,1.00241,1.03999,1.11487,-0.166792,0.000270759,0,0,1
9284,20.8529,74.7628,3.80431,0.9323,1.03305,0.982019,1.01907,0.835434,-0.0380034,-0.000333553,0,0,1
9285,209.403,812.141,255.898,1.06857,1.01303,0.985364,0.977827,0.737138,0.0493254,-0.000903601,0,0,1
9286,94.7489,365.577,12.9554,0.834777,0.997411,1.00601,0.930184,1.14212,-0.115669,0.0016987,0,0,1
9287,187.88,-792.025,184.418,1.07644,1.02133,0.998807,1.02859,1.07953,0.104514,-0.0016384,0,0,1
9288,17.0528,60.4312,0.693911,1.06393,0.976522,0.983847,0.985617,1.0256,-0.00965919,-0.000969623,0,0,1
9289,82.0812,292.887,6.17071,0.894247,0.999283,1.00673,1.04459,0.936333,-0.00380777,-0.00016837,0,0,1
9290,8.62269,30.6251,0.553375,1.29428,1.00588,1.00078,1.00483,1.28849,-0.0277419,-0.00178747,0,0,1
9291,26.0091,-95.2312,-11.2128,1.29339,1.0189,1.0148,0.986625,1.17245,0.0876928,-0.000730149,0,0,1
9292,8.80523,31.5885,2.89964,1.06108,0.992261,1.00854,0.968464,1.05567,-0.152044,0.000414326,0,0,1
9293,10.3814,-37.638,-3.90732,0.86678,1.03565,1.0022,1.01156,1.04954,0.159081,-0.000759563,0,0,1
9294,5.57621,19.8262,1.27352,1.0769,1.00343,1.01574,0.96497,1.06865,-0.142522,-0.000993198,0,0,1
9295,3.69576,13.234,1.47587,1.28416,1.01223,0.998444,0.976963,0.994629,-0.353738,0.000618974,0,0,1
9296,7.38904,26.2591,1.00713,1.04033,1.00614,0.995532,0.985511,1.09185,-0.0680095,-0.0014964,0,0,1
9297,56.6468,204.875,-18.0474,0.928131,1.00449,0.992182,0.983163,0.772227,0.0267902,-0.000827077,0,0,1
9298,4.69127,16.6071,0.869606,0.905226,0.98622,0.996926,0.993018,1.06692,-0.130616,-0.00187118,0,0,1
9299,7.36669,-26.3245,-2.15361,0.76271,0.990404,1.00018,0.960955,0.824319,0.153379,3.70937e-06,0,0,1
9300,10.3018,-37.1998,-3.91468,1.43534,1.02082,1.01245,1.02012,0.757017,0.15986,-0.000809174,0,0,1
9301,17.3915,62.5006,5.36334,0.753729,1.00362,1.00541,0.94654,1.00964,-0.078969,0.000229501,0,0,1
9302,4.5785,16.2114,1.05583,0.927043,0.978926,0.996728,1.02457,0.553965,-0.167293,-0.00132303,0,0,1
9303,3.42123,-12.1718,-1.07696,1.30068,0.9964,0.995985,1.02921,0.534301,0.28567,0.00086347,0,0,1
9304,84.4217,-317.423,-42.7508,0.838738,1.00703,0.996382,1.0328,0.897362,0.0560456,-0.000694265,0,0,1
9305,9.45227,33.4991,1.44049,1.32122,0.977655,1.00513,0.946022,1.12143,-0.0613846,-0.000939183,0,0,1
9306,8.97933,32.3639,3.32712,0.476585,1.00158,0.982149,0.998654,1.16927,-0.174592,0.000733851,0,0,1
9307,19.8904,-71.9007,-7.50252,0.707664,0.978942,0.997434,0.953586,1.02278,0.0919257,-0.000594485,0,0,1
9308,8.24126,29.3831,1.98264,0.745595,0.990215,0.992417,0.967228,1.00888,-0.113045,-0.000429845,0,0,1
9309,3.57981,12.735,1.29342,0.645731,0.977222,1.01136,1.01325,1.08828,-0.321422,0.000199665,0,0,1
9310,2.94081,-10.4092,-0.889394,1.36016,0.974363,1.01567,0.98481,1.11728,0.297656,0.00126421,0,0,1
9311,14.4914,51.6159,3.27694,1.16505,0.978166,0.994856,1.02825,0.858822,-0.0646971,-0.000213018,0,0,1
9312,10.7104,-38.039,-2.18186,0.733811,0.977325,0.990021,0.95605,1.24241,0.0760031,0.000495011,0,0,1
9313,13.1514,-46.7109,-2.43078,1.01806,0.982374,0.994689,1.04974,0.460711,0.057301,0.000478416,0,0,1
9314,4.28678,15.4077,1.84187,1.51049,0.986846,0.996909,0.97757,0.911619,-0.357166,0.00151096,0,0,1
9315,30.5322,109.253,6.4215,1.20704,1.01959,0.994167,1.00081,0.995572,-0.0304886,-0.000131482,0,0,1
9316,29.8757,109.197,12.8866,1.05769,0.993434,1.00075,0.99006,1.28424,-0.0758411,0.00063159,0,0,1
9317,6.47281,22.958,1.37293,1.01514,0.996577,1.02069,0.967775,1.03449,-0.117018,-0.000910547,0,0,1
9318,9.6402,34.1536,-0.511873,0.887938,0.982925,1.00251,1.01265,0.907023,0.0207042,-0.00233669,0,0,1
9319,19.099,-68.0417,-3.00309,0.621346,1.00274,0.995027,0.980315,0.926507,0.035159,0.000423079,0,0,1
9320,14.5768,-52.8578,-5.37517,1.3804,1.0249,0.999022,0.966866,0.840151,0.116868,-0.00061121,0,0,1
9321,30.7264,109.586,-4.66195,0.841713,0.967688,1.01216,0.986956,0.871834,0.0206531,-0.000965185,0,0,1
9322,5.55103,-19.8172,-1.66728,0.876324,0.997423,0.992869,0.968365,0.94107,0.196794,0.00018589,0,0,1
9323,16.0661,57.7229,4.99314,1.04631,1.0098,0.995648,1.03304,0.841511,-0.085717,0.000229093,0,0,1
9324,102.219,-385.44,-50.7164,1.30666,0.948555,0.995478,0.997618,1.09593,0.0444584,-0.0005557,0,0,1
9325,22.8624,-81.4101,-1.32184,0.63989,1.04768,1.00811,0.994132,1.20256,0.0107655,0.00069536,0,0,1
9326,3.72307,13.2516,1.12623,0.640607,0.99628,0.998446,1.04586,1.03814,-0.258804,-0.000832191,0,0,1
9327,7.62765,27.2839,2.47483,0.763466,0.977712,0.999661,1.06233,0.901858,-0.167171,0.000345035,0,0,1
9328,6.10157,21.8744,2.16121,0.783534,0.997381,0.998447,0.980948,0.947451,-0.221276,0.000559894,0,0,1
9329,7.89408,-28.3581,-3.14466,1.28147,0.959011,1.00466,1.04417,1.05674,0.210219,-0.00120285,0,0,1
9330,37.4577,136.499,15.7108,0.836423,0.987237,1.02795,0.963182,0.984193,-0.0582105,0.000486959,0,0,1
9331,12.6691,45.0069,2.04868,1.08076,0.968515,1.00834,1.01665,0.73917,-0.0505319,-0.000597517,0,0,1
9332,5.16353,-18.4684,-1.78873,0.457187,0.981089,0.993292,0.984397,0.676896,0.243399,-0.000392588,0,0,1
9333,13.1651,-46.7464,-1.71023,1.32212,0.954603,1.00923,0.989276,0.925783,0.0387902,0.000717995,0,0,1
9334,6.36097,-22.5035,-0.347552,1.14851,0.978652,1.01453,0.997253,1.11463,0.0299646,0.0024127,0,0,1
9335,7.78362,27.588,0.510339,1.3715,0.97258,1.01907,0.990198,0.790917,-0.0302036,-0.00184044,0,0,1
9336,14.8697,-52.8131,0.549153,1.34642,1.01202,1.01403,0.974018,0.990233,-0.00998515,0.0014744,0,0,1
9337,45.6402,163.039,-4.97544,1.06724,0.997674,0.988483,1.02277,0.820013,0.0103158,-0.000613158,0,0,1
9338,24.0643,-86.6451,-7.26317,0.692187,1.01315,0.983976,0.964543,1.17973,0.0585616,-0.000161001,0,0,1
9339,7.86147,27.9777,1.47995,0.827915,1.03366,1.00847,1.02308,0.889393,-0.0898525,-0.000989795,0,0,1
9340,18.3757,-66.7896,-7.38364,0.91594,1.01414,1.00946,0.987803,0.815203,0.106397,-0.000737383,0,0,1
9341,58.5588,218.892,29.8287,1.2028,0.977348,1.00081,0.996921,1.2821,-0.0601004,0.000678033,0,0,1
9342,161.883,-1657.5,-521.452,1.31011,1.01528,0.999919,1.01687,1.10086,-0.0694814,0.00122393,0,0,1
9343,20.3017,-73.0379,-6.55849,0.842295,0.999495,0.980681,0.955849,1.16312,0.0741642,-0.000278177,0,0,1
9344,11.8986,42.615,4.05276,0.826382,0.96453,1.01158,1.03149,1.00193,-0.122099,0.000521527,0,0,1
9345,4.25308,15.2069,1.4646,0.918115,1.03163,1.01333,0.972386,0.919814,-0.270604,-5.7971e-05,0,0,1
9346,10.5566,-37.8794,-2.6552,1.00614,1.04842,1.00846,0.972084,1.05182,0.0971661,0.000249525,0,0,1
9347,5.38352,-19.1026,-1.42531,0.548915,0.97462,1.00381,0.999758,1.08963,0.172746,0.000557075,0,0,1
9348,145.923,545.088,72.8626,1.09164,0.993642,0.988834,1.00985,0.778537,-0.0212466,0.000221521,0,0,1
9349,4.45529,-15.8355,-1.33157,1.27733,0.984649,1.00467,1.03287,0.714442,0.225722,0.000440404,0,0,1
9350,6.31113,-22.4954,-1.58289,1.18495,1.00092,1.00081,0.940885,0.665116,0.145898,0.000592921,0,0,1
9351,9.114,-32.2845,-0.909966,0.950145,0.997732,1.0056,0.986237,0.675985,0.041386,0.00139947,0,0,1
9352,5.67892,-20.5602,-2.37707,1.1505,1.02319,0.996283,0.961468,0.640445,0.285635,-0.00129508,0,0,1
9353,4.88548,-17.4961,-1.68598,1.13691,1.03201,1.01598,1.01987,1.18055,0.247352,-0.000166679,0,0,1
9354,9.58554,-34.3598,-2.99728,1.57308,1.01339,0.996418,1.05118,0.806082,0.134696,-0.000224298,0,0,1
9355,10.6672,-37.7873,-1.60028,0.880163,0.992144,1.01449,1.03062,0.959825,0.0545614,0.000834328,0,0,1
9356,13.2871,-47.0124,-0.566229,1.01914,0.986049,0.999109,0.953438,0.914572,0.0127571,0.00122319,0,0,1
9357,21.3687,77.5505,8.39475,1.0426,1.00447,1.00227,1.03665,1.00732,-0.0891969,0.000596721,0,0,1
9358,7.2043,25.6473,2.12942,1.3459,0.971193,1.00456,1.01749,0.922528,-0.156195,5.38008e-05,0,0,1
9359,10.8646,38.7297,2.0677,0.99453,0.998748,0.988804,0.992966,1.2009,-0.0702787,-0.00060957,0,0,1
9360,20.9998,-74.9738,-4.30121,1.07588,1.00156,0.998901,0.931568,0.729268,0.0425263,0.00019968,0,0,1
9361,18.981,68.1873,5.63639,1.13824,0.976742,0.979213,0.9498,0.91712,-0.0706275,0.000173953,0,0,1
9362,10.2265,-36.4887,-2.40995,0.787592,0.997125,1.00041,1.02951,1.21187,0.0927171,0.000309855,0,0,1
9363,8.9732,31.9575,1.83236,0.649542,0.989143,0.986572,1.01177,0.967801,-0.0886695,-0.000664196,0,0,1
9364,253.881,-1445.13,-310.57,0.878883,1.00339,1.01876,0.981351,0.638805,0.0632081,-0.00105791,0,0,1
9365,6.76396,23.933,0.572597,0.702406,0.982041,0.98831,0.978407,0.972855,-0.044648,-0.00209711,0,0,1
9366,28.6946,-102.348,3.9934,0.814136,0.986053,0.972984,1.01342,0.833959,-0.0215176,0.00107247,0,0,1
9367,6.6894,-23.6858,-1.05818,0.885616,0.996191,1.01123,0.994453,0.919196,0.0846878,0.00139952,0,0,1
9368,423.435,1524.5,31.1738,0.906851,0.988133,1.00282,1.02535,1.1539,-0.00058614,-3.4592e-05,0,0,1
9369,2.34088,-8.3286,-0.942045,0.934409,1.00616,1.00989,0.99357,1.27947,0.462186,0.000506108,0,0,1
9370,24.0437,-85.6493,-5.26894,0.896447,0.986902,1.00733,1.04755,0.653158,0.0396051,0.000111299,0,0,1
9371,23.1354,82.4212,5.17475,0.86574,0.977889,1.01197,0.967458,1.03736,-0.0411709,-0.00010246,0,0,1
9372,37.2448,137.925,17.9991,0.903894,0.997707,1.00235,0.952467,1.09283,-0.0778426,0.000784805,0,0,1
9373,8.89472,31.7147,1.94307,0.799362,1.01625,0.998056,1.03355,1.18146,-0.0958643,-0.000587822,0,0,1
9374,5.95305,-21.2124,-1.5503,0.876194,1.02026,1.01101,1.03098,1.05893,0.158259,0.000589837,0,0,1
9375,58.7893,221.427,-30.1083,1.14354,0.997272,0.99583,0.98894,1.17218,0.0596483,-0.00141732,0,0,1
9376,617.046,2818.09,-1805.86,0.724627,0.996201,0.996722,1.03478,1.00854,-0.0168648,0.000277098,0,0,1
9377,8.76246,32.3868,4.69412,0.946505,0.997708,1.00327,1.04184,0.820552,-0.313276,0.00302465,0,0,1
9378,7.59271,-26.969,-1.70079,1.04769,0.991368,1.00852,1.00063,1.06348,0.110633,0.00061858,0,0,1
9379,5.0845,-18.0764,-1.07371,1.19331,1.0075,1.00117,0.981254,0.839215,0.142309,0.00141779,0,0,1
9380,14.524,-52.8744,-6.32075,1.10849,0.994642,0.99831,1.01042,1.35179,0.147101,-0.00114251,0,0,1
9381,8.39294,30.1732,2.95102,0.906613,1.00542,0.985439,1.00595,1.16181,-0.172231,0.000543683,0,0,1
9382,5.28867,18.8034,1.25123,1.02304,1.00035,1.00684,1.00276,0.786582,-0.154944,-0.00100386,0,0,1
9383,8.10403,-29.0082,-2.80942,0.730385,0.975742,1.01168,1.00837,1.23978,0.171741,-0.000607847,0,0,1
9384,27.9866,-102.358,-12.8231,0.985195,0.979747,1.01473,0.963368,1.18789,0.0908778,-0.000857543,0,0,1
9385,5.75699,20.393,1.23415,0.709184,0.969639,0.983553,0.988527,1.2834,-0.131824,-0.00109422,0,0,1
9386,19.1955,-69.4782,-7.45794,0.945181,0.981962,1.00868,0.996555,0.866437,0.0982497,-0.000676901,0,0,1
9387,11.7554,-41.8659,-2.13508,0.938333,1.01543,0.9812,0.984014,1.1751,0.0633097,0.000636739,0,0,1
9388,7.30895,25.9408,1.33063,0.73945,0.992313,1.0027,0.971554,0.779112,-0.0914528,-0.00106239,0,0,1
9389,9.08084,-32.6996,-3.05578,0.83414,1.02172,0.991621,1.00014,1.0878,0.154068,-0.000402399,0,0,1
9390,6.72728,-23.8594,-1.25341,1.01082,0.966945,1.01439,1.00329,1.05605,0.0997272,0.00102631,0,0,1
9391,2.99924,-10.6472,-0.855704,1.05308,1.01212,1.00394,1.00577,0.987303,0.276789,0.00184791,0,0,1
9392,2.75998,-9.8116,-0.956837,1.21124,1.00414,1.00487,0.958514,0.93928,0.359366,0.000979322,0,0,1
9393,10.0752,-36.0335,-2.77952,1.07254,1.00721,1.01522,0.986466,1.20533,0.111207,9.8416e-06,0,0,1
9394,18.4761,65.8352,-1.36775,0.828292,1.02906,0.995667,1.0191,0.809568,0.0165788,-0.00138056,0,0,1
9395,27.0771,102.08,14.3333,0.654459,0.991438,0.995823,1.01308,0.917031,-0.178333,0.00222879,0,0,1
9396,3.26297,11.5691,0.973913,1.27456,0.987777,1.0067,0.99057,1.01004,-0.275181,-0.00117663,0,0,1
9397,18.0494,-64.1579,-1.03304,0.832503,1.0232,0.994703,1.01561,0.941839,0.0133314,0.000880121,0,0,1
9398,21.0898,77.2642,9.14159,1.34776,1.0047,0.985572,0.984797,1.0548,-0.107005,0.000858643,0,0,1
9399,3.36111,-11.9124,-0.742197,1.09676,1.00682,1.0012,1.0217,1.37578,0.197092,0.00247009,0,0,1
9400,6.81239,24.551,2.74186,0.85856,1.00044,0.993972,0.991315,0.89536,-0.238258,0.00114241,0,0,1
9401,3.88412,-13.7867,-1.05706,1.15423,0.997984,1.01716,0.964655,1.08829,0.221958,0.00111374,0,0,1
9402,14.3576,-51.415,3.44645,0.821642,0.950581,0.998997,0.996074,0.749891,-0.0695707,0.00251887,0,0,1
9403,3.62696,12.9369,1.2779,1.14689,1.01103,0.995779,0.986746,0.94479,-0.310649,-0.00020794,0,0,1
9404,7.22893,25.6897,0.971747,0.883087,1.0162,1.01459,0.963628,0.680784,-0.0674431,-0.00152267,0,0,1
9405,5.54221,19.7249,1.42365,0.738451,0.993028,1.00286,1.01071,0.919693,-0.163656,-0.000682675,0,0,1
9406,6.30032,22.444,1.47009,0.942041,1.0252,1.00568,0.980828,0.96353,-0.134281,-0.000848491,0,0,1
9407,349.698,1370.29,9.98247,0.938011,1.00231,0.979811,1.00574,0.790792,0.038279,-0.000762896,0,0,1
9408,4.47825,16.0148,1.13621,1.0399,1.04542,0.996597,0.996899,0.9907,-0.188195,-0.00135604,0,0,1
9409,10.9169,-38.8264,-2.27791,1.05591,0.951185,0.995085,1.00816,1.26288,0.0762933,0.000393354,0,0,1
9410,5.28679,18.8786,1.65736,1.16805,1.01769,1.01304,0.984175,1.14221,-0.211095,-9.9041e-05,0,0,1
9411,47.7998,175.957,21.8036,0.775376,0.993844,1.01219,0.993213,0.992944,-0.053799,0.000505864,0,0,1
9412,8.07657,-29.1174,-3.12798,0.795403,0.99771,0.981431,1.02301,1.44861,0.201338,-0.000940492,0,0,1
9413,8.99198,-32.1467,-2.51507,0.790443,1.01318,0.995467,0.993725,0.984642,0.125123,7.27291e-05,0,0,1
9414,11.0783,39.2876,1.44631,0.8761,0.996746,1.01243,0.979186,1.39865,-0.045493,-0.000936269,0,0,1
9415,15.6283,57.0689,6.57785,1.02881,1.01477,0.995061,0.990987,1.07765,-0.131892,0.000954182,0,0,1
9416,4.18865,14.9258,1.28474,1.00646,1.01819,0.998522,0.999766,1.0625,-0.242305,-0.000631483,0,0,1
9417,9.17571,-32.6018,-0.0564504,1.27834,1.01514,0.994221,0.988796,0.925908,0.0025663,0.00212651,0,0,1
9418,2.51563,8.96636,0.968818,0.978113,1.01994,1.00228,0.983718,1.15415,-0.419808,-0.000806993,0,0,1
9419,5.24952,18.6135,0.611846,1.16726,1.00006,0.996537,0.965482,1.05543,-0.0749948,-0.00243576,0,0,1
9420,6.25187,-22.3875,-2.10419,1.18515,1.009,0.989395,1.02097,1.02101,0.204851,-0.000288874,0,0,1
9421,8.9834,32.1512,2.81099,0.985375,0.984621,1.00854,1.01707,0.988183,-0.139878,0.000271581,0,0,1
9422,6.6365,23.6214,1.21732,0.735995,1.03989,1.00936,1.01356,0.664827,-0.0996587,-0.00130289,0,0,1
9423,3.43277,12.2451,1.03216,0.887145,1.02313,0.980075,0.968345,0.826364,-0.26983,-0.00138714,0,0,1
9424,771.816,3206.9,649.436,1.26266,0.992579,0.975316,1.03749,0.863765,0.0249811,-0.000481785,0,0,1
9425,4.58819,-16.3743,-1.72608,1.21686,0.974315,1.01348,1.00741,1.08191,0.287309,-0.000798009,0,0,1
9426,7.18751,26.1114,3.01841,0.809662,1.03806,1.00682,1.03469,1.27986,-0.241378,0.00128999,0,0,1
9427,19.6962,72.0466,8.39072,1.07091,1.02358,1.01383,1.03446,0.733568,-0.108844,0.000843014,0,0,1
9428,44.9673,164.037,19.1239,0.843481,0.990246,1.02292,1.00107,0.674294,-0.0498112,0.000423723,0,0,1
9429,13.5557,48.7184,4.65824,0.978256,0.976071,1.00816,0.989427,1.0066,-0.110856,0.000496527,0,0,1
9430,8.35951,29.9474,2.59947,1.22459,0.990005,1.00044,1.01072,0.894415,-0.148658,0.000225519,0,0,1
9431,312.987,1370.21,-859.489,0.68414,1.01681,1.01655,0.989161,1.21911,-0.0329522,0.000541705,0,0,1
9432,13.0948,-46.6157,-3.12206,1.13945,0.979153,0.998665,1.00697,0.852995,0.0753997,0.000166292,0,0,1
9433,6.86678,24.5714,2.15322,1.07486,0.990172,0.991767,0.952653,0.886382,-0.176174,0.00015617,0,0,1
9434,238.973,1057.13,662.582,0.811443,1.0148,1.00767,1.03965,0.380725,0.0434506,-0.00080251,0,0,1
9435,4.04694,14.4805,1.53008,1.06369,0.993934,1.01381,1.01464,0.805359,-0.314312,0.000614166,0,0,1
9436,3.47799,-12.4104,-1.27274,1.1204,0.99597,0.987371,1.04143,0.828648,0.335708,3.14132e-06,0,0,1
9437,13.2553,-46.9104,-0.915116,0.916748,0.98582,1.0079,0.97194,0.823176,0.0206262,0.00107263,0,0,1
9438,13.9906,-50.0086,-3.43494,1.2964,1.00178,1.00333,0.973312,0.824442,0.0742944,0.000116541,0,0,1
9439,363.414,-1493.99,-267.838,0.904668,0.997412,0.988268,0.987892,1.19255,-0.0501658,0.000970566,0,0,1
9440,3.2211,11.4419,0.940379,0.941955,0.991621,0.980034,0.998342,0.945432,-0.274367,-0.00150952,0,0,1
9441,3.82535,-13.5832,-0.958919,0.865921,1.0021,1.00383,0.997082,0.886993,0.207182,0.00154962,0,0,1
9442,6.33236,22.5367,1.3435,1.21521,1.01544,0.988679,0.999079,1.07442,-0.121952,-0.00108243,0,0,1
9443,6.8275,-24.6834,-2.98546,1.08236,1.00557,1.01291,1.00754,1.37992,0.264408,-0.0016347,0,0,1
9444,8.9371,-31.8098,-1.61376,1.04188,1.01432,0.990698,1.01222,1.14092,0.0787789,0.000884,0,0,1
9445,10.8647,-38.9801,-3.43126,1.00589,0.999225,1.00915,0.965267,1.00021,0.122656,-0.000317843,0,0,1
9446,11.7105,41.7279,2.13162,0.626004,1.01684,0.987477,1.02292,0.722362,-0.0630104,-0.00063621,0,0,1
9447,7.91991,28.3476,1.93764,1.18702,1.04381,1.00899,0.969645,1.14398,-0.117947,-0.000517657,0,0,1
9448,4.71835,-16.748,-0.772886,0.86901,1.00857,0.997309,1.0341,1.15333,0.115431,0.00219787,0,0,1
9449,60.0228,226.668,-31.334,1.25571,0.99557,0.994773,0.978009,1.10179,0.0711327,-0.0016269,0,0,1
9450,557.689,2218.59,144.027,1.22583,1.00855,0.999214,1.00167,0.989331,0.027349,-0.000537936,0,0,1
9451,308.849,-1112.1,99.4891,0.958563,1.02604,1.00185,0.974013,1.13722,-0.00554364,0.0001635,0,0,1
9452,4.77931,17.0929,1.6682,0.87906,0.99998,1.00739,0.998618,0.837843,-0.257371,0.000324001,0,0,1
9453,4.52297,16.0286,0.914064,1.01167,0.994419,1.00396,1.04385,1.41616,-0.146392,-0.00175432,0,0,1
9454,40.7292,-144.634,4.01768,0.895575,0.994563,1.00611,0.984983,0.899938,-0.010536,0.000656139,0,0,1
9455,3.74091,13.3597,1.36685,0.74042,1.00475,1.00043,0.979516,1.03104,-0.318405,0.000151588,0,0,1
9456,20.4554,-73.7034,-5.25383,0.886908,1.05469,0.999715,1.0323,0.956035,0.0565625,3.52046e-05,0,0,1
9457,103.995,-394.177,49.1144,1.16883,0.975842,0.993759,0.983926,0.824334,-0.053889,0.00117545,0,0,1
9458,16.1059,57.7554,4.52642,1.39014,0.995641,1.0045,0.914722,1.09657,-0.0756436,9.47945e-05,0,0,1
9459,31.0646,110.818,-2.47197,0.978348,1.00951,0.999409,1.01765,1.30899,0.0108526,-0.00082306,0,0,1
9460,6.21,-21.9768,-0.50661,1.01659,0.992153,0.995218,0.986562,0.830397,0.0461122,0.00233318,0,0,1
9461,266.176,1009.72,136.816,0.847285,0.95061,0.988827,1.02009,1.24734,-0.0182174,0.000230977,0,0,1
9462,37.0572,-132.851,8.87272,1.41984,1.01274,0.991819,0.936697,1.07084,-0.0298456,0.00106756,0,0,1
9463,16.1944,-57.4288,0.65488,1.07543,0.986928,1.0282,1.01939,0.938765,-0.00995584,0.00131349,0,0,1
9464,5.4438,-19.294,-1.28049,0.966881,0.962796,0.996477,1.02751,0.758879,0.151728,0.000861459,0,0,1
9465,23.7511,-86.1661,-9.58711,0.921344,0.971656,1.00699,1.0343,1.27301,0.0860163,-0.000663113,0,0,1
9466,4.39866,-15.8857,-1.96595,0.974298,1.00502,0.985449,0.993474,1.24085,0.367385,-0.00164474,0,0,1
9467,7.99021,28.6651,2.62205,0.637626,1.01543,0.999555,0.967483,0.989824,-0.163705,0.000306866,0,0,1
9468,101.636,-393.487,-3.81344,1.02413,0.964552,1.00045,1.01328,1.04975,0.113635,-0.00168702,0,0,1
9469,5.30749,19.0306,1.94744,0.790141,0.990256,0.988963,0.968083,0.555851,-0.255877,0.000644027,0,0,1
9470,63.0465,237.272,32.6203,1.22553,0.970189,1.0028,0.98635,0.95381,-0.0622429,0.000737238,0,0,1
9471,9.96625,36.2867,4.33312,1.11281,1.00438,0.991424,1.04783,1.01669,-0.199324,0.00137565,0,0,1
9472,3.36233,11.9292,0.882529,0.975075,0.988498,0.984442,0.993939,0.717711,-0.237742,-0.00180851,0,0,1
9473,11.3607,-40.3038,-1.0314,1.00326,1.00231,1.00504,0.969829,0.592922,0.031296,0.00116416,0,0,1
9474,5.36145,-19.1553,-1.60466,1.11909,1.01804,0.987613,0.970479,0.928168,0.200062,0.000356605,0,0,1
9475,3.93342,-14.0522,-1.4111,1.30701,1.00544,0.98903,0.994978,0.605541,0.30269,-6.79033e-05,0,0,1
9476,16.0364,57.5295,4.65121,1.15962,1.00926,1.00308,1.00833,0.868226,-0.0790358,0.000127849,0,0,1
9477,25.7311,-92.1255,-6.45143,0.817617,0.999676,1.00338,0.998792,1.11089,0.04392,1.43649e-06,0,0,1
9478,14.944,53.1641,0.793026,1.23931,1.03155,0.99578,1.02442,1.40622,-0.01438,-0.0011016,0,0,1
9479,54.4179,-199.935,-24.4064,1.19059,0.989312,1.00203,0.980721,1.65836,0.0479275,-0.000452568,0,0,1
9480,3.24684,-11.5397,-0.971574,0.971755,1.00435,0.983227,1.06322,1.00481,0.279438,0.00142584,0,0,1
9481,4.40498,15.6949,1.26937,1.43498,1.00347,0.989819,0.99709,1.03542,-0.220192,-0.000752826,0,0,1
9482,9.77506,34.9343,2.77539,0.863689,0.983286,1.00001,0.99211,0.879666,-0.117184,4.12448e-05,0,0,1
9483,7.36094,26.4213,2.58315,0.781191,0.98941,0.992747,0.974424,0.889612,-0.190915,0.000594421,0,0,1
9484,6.43648,22.9312,1.54603,1.25026,1.00374,1.00199,1.00178,1.11035,-0.136771,-0.00069186,0,0,1
9485,7.01466,-24.9193,-1.79145,0.838507,0.960534,0.993766,0.95057,0.972352,0.136875,0.000345763,0,0,1
9486,26.2412,93.5879,-2.12415,1.27088,1.00934,0.997283,0.97937,0.881152,0.0130126,-0.000979384,0,0,1
9487,9.88665,35.2541,2.06793,0.922985,1.01624,1.01528,0.982524,0.965148,-0.0829977,-0.000537925,0,0,1
9488,11.3772,41.4876,5.34917,0.551344,0.981724,1.00974,0.969485,1.00974,-0.202156,0.00173604,0,0,1
9489,45.9223,-167.013,-16.4787,1.0124,1.02842,0.984972,1.00299,1.34987,0.040178,-0.000237558,0,0,1
9490,259.201,-976.205,-130.544,1.03782,1.05001,1.00155,1.0235,0.892326,0.0204041,-0.00025855,0,0,1
9491,8.30886,-29.7886,-2.83103,0.893685,0.982828,1.00588,1.01469,1.00628,0.166265,-0.000537856,0,0,1
9492,16.7691,59.3998,0.590802,0.872882,0.979241,0.99516,0.993333,1.00402,-0.0084326,-0.00099562,0,0,1
9493,45.0372,160.361,-6.44306,0.85108,0.979055,1.00252,1.03732,0.825918,0.0134921,-0.000658606,0,0,1
9494,3.57471,-12.7606,-1.31664,0.857387,1.00995,1.00655,0.978392,0.5168,0.329942,-0.000116969,0,0,1
9495,11.7888,-41.8607,-2.36231,1.18838,0.988066,1.009,0.948445,1.01984,0.0680527,0.000442866,0,0,1
9496,4.47686,-15.9705,-1.40069,0.702739,0.990646,0.992142,0.958191,1.15253,0.238968,0.000296456,0,0,1
9497,9.82351,-35.0876,-2.48274,0.847025,1.00553,1.00509,1.03657,0.827663,0.103599,0.000208546,0,0,1
9498,14.2587,-51.2708,-4.21789,0.65476,1.0365,1.01036,0.984163,1.02843,0.0899672,-0.000138287,0,0,1
9499,4.55756,-16.2645,-1.44109,1.21422,0.989063,0.977494,1.01197,1.19159,0.240582,0.000271549,0,0,1
9500,4.57499,-16.226,-1.29926,0.599527,0.965266,0.994644,1.02861,1.16627,0.21066,0.000548635,0,0,1
9501,12.6164,45.201,3.54073,0.843227,1.00724,1.01345,0.991847,1.30392,-0.0933555,6.6138e-05,0,0,1
9502,15.3279,-54.9999,-4.71813,1.11191,0.996871,1.01818,0.9682,0.937075,0.0878253,-0.000259602,0,0,1
9503,3.58018,12.6631,0.882453,1.21889,0.978638,1.00836,1.01749,0.937696,-0.21122,-0.00165963,0,0,1
9504,7.89229,28.0696,1.29809,0.875032,1.01112,0.974487,0.989444,1.1286,-0.0792315,-0.00122007,0,0,1
9505,19.3632,68.9672,-0.799895,1.09088,1.02328,1.01419,1.0216,1.14064,0.00870004,-0.00116125,0,0,1
9506,4.1782,14.9214,1.51015,0.927989,0.984834,1.00701,0.923329,1.27457,-0.292167,0.000396009,0,0,1
9507,15.9871,-56.8328,-0.282037,1.06842,1.00889,0.985224,1.02387,0.929841,0.00460662,0.00117297,0,0,1
9508,7.46553,26.5405,1.30604,1.3322,1.00403,1.00588,1.00133,0.960742,-0.0865529,-0.00111133,0,0,1
9509,6.65685,-23.61,-1.51652,0.537575,0.975149,1.01539,1.01354,0.753895,0.124677,0.000656601,0,0,1
9510,283.668,1066.24,149.042,1.26836,1.04056,0.999445,1.06929,0.680097,-0.01194,0.000128114,0,0,1
9511,17.8375,-63.1416,-1.11482,0.992469,0.983945,1.00732,0.969032,1.21563,0.0143262,0.000812961,0,0,1
9512,29.2361,105.237,-7.90132,1.04979,1.0093,1.00122,0.977475,0.782877,0.0417978,-0.001414,0,0,1
9513,22.1187,80.8112,10.0606,1.25825,0.979747,1.01838,0.967552,1.32947,-0.109346,0.000995603,0,0,1
9514,7.48577,27.2514,3.39634,0.874058,1.01275,1.00407,0.948438,1.29757,-0.261206,0.00177639,0,0,1
9515,4.92224,-17.4151,-1.00627,0.948157,0.984392,1.00406,1.00105,0.801194,0.139725,0.00147975,0,0,1
9516,8.90456,-32.2933,-3.72342,0.845787,1.01063,0.999923,1.06375,0.681444,0.205218,-0.00125454,0,0,1
9517,19.8641,70.7615,-0.876841,0.907262,1.01611,0.996117,0.988294,0.771926,0.00920515,-0.00116168,0,0,1
9518,5.45965,-19.4814,-1.62641,1.14389,1.00496,1.00055,0.981703,0.602514,0.196653,0.000238056,0,0,1
9519,3.83619,-13.7774,-1.47026,0.727914,1.02798,1.00038,0.969528,0.696496,0.328651,-0.000338382,0,0,1
9520,199.869,-744.337,-99.5106,0.839977,1.02325,0.986513,0.964663,0.917947,0.0180173,-0.000199238,0,0,1
9521,7.94826,-28.2219,-0.450126,1.1418,1.01804,1.00158,0.978649,0.906865,0.0264881,0.00203056,0,0,1
9522,4.68292,16.6826,1.29093,1.09048,1.00085,0.996841,1.01651,0.885003,-0.20071,-0.000762661,0,0,1
9523,5.20683,-18.6541,-1.88406,1.06098,1.01674,1.00539,0.980925,0.825125,0.252136,-0.000493818,0,0,1
9524,8.3399,-29.8303,-2.43775,1.00534,1.00625,1.00273,0.997177,1.32921,0.13954,-3.65415e-05,0,0,1
9525,7.6262,-27.5042,-2.67461,0.655983,1.02895,0.995237,0.985627,1.14007,0.185551,-0.000505077,0,0,1
9526,214.547,-811.117,-304.241,1.31664,1.03061,0.992559,0.973714,1.14643,-0.0483017,0.000886388,0,0,1
9527,6.32496,-22.5444,-1.55802,1.14739,1.01274,0.977474,1.05314,1.20818,0.144109,0.000752336,0,0,1
9528,10.5636,37.5106,2.20872,1.09129,0.98394,1.01192,0.998545,0.838497,-0.0775685,-0.000452174,0,0,1
9529,12.9431,-46.511,-4.42694,1.20307,0.984339,1.01385,1.00638,1.19555,0.115522,-0.00050828,0,0,1
9530,6.84831,-24.2573,-1.3231,0.917375,0.979699,1.01338,1.00334,1.16927,0.102376,0.000975774,0,0,1
9531,6.43925,-22.9221,-1.53761,0.931466,0.992968,0.997526,1.02282,1.1014,0.136059,0.00068605,0,0,1
9532,12.4175,-44.2818,-2.76211,0.842764,0.991296,0.994367,0.99038,0.939808,0.0740164,0.00029725,0,0,1
9533,3.93311,-13.9628,-1.27172,0.68566,0.978338,1.02313,1.02631,0.802732,0.266438,0.000173813,0,0,1
9534,26.2345,94.5539,6.94776,0.819662,1.03905,1.00259,0.961292,0.928247,-0.0455458,1.09714e-05,0,0,1
9535,6.99319,-24.8575,-1.17184,1.08732,1.01219,0.998976,1.00511,0.833827,0.0883072,0.00130591,0,0,1
9536,16.568,-58.7066,-1.53071,1.30493,0.992344,1.00376,1.02197,0.940179,0.0227637,0.00076503,0,0,1
9537,11.358,-40.367,-2.39056,0.916783,0.964992,1.00709,1.03299,0.766653,0.0741313,0.000362979,0,0,1
9538,18.6371,66.4738,4.27421,0.93675,0.955579,0.999083,0.967004,0.755199,-0.0520873,-0.000103827,0,0,1
9539,5.47753,19.579,1.76214,1.21465,0.995382,1.00515,1.02464,0.657735,-0.212784,9.9156e-05,0,0,1
9540,716.814,2883.41,304.324,1.10141,1.00387,0.997908,0.987169,1.28637,0.0230768,-0.000450675,0,0,1
9541,15.8127,-57.6587,-6.60777,0.906577,1.01531,1.00184,0.958892,0.804161,0.129639,-0.000941377,0,0,1
9542,98.4007,-375.579,-23.8122,0.905405,0.980949,0.9827,1.04451,0.787424,0.0988117,-0.00142482,0,0,1
9543,24.0102,-85.2672,1.31434,1.26611,0.988873,0.98641,1.03326,1.10235,-0.00972386,0.000986072,0,0,1
9544,6.5158,-23.2709,-1.91159,0.784574,0.988793,0.993607,0.994045,0.762679,0.169919,8.68747e-05,0,0,1
9545,14.6168,-53.4475,-6.36914,0.693649,1.02064,0.991935,1.05179,0.825442,0.147936,-0.00112104,0,0,1
9546,10.3691,36.6979,0.537856,1.2173,0.992346,1.01084,1.03579,1.17223,-0.0189176,-0.0015058,0,0,1
9547,4.56222,-16.2305,-1.1873,1.13857,0.995272,0.98811,1.0024,0.986228,0.193243,0.00102541,0,0,1
9548,6.6982,24.0583,2.57944,0.945135,0.987523,1.02681,1.00103,0.913626,-0.224998,0.00103501,0,0,1
9549,7.63885,-27.3614,-2.44353,0.827406,1.00736,1.02237,0.975399,0.853133,0.164152,-0.000297539,0,0,1
9550,36.9529,131.602,4.57784,0.803299,0.962576,1.00366,0.936684,1.01195,-0.0140592,-0.000259771,0,0,1
9551,8.06517,28.6184,0.666206,0.653957,1.00685,1.00934,1.01682,0.915834,-0.0375373,-0.00175005,0,0,1
9552,38.6559,-142.807,-18.3819,0.928556,0.994605,0.98961,1.0432,1.12415,0.0744591,-0.000741008,0,0,1
9553,18.4184,65.4481,2.84982,1.31653,0.987494,1.00094,1.0313,0.671672,-0.034644,-0.000444265,0,0,1
9554,5.78391,-20.6699,-1.84023,1.14188,0.997782,0.978917,1.00164,1.12937,0.204743,-2.22591e-05,0,0,1
9555,174.009,-961.799,222.805,0.898001,1.02987,0.993355,1.01679,1.45316,-0.12007,0.00218029,0,0,1
9556,8.73074,-31.6365,-3.59304,1.17204,1.0084,0.992679,1.04639,1.20418,0.204715,-0.00118655,0,0,1
9557,559.827,-3414.82,-2060.97,0.740786,1.0316,0.974951,1.00398,1.29177,-0.0265188,0.000495851,0,0,1
9558,10.655,-37.9061,-2.65214,1.01157,0.981125,1.00654,0.965087,1.25254,0.0939003,0.000169823,0,0,1
9559,84.0002,323.88,107.524,0.85241,1.02759,1.00407,0.97886,0.75389,0.121724,-0.00223082,0,0,1
9560,9.27413,-32.9469,-1.63209,0.947758,0.998278,1.00767,0.990518,1.22467,0.0729665,0.000819172,0,0,1
9561,5.22723,18.6695,1.61671,0.999974,0.992276,0.997376,1.04631,0.976767,-0.210953,-0.000123459,0,0,1
9562,209.569,802.035,-95.8676,1.04137,0.98748,1.00697,0.990103,1.08926,0.0301253,-0.000646121,0,0,1
9563,5.37815,19.1033,1.04174,1.52199,0.996137,0.99183,1.00496,1.11655,-0.12481,-0.00150877,0,0,1
9564,14.4374,-51.2178,0.765989,1.10422,0.971825,1.00667,1.01784,0.927103,-0.0146515,0.00155092,0,0,1
9565,5.67335,-20.0866,-0.451014,1.00111,0.993805,0.992054,0.972512,0.792883,0.0482741,0.00261402,0,0,1
9566,6.7269,23.9152,1.09646,1.00397,1.02504,0.990078,0.996116,1.35083,-0.088221,-0.0014917,0,0,1
9567,15.603,55.7371,3.40721,0.700196,1.01578,0.998019,1.02569,0.901779,-0.0591514,-0.0002563,0,0,1
9568,6.1408,21.9656,1.97606,1.19751,1.01852,1.00756,0.982572,1.36976,-0.195159,0.000117747,0,0,1
9569,23.1181,-81.8958,1.21549,1.39204,0.976385,0.996201,0.991105,1.33949,-0.00956164,0.000992088,0,0,1
9570,10.2559,-36.4198,-2.21496,0.723225,0.964604,0.99662,0.992115,0.923776,0.0836541,0.000401848,0,0,1
9571,22.8934,83.5824,10.237,1.04751,0.976564,0.995732,0.987772,1.08306,-0.103236,0.000901528,0,0,1
9572,2.95749,-10.4809,-0.878502,0.643316,0.98781,1.00146,0.978334,0.936101,0.291413,0.00155533,0,0,1
9573,4.24541,-15.0274,-1.05007,0.670436,0.974287,0.993509,1.03034,1.14796,0.190677,0.00125472,0,0,1
9574,7.89019,27.9368,1.12544,1.36339,0.987509,1.00598,0.985378,0.702552,-0.0665216,-0.00126907,0,0,1
9575,3.7814,13.4094,1.04775,0.958866,0.985835,1.00441,1.02342,0.720236,-0.231242,-0.00111474,0,0,1
9576,11.0465,39.3444,2.56115,0.905126,0.979446,0.991307,1.03281,0.717492,-0.0845989,-0.000296599,0,0,1
9577,164.557,-628.974,45.8829,0.701834,0.991277,0.992531,0.992736,1.10765,-0.0552229,0.00113841,0,0,1
9578,12.1996,43.8907,4.1855,0.97807,1.00918,1.00193,0.985769,1.05615,-0.122324,0.000471052,0,0,1
9579,48.6742,185.37,16.7219,0.765893,0.992227,1.00086,1.01483,0.701576,-0.172886,0.00244215,0,0,1
9580,4.83101,17.2641,1.5851,0.862301,1.00814,0.98711,0.973754,1.12899,-0.238397,-8.89819e-05,0,0,1
9581,4.49047,16.1288,1.8693,0.992607,0.999285,1.00791,1.005,0.704266,-0.331344,0.00129581,0,0,1
9582,3.84243,13.7251,1.37492,1.09888,1.00802,1.00299,1.06155,1.03647,-0.304973,6.94345e-05,0,0,1
9583,100.882,380.211,52.5428,0.752169,1.02023,1.0016,0.998117,1.17003,-0.0440949,0.000534174,0,0,1
9584,8.4029,30.058,2.41013,1.24051,0.99717,0.977968,1.01034,1.11179,-0.136676,-4.97739e-05,0,0,1
9585,6.0407,21.7081,2.27822,1.00035,1.00402,0.98593,1.03317,0.758568,-0.240085,0.000764619,0,0,1
9586,9.96373,-36.1677,-4.40447,1.01426,0.989755,0.994019,1.01704,0.727615,0.204513,-0.00149433,0,0,1
9587,8.25115,-29.3078,-0.737829,1.10263,1.01785,0.999531,0.978709,1.04023,0.0407822,0.00169908,0,0,1
9588,124.906,1357.01,530.913,0.841716,1.00112,1.01224,1.02678,0.974348,0.0871589,-0.00155528,0,0,1
9589,10.5299,37.4459,1.23289,1.12668,1.00868,1.00646,0.944374,0.973825,-0.0430198,-0.00110553,0,0,1
9590,43.4302,155.241,-5.9084,0.603019,1.02553,1.00996,1.01471,0.872344,0.0135351,-0.00069181,0,0,1
9591,11.3559,-40.2236,-0.777019,1.27225,0.992015,0.997161,1.01651,1.01888,0.02357,0.00129761,0,0,1
9592,5.35876,19.2718,1.9759,0.782514,1.01603,0.988709,1.04705,1.13821,-0.253456,0.000544448,0,0,1
9593,9.11474,32.3522,1.33868,0.736507,0.994714,1.00093,1.02316,1.07508,-0.0611986,-0.00106721,0,0,1
9594,59.3746,211.682,-5.07382,0.824394,0.959677,0.998611,0.992608,0.722297,0.00599306,-0.000419084,0,0,1
9595,7.11326,-25.6729,-2.96325,0.892833,0.9989,0.993895,1.00224,0.775235,0.242132,-0.00132905,0,0,1
9596,5.60518,20.0291,1.74149,0.956903,1.00928,0.999325,0.974003,0.871771,-0.201474,-8.4589e-05,0,0,1
9597,77.3856,276.789,7.95826,0.81302,1.01405,1.00425,0.915943,1.05437,-0.00567679,-0.000155125,0,0,1
9598,5.7043,-20.4024,-1.83139,0.941679,1.01334,0.991651,0.98642,1.03956,0.206914,-1.74098e-05,0,0,1
9599,3.56899,12.7203,1.39476,0.95231,0.966206,0.99958,0.988514,0.863762,-0.354829,0.000713556,0,0,1
9600,3.96839,-14.0922,-1.13903,0.821274,0.956588,1.01426,1.00548,0.836257,0.233184,0.000627381,0,0,1
9601,5.28899,-18.9614,-1.98283,0.903916,0.99744,0.982713,1.02443,1.00159,0.263191,-0.000693392,0,0,1
9602,9.3581,-33.1818,-1.50942,0.938708,0.965732,0.998328,1.0017,0.839557,0.0662953,0.000867763,0,0,1
9603,7.91642,28.4296,2.76271,0.903671,1.00391,0.994197,1.01772,1.21903,-0.178305,0.000537314,0,0,1
9604,4.84915,-17.3356,-1.25985,1.09523,1.03752,0.991682,0.979652,0.736587,0.183593,0.00108193,0,0,1
9605,19.0891,71.0585,9.72576,1.31927,1.02844,1.01598,1.00086,1.08072,-0.153088,0.00153706,0,0,1
9606,9.31474,33.1095,0.818185,0.966442,1.02404,1.01895,0.983524,0.850542,-0.0355248,-0.00147296,0,0,1
9607,194.158,750.565,-34.3162,1.32102,0.999393,1.0073,1.00248,1.01353,0.0537722,-0.00109208,0,0,1
9608,13.4612,-47.9685,-2.54197,0.576162,0.988345,0.979818,0.952537,1.12918,0.0585791,0.000462099,0,0,1
9609,57.5033,217.032,30.1899,1.3368,1.01942,0.987762,1.01707,1.26512,-0.0856292,0.00106442,0,0,1
9610,8.71745,31.0946,1.94022,0.498709,1.03397,1.00679,1.01408,1.00931,-0.09868,-0.000598589,0,0,1
9611,7.37371,-26.0828,-1.07165,1.09352,0.974649,0.994134,0.961077,1.07144,0.0725091,0.00134223,0,0,1
9612,4.63801,-16.5298,-1.37769,1.12827,1.0145,1.01371,1.05277,1.39646,0.218519,0.000470429,0,0,1
9613,12.6134,-45.5529,-4.87,1.53682,1.00837,1.0086,0.981635,0.796458,0.138598,-0.000806519,0,0,1
9614,6.13028,21.7593,0.867373,1.2586,1.00276,0.998466,1.01597,0.919387,-0.0814279,-0.00179129,0,0,1
9615,3.89208,13.8599,1.1899,0.902962,1.0049,1.00275,1.02478,0.758688,-0.254231,-0.000697942,0,0,1
9616,5.7584,-20.771,-2.5022,1.00282,1.0029,1.009,1.00757,1.0847,0.296062,-0.00163574,0,0,1
9617,48.3951,-171.337,-1.45982,0.791497,0.995003,1.01705,1.03695,1.2159,0.0027141,0.000343429,0,0,1
9618,9.06771,32.1756,1.41843,0.919149,0.985717,0.99166,1.00199,1.07757,-0.0658665,-0.00100539,0,0,1
9619,7.2518,-26.0108,-2.58083,1.14396,0.978241,1.00038,1.04142,1.09835,0.195436,-0.000688192,0,0,1
9620,6.20807,-22.0547,-1.14667,0.671948,1.00227,1.00117,0.986617,1.00915,0.106554,0.00131147,0,0,1
9621,2.96151,10.545,1.02838,0.98007,1.0192,1.00272,0.994197,0.855939,-0.343065,-0.000885066,0,0,1
9622,3.51646,-12.4875,-1.02685,0.719373,0.988224,0.997491,0.975536,1.26538,0.258019,0.00111182,0,0,1
9623,6.52348,23.2108,1.27557,1.07207,1.00012,0.987754,1.01344,1.17066,-0.109575,-0.00115661,0,0,1
9624,4.88723,-17.3438,-0.891247,1.09511,0.996271,0.989559,1.04641,1.11554,0.126115,0.00186524,0,0,1
9625,10.4698,-37.6121,-3.53281,1.23568,1.01199,0.99967,1.03622,0.540999,0.136996,-0.000444486,0,0,1
9626,25.15,-90.541,-8.34741,1.3538,0.970431,0.988903,1.00403,0.782496,0.0627288,-0.000303849,0,0,1
9627,26.8346,-97.8954,-11.1506,0.775,0.996572,0.989689,0.987145,1.05646,0.0809714,-0.000633607,0,0,1
9628,6.63711,-23.6508,-2.09706,1.14193,0.96652,0.996766,0.957733,0.899294,0.180869,-0.000230021,0,0,1
9629,22.2966,-80.6461,7.09866,0.948075,1.02516,1.00543,1.0396,0.97717,-0.0657755,0.0020615,0,0,1
9630,6.29735,-22.3601,-0.860636,1.23106,1.02397,1.01779,1.03036,1.32308,0.0768208,0.00177135,0,0,1
9631,7.26985,25.8206,1.78994,1.06896,0.977714,1.01112,1.03943,0.793009,-0.126102,-0.000420816,0,0,1
9632,10.3004,37.3695,4.51099,1.04029,0.985516,1.01083,0.999802,1.00206,-0.195861,0.00146186,0,0,1
9633,6.58332,23.3763,1.6343,1.05097,0.967959,0.999254,0.953152,0.810657,-0.138399,-0.000496176,0,0,1
9634,5.84735,20.9798,2.16868,0.931757,0.99122,0.986119,0.933153,0.940253,-0.242298,0.000737466,0,0,1
9635,12.595,-44.7667,-2.4167,1.20655,0.996364,1.01344,1.03208,0.808957,0.0612934,0.000458801,0,0,1
9636,6.86457,-24.6809,-1.99404,0.853064,1.04783,0.99272,1.03705,1.00114,0.162024,0.000237595,0,0,1
9637,11.3126,40.2211,0.517079,1.10805,1.00818,0.994325,0.968105,0.882555,-0.0157986,-0.00147398,0,0,1
9638,7.3369,26.1233,1.59171,1.20799,0.996211,0.998221,1.009,0.914923,-0.110573,-0.000755993,0,0,1
9639,3.87379,-13.7975,-1.17339,0.83224,1.01535,1.00351,0.984251,0.963814,0.25169,0.000807325,0,0,1
9640,8.94276,-31.989,-2.64006,0.897922,0.993529,1.00611,0.980739,1.06524,0.132749,-0.000115925,0,0,1
9641,148.106,-560.949,-69.508,0.960848,1.01328,1.00174,0.937594,0.947636,0.0404772,-0.000534412,0,0,1
9642,13.6727,-48.555,-2.83744,0.905244,0.972605,0.997578,0.925977,0.820875,0.0624838,0.000315263,0,0,1
9643,28.3495,-103.125,-11.8136,0.927877,0.994771,1.00561,1.00735,0.947856,0.0762023,-0.000607569,0,0,1
9644,4.88244,17.3858,1.33965,0.935611,0.995668,1.00076,1.00906,1.18329,-0.193374,-0.000674331,0,0,1
9645,7.9045,-28.2264,-2.12134,0.970231,1.02692,1.00566,1.04898,1.27552,0.131565,0.000265611,0,0,1
9646,10.5864,-37.6373,-1.36292,1.0288,1.02027,0.982319,0.990781,0.99137,0.0484416,0.00108615,0,0,1
9647,56.201,-203.222,17.0444,1.13547,1.02332,0.995104,1.01724,1.32029,-0.0264138,0.000827856,0,0,1
9648,64.0595,231.154,-18.7723,0.95052,1.00929,1.0049,0.935362,0.97121,0.0212886,-0.000684071,0,0,1
9649,10.1893,-36.2011,-1.56267,1.01815,0.992477,0.992545,0.977977,1.18655,0.0590773,0.000897436,0,0,1
9650,56.7197,-210.378,-27.6047,0.899186,0.966278,0.989608,1.03004,0.840184,0.0575387,-0.00062533,0,0,1
9651,17.5677,62.3379,1.99588,0.919671,0.982429,0.991922,0.978066,1.1746,-0.0264355,-0.000642206,0,0,1
9652,31.9294,-113.524,2.96264,0.939804,0.993775,0.995486,0.990002,0.906756,-0.0126013,0.00083034,0,0,1
9653,10.978,39.093,-1.7865,0.583032,0.991651,1.00508,0.927871,1.00799,0.057681,-0.00276047,0,0,1
9654,36.4254,129.856,-1.98433,0.957713,0.99827,0.990296,1.01454,1.07443,0.00633923,-0.000651034,0,0,1
9655,29.3623,-105.069,-6.95808,1.13949,0.993212,0.992695,0.922953,1.15528,0.0366995,3.63117e-05,0,0,1
9656,4.28522,-15.2374,-1.33888,1.40475,0.98354,1.00521,0.977665,1.1596,0.243515,0.00030418,0,0,1
9657,4.38472,15.5712,1.09256,1.0412,0.988213,0.99641,1.00796,0.903949,-0.187437,-0.00121265,0,0,1
9658,19.8953,72.3022,8.26497,0.446388,0.973145,1.00908,1.03106,1.17753,-0.104047,0.000814393,0,0,1
9659,69.2098,249.692,20.974,0.712131,0.997712,1.00169,1.0397,0.952735,-0.0205929,7.12748e-05,0,0,1
9660,6.86799,-24.4304,-1.392,0.792256,1.00204,0.999543,0.984208,0.979338,0.10896,0.000975848,0,0,1
9661,3.16556,-11.2936,-1.19807,1.03195,1.01618,1.01623,1.02749,0.825869,0.364361,-2.5248e-05,0,0,1
9662,17.3956,-61.8062,-3.32207,1.18408,0.991309,1.01387,1.04014,1.05312,0.0457135,0.000302426,0,0,1
9663,6.54797,-23.2884,-1.28568,0.664629,1.0116,0.998822,1.01916,0.726954,0.109659,0.00113426,0,0,1
9664,4.4763,-16.0158,-1.56507,1.09691,1.01945,1.00075,0.993576,0.816813,0.268327,-0.000114966,0,0,1
9665,298.982,-1080.96,107.853,1.12968,1.02328,1.00457,1.02668,1.2769,-0.00659667,0.000184414,0,0,1
9666,5.67154,-20.1698,-1.26714,0.975851,1.00932,1.01476,0.976933,0.908296,0.138436,0.00103073,0,0,1
9667,11.3318,-40.6838,-3.75175,1.04403,1.0048,0.995112,1.02784,1.03845,0.125979,-0.000403176,0,0,1
9668,5.40097,-19.3143,-1.80686,1.28631,1.00691,1.00171,1.03794,0.855798,0.225707,-0.000206917,0,0,1
9669,11.8318,-42.0839,-1.55172,1.44139,1.01779,1.00358,1.03753,0.506882,0.0444355,0.00090046,0,0,1
9670,100.591,-384.417,-21.1162,1.16785,0.991047,1.01582,1.03646,0.763898,0.0967303,-0.00140207,0,0,1
9671,13.846,-49.7169,-3.41597,1.19491,1.04345,1.00174,0.99217,1.11568,0.075878,0.000164582,0,0,1
9672,26.4753,-96.0975,-9.54948,0.733573,1.01933,0.993852,0.984526,0.934127,0.0671529,-0.00038369,0,0,1
9673,16.6279,-59.6891,-5.16322,0.956516,1.01377,1.00862,1.01958,1.06698,0.0833217,-0.000245214,0,0,1
9674,4.9917,-17.7772,-1.34965,0.730358,1.01384,1.00842,0.94891,1.01621,0.187527,0.000717911,0,0,1
9675,4.2819,-15.2251,-1.08329,1.01417,1.01025,1.01365,0.947407,0.786448,0.193279,0.0012187,0,0,1
9676,29.2178,-103.899,-0.0417369,0.808861,1.03438,0.997924,1.00626,1.01727,0.000218667,0.000687199,0,0,1
9677,13.3184,47.1669,0.0921101,0.803822,0.981934,0.999417,0.926122,1.36565,-0.00202571,-0.00139855,0,0,1
9678,22.0985,-79.0022,-5.67845,0.806265,0.991692,1.01102,1.04714,0.852742,0.0511944,-1.49621e-05,0,0,1
9679,3.08153,10.9385,1.09906,0.948686,0.971415,0.998811,0.969381,1.14079,-0.348463,-0.000261901,0,0,1
9680,14.1752,-50.4132,-3.01832,0.825623,0.965257,1.0061,0.960227,1.09419,0.0619155,0.000249611,0,0,1
9681,18.8327,67.3695,4.84543,0.822209,0.9805,0.994378,0.994359,1.30524,-0.059161,-8.6952e-06,0,0,1
9682,9.50952,-33.8922,-2.23968,1.04216,0.993348,1.00115,0.981136,1.21722,0.0981456,0.000350752,0,0,1
9683,14.4028,-51.4713,-3.56209,0.997976,1.02984,1.02309,0.977975,1.02062,0.0723504,0.000112451,0,0,1
9684,98.9917,-354.13,-23.7126,1.03067,1.01615,1.01365,0.964485,1.11155,0.0114795,-4.60792e-07,0,0,1
9685,9.99758,-36.3138,-4.05976,1.74052,1.02078,0.997379,0.982751,0.685912,0.181406,-0.00107113,0,0,1
9686,18.6718,-66.2229,-1.93307,1.18128,0.944587,1.00907,0.987002,1.42291,0.0222277,0.000581833,0,0,1
9687,70.1803,-271.373,12.4349,1.06562,0.993436,1.01412,1.00315,1.38041,-0.145353,0.00295256,0,0,1
9688,7.83759,-27.7221,-0.722856,0.763006,0.987133,0.997452,0.977785,1.20213,0.0433475,0.00170959,0,0,1
9689,4.17542,14.8926,1.30358,0.683136,1.00321,0.997526,0.99062,0.79461,-0.248706,-0.000472659,0,0,1
9690,5.63041,-20.1453,-1.87007,0.882823,0.998915,1.01317,1.01086,1.42993,0.216078,-0.000273441,0,0,1
9691,5.11537,-18.184,-1.14816,0.879402,0.989716,0.980799,1.00762,0.846344,0.152648,0.00125823,0,0,1
9692,24.9166,-89.4661,-7.32403,1.01569,0.988984,0.990544,0.961697,0.965132,0.0548349,-0.00015234,0,0,1
9693,11.9333,42.2669,1.31262,1.03769,0.98394,1.0007,1.03634,0.657981,-0.0360083,-0.000979397,0,0,1
9694,8.18824,29.1773,2.40233,1.31316,0.97088,0.99934,1.02464,0.876729,-0.140215,8.03712e-05,0,0,1
9695,11.3206,40.4484,2.77799,1.07968,1.02045,1.01138,0.999411,1.15328,-0.0883059,-0.000218146,0,0,1
9696,16.6585,-59.901,-5.42491,1.02844,0.988842,1.00204,1.01889,0.975096,0.0884942,-0.000352309,0,0,1
9697,7.13232,25.3255,0.802507,1.03059,1.01032,1.00866,0.933536,1.05183,-0.0569248,-0.00174437,0,0,1
9698,20.4525,73.5364,6.6667,0.859875,0.977981,1.00664,1.04164,0.788509,-0.0720222,0.000302744,0,0,1
9699,3.13584,-11.1471,-1.09247,1.15887,0.979761,0.997115,0.990161,1.5835,0.336281,0.000426405,0,0,1
9700,10.0238,36.0564,2.87456,1.02301,1.02341,0.976987,1.00787,1.2561,-0.118793,-2.3235e-05,0,0,1
9701,15.1073,54.0296,4.40368,1.23248,0.960041,1.01353,1.00622,0.908628,-0.082098,0.000187947,0,0,1
9702,11.1171,39.8554,3.66629,1.26214,0.973242,1.00096,0.984999,0.811267,-0.125153,0.000426249,0,0,1
9703,3.44384,12.277,1.14504,1.20206,1.02152,1.00159,1.03094,1.0649,-0.298816,-0.000705824,0,0,1
9704,10.6522,-38.1535,-3.16418,1.14575,1.011,1.01398,1.01407,0.821398,0.115826,-0.000159295,0,0,1
9705,12.4281,44.2364,3.06586,0.980286,0.965577,0.992033,0.972688,1.24173,-0.0815923,-0.000130669,0,0,1
9706,7.94853,-28.3067,-1.71436,0.976385,1.00797,0.987373,1.01146,0.60745,0.104691,0.000718485,0,0,1
9707,6.68837,23.7656,1.42629,0.750577,0.985042,0.990488,0.987984,0.786033,-0.116794,-0.000903478,0,0,1
9708,3.54334,12.6067,1.09065,1.13498,0.994737,1.00285,0.988428,1.16862,-0.271361,-0.00084532,0,0,1
9709,44.844,162.359,-14.8192,1.23953,0.98676,1.00227,0.987898,0.87294,0.035177,-0.00105582,0,0,1
9710,6.5921,23.3303,1.09487,0.86855,0.971584,0.987611,0.982369,0.72288,-0.0908138,-0.00135425,0,0,1
9711,26.0869,-94.1636,-9.55551,0.940864,0.972333,1.01122,1.0265,1.31163,0.0678275,-0.000434678,0,0,1
9712,5.14668,18.3267,1.61214,1.16709,0.950635,1.00211,0.931767,0.832093,-0.215709,8.74252e-05,0,0,1
9713,9.74449,-34.6287,-2.35806,0.963753,0.980176,1.01552,1.02704,1.00258,0.0976798,0.000244464,0,0,1
9714,4.44779,15.8889,1.50744,0.831917,0.991442,0.995823,0.981124,1.02245,-0.262171,7.73071e-05,0,0,1
9715,22.6641,-80.4305,-1.06002,1.23398,0.958931,0.99977,1.00065,0.873046,0.00857734,0.000671596,0,0,1
9716,5.8385,20.9779,1.90083,1.12027,1.0369,1.00407,0.971263,1.15091,-0.205048,4.57383e-05,0,0,1
9717,218.338,-829.24,95.7586,0.699891,1.00195,1.00567,1.01531,1.26633,-0.0296407,0.000634797,0,0,1
9718,16.3603,58.9271,5.57562,0.85034,0.993261,0.995994,0.975822,0.962859,-0.0947841,0.000421562,0,0,1
9719,24.2325,-87.1639,-7.78328,0.734515,0.995922,0.994494,0.985604,0.885745,0.0624392,-0.000256222,0,0,1
9720,22.9566,82.8208,7.94662,0.806922,1.0025,1.00243,1.02386,1.23414,-0.070689,0.000353131,0,0,1
9721,28.1919,103.889,13.0852,1.0224,0.997343,0.996398,1.00251,1.08485,-0.0927595,0.000866227,0,0,1
9722,13.3266,-47.5524,-3.241,1.10367,0.99592,1.01176,1.04304,1.09639,0.0757181,0.000135897,0,0,1
9723,6.78968,-24.3346,-2.30771,1.06384,1.01027,0.996517,1.02364,0.840863,0.194449,-0.00038962,0,0,1
9724,9.01452,-32.5599,-3.04224,1.38601,1.03965,0.991163,1.01216,0.83726,0.156332,-0.000386256,0,0,1
9725,25.5961,-91.9122,-7.29389,0.851758,1.01509,0.991656,1.01899,1.2506,0.0513924,-9.65724e-05,0,0,1
9726,13.5418,-48.6431,-4.37291,1.08354,0.985793,0.991579,1.02403,1.1442,0.105619,-0.000362727,0,0,1
9727,16.1238,57.6956,3.90001,1.04747,0.99351,0.980513,1.00981,1.39896,-0.064893,-0.000120315,0,0,1
9728,31.7195,117.632,15.6553,0.955802,1.00702,1.01756,0.978391,1.1341,-0.0937539,0.000965799,0,0,1
9729,21.235,75.8068,4.04967,0.822567,0.998401,1.0015,1.04861,1.17429,-0.0382226,-0.000256016,0,0,1
9730,5.5678,-19.7964,-1.31217,1.05184,0.993722,0.999804,0.981885,1.07306,0.149297,0.000924463,0,0,1
9731,558.572,-2167.58,68.4365,1.10196,0.972299,1.00739,1.02278,1.00519,0.0230995,-0.000347977,0,0,1
9732,17.4164,62.2523,1.96626,0.449005,1.04859,0.999923,1.03658,0.710846,-0.0269296,-0.000705975,0,0,1
9733,27.3661,-101.978,-14.0634,0.909673,0.98232,1.0131,0.9593,1.01282,0.1272,-0.0014332,0,0,1
9734,12.3107,-44.158,-3.81189,1.04358,0.99193,0.992024,0.903831,1.15913,0.108989,-0.00026947,0,0,1
9735,25.343,-90.0171,-4.22438,1.3176,0.978036,0.992295,0.987344,0.928766,0.0284099,0.000268906,0,0,1
9736,3.40733,12.0821,0.738855,1.33709,0.996204,0.984116,1.0314,1.12734,-0.192863,-0.00253309,0,0,1
9737,8.96689,32.0758,2.55853,1.29022,1.01132,1.00001,1.01894,0.860235,-0.127582,-2.07523e-05,0,0,1
9738,42.1868,152.526,14.5388,0.744591,0.986608,0.997699,1.05472,0.747438,-0.0396785,0.000217326,0,0,1
9739,5.865,21.0754,2.28895,0.885809,0.997616,1.00042,0.97884,1.00733,-0.255794,0.0010121,0,0,1
9740,74.4838,267.821,18.7637,0.628235,1.00909,0.987099,1.05308,1.15452,-0.0154991,-2.6677e-06,0,0,1
9741,31.7241,-112.833,-1.66289,0.893751,1.00542,0.974032,0.972235,1.01157,0.0073656,0.000510905,0,0,1
9742,54.4799,195.35,12.1627,1.1172,0.979707,0.983233,0.999254,1.32983,-0.0184247,-4.15952e-05,0,0,1
9743,15.1467,56.0674,7.56915,1.05764,1.02583,1.00707,1.00079,0.89972,-0.176842,0.00166038,0,0,1
9744,34.2096,-126.914,16.2163,0.781847,0.995063,0.99859,0.998303,0.834461,-0.0826658,0.00206421,0,0,1
9745,11.9248,42.7467,2.67728,1.1157,1.05126,1.01378,1.05457,0.895246,-0.0765839,-0.000371623,0,0,1
9746,57.5129,-205.498,14.7988,1.03796,0.968611,1.00731,0.969721,0.829695,-0.0206114,0.000690719,0,0,1
9747,3.91599,13.9165,0.997526,0.782934,1.00582,1.00081,0.986854,1.08942,-0.207708,-0.00146256,0,0,1
9748,18.1817,-64.9689,-5.38481,0.839461,0.96724,1.00114,0.965666,1.03783,0.0719519,-0.000193496,0,0,1
9749,20.6338,73.3133,2.62789,0.74818,0.987396,0.99674,1.00985,0.998799,-0.0255607,-0.000493106,0,0,1
9750,36.1456,129.244,-6.11135,1.04385,0.995659,0.998988,1.07947,0.830565,0.0202208,-0.000893419,0,0,1
9751,6.23104,22.0848,1.33697,0.770777,0.97906,1.00699,0.988488,1.03747,-0.122908,-0.000922434,0,0,1
9752,21.1385,77.1481,8.62188,1.08785,1.02051,1.0078,0.981487,0.955207,-0.0958332,0.000689334,0,0,1
9753,5.51881,-19.7063,-1.53205,1.1197,1.02823,0.998221,1.00352,0.890914,0.179264,0.000581714,0,0,1
9754,11.3126,-40.5916,-3.62136,1.05472,0.988259,1.0031,1.02705,0.960928,0.120579,-0.00035723,0,0,1
9755,4.70775,16.6275,0.605859,1.12416,0.975441,0.997335,1.00248,0.871955,-0.0896846,-0.00250245,0,0,1
9756,16.5831,58.9868,2.37046,1.24995,0.992064,0.995804,0.97071,1.15918,-0.0353847,-0.000560168,0,0,1
9757,46.5842,-167.098,-11.6725,1.2351,1.02172,0.994174,1.00484,1.10063,0.0252488,-2.0326e-06,0,0,1
9758,4.60588,-16.4192,-1.38168,1.17454,1.00232,0.980561,1.01433,1.20708,0.224294,0.000538223,0,0,1
9759,3.1043,-11.0666,-1.23097,1.4631,0.980262,1.00662,1.02957,0.712255,0.391434,-0.000498729,0,0,1
9760,15.4819,55.0909,2.04503,0.894381,1.00659,1.01068,1.05309,0.591625,-0.0345124,-0.000651601,0,0,1
9761,7.66379,-27.5753,-2.9319,1.08953,0.980804,0.983836,1.02443,1.02045,0.207805,-0.000968373,0,0,1
9762,9.70758,34.7648,2.82995,0.904959,0.992558,0.996894,0.953231,0.924262,-0.122602,9.09233e-05,0,0,1
9763,5.96921,-21.1559,-0.355845,0.730161,1.00453,1.00148,0.992216,1.35567,0.0346834,0.00267078,0,0,1
9764,11.5976,41.2894,1.35597,0.849357,1.02355,0.978772,1.01121,1.01278,-0.0403432,-0.00107119,0,0,1
9765,16.5533,-60.1042,-7.01108,0.750726,0.969274,0.995368,1.02681,0.871896,0.128158,-0.00101282,0,0,1
9766,5.04126,18.1143,1.60384,1.22813,1.04036,0.987268,1.01499,1.29389,-0.223788,-0.000283423,0,0,1
9767,3.27629,-11.5837,-0.846191,1.16106,0.982699,1.00524,1.00353,0.954372,0.235345,0.00179652,0,0,1
9768,33.8139,-127.316,-17.5319,0.742298,1.00649,1.00445,1.01046,1.13102,0.143658,-0.00179731,0,0,1
9769,8.62927,-30.8602,-2.50164,1.09577,0.993624,0.988037,1.05736,0.945676,0.135606,-3.22233e-05,0,0,1
9770,14.0103,-50.1701,-4.19195,1.02131,0.986813,1.01001,1.03841,0.925741,0.0918053,-0.000211752,0,0,1
9771,7.88491,28.1314,2.03217,1.03411,0.984147,0.987293,0.97309,1.24696,-0.12654,-0.000310087,0,0,1
9772,16.7838,-60.1028,-4.53761,0.870831,0.9916,0.996032,0.991348,1.05059,0.0707723,-5.24712e-05,0,0,1
9773,27.4228,-103.645,-13.5653,0.964788,0.96824,0.997967,0.996987,0.853266,0.20365,-0.00266641,0,0,1
9774,89.8603,337.363,-139.648,1.15269,1.00804,0.988255,1.01697,0.816994,-0.115716,0.00191409,0,0,1
9775,10.1964,37.4603,4.4232,0.816741,1.06391,0.996471,1.03131,1.03506,-0.193143,0.00122627,0,0,1
9776,15.2711,-54.0554,-1.30485,0.875174,0.985758,1.01125,1.0197,1.06433,0.0225191,0.000845885,0,0,1
9777,22.2879,81.6309,9.55536,0.742391,1.01369,0.994004,0.999454,0.916437,-0.099612,0.000787875,0,0,1
9778,8.73229,31.311,2.78836,0.674383,0.986441,0.982242,1.01932,1.10419,-0.14994,0.000297273,0,0,1
9779,8.51006,30.3247,2.41539,1.01758,0.975888,1.00221,0.980972,1.03039,-0.130692,4.02617e-06,0,0,1
9780,5.54979,-19.8103,-1.73357,1.0631,0.985606,0.997255,0.972103,1.07764,0.20462,-7.0307e-06,0,0,1
9781,25.8058,-91.8031,-2.85435,0.915929,1.0032,1.00112,1.001,0.891207,0.0184294,0.000436687,0,0,1
9782,12.2479,43.545,2.56178,1.06581,0.959513,0.992191,0.999468,0.736682,-0.0690812,-0.000352556,0,0,1
9783,12.1915,43.6903,3.56086,1.21741,0.991282,1.00514,0.944882,1.06393,-0.100638,0.00014404,0,0,1
9784,11.9236,-42.4196,-1.76447,1.21136,0.99223,0.979496,0.979643,0.732269,0.0504838,0.000795527,0,0,1
9785,9.98886,-36.0003,-3.80032,1.22247,0.994156,1.00783,1.00232,0.681686,0.165874,-0.000889003,0,0,1
9786,3.49354,-12.4478,-1.24776,1.19193,0.98983,1.00843,0.968156,1.24244,0.323238,-6.42031e-06,0,0,1
9787,13.307,-47.2003,-0.629427,1.12091,0.956903,0.996004,1.00761,1.37893,0.0140577,0.00115763,0,0,1
9788,17.6075,64.745,8.19116,0.995461,1.01116,1.00312,0.953128,1.19321,-0.139672,0.00123444,0,0,1
9789,9.29893,-33.3113,-2.76413,1.12807,1.02195,0.999171,0.979243,1.06918,0.129959,-7.20766e-05,0,0,1
9790,22.4435,80.5146,6.05233,0.898484,0.992723,1.00014,1.02791,1.0115,-0.053392,5.15752e-05,0,0,1
9791,10.6572,-38.256,-3.53982,0.927105,0.998635,0.990708,0.977784,1.15946,0.133555,-0.000421884,0,0,1
9792,9.44016,-33.4443,-0.622763,1.2352,1.00643,1.01472,0.977795,0.949312,0.0263399,0.0015784,0,0,1
9793,5.78929,-20.6756,-1.69044,0.900522,1.02514,1.0005,0.972315,0.867414,0.183232,0.000327299,0,0,1
9794,8.26823,29.5516,2.38668,0.944416,0.996291,1.01581,0.990742,0.746163,-0.136012,2.18298e-05,0,0,1
9795,8.51433,-30.6556,-2.75479,0.781686,1.03351,1.00065,0.992574,0.576229,0.154197,-0.000261748,0,0,1
9796,2.93121,10.3903,0.745128,1.07949,0.992789,0.983216,1.03132,1.17351,-0.249893,-0.00250853,0,0,1
9797,18.4909,65.5978,1.76956,1.39958,0.988179,0.998912,0.964588,1.12201,-0.0210842,-0.000675755,0,0,1
9798,120.208,443.798,54.9012,1.16673,0.988346,1.00552,0.999347,1.05178,-0.0214247,0.000201419,0,0,1
9799,2.11611,-7.52937,-0.93697,1.16259,0.999207,0.999734,0.984689,0.892665,0.542039,0.000139984,0,0,1
9800,14.4784,-53.3959,-7.24051,1.11347,0.976173,0.98794,1.01656,0.76735,0.193391,-0.00190193,0,0,1
9801,567.053,-6044.02,1943.77,1.19632,0.979136,0.999987,1.02485,1.18489,0.0188337,-0.00032519,0,0,1
9802,8.59589,-30.3908,-0.491136,0.762519,0.98853,1.01272,0.945564,0.727889,0.0246396,0.00177126,0,0,1
9803,6.8341,24.3024,1.60252,1.0965,0.988053,1.00132,0.998078,0.872739,-0.126258,-0.000649129,0,0,1
9804,16.4203,-59.0008,-5.86511,1.14737,0.954722,0.991096,0.981004,1.26644,0.0999929,-0.00055118,0,0,1
9805,10.8896,-39.1916,-3.86841,1.2366,1.00144,1.01976,0.99198,0.868458,0.140587,-0.000640145,0,0,1
9806,4.11994,-14.6772,-1.27979,1.14531,1.00017,0.992313,0.965697,0.973968,0.250713,0.000524015,0,0,1
9807,13.5352,48.3174,2.8615,1.24197,0.998768,1.00043,1.01647,1.15595,-0.0643427,-0.000331334,0,0,1
9808,393.254,-4409.01,1317.84,0.822693,0.98747,0.996187,1.03154,0.904729,0.0276687,-0.000477436,0,0,1
9809,7.17025,25.3917,0.415007,1.25555,0.972285,1.00323,0.987194,0.904797,-0.0288418,-0.00212193,0,0,1
9810,90.6095,326.091,25.2082,0.886061,0.977963,1.00384,1.01524,1.09299,-0.0138614,2.81689e-05,0,0,1
9811,9.64641,34.3497,1.6813,1.06346,1.00098,0.988513,1.04264,0.924085,-0.0708921,-0.000833135,0,0,1
9812,9.14737,-32.4681,-1.40523,1.01089,0.996529,1.00195,1.02207,1.27677,0.0643331,0.00100753,0,0,1
9813,14.4006,51.1389,1.4542,1.27257,0.999478,1.00508,1.00226,0.835283,-0.0279715,-0.000857385,0,0,1
9814,20.6863,73.4434,2.67771,0.506952,0.993842,1.01193,1.04807,1.18191,-0.0256726,-0.000476097,0,0,1
9815,10.3071,36.7397,-1.17011,1.14966,0.995954,0.984693,1.02735,0.84358,0.0428999,-0.00267191,0,0,1
9816,8.86783,32.0152,3.4628,0.681455,1.00707,0.996423,0.990491,1.04671,-0.187076,0.000943181,0,0,1
9817,7.26528,25.8833,1.6053,0.77129,1.01504,1.00453,1.01334,0.862635,-0.113845,-0.000755625,0,0,1
9818,7.17738,25.713,2.14777,0.879254,1.02821,1.00081,1.05719,1.16841,-0.159742,-6.60287e-05,0,0,1
9819,2.42879,8.60536,0.869534,0.827112,0.986813,1.01364,0.965297,0.970812,-0.397306,-0.00107701,0,0,1
9820,9.8128,-34.8634,-0.594028,1.13695,1.01392,0.998202,0.971448,0.901725,0.0238593,0.0016031,0,0,1
9821,12.8722,45.6596,1.84329,1.00458,0.968197,0.995176,1.06304,1.05823,-0.044314,-0.000706485,0,0,1
9822,11.7646,-42.3316,-3.81025,0.951663,1.01697,0.991143,0.991745,1.12674,0.118874,-0.000319605,0,0,1
9823,9.55824,34.064,2.00402,0.840452,0.995134,0.993229,1.00595,0.927645,-0.0863518,-0.00056475,0,0,1
9824,5.83509,20.821,1.61403,0.696048,1.00036,1.00785,0.994376,0.733482,-0.170957,-0.000389225,0,0,1
9825,28.2743,101.829,8.93911,1.26479,0.983708,1.00337,1.01652,1.33182,-0.0517015,0.000206138,0,0,1
9826,9.03117,32.21,2.47707,1.22509,0.956635,1.0109,0.99248,1.11694,-0.119261,8.42817e-06,0,0,1
9827,5.03437,-17.946,-1.4404,1.09728,0.999194,0.997982,0.97676,1.18853,0.199302,0.000484551,0,0,1
9828,10.6643,-37.9846,-2.97117,0.548689,0.959686,0.994503,0.962412,0.974843,0.107307,-6.85692e-05,0,0,1
9829,184.639,1035.2,-577.692,0.990777,0.98778,0.988206,0.96737,1.14224,-0.0907208,0.00146455,0,0,1
9830,9.02743,32.0542,1.46745,1.0218,0.989703,0.996062,1.03963,1.3529,-0.0686507,-0.000963275,0,0,1
9831,80.7736,-305.161,-40.2964,0.801262,1.00167,0.983636,0.990687,0.742768,0.0673383,-0.000864714,0,0,1
9832,5.83912,-20.6695,-1.16024,1.16148,0.976249,0.99849,1.00768,1.15979,0.119956,0.0012027,0,0,1
9833,7.54958,-27.123,-2.19447,1.17531,1.02682,0.979327,1.02779,1.03061,0.151563,0.0001385,0,0,1
9834,166.892,-660.001,189.294,1.16669,0.997571,0.983563,0.976448,0.882513,0.0614501,-0.00101989,0,0,1
9835,306.17,-1149.25,-152.552,1.58571,1.03724,0.996549,1.05014,0.925434,0.0171601,-0.00021747,0,0,1
9836,20.6348,-73.254,-1.11885,0.954247,1.00354,1.00549,1.02856,0.825312,0.010967,0.000748968,0,0,1
9837,10.0564,-36.0044,-2.9576,0.710713,1.00202,1.0125,1.0204,1.04666,0.11995,-0.000135942,0,0,1
9838,3.05615,10.9383,1.30949,0.943381,1.00001,0.986456,0.987682,1.3383,-0.431426,0.000762859,0,0,1
9839,6.27234,22.2769,1.28576,1.31309,0.997034,1.00652,1.00486,1.1337,-0.116789,-0.00106723,0,0,1
9840,7.57536,27.0909,2.244,1.27724,1.00185,0.98746,1.0145,1.22599,-0.153247,-9.19898e-06,0,0,1
9841,23.0605,-82.1181,-3.15906,0.930828,1.01813,0.994157,1.02494,0.698083,0.0257822,0.000421186,0,0,1
9842,79.8497,299.64,41.0412,0.837924,1.01065,1.00974,1.02814,1.046,-0.0467324,0.000535071,0,0,1
9843,12.1151,43.0842,0.306294,1.00927,1.02413,0.996445,0.989517,1.20147,-0.00822966,-0.0015103,0,0,1
9844,13.3897,-47.7748,-3.13163,1.14398,0.988731,0.997092,1.01438,1.01649,0.0729095,0.000193878,0,0,1
9845,9.68987,35.3715,4.26383,0.761641,1.03595,1.00607,1.00205,0.719229,-0.205471,0.00140099,0,0,1
9846,8.91983,31.8043,2.37067,0.758251,0.989554,1.01079,0.999517,1.23718,-0.116442,-0.000139572,0,0,1
9847,13.1976,-47.2362,-3.5928,0.731771,1.0181,1.02102,1.00569,0.928096,0.087058,-2.57376e-05,0,0,1
9848,13.5181,-48.4886,-4.00201,0.993857,1.03147,1.01635,0.994352,0.692984,0.0936952,-0.00014374,0,0,1
9849,10.3751,-36.8015,-1.86574,1.04009,0.978476,0.98993,1.02071,0.819755,0.0684212,0.000683681,0,0,1
9850,55.9134,-203.793,-23.6243,1.17141,0.968937,0.977141,1.04238,0.985759,0.0420485,-0.000360896,0,0,1
9851,3.8656,13.7821,1.22823,1.15424,1.00976,0.979249,0.908673,1.44346,-0.266895,-0.000707248,0,0,1
9852,14.1992,-51.0119,-4.66712,1.04642,0.990016,1.01323,0.982996,1.00661,0.10191,-0.000398621,0,0,1
9853,23.2551,-82.7215,-2.11085,0.714176,1.02428,0.991189,0.954239,0.835353,0.0168539,0.000575711,0,0,1
9854,9.28231,33.1578,2.43207,0.99742,0.987687,0.989658,1.03125,1.12317,-0.113008,-0.000170313,0,0,1
9855,8.64798,30.882,2.19861,1.17041,1.00084,0.999467,1.01017,0.675346,-0.115487,-0.000281701,0,0,1
9856,76.6507,-290.034,-37.6865,1.04098,1.01181,0.998808,1.01317,1.06292,0.0728639,-0.000944563,0,0,1
9857,8.0553,-28.8551,-2.57102,0.877086,0.995097,0.999706,1.04259,0.947027,0.159019,-0.000296864,0,0,1
9858,7.17459,25.744,2.50469,1.11512,0.983231,0.980989,1.01227,0.696366,-0.194629,0.000562934,0,0,1
9859,26.7516,-94.7916,-2.00308,0.912631,0.973912,1.00102,0.966342,0.943782,0.0118718,0.000500276,0,0,1
9860,3.42954,-12.2371,-1.22923,1.20177,0.988503,0.996106,1.01737,0.743347,0.329692,6.8167e-05,0,0,1
9861,5.2498,-18.5598,-0.659641,1.00694,0.999393,1.01436,0.990269,0.715695,0.0802301,0.0022546,0,0,1
9862,58.6852,-219.264,-30.0924,1.19046,1.01051,0.988563,1.00474,1.14627,0.0648064,-0.000738367,0,0,1
9863,30.3599,-108.099,-6.48476,1.36151,0.98328,1.00655,0.999599,1.31354,0.0309482,9.31944e-05,0,0,1
9864,10.3018,-36.7075,-2.66869,1.0971,0.964232,1.01611,1.01391,1.17623,0.100512,6.12394e-05,0,0,1
9865,5.46146,19.3799,1.29307,0.885471,0.986624,1.00591,0.975885,0.885456,-0.150736,-0.000911891,0,0,1
9866,3.69312,13.1704,1.24714,0.990855,1.00986,0.99721,0.982704,0.89403,-0.292921,-0.000385877,0,0,1
9867,3.73279,13.2727,1.26363,0.732076,0.975262,0.998417,0.94101,0.813285,-0.291966,-0.000153877,0,0,1
9868,9.71512,34.5759,2.35295,0.836863,0.973075,0.988845,1.02449,0.704379,-0.0988844,-0.000285831,0,0,1
9869,28.8427,-102.216,2.12127,1.04356,0.985978,1.01156,1.02589,1.03908,-0.0107931,0.000843251,0,0,1
9870,5.25769,18.6449,1.35257,1.30726,0.977829,1.00842,0.993386,1.26512,-0.169643,-0.000683552,0,0,1
9871,26.3578,-97.5999,-13.0005,0.691335,1.00847,1.01199,0.99742,0.975699,0.111736,-0.00113811,0,0,1
9872,6.6769,23.8269,1.82941,0.715052,0.998884,1.01105,0.999191,1.39521,-0.152332,-0.000271676,0,0,1
9873,5.30419,-19.1231,-2.32191,1.08161,0.999477,1.0133,1.02772,1.05737,0.316684,-0.00172649,0,0,1
9874,3.68417,-13.1398,-1.03974,1.01035,1.02571,0.984231,0.984775,0.878059,0.240958,0.00144257,0,0,1
9875,8.09705,29.0847,2.78924,1.23396,1.01057,0.992913,1.03004,1.18095,-0.172243,0.00047048,0,0,1
9876,7.25043,26.0695,2.68321,1.13652,0.991965,1.00823,0.969917,1.07319,-0.204608,0.000829593,0,0,1
9877,4.09935,-14.6081,-1.29622,1.21113,1.00355,0.989626,1.00236,0.901132,0.256471,0.000485239,0,0,1
9878,17.4525,-61.8184,0.6048,0.753761,0.983562,0.993142,1.03137,0.784416,-0.00816132,0.00124819,0,0,1
9879,7.60333,-26.9594,-1.47685,1.08343,0.969872,1.00598,0.99582,1.12419,0.0951459,0.000826157,0,0,1
9880,131.27,496.652,459.938,0.734317,1.00579,0.995443,1.02087,1.07333,0.0859873,-0.00150431,0,0,1
9881,3.64035,13.1328,1.57086,0.895329,1.04127,1.0096,1.01026,0.995052,-0.389335,0.00105537,0,0,1
9882,19.0923,69.3376,7.33438,0.756433,1.01185,0.997849,0.99925,1.13748,-0.0962973,0.000596007,0,0,1
9883,10.169,-36.2848,-3.11006,0.864883,0.971461,1.00652,1.03753,1.10717,0.123336,-0.000258002,0,0,1
9884,21.9602,78.807,6.38638,0.84722,0.982754,1.00302,0.926537,0.939631,-0.05893,0.000138044,0,0,1
9885,13.4104,-48.7632,-5.98504,1.05681,0.979508,1.00061,1.00146,1.08699,0.164445,-0.00134567,0,0,1
9886,28.7897,104.407,9.39359,1.12593,1.02728,0.987511,0.993241,1.26167,-0.0541968,0.000216565,0,0,1
9887,5.68149,-20.3573,-1.72657,1.08151,1.03623,1.00201,0.976018,1.0234,0.194188,0.000238797,0,0,1
9888,12.6185,-45.1666,-3.50709,0.962638,1.01826,1.0135,1.01685,0.744909,0.0929691,-4.35638e-05,0,0,1
9889,7.68687,-27.6054,-2.76614,1.10577,1.00326,1.00841,0.998346,1.20911,0.189528,-0.000698415,0,0,1
9890,15.4994,55.1936,2.55939,0.828373,1.00464,1.01218,1.02146,0.985571,-0.0434095,-0.000493641,0,0,1
9891,12.0634,43.1336,3.06784,1.16448,1.02444,1.00654,1.0069,0.751256,-0.0870504,-0.000150609,0,0,1
9892,253.879,-1009.59,93.965,0.989972,0.987146,1.0137,1.02732,0.886655,0.0598062,-0.000915908,0,0,1
9893,16.1445,-57.5471,-2.9917,1.22372,1.01033,1.01252,1.02325,1.09476,0.0480081,0.000372821,0,0,1
9894,8.06716,-28.6672,-1.19207,1.14232,0.992953,0.979103,0.945088,1.32495,0.0698107,0.00126357,0,0,1
9895,6.84872,24.3263,1.59006,0.828353,0.98125,0.995841,1.04272,0.472087,-0.124943,-0.000666577,0,0,1
9896,105.271,403.527,-37.2202,0.875823,1.00454,1.0132,0.985619,1.06426,0.0766757,-0.00159864,0,0,1
9897,12.2422,-43.9254,-3.87597,0.877947,1.00541,0.98987,0.997069,1.01161,0.112123,-0.000287166,0,0,1
9898,33.8528,-120.243,-2.35055,1.09628,0.990567,0.98889,1.01548,1.05635,0.00895995,0.000422303,0,0,1
9899,49.806,188.099,25.4265,1.35657,0.996262,1.00141,0.949489,1.02786,-0.100387,0.00126972,0,0,1
9900,6.67653,-23.935,-2.31317,1.30538,1.00819,1.00902,0.979345,1.20756,0.201023,-0.000504373,0,0,1
9901,31.6637,-112.227,1.34229,1.07098,0.966186,0.989505,1.00502,1.45002,-0.00577455,0.000701933,0,0,1
9902,3.83206,13.6078,0.89092,1.18402,1.00192,0.995608,0.958868,0.928142,-0.191425,-0.0018599,0,0,1
9903,13.6205,49.2379,5.30299,0.566772,0.984733,0.9963,0.977185,1.09082,-0.132353,0.000823904,0,0,1
9904,2.0747,7.35241,0.706965,1.0384,1.01635,0.994856,0.976647,1.29814,-0.406162,-0.00278075,0,0,1
9905,4.65277,16.5932,1.56119,1.04606,0.990972,1.01698,0.991192,1.6385,-0.248168,0.000153218,0,0,1
9906,11.2286,-40.3702,-3.36104,1.23489,1.03393,1.00384,1.00707,0.864429,0.112175,-0.000128731,0,0,1
9907,4.018,14.3817,1.54388,0.987058,1.01185,1.0096,0.988684,1.41492,-0.321061,0.000579301,0,0,1
9908,5.39657,-19.2227,-1.43863,1.03471,1.00012,1.00723,1.01139,1.31029,0.174308,0.000602393,0,0,1
9909,6.51913,23.3358,2.12895,0.737276,0.994585,0.986962,0.992669,0.933941,-0.192513,0.000245997,0,0,1
9910,4.37471,15.561,1.14999,0.8792,1.00746,1.01079,0.996986,1.125,-0.198479,-0.001042,0,0,1
9911,3.35826,12.015,1.03802,0.81054,1.05978,1.014,0.932999,0.646638,-0.278073,-0.0013168,0,0,1
9912,14.4532,-51.1959,-1.63765,0.709586,0.976246,0.98538,0.952763,1.32203,0.0319532,0.00078734,0,0,1
9913,19.5658,69.4677,1.65326,0.82825,0.969148,1.00386,0.991973,0.821487,-0.0175229,-0.000652752,0,0,1
9914,4.24991,-15.0816,-0.784648,0.624478,1.02057,1.00072,1.02081,0.582222,0.140202,0.00227379,0,0,1
9915,3.65052,12.9357,1.03391,1.0393,0.976038,0.99859,0.989699,0.839055,-0.242727,-0.00108737,0,0,1
9916,5.19046,18.4331,0.98783,0.848184,1.00312,1.0013,1.02746,1.13629,-0.125201,-0.00161244,0,0,1
9917,4.73815,-16.809,-0.933067,1.07111,0.995202,0.99537,1.01509,1.24909,0.139126,0.00173556,0,0,1
9918,26.7947,-96.9319,9.08359,1.07909,0.990131,0.997953,1.0039,0.918961,-0.0606638,0.00180614,0,0,1
9919,39.8655,-148.487,-20.0647,1.14198,0.967227,0.999379,0.986136,1.52084,0.088828,-0.00100801,0,0,1
9920,6.4534,-23.4073,-2.75386,0.747481,1.03542,1.01937,0.990517,0.906587,0.265603,-0.00143535,0,0,1
9921,8.82188,-31.4896,-2.22315,1.08144,1.00428,1.00269,0.974616,1.22404,0.112973,0.000278285,0,0,1
9922,8.12798,29.0371,2.16999,1.05312,1.01086,0.995913,1.07268,1.00584,-0.128363,-0.000243393,0,0,1
9923,2.68484,9.50701,0.732659,0.668261,0.99406,1.0017,1.01704,1.23905,-0.28101,-0.00243423,0,0,1
9924,16.2348,-58.0992,-4.2179,1.07094,1.00863,1.00354,1.00128,0.857378,0.0695739,1.4495e-05,0,0,1
9925,7.1544,25.6127,2.25733,0.725061,0.99666,1.0014,1.01829,0.911855,-0.171186,0.000202802,0,0,1
9926,8.51666,30.4564,2.38467,0.942806,1.00197,0.99506,1.00595,0.917012,-0.130629,-7.8036e-05,0,0,1
9927,17.3019,-62.8901,-7.24854,0.87264,0.996853,0.99868,1.01985,0.842956,0.119601,-0.000894498,0,0,1
9928,8.86311,32.1955,3.43329,1.20391,1.04698,0.99001,0.966222,0.647402,-0.185336,0.000812693,0,0,1
9929,108.48,930.011,-292.444,0.712598,1.01434,1.00623,1.01119,0.796292,-0.147314,0.00251102,0,0,1
9930,21.4925,-77.5082,-7.54608,0.98819,0.994197,0.982586,1.06153,0.972294,0.0780985,-0.000403843,0,0,1
9931,6.50915,-23.1379,-1.19654,0.87928,1.00556,0.982015,1.02343,0.927074,0.103641,0.00130451,0,0,1
9932,6.76531,-24.0172,-0.376155,0.687051,1.02036,1.01495,1.01146,1.11857,0.0292517,0.0023722,0,0,1
9933,5.09777,-18.2719,-1.89816,1.03491,0.997013,0.998815,1.00749,0.926069,0.267267,-0.000706339,0,0,1
9934,7.40585,-26.4183,-1.79476,1.38338,1.02538,0.994278,1.00635,0.7318,0.124487,0.000588663,0,0,1
9935,32.1102,-113.989,-1.44744,1.12311,0.991329,0.990262,1.01372,0.693264,0.00610323,0.0005024,0,0,1
9936,20.5193,-73.211,-3.98246,1.10392,1.01806,1.00593,1.02244,1.01069,0.0409743,0.000254217,0,0,1
9937,4.42786,15.7953,1.35656,1.06493,1.03037,1.00939,1.00069,0.810562,-0.231558,-0.000543745,0,0,1
9938,14.5276,52.759,5.5235,0.747954,1.01539,0.989589,1.01472,1.42632,-0.121691,0.000682046,0,0,1
9939,80.7645,-308.379,-19.4717,0.966354,0.979001,0.990553,0.988739,0.928763,0.118916,-0.00171478,0,0,1
9940,19.0388,67.6774,0.706156,1.09202,1.00407,1.00397,1.02545,1.20223,-0.00791141,-0.000882986,0,0,1
9941,6.14828,21.9864,1.71685,0.78376,1.03079,0.998731,0.950743,0.999862,-0.166386,-0.00043437,0,0,1
9942,5.8412,20.7959,1.2873,1.00408,1.03301,1.00293,1.0228,1.00042,-0.133651,-0.00114492,0,0,1
9943,2.77118,9.84302,0.921043,0.92703,0.991506,1.00714,0.953074,1.03673,-0.340576,-0.00114415,0,0,1
9944,158.29,598.907,84.2097,1.32707,1.05078,0.989547,0.970852,1.46012,-0.0300701,0.000366594,0,0,1
9945,5.31956,-18.8801,-1.24166,0.687513,0.965768,1.01959,0.997178,1.28186,0.151112,0.000852052,0,0,1
9946,10.6144,-37.795,-1.86886,1.41247,1.01505,1.01093,1.01442,1.05805,0.0656966,0.000705479,0,0,1
9947,7.71429,27.7562,2.86256,1.03523,0.992041,1.00522,1.06869,1.00427,-0.196032,0.000833469,0,0,1
9948,7.00226,-25.07,-2.24266,1.07585,1.02051,1.00927,0.991574,1.12229,0.176186,-0.000192127,0,0,1
9949,7.84984,28.4345,3.29068,1.11406,0.998389,0.982609,1.01578,0.834138,-0.227283,0.00130186,0,0,1
9950,22.2467,79.1185,-2.18561,1.16961,0.998239,1.00882,0.973041,0.834294,0.01812,-0.00118036,0,0,1
9951,7.52428,-26.9905,-2.61892,0.946344,0.998772,0.995023,1.01049,1.08256,0.186084,-0.000554171,0,0,1
9952,6.55296,23.6618,2.81628,1.24863,1.00581,1.01499,0.983358,1.0476,-0.265261,0.00154078,0,0,1
9953,4.7048,-16.6477,-0.695825,1.18227,1.0051,1.01692,0.969799,1.24723,0.10267,0.00230464,0,0,1
9954,11.096,39.841,3.577,0.784758,0.991817,0.994146,0.988571,0.904549,-0.12389,0.000352681,0,0,1
9955,185.621,-749.322,-85.0328,0.778477,0.993942,1.00103,0.99667,0.982794,-0.0870301,0.0016991,0,0,1
9956,6.65089,-23.6938,-1.62156,0.842568,1.02057,1.00509,0.929656,1.03598,0.135874,0.000646948,0,0,1
9957,10.2031,-36.4421,-2.55536,0.947186,1.00977,0.999414,0.975983,0.673518,0.0998038,0.000221935,0,0,1
9958,38.7472,-139.06,9.71614,1.17532,0.997402,0.991324,0.999652,1.02492,-0.0301635,0.00104284,0,0,1
9959,7.04265,-24.8902,-0.228278,0.735941,0.98661,0.998927,0.994097,1.60974,0.016511,0.00244281,0,0,1
9960,3.91774,13.997,1.27058,0.765186,1.02898,0.997932,0.976778,0.910413,-0.268241,-0.00058271,0,0,1
9961,9.00583,-31.916,-1.61056,1.30484,0.993094,1.01508,1.02243,1.06199,0.0755033,0.000805344,0,0,1
9962,4.42663,15.7544,1.24488,0.82966,0.995025,1.00805,1.01738,1.10722,-0.211367,-0.00073244,0,0,1
9963,10.4665,-37.7311,-3.48254,0.86268,1.01563,0.979915,0.956919,0.818929,0.136585,-0.000381219,0,0,1
9964,18.7811,-67.9153,-6.73204,0.838983,1.01383,0.997471,0.991973,0.89843,0.0898485,-0.000470041,0,0,1
9965,6.88139,24.5193,1.10466,0.991438,1.03961,0.995618,1.03416,0.680692,-0.0849874,-0.00149791,0,0,1
9966,15.5271,55.6287,4.14749,0.820311,0.99269,0.987341,0.988831,0.60566,-0.0746761,9.91177e-06,0,0,1
9967,4.3984,-15.6283,-1.06229,1.03795,1.00732,1.00597,1.00223,1.18616,0.181365,0.00133346,0,0,1
9968,22.7315,81.674,6.5888,0.912445,0.990716,0.9985,0.988258,1.16,-0.0575074,0.00013102,0,0,1
9969,8.52059,30.5765,2.75554,0.878893,1.0131,0.991464,1.01073,0.707961,-0.153518,0.000269138,0,0,1
9970,2.92791,-10.4348,-1.11343,0.80652,1.00799,1.00755,0.988759,1.02117,0.384778,0.000156607,0,0,1
9971,6.51695,-23.5044,-2.43337,1.25918,1.02767,1.00184,1.03729,1.06854,0.223784,-0.000727574,0,0,1
9972,18.9193,69.6383,8.90351,0.880285,0.998505,0.992822,1.04551,1.13337,-0.135358,0.00123586,0,0,1
9973,10.6472,38.0123,2.97106,0.888828,0.983935,1.00684,0.987554,0.71689,-0.106351,3.28675e-05,0,0,1
9974,160.205,975.127,-589.707,1.2474,0.960156,1.0046,1.00917,0.714406,-0.0858392,0.00139086,0,0,1
9975,6.984,24.9086,2.11834,1.09601,0.983219,1.01171,1.05595,0.922113,-0.164123,9.67905e-05,0,0,1
9976,20.0416,-71.9042,-4.35335,0.685632,1.03652,0.989771,0.987176,1.03245,0.047921,0.000198039,0,0,1
9977,16.8232,-59.6726,-0.920156,0.856093,0.965936,1.00756,1.00924,1.03211,0.0131273,0.000874614,0,0,1
9978,29.3558,104.179,-1.5179,1.07009,0.984193,0.999832,0.991187,0.764113,0.00728249,-0.000779091,0,0,1
9979,8.80631,31.4208,1.49906,0.76958,1.04635,1.00556,1.06045,0.731389,-0.0738776,-0.00102587,0,0,1
9980,13.6367,48.7509,3.26986,1.31334,1.01705,1.00616,1.01285,1.41968,-0.0734799,-0.000182139,0,0,1
9981,5.70341,20.4298,1.95844,0.781481,1.01598,1.0012,0.947876,1.06584,-0.222173,0.00030531,0,0,1
9982,13.6605,-48.5687,0.230852,1.07494,1.01199,0.990447,1.01924,0.869201,-0.00504733,0.00154885,0,0,1
9983,151.556,641.689,-146.368,1.00283,0.979042,0.995161,0.997657,1.00699,-0.123705,0.00193822,0,0,1
9984,64.1483,-228.558,-15.0523,1.08397,0.960952,0.992822,1.04049,1.32996,0.0169019,4.25378e-06,0,0,1
9985,5.33564,-19.1429,-2.04452,0.752323,0.994555,0.988521,1.01114,1.05108,0.268738,-0.00085693,0,0,1
9986,5.39094,-19.2408,-1.93895,1.18711,0.952717,0.984555,1.00764,0.889398,0.246751,-0.00067083,0,0,1
9987,25.884,92.2499,-1.35254,0.700204,1.0055,0.990663,1.05038,0.994043,0.00850205,-0.000914145,0,0,1
9988,17.0227,62.8974,8.65799,1.0952,0.965137,0.997993,1.01227,0.836999,-0.17515,0.00181911,0,0,1
9989,21.3713,75.9402,-0.307226,0.782794,0.997692,0.998602,1.02672,1.29222,0.00274334,-0.000957598,0,0,1
9990,1613.22,6018.75,427.852,0.721598,0.988454,1.01448,1.02302,0.816945,-0.006929,0.000102317,0,0,1
9991,7.19909,-25.4877,-0.972257,0.937657,0.982793,1.01936,0.990071,0.907151,0.0676472,0.00141918,0,0,1
9992,3.02381,10.7261,0.951176,1.16654,0.984622,1.00241,1.00231,0.914989,-0.305508,-0.00114715,0,0,1
9993,8.86034,-31.5589,-1.76132,0.720272,1.01322,0.999422,0.99113,1.27655,0.0874111,0.000728624,0,0,1
9994,6.69082,-23.8384,-1.61212,0.950892,1.01535,1.00712,1.01003,1.05752,0.133503,0.00064609,0,0,1
9995,7.17905,25.7814,2.55518,1.01618,0.999694,0.979751,0.975385,1.07152,-0.197819,0.000567808,0,0,1
9996,273.05,-964.352,-1.08649,1.14574,0.999037,0.993991,1.00664,1.39332,8.89213e-05,7.0028e-05,0,0,1
9997,36.4572,-130.544,-10.2001,1.10607,0.975039,0.998916,1.02188,0.965685,0.0355038,-8.51191e-05,0,0,1
9998,4.1433,-14.684,-0.711944,0.948495,0.997204,0.992196,0.986554,0.912078,0.132773,0.00246366,0,0,1
9999,12.7456,45.3353,0.565555,1.60463,1.0164,1.00256,1.0198,1.28058,-0.013764,-0.00130795,0,0,1
